substation_name,provincia,municipio,latitude,longitude,available_capacity_mw,distributor_network,voltage_kv,grid_status,is_friction
3001,Bizkaia,Bilbao,43.24329113358497,-2.9335561576283338,0.0,i-DE,132.0,Congested,True
3002,Gipuzkoa,Ormaiztegi,43.0427492765757,-2.242555340331213,0.0,i-DE,132.0,Congested,True
3003,Bizkaia,Bilbao,43.24690303979856,-2.9823764365388117,0.0,i-DE,132.0,Congested,True
3006,Navarra,Galar,42.78591210124372,-1.6351980428543909,0.0,i-DE,66.0,Congested,True
3007,Segovia,Otero de Herreros,40.80276619976269,-4.209073875462907,0.0,i-DE,45.0,Congested,True
3008,Burgos,Burgos,42.346985737958,-3.725055327478857,0.0,i-DE,132.0,Congested,True
3009,Gipuzkoa,Hernani,43.259530511208816,-1.9674046793034017,0.0,i-DE,132.0,Congested,True
3010,Gipuzkoa,Bergara,43.133802132801165,-2.4232288186467,0.0,i-DE,132.0,Congested,True
3011,Zamora,Muelas del Pan,41.52530857889278,-5.985541798025729,43.43,i-DE,132.0,Sufficient,False
3012,Bizkaia,Basauri,43.220829261684464,-2.895147173619158,0.0,i-DE,132.0,Congested,True
3014,Zamora,Benavente,42.01085219635982,-5.6675963824766304,0.0,i-DE,132.0,Congested,True
3015,Cáceres,Plasencia,40.022373623866486,-6.094354199059762,0.0,i-DE,132.0,Congested,True
3016,Bizkaia,Erandio,43.296985069947254,-2.952018617548698,0.0,i-DE,132.0,Congested,True
3017,Araba/Álava,Vitoria-Gasteiz,42.856075557311094,-2.707189890875853,0.0,i-DE,30.0,Congested,True
3018,Palencia,Soto de Cerrato,41.94289502371429,-4.421622871186391,0.0,i-DE,132.0,Congested,True
3019,Gipuzkoa,Altzo,43.11015100702121,-2.0953199355260113,0.0,i-DE,132.0,Congested,True
3020,Bizkaia,Amorebieta-Etxano,43.19642084402263,-2.6973549244660533,0.0,i-DE,132.0,Congested,True
3021,León,Villaquilambre,42.62209097008448,-5.572222151985262,0.0,i-DE,132.0,Congested,True
3022,Zamora,Valcabado,41.535549568497075,-5.736007913087067,36.0,i-DE,45.0,Sufficient,False
3023,Gipuzkoa,Donostia/San Sebastián,43.30003554885989,-1.9763071110861876,0.0,i-DE,132.0,Congested,True
3025,Valladolid,Valladolid,41.643711802107305,-4.679042724293734,0.0,i-DE,45.0,Congested,True
3026,Cáceres,Trujillo,39.4545003331212,-5.8901820656190464,0.0,i-DE,132.0,Congested,True
3027,Soria,Golmayo,41.77440032802181,-2.496122230487265,0.0,i-DE,132.0,Congested,True
3028,Bizkaia,Bilbao,43.24894922832033,-2.9042172230667567,0.0,i-DE,132.0,Congested,True
3029,Madrid,Madrid,40.33487833742667,-3.7229650486470303,13.08,i-DE,45.0,Sufficient,False
3032,Navarra,Altsasu/Alsasua,42.89768323672442,-2.179298103726445,0.0,i-DE,132.0,Congested,True
3033,Araba/Álava,Lantarón,42.75629679245992,-3.0480529646470913,0.0,i-DE,132.0,Congested,True
3035,Gipuzkoa,Irun,43.337816667518126,-1.811757916280188,0.0,i-DE,132.0,Congested,True
3036,Burgos,Villalbilla de Burgos,42.34033386150442,-3.781805852630334,0.0,i-DE,132.0,Congested,True
3037,Gipuzkoa,Elgoibar,43.20868678639092,-2.413585530841083,0.0,i-DE,132.0,Congested,True
3038,Salamanca,Salamanca,40.967854668279784,-5.675244531143979,0.0,i-DE,132.0,Congested,True
3039,Gipuzkoa,Usurbil,43.27805260587325,-2.017337413933208,0.0,i-DE,132.0,Congested,True
3040,Burgos,Aranda de Duero,41.69639275109629,-3.6847298983533814,0.0,i-DE,132.0,Congested,True
3043,Bizkaia,Bilbao,43.26752255112437,-2.935563537144769,0.0,i-DE,132.0,Congested,True
3045,Madrid,Moraleja de Enmedio,40.26016289075304,-3.875798733221332,0.0,i-DE,45.0,Congested,True
3046,Burgos,Burgos,42.37184382332291,-3.651235194208779,0.0,i-DE,45.0,Congested,True
3047,Valladolid,Tordesillas,41.506798750915394,-5.013093877043539,0.0,i-DE,45.0,Congested,True
3050,Madrid,Leganés,40.3135265149568,-3.7768218469162167,0.3,i-DE,45.0,Congested,True
3051,Gipuzkoa,Arrasate/Mondragón,43.07537093936774,-2.468306786931773,0.0,i-DE,132.0,Congested,True
3052,Bizkaia,Leioa,43.32767984207295,-2.9791551073744533,0.0,i-DE,132.0,Congested,True
3053,Bizkaia,Abadiño,43.13924525249568,-2.597168107252421,0.0,i-DE,132.0,Congested,True
3054,Araba/Álava,Vitoria-Gasteiz,42.869196961395,-2.666210834478695,0.0,i-DE,30.0,Congested,True
3056,Bizkaia,Galdakao,43.23890500058889,-2.8658005152264208,0.0,i-DE,132.0,Congested,True
3057,Araba/Álava,Laudio/Llodio,43.14363373458771,-2.952192570837284,0.0,i-DE,132.0,Congested,True
3058,Burgos,Pinilla de los Barruecos,41.9431856791488,-3.295711637302384,0.0,i-DE,132.0,Congested,True
3060,Bizkaia,Abanto y Ciérvana-Abanto Zierbena,43.32842467924023,-3.0872923789060844,0.0,i-DE,132.0,Congested,True
3061,Salamanca,Villarino de los Aires,41.25283379658696,-6.489912995454122,0.0,i-DE,45.0,Congested,True
3062,Gipuzkoa,Zestoa,43.21561549726467,-2.2568061857033412,0.0,i-DE,132.0,Congested,True
3063,Cáceres,Abertura,39.21750912216819,-5.788580450023285,0.0,i-DE,132.0,Congested,True
3065,Gipuzkoa,Oiartzun,43.31295835737843,-1.88392500552958,0.0,i-DE,132.0,Congested,True
3066,Gipuzkoa,Aduna,43.20584117731662,-2.037362279460932,0.0,i-DE,132.0,Congested,True
3067,Navarra,Orkoien,42.81906173026193,-1.7089890198460866,0.0,i-DE,66.0,Congested,True
3068,Bizkaia,Ortuella,43.3143072668434,-3.0377045030850995,0.0,i-DE,132.0,Congested,True
3071,Albacete,Lezuza,38.96409616583647,-2.289032146818482,0.0,i-DE,132.0,Congested,True
3073,Bizkaia,Gatika,43.349569783767755,-2.880348896774105,0.0,i-DE,132.0,Congested,True
3074,"Rioja, La",Logroño,42.45796172665894,-2.4901784669923805,9.71,i-DE,66.0,Sufficient,False
3075,Navarra,Tudela,42.05091704885066,-1.615263587114424,34.03,i-DE,66.0,Sufficient,False
3078,Cáceres,Cáceres,39.47976204849065,-6.357791864574858,0.0,i-DE,45.0,Congested,True
3079,Madrid,Leganés,40.34636872775912,-3.782582125391507,0.0,i-DE,45.0,Congested,True
3080,Bizkaia,Barakaldo,43.28528535057748,-3.002025278077467,0.0,i-DE,132.0,Congested,True
3081,Zamora,Villalcampo,41.49121837168333,-6.088495143425717,112.34,i-DE,132.0,Sufficient,False
3082,Bizkaia,Zeanuri,43.079506476772465,-2.7352746111260906,0.0,i-DE,132.0,Congested,True
3083,Salamanca,Saucelle,41.043469450119815,-6.806917633188911,0.0,i-DE,45.0,Congested,True
3087,Valladolid,Medina del Campo,41.327532837003304,-4.911556332226568,0.0,i-DE,45.0,Congested,True
3088,Gipuzkoa,Donostia/San Sebastián,43.3039586162836,-1.9522924473442271,0.0,i-DE,132.0,Congested,True
3089,León,Garrafe de Torío,42.75011737345204,-5.611761391777184,0.0,i-DE,132.0,Congested,True
3090,León,León,42.55288403154566,-5.576142497355346,0.0,i-DE,132.0,Congested,True
3091,Burgos,Miranda de Ebro,42.69584865635379,-2.921204307745899,0.0,i-DE,30.0,Congested,True
3092,Bizkaia,Mungia,43.35147265105089,-2.821627412106159,0.0,i-DE,132.0,Congested,True
3093,Gipuzkoa,Oiartzun,43.30531239604166,-1.8431582776743096,3.52,i-DE,132.0,Moderate,True
3094,Madrid,Parla,40.22246491981526,-3.7650537927578145,0.0,i-DE,15.0,Congested,True
3095,Valladolid,Zaratán,41.639064123969106,-4.812729465713843,0.0,i-DE,45.0,Congested,True
3096,Salamanca,Villamayor,40.98964047962142,-5.689798854639535,0.0,i-DE,132.0,Congested,True
3097,Navarra,Tafalla,42.50259130384178,-1.68331961144026,1.0,i-DE,66.0,Moderate,True
3098,Badajoz,Don Benito,38.9479466991198,-5.852735971943249,0.0,i-DE,132.0,Congested,True
3099,Valencia/València,Aldaia,39.45166185762172,-0.5010661367933381,0.0,i-DE,20.0,Congested,True
3101,Araba/Álava,Vitoria-Gasteiz,42.88376311001866,-2.6031086140386908,0.0,i-DE,30.0,Congested,True
3102,Araba/Álava,Ayala/Aiara,43.08366894641058,-3.0110564737923857,0.0,i-DE,30.0,Congested,True
3103,Bizkaia,Bilbao,43.27750783084792,-2.952127657797962,0.0,i-DE,132.0,Congested,True
3105,Bizkaia,Güeñes,43.20374606317843,-3.104119963175255,0.0,i-DE,30.0,Congested,True
3106,Bizkaia,Lemoa,43.212032779731565,-2.7585177962025904,0.0,i-DE,132.0,Congested,True
3107,Gipuzkoa,Azpeitia,43.21301143727343,-2.2525103640946154,0.0,i-DE,132.0,Congested,True
3108,Salamanca,Béjar,40.3933237895866,-5.777967584649756,0.0,i-DE,132.0,Congested,True
3109,Navarra,Tudela,42.09756301322518,-1.6670946199542296,0.0,i-DE,66.0,Congested,True
3111,Cáceres,Navalmoral de la Mata,39.91107688912429,-5.510412992336891,0.0,i-DE,45.0,Congested,True
3112,Palencia,Palencia,41.99943500086659,-4.499246283656971,0.0,i-DE,45.0,Congested,True
3113,Navarra,Sangüesa/Zangoza,42.59850040613745,-1.275882847761134,33.73,i-DE,66.0,Sufficient,False
3117,Salamanca,Aldeadávila de la Ribera,41.208732900418326,-6.686390815914479,0.0,i-DE,45.0,Congested,True
3120,Bizkaia,Getxo,43.34398559516628,-2.9980417664683308,0.0,i-DE,132.0,Congested,True
3121,"Rioja, La",Quel,42.27815563189984,-2.0185250364212433,0.0,i-DE,66.0,Congested,True
3122,Bizkaia,Zaldibar,43.17505436705484,-2.5301032033756425,0.0,i-DE,132.0,Congested,True
3123,Bizkaia,Santurtzi,43.338176279619496,-3.052464917291534,0.0,i-DE,30.0,Congested,True
3124,Toledo,Toledo,39.85757586842092,-3.965395291852869,0.0,i-DE,132.0,Congested,True
3126,"Rioja, La",Arrúbal,42.41772824646206,-2.2523673024052635,0.0,i-DE,66.0,Congested,True
3127,Araba/Álava,Vitoria-Gasteiz,42.83630323296136,-2.746707035783041,0.0,i-DE,30.0,Congested,True
3128,Burgos,Trespaderne,42.79556140180706,-3.396243885448838,0.0,i-DE,132.0,Congested,True
3130,Salamanca,Salamanca,40.97724280530392,-5.643005815919576,0.0,i-DE,132.0,Congested,True
3135,Soria,Coscurita,41.438553718604766,-2.5036861866645745,0.0,i-DE,132.0,Congested,True
3139,Alicante/Alacant,Villena,38.71925606001461,-0.923730424614966,31.16,i-DE,132.0,Sufficient,False
3140,Araba/Álava,Lantarón,42.7653661499928,-3.0824054026313874,0.0,i-DE,132.0,Congested,True
3141,Burgos,Valle de Tobalina,42.78559087388668,-3.262208563169795,0.0,i-DE,132.0,Congested,True
3144,Cáceres,Casatejada,39.97550388417665,-5.703344844946114,6.0,i-DE,45.0,Sufficient,False
3145,Burgos,Merindad de Valdivielso,42.852877876513695,-3.637644677487604,0.0,i-DE,45.0,Congested,True
3155,Gipuzkoa,Donostia/San Sebastián,43.25762489485475,-2.036979828447975,0.0,i-DE,132.0,Congested,True
3156,Ourense,A Pobra de Trives,42.34467920465397,-7.281365673258312,70.0,i-DE,132.0,Sufficient,False
3158,Lugo,Quiroga,42.390228568204286,-7.172376323351513,35.0,i-DE,132.0,Sufficient,False
3159,Soria,Burgo de Osma-Ciudad de Osma,41.59261655504953,-3.0548188657712076,0.0,i-DE,132.0,Congested,True
3160,Madrid,Alcalá de Henares,40.492331567239894,-3.393300189480744,0.0,i-DE,132.0,Congested,True
3162,Valencia/València,Alginet,39.259670516687,-0.4592975658662374,0.0,i-DE,132.0,Congested,True
3167,Ávila,Langa,41.01908308691276,-4.870720607528016,0.0,i-DE,132.0,Congested,True
3168,Madrid,San Martín de Valdeiglesias,40.346161159359234,-4.444832769605586,0.0,i-DE,132.0,Congested,True
3169,Madrid,Villaviciosa de Odón,40.34947035225323,-3.903425124259077,0.0,i-DE,15.0,Congested,True
3170,Lugo,Ribas de Sil,42.45613729027779,-7.252664015962074,0.0,i-DE,132.0,Congested,True
3172,Madrid,Navas del Rey,40.33002062292865,-4.247483327347292,0.0,i-DE,132.0,Congested,True
3173,Ávila,El Tiemblo,40.42654274196897,-4.525087821671041,0.0,i-DE,132.0,Congested,True
3174,Ávila,El Tiemblo,40.41266535100589,-4.441629739704232,0.0,i-DE,132.0,Congested,True
3175,Salamanca,Pelayos,40.66720887094532,-5.600359962556521,0.0,i-DE,132.0,Congested,True
3186,Ourense,Chandrexa de Queixa,42.3198922205446,-7.347414235440043,0.0,i-DE,132.0,Congested,True
3187,Bizkaia,Zamudio,43.301250288023354,-2.864062947187423,0.0,i-DE,30.0,Congested,True
3188,Badajoz,Talarrubias,39.04388869474603,-5.227567498308357,0.0,i-DE,132.0,Congested,True
3189,Salamanca,Peñaranda de Bracamonte,40.92301167134431,-5.207177083496525,0.0,i-DE,132.0,Congested,True
3191,Madrid,Móstoles,40.34091116722373,-3.8832550887812327,0.0,i-DE,45.0,Congested,True
3192,Madrid,Pinto,40.25355464176503,-3.740011455991675,0.0,i-DE,45.0,Congested,True
3193,Bizkaia,Lemoiz,43.42930721167846,-2.8834952801042433,0.0,i-DE,132.0,Congested,True
3197,Salamanca,Villares de la Reina,41.00075902898339,-5.640108382723018,0.0,i-DE,132.0,Congested,True
3198,Alicante/Alacant,Calp,38.63989931588193,0.0186623996212846,0.0,i-DE,132.0,Congested,True
3199,Cáceres,Hervás,40.266977429481685,-5.908091358672675,0.0,i-DE,132.0,Congested,True
3201,Castellón/Castelló,Vall d'Alba,40.16634292598038,-0.0055031916352183,0.0,i-DE,132.0,Congested,True
3202,Alicante/Alacant,Elx/Elche,38.29944757727727,-0.6203304746347806,0.0,i-DE,20.0,Congested,True
3203,Alicante/Alacant,Benidorm,38.57461815716082,-0.1493907422660671,0.0,i-DE,132.0,Congested,True
3204,Araba/Álava,Barrundia,42.89255788839672,-2.450243646779712,0.0,i-DE,30.0,Congested,True
3210,Madrid,Algete,40.59298191486881,-3.5519200096488497,0.0,i-DE,66.0,Congested,True
3212,Madrid,Arroyomolinos,40.26394752852062,-3.9068228895622945,0.0,i-DE,45.0,Congested,True
3214,Madrid,Daganzo de Arriba,40.553474663028894,-3.479034558817652,0.0,i-DE,20.0,Congested,True
3221,Valencia/València,Benicull de Xúquer,39.18504242052895,-0.4021678837026837,0.0,i-DE,20.0,Congested,True
3222,Cuenca,Iniesta,39.44003590875235,-1.716980877707229,0.0,i-DE,132.0,Congested,True
3223,Castellón/Castelló,Betxí,39.92827215896168,-0.1780474686774018,0.0,i-DE,66.0,Congested,True
3224,Madrid,Fuenlabrada,40.29131802550048,-3.8169215357632913,0.24,i-DE,15.0,Congested,True
3225,León,Cubillas de Rueda,42.63309388233943,-5.2019646523637295,0.0,i-DE,132.0,Congested,True
3227,Madrid,Alcobendas,40.5488775262419,-3.6509830314080705,9.61,i-DE,20.0,Sufficient,False
3229,Zamora,Bretó,41.85220297106231,-5.741424852667363,0.0,i-DE,132.0,Congested,True
3231,Valladolid,Valladolid,41.647637901146055,-4.742820169753462,26.44,i-DE,13.2,Sufficient,False
3232,Alicante/Alacant,San Miguel de Salinas,38.00034965154252,-0.7652387275401643,1.46,i-DE,20.0,Moderate,True
3236,Valladolid,La Mudarra,41.79073520435173,-4.9384998011366426,0.0,i-DE,45.0,Congested,True
3239,Guadalajara,Brihuega,40.74838258559889,-2.982571618836047,0.0,i-DE,132.0,Congested,True
3240,Murcia,Lorca,37.67285312361958,-1.5216403217231325,0.0,i-DE,132.0,Congested,True
3246,Valencia/València,Sagunt/Sagunto,39.64914126710642,-0.2473443197545092,0.0,i-DE,20.0,Congested,True
3248,Murcia,Lorca,37.726488427343895,-1.696215905809167,0.0,i-DE,132.0,Congested,True
3249,Toledo,Villaluenga de la Sagra,40.028107921496385,-3.893889280729544,0.0,i-DE,132.0,Congested,True
3251,Valencia/València,Alzira,39.13291913181854,-0.4144782251543163,0.0,i-DE,66.0,Congested,True
3252,Palencia,Velilla del Río Carrión,42.81834968776433,-4.852614385376765,9.5,i-DE,132.0,Sufficient,False
3258,Lugo,Quiroga,42.392163416137976,-7.219129081015557,35.0,i-DE,132.0,Sufficient,False
3260,Ourense,A Pobra de Trives,42.3746096311273,-7.235158883243543,35.0,i-DE,132.0,Sufficient,False
3267,Guadalajara,Cabanillas del Campo,40.61609645260097,-3.2511998069605963,0.0,i-DE,132.0,Congested,True
3270,Madrid,Madrid,40.47932050334606,-3.689248488225889,7.24,i-DE,20.0,Sufficient,False
3271,Burgos,Mambrillas de Lara,42.12561848104066,-3.521362806062967,0.0,i-DE,132.0,Congested,True
3273,Albacete,Villarrobledo,39.075353979605715,-2.6740967785050436,0.0,i-DE,132.0,Congested,True
3277,Alicante/Alacant,la Nucia,38.59626056008617,-0.1395426408438525,0.0,i-DE,132.0,Congested,True
3279,Navarra,Doneztebe/Santesteban,43.13260653000374,-1.6533002381049873,1.85,i-DE,132.0,Moderate,True
3280,Murcia,Murcia,38.05760945355314,-1.1473415805922726,0.0,i-DE,132.0,Congested,True
3281,Badajoz,Castuera,38.73506274345373,-5.531407876757481,0.0,i-DE,132.0,Congested,True
3283,Valladolid,Boecillo,41.525536736441666,-4.714240425508812,0.0,i-DE,45.0,Congested,True
3284,Toledo,Talavera de la Reina,39.964579706942814,-4.787828841265032,0.91,i-DE,20.0,Congested,True
3285,León,Villamañán,42.316547458247186,-5.593069303243175,0.0,i-DE,132.0,Congested,True
3286,Salamanca,Babilafuente,40.968541746432464,-5.439274908895066,0.0,i-DE,132.0,Congested,True
3287,Murcia,Murcia,37.96473955881549,-1.1349411054552072,0.0,i-DE,20.0,Congested,True
3288,Murcia,Torre-Pacheco,37.79743467297953,-0.9586271387795822,0.0,i-DE,20.0,Congested,True
3290,Guadalajara,Torija,40.758048827651855,-3.028443788301471,0.0,i-DE,132.0,Congested,True
3291,Murcia,Alhama de Murcia,37.85399976057678,-1.4023285182808831,0.0,i-DE,132.0,Congested,True
3292,Ávila,Ávila,40.65074746108036,-4.683480666494831,0.0,i-DE,132.0,Congested,True
3298,Madrid,Alcorcón,40.325680800237535,-3.838660023565261,0.0,i-DE,45.0,Congested,True
3299,Burgos,Salas de los Infantes,42.00391722384329,-3.2693901809705745,0.0,i-DE,132.0,Congested,True
3302,Bizkaia,Sondika,43.28000657810727,-2.92626831970343,0.0,i-DE,132.0,Congested,True
3305,Madrid,Madrid,40.41741917782087,-3.6657615839114657,30.41,i-DE,132.0,Sufficient,False
3306,Madrid,Madrid,40.45835635920604,-3.7292427000540105,0.0,i-DE,132.0,Congested,True
3307,Madrid,Madrid,40.47392856248199,-3.700632350549599,21.01,i-DE,132.0,Sufficient,False
3308,Madrid,Madrid,40.51757738407813,-3.6706328174039338,3.63,i-DE,132.0,Moderate,True
3309,Madrid,Madrid,40.40761326656495,-3.72015594989513,25.39,i-DE,132.0,Sufficient,False
3310,Madrid,Madrid,40.49095974581051,-3.7173261936992135,1.33,i-DE,20.0,Moderate,True
3311,Madrid,Madrid,40.35025982953646,-3.7023173091391097,0.0,i-DE,15.0,Congested,True
3312,Madrid,Madrid,40.37923269464382,-3.762505754429715,0.0,i-DE,45.0,Congested,True
3313,Madrid,Madrid,40.40081823832916,-3.7609691691459575,20.84,i-DE,20.0,Sufficient,False
3314,Madrid,Madrid,40.34366619076663,-3.6686769769391554,0.0,i-DE,132.0,Congested,True
3315,Madrid,Madrid,40.39607854784703,-3.7027203824006167,14.5,i-DE,15.0,Sufficient,False
3316,Madrid,Madrid,40.3864781432427,-3.7175127190149326,0.8,i-DE,15.0,Congested,True
3320,Madrid,Getafe,40.31025991570385,-3.750747582907928,0.0,i-DE,15.0,Congested,True
3325,"Rioja, La",Haro,42.56842499856411,-2.8851395604277528,0.0,i-DE,66.0,Congested,True
3327,Burgos,Burgos,42.379879395882114,-3.706374164486873,0.0,i-DE,45.0,Congested,True
3339,Burgos,Valdorros,42.16661638366283,-3.7047868700759623,0.0,i-DE,45.0,Congested,True
3341,Gipuzkoa,Bergara,43.117166098061944,-2.4227332782033253,0.0,i-DE,30.0,Congested,True
3350,Cáceres,Cáceres,39.50673853208494,-6.424146628934243,0.0,i-DE,45.0,Congested,True
3351,Albacete,Tobarra,38.59508461805008,-1.7525731666778477,0.0,i-DE,132.0,Congested,True
3356,Madrid,Majadahonda,40.48779135897745,-3.894230297825857,0.0,i-DE,20.0,Congested,True
3361,Burgos,Arauzo de Miel,41.85726683591342,-3.397669204183961,0.0,i-DE,132.0,Congested,True
3362,Soria,Villaciervos,41.74943454009771,-2.6265993986751757,0.0,i-DE,132.0,Congested,True
3368,Albacete,Pozohondo,38.659314227124064,-1.8540204226878856,0.0,i-DE,132.0,Congested,True
3369,Salamanca,Guijuelo,40.53668023031,-5.669348163618577,0.0,i-DE,132.0,Congested,True
3372,Madrid,San Fernando de Henares,40.42872634123285,-3.4985541874212207,0.0,i-DE,132.0,Congested,True
3373,Guadalajara,Villanueva de la Torre,40.57799163459908,-3.2812112905877164,0.0,i-DE,132.0,Congested,True
3376,Valencia/València,Cheste,39.477375020946766,-0.6791397154657755,0.0,i-DE,132.0,Congested,True
3382,Valencia/València,València,39.458552264288336,-0.3824068276160963,13.26,i-DE,20.0,Sufficient,False
3383,Albacete,Albacete,38.93700523833066,-1.8913440102042989,0.0,i-DE,132.0,Congested,True
3385,Murcia,Lorca,37.478322339623354,-1.7710933677519378,23.13,i-DE,132.0,Sufficient,False
3387,Cuenca,Motilla del Palancar,39.54560651457996,-1.9143758748909665,0.0,i-DE,132.0,Congested,True
3390,Alicante/Alacant,Castalla,38.603744728346534,-0.6747400392960539,0.0,i-DE,132.0,Congested,True
3392,Murcia,Murcia,37.963868297245185,-1.3294186748081978,0.0,i-DE,132.0,Congested,True
3395,Cuenca,Atalaya del Cañavate,39.5231182049336,-2.2365020710765378,0.0,i-DE,132.0,Congested,True
3398,Guadalajara,Marchamalo,40.67786586716785,-3.186341533866788,0.0,i-DE,132.0,Congested,True
3400,Murcia,Fuente Álamo de Murcia,37.66436182155307,-1.2150869222742458,22.42,i-DE,132.0,Sufficient,False
3412,Albacete,Socovos,38.30428061856564,-1.8913810302077885,0.0,i-DE,132.0,Congested,True
3413,Toledo,Toledo,39.89085636275586,-3.912155087378952,0.0,i-DE,132.0,Congested,True
3451,Albacete,La Gineta,39.114395657878525,-2.014678114531938,0.0,i-DE,132.0,Congested,True
3452,Madrid,Madrid,40.43083900881022,-3.700671984436613,4.45,i-DE,15.0,Moderate,True
3501,Alicante/Alacant,Alcoi/Alcoy,38.706858607943055,-0.4812226527184535,18.24,i-DE,132.0,Sufficient,False
3502,Valencia/València,Gandia,38.98227391713581,-0.1851905344851477,0.0,i-DE,132.0,Congested,True
3503,Alicante/Alacant,Sant Vicent del Raspeig/San Vicente del Raspeig,38.39702290233198,-0.5379366750759061,23.6,i-DE,132.0,Sufficient,False
3504,Valencia/València,Alzira,39.14944270334247,-0.4574152469417426,45.47,i-DE,132.0,Sufficient,False
3505,Cuenca,Olmedilla de Alarcón,39.638056063084775,-2.0847102637110924,0.0,i-DE,132.0,Congested,True
3506,Madrid,Madrid,40.42735485081797,-3.688208862993725,0.0,i-DE,132.0,Congested,True
3507,Castellón/Castelló,Castelló de la Plana,39.978361012347534,-0.0150708751652276,0.0,i-DE,132.0,Congested,True
3508,Madrid,Meco,40.54068483209668,-3.3138996844620685,0.0,i-DE,132.0,Congested,True
3510,Murcia,Murcia,38.0166306065228,-1.1578658027057422,0.0,i-DE,132.0,Congested,True
3513,Valencia/València,Torrent,39.423366747559655,-0.4538940087917418,34.95,i-DE,132.0,Sufficient,False
3514,Murcia,Cartagena,37.633840465869376,-0.96113338638455,21.41,i-DE,132.0,Sufficient,False
3515,Cáceres,Almaraz,39.82105833815234,-5.66637930159284,0.0,i-DE,132.0,Congested,True
3516,Albacete,La Roda,39.19579785274034,-2.140140401239573,0.0,i-DE,132.0,Congested,True
3518,Guadalajara,Guadalajara,40.65872977589901,-3.180390764518478,0.0,i-DE,132.0,Congested,True
3519,Valencia/València,València,39.43912010421992,-0.3735260030554598,0.0,i-DE,132.0,Congested,True
3521,Valencia/València,l'Eliana,39.55454617112717,-0.5109541307439396,1.79,i-DE,132.0,Moderate,True
3523,Valencia/València,Vinalesa,39.53415863070396,-0.3672534206425868,0.0,i-DE,132.0,Congested,True
3524,Valencia/València,Sagunt/Sagunto,39.672031262722534,-0.2670450002929935,0.0,i-DE,132.0,Congested,True
3525,Madrid,Madrid,40.46092374377508,-3.6955783704645313,0.0,i-DE,132.0,Congested,True
3527,Madrid,Morata de Tajuña,40.25662799842585,-3.443071676060753,0.0,i-DE,66.0,Congested,True
3528,Murcia,Murcia,37.93500157988896,-1.1850207555936756,0.0,i-DE,132.0,Congested,True
3529,Cuenca,Cuenca,40.044421592632574,-2.1182820481164346,0.0,i-DE,132.0,Congested,True
3530,Valencia/València,Buñol,39.42108093222416,-0.7771123268992233,0.0,i-DE,132.0,Congested,True
3531,Alicante/Alacant,Villena,38.6348885301086,-0.8868750240944686,24.72,i-DE,132.0,Sufficient,False
3532,Alicante/Alacant,Elx/Elche,38.25434841632306,-0.7590520173444091,0.0,i-DE,132.0,Congested,True
3533,Castellón/Castelló,Almassora,39.96683859987522,-0.0966508628785903,0.0,i-DE,132.0,Congested,True
3534,Valencia/València,l'Alcúdia de Crespins,38.96696654044478,-0.6105350846233524,37.31,i-DE,132.0,Sufficient,False
3535,Castellón/Castelló,Benicarló,40.431675648178256,0.4029555336390313,0.0,i-DE,132.0,Congested,True
3536,Valencia/València,Quart de Poblet,39.47158425024041,-0.4333612895805991,22.49,i-DE,132.0,Sufficient,False
3537,Alicante/Alacant,Teulada,38.73749759900709,0.0945921378507599,0.0,i-DE,132.0,Congested,True
3538,Alicante/Alacant,Beneixama,38.71836544228702,-0.7225320360496846,30.21,i-DE,132.0,Sufficient,False
3539,Madrid,Galapagar,40.594952445951115,-4.004073936412974,0.0,i-DE,132.0,Congested,True
3540,Toledo,Toledo,39.87960804055505,-3.988575794322448,0.0,i-DE,132.0,Congested,True
3541,Madrid,Madrid,40.49056442939472,-3.660582000390822,18.66,i-DE,20.0,Sufficient,False
3542,Madrid,Madrid,40.42886944167305,-3.7170467356987817,0.0,i-DE,132.0,Congested,True
3543,Alicante/Alacant,Finestrat,38.533598458401485,-0.1696313440199467,0.0,i-DE,132.0,Congested,True
3545,Cuenca,Villanueva de la Jara,39.44092707960159,-1.9394752754274496,0.0,i-DE,132.0,Congested,True
3546,Madrid,Pozuelo de Alarcón,40.41120821944035,-3.8235819398044057,0.0,i-DE,132.0,Congested,True
3547,Valencia/València,València,39.49396648542682,-0.4087189093653623,0.62,i-DE,20.0,Congested,True
3548,Albacete,Albacete,39.019468179018354,-1.893830787248015,0.0,i-DE,132.0,Congested,True
3550,Alicante/Alacant,Xixona/Jijona,38.49218582672534,-0.4778274078879385,6.69,i-DE,132.0,Sufficient,False
3551,Madrid,Las Rozas de Madrid,40.50585331829435,-3.890210193463619,0.0,i-DE,132.0,Congested,True
3553,Alicante/Alacant,Alacant/Alicante,38.35694146820235,-0.5160806766562405,0.0,i-DE,132.0,Congested,True
3556,Cuenca,Huelves,40.058697152731945,-2.939369910015988,0.0,i-DE,66.0,Congested,True
3557,Castellón/Castelló,Benicàssim/Benicasim,40.06088704216938,0.072015898064237,0.0,i-DE,132.0,Congested,True
3558,Madrid,Majadahonda,40.44878633260103,-3.8838318383611607,0.0,i-DE,132.0,Congested,True
3559,Albacete,Villarrobledo,39.2846395193673,-2.598706159732986,0.0,i-DE,132.0,Congested,True
3560,Madrid,Torrejón de Ardoz,40.44266756205268,-3.4826703072360057,0.0,i-DE,132.0,Congested,True
3561,Toledo,Pepino,40.002936626755655,-4.82203076568797,0.0,i-DE,45.0,Congested,True
3562,Alicante/Alacant,el Verger,38.850418732195614,0.0038575947351781,0.0,i-DE,132.0,Congested,True
3563,Valencia/València,Paterna,39.51658080535789,-0.4772185242665213,0.0,i-DE,132.0,Congested,True
3564,Valencia/València,València,39.45625572085404,-0.3324357809103093,0.0,i-DE,132.0,Congested,True
3565,Valencia/València,Silla,39.35946877564217,-0.4038124706331953,0.0,i-DE,132.0,Congested,True
3566,Valencia/València,Oliva,38.92859055982445,-0.1090032395689247,0.0,i-DE,132.0,Congested,True
3567,Valencia/València,Catadau,39.25087460364104,-0.5606631719147219,50.36,i-DE,132.0,Sufficient,False
3568,Valencia/València,Chiva,39.47427555730948,-0.6796504928444643,0.0,i-DE,132.0,Congested,True
3569,Cuenca,San Clemente,39.41538236254677,-2.4174835594473847,0.0,i-DE,132.0,Congested,True
3570,Madrid,Tres Cantos,40.616993350847615,-3.705451073815576,0.0,i-DE,66.0,Congested,True
3571,Murcia,Molina de Segura,38.07736032662791,-1.198782109683091,0.0,i-DE,132.0,Congested,True
3572,Valencia/València,Vilamarxant,39.55539340920922,-0.5934212204344914,0.0,i-DE,132.0,Congested,True
3573,Alicante/Alacant,Petrer,38.43870463238148,-0.7821048074941267,25.55,i-DE,66.0,Sufficient,False
3574,Alicante/Alacant,Pilar de la Horadada,37.90725272923683,-0.7835930063973824,7.91,i-DE,66.0,Sufficient,False
3575,Valencia/València,Ontinyent,38.805015993288286,-0.6124006130340884,62.9,i-DE,132.0,Sufficient,False
3576,Albacete,Almansa,38.85219966469437,-1.0871458303654156,0.0,i-DE,132.0,Congested,True
3577,Valencia/València,Massanassa,39.40341944593575,-0.3760598372558476,0.0,i-DE,132.0,Congested,True
3578,Valencia/València,Carlet,39.236298577253024,-0.5032598991632801,41.0,i-DE,132.0,Sufficient,False
3579,Castellón/Castelló,Onda,40.01322498411053,-0.1882182184960643,0.0,i-DE,132.0,Congested,True
3580,Albacete,Yeste,38.39911999823876,-2.2254250233938557,0.0,i-DE,132.0,Congested,True
3581,Valencia/València,l'Olleria,38.902652459443466,-0.5253549084096967,28.8,i-DE,132.0,Sufficient,False
3582,Valencia/València,València,39.483249380638426,-0.3383509952151337,0.0,i-DE,132.0,Congested,True
3583,Madrid,Madrid,40.45129940688404,-3.708472382474643,0.0,i-DE,132.0,Congested,True
3584,Murcia,Blanca,38.18993154557088,-1.3361107654165807,0.0,i-DE,132.0,Congested,True
3585,Castellón/Castelló,Segorbe,39.82753052273125,-0.4564780102664298,7.91,i-DE,66.0,Sufficient,False
3586,Castellón/Castelló,la Vall d'Uixó,39.79344933572453,-0.2211400269162886,0.0,i-DE,20.0,Congested,True
3587,Valencia/València,Cortes de Pallás,39.26263046523973,-0.930076761811352,0.0,i-DE,132.0,Congested,True
3588,Murcia,Murcia,38.01731748680067,-1.1046070168777862,0.0,i-DE,132.0,Congested,True
3589,Alicante/Alacant,la Nucia,38.60886328910234,-0.0832025469672473,0.0,i-DE,132.0,Congested,True
3590,Albacete,Barrax,39.03877313305918,-2.1574778686366645,0.0,i-DE,132.0,Congested,True
3591,Albacete,El Bonillo,38.949933755129315,-2.5271311355014614,0.0,i-DE,132.0,Congested,True
3592,Valencia/València,Sagunt/Sagunto,39.653062921309406,-0.2238236873691364,0.0,i-DE,132.0,Congested,True
3600,Alicante/Alacant,Granja de Rocamora,38.14787343192291,-0.9461841342007208,0.0,i-DE,132.0,Congested,True
3601,Alicante/Alacant,Elx/Elche,38.28185576939006,-0.716077218641859,0.0,i-DE,132.0,Congested,True
3602,Albacete,Hellín,38.52970120061642,-1.7014117699140072,0.0,i-DE,132.0,Congested,True
3603,Alicante/Alacant,Alacant/Alicante,38.39004118603186,-0.4603265577872715,0.0,i-DE,132.0,Congested,True
3604,Valencia/València,Utiel,39.56061080029862,-1.2184217776482584,0.0,i-DE,132.0,Congested,True
3605,Albacete,Albacete,39.04320261867704,-1.800813011523232,0.0,i-DE,132.0,Congested,True
3606,Albacete,Mahora,39.21935327193578,-1.75225153296546,0.0,i-DE,132.0,Congested,True
3607,Castellón/Castelló,Vila-real,39.91901071813038,-0.1064914088619821,0.0,i-DE,132.0,Congested,True
3608,Valencia/València,València,39.50097877593296,-0.3794885741951234,0.0,i-DE,132.0,Congested,True
3610,Albacete,Pozohondo,38.73545904940201,-1.9076143155155405,0.0,i-DE,132.0,Congested,True
3611,Murcia,Cartagena,37.61411548419058,-0.994649320111629,22.06,i-DE,132.0,Sufficient,False
3612,Alicante/Alacant,Xàbia/Jávea,38.778247403019186,0.1303825321519083,0.0,i-DE,132.0,Congested,True
3613,Murcia,Los Alcázares,37.741496383632544,-0.8744028614026089,0.0,i-DE,66.0,Congested,True
3614,Murcia,Mazarrón,37.59188495220996,-1.2206722148755622,22.42,i-DE,132.0,Sufficient,False
3615,Castellón/Castelló,Sant Joan de Moró,40.057971540289,-0.1276222764399645,0.0,i-DE,132.0,Congested,True
3616,Valencia/València,Castelló,39.06104173681928,-0.5210240352207389,0.0,i-DE,20.0,Congested,True
3617,Murcia,Alhama de Murcia,37.81047895833747,-1.388832678739975,0.0,i-DE,132.0,Congested,True
3618,Madrid,Madrid,40.464614819766595,-3.806241883266919,7.66,i-DE,20.0,Sufficient,False
3619,Guadalajara,Alovera,40.58352864966912,-3.2437638969772244,0.0,i-DE,132.0,Congested,True
3620,Castellón/Castelló,la Vall d'Uixó,39.83876180147901,-0.1841348356550174,0.0,i-DE,132.0,Congested,True
3621,Alicante/Alacant,Benidorm,38.568525981324896,-0.1100484615700142,0.0,i-DE,132.0,Congested,True
3623,Valencia/València,Riba-roja de Túria,39.480581178076115,-0.5271841245043201,0.0,i-DE,132.0,Congested,True
3624,Valencia/València,Alzira,39.12590809106597,-0.6412211118003941,0.0,i-DE,132.0,Congested,True
3626,Murcia,Torre-Pacheco,37.73536552353782,-1.0289487513701447,0.0,i-DE,132.0,Congested,True
3627,Valencia/València,Tavernes de la Valldigna,39.06092100271754,-0.2791671697440078,6.37,i-DE,20.0,Sufficient,False
3628,Toledo,Torrijos,39.99935969583052,-4.2691312108574575,0.0,i-DE,45.0,Congested,True
3629,Toledo,Bargas,39.91200543653358,-4.0860600740984605,0.0,i-DE,132.0,Congested,True
3630,Valencia/València,Museros,39.57166516812405,-0.3577310183827499,0.0,i-DE,132.0,Congested,True
3631,Madrid,Alcobendas,40.536688987384544,-3.596438101806976,5.23,i-DE,20.0,Sufficient,False
3632,Madrid,Madrid,40.46095801899286,-3.668410147788364,0.0,i-DE,132.0,Congested,True
3633,Valencia/València,València,39.43919367797479,-0.3416085658208317,0.0,i-DE,132.0,Congested,True
3634,Valencia/València,Picanya,39.44547902400817,-0.449892545316094,19.24,i-DE,132.0,Sufficient,False
3636,Alicante/Alacant,Ibi,38.612419330147326,-0.5878257482769754,0.0,i-DE,132.0,Congested,True
3637,Madrid,Alcalá de Henares,40.50068383755783,-3.3761464591879995,0.0,i-DE,132.0,Congested,True
3639,Alicante/Alacant,Rojales,38.056154951105285,-0.7364998748583277,6.63,i-DE,20.0,Sufficient,False
3640,Albacete,Albacete,38.94004549415719,-1.9941459140187625,0.0,i-DE,132.0,Congested,True
3642,Toledo,Los Navalmorales,39.73317574987417,-4.641692760097783,0.0,i-DE,132.0,Congested,True
3644,Murcia,Murcia,37.84073843736573,-1.1085030979050448,0.0,i-DE,132.0,Congested,True
3645,Murcia,Cieza,38.24793424798822,-1.4077762866371148,0.0,i-DE,132.0,Congested,True
3647,Murcia,San Pedro del Pinatar,37.859366443525225,-0.8146272426220679,15.36,i-DE,66.0,Sufficient,False
3648,Murcia,Las Torres de Cotillas,38.03456428199259,-1.2838615491164798,0.0,i-DE,132.0,Congested,True
3649,Alicante/Alacant,Alcoi/Alcoy,38.68185251907507,-0.4936085049266062,20.14,i-DE,132.0,Sufficient,False
3650,Toledo,La Puebla de Montalbán,39.87836358532463,-4.3701976702106045,0.0,i-DE,132.0,Congested,True
3652,Murcia,Jumilla,38.463460367078255,-1.329441306916464,0.0,i-DE,132.0,Congested,True
3653,Madrid,Fuenlabrada,40.276616849846995,-3.7817804677499183,0.0,i-DE,15.0,Congested,True
3656,Guadalajara,Galápagos,40.696859840336934,-3.3996888102601397,0.0,i-DE,132.0,Congested,True
3658,Murcia,Cartagena,37.56449375560749,-0.949489018479598,0.0,i-DE,132.0,Congested,True
3660,Valencia/València,Benifaió,39.28005684953469,-0.4404718748530695,0.0,i-DE,132.0,Congested,True
3661,Castellón/Castelló,Castelló de la Plana,40.003660693546514,-0.0863046089408998,0.0,i-DE,20.0,Congested,True
3662,Valencia/València,València,39.50261635000287,-0.4272035727906182,0.0,i-DE,20.0,Congested,True
3663,Valencia/València,València,39.455698085293605,-0.391920950992727,0.0,i-DE,20.0,Congested,True
3666,Murcia,Totana,37.76534100371361,-1.4468260212132735,0.0,i-DE,132.0,Congested,True
3667,Madrid,Villanueva del Pardillo,40.50269727126485,-3.974153185179828,0.0,i-DE,132.0,Congested,True
3678,Alicante/Alacant,Dénia,38.84857878911627,0.0493678897151453,0.0,i-DE,132.0,Congested,True
3679,Alicante/Alacant,Sant Joan d'Alacant,38.42443020192987,-0.4205611513907618,0.0,i-DE,20.0,Congested,True
3680,Castellón/Castelló,Orpesa/Oropesa del Mar,40.12169998374208,0.1518367527576175,0.0,i-DE,132.0,Congested,True
3681,Valencia/València,València,39.45630441602165,-0.3474164190136555,5.29,i-DE,132.0,Sufficient,False
3682,Valencia/València,Albal,39.39770634062856,-0.4452735542060548,0.0,i-DE,20.0,Congested,True
3684,Murcia,Lorca,37.66527114527885,-1.713067753595148,17.81,i-DE,132.0,Sufficient,False
3685,Castellón/Castelló,Castelló de la Plana,39.95822541312247,-0.004468296886,0.0,i-DE,66.0,Congested,True
3688,Valencia/València,Gandia,38.970493511365056,-0.1672223636896377,0.0,i-DE,20.0,Congested,True
3689,Murcia,Caravaca de la Cruz,38.1212567112537,-1.8317212856376148,0.0,i-DE,132.0,Congested,True
3694,Valencia/València,Llíria,39.644975807421176,-0.6255358283008801,0.0,i-DE,66.0,Congested,True
3696,Valencia/València,Moixent/Mogente,38.88880585160258,-0.7527040075860288,47.78,i-DE,132.0,Sufficient,False
3697,Alicante/Alacant,Torrevieja,37.97411777947151,-0.6998766468533,3.99,i-DE,20.0,Moderate,True
3702,Cuenca,Enguídanos,39.70564285682969,-1.6260374772888162,0.0,i-DE,132.0,Congested,True
3704,Albacete,Casas de Ves,39.2052575198527,-1.3077821324944805,0.0,i-DE,66.0,Congested,True
3705,Valencia/València,Millares,39.22409469359517,-0.7184624689283711,38.17,i-DE,132.0,Sufficient,False
3706,Valencia/València,Cofrentes,39.24776418084343,-1.094052135453373,0.0,i-DE,132.0,Congested,True
3707,Cuenca,Tébar,39.483325588688814,-2.069558130355089,0.0,i-DE,132.0,Congested,True
3710,Murcia,Cieza,38.23690998217712,-1.558490288704948,0.0,i-DE,132.0,Congested,True
3715,Murcia,Águilas,37.42176967393622,-1.5966755755005246,25.28,i-DE,132.0,Sufficient,False
3716,Jaén,Santiago-Pontones,38.220482302182994,-2.4612671217873254,0.0,i-DE,132.0,Congested,True
3717,Murcia,Lorca,37.43722039366844,-1.720014496153818,24.12,i-DE,132.0,Sufficient,False
3718,Murcia,Lorca,37.54537950859577,-1.752432885984927,22.41,i-DE,132.0,Sufficient,False
3731,Murcia,Cartagena,37.653436959604605,-1.0259239728420932,23.13,i-DE,132.0,Sufficient,False
3732,Castellón/Castelló,Cirat,40.05858779808215,-0.4495452127034322,0.0,i-DE,132.0,Congested,True
3736,Valencia/València,Villargordo del Cabriel,39.540623822063154,-1.5034492611082957,0.0,i-DE,132.0,Congested,True
3737,Alicante/Alacant,Crevillent,38.23150491495044,-0.7846042920411841,0.0,i-DE,132.0,Congested,True
3742,Murcia,Murcia,37.8535517296662,-1.1328060248180205,0.0,i-DE,132.0,Congested,True
3746,Castellón/Castelló,Vallat,40.02909476507717,-0.3306067439956307,0.0,i-DE,132.0,Congested,True
3747,Toledo,Albarreal de Tajo,39.89387616707885,-4.263669711370153,0.0,i-DE,132.0,Congested,True
3750,Palencia,Dueñas,41.84537559417049,-4.5545583880877025,0.0,i-DE,132.0,Congested,True
3754,Murcia,Calasparra,38.26399140752813,-1.6773666020566724,0.0,i-DE,132.0,Congested,True
3755,Cáceres,Alcántara,39.72464353358322,-6.875722401320282,26.0,i-DE,45.0,Sufficient,False
3760,Cáceres,Valdeobispo,40.098106458345995,-6.250453916503063,0.0,i-DE,132.0,Congested,True
3761,Murcia,Fuente Álamo de Murcia,37.68166475569067,-1.1729890263620295,22.85,i-DE,132.0,Sufficient,False
3766,Castellón/Castelló,Vilanova d'Alcolea,40.21342420157681,0.0624790607854265,0.0,i-DE,132.0,Congested,True
3767,Murcia,Alhama de Murcia,37.72439750547626,-1.3667016980057909,22.23,i-DE,132.0,Sufficient,False
3774,Murcia,Calasparra,38.28802659178722,-1.603345969857173,0.0,i-DE,132.0,Congested,True
3781,Madrid,Madrid,40.42436430386432,-3.715929853962025,0.0,i-DE,132.0,Congested,True
3797,León,Villadangos del Páramo,42.5272593116883,-5.744848002512751,0.0,i-DE,132.0,Congested,True
3798,Palencia,Soto de Cerrato,41.94862849246296,-4.406868092642708,0.0,i-DE,132.0,Congested,True
3805,Toledo,Villaseca de la Sagra,39.94182429405225,-3.8580385678443503,0.0,i-DE,132.0,Congested,True
3813,Guadalajara,Galápagos,40.70862183708211,-3.3400701762221936,0.0,i-DE,132.0,Congested,True
3822,Navarra,Oteiza,42.63384202961529,-1.9508216027223932,0.0,i-DE,66.0,Congested,True
3844,Asturias,Langreo,43.307508929255626,-5.698792524024242,0.0,i-DE,132.0,Congested,True
3854,Alicante/Alacant,Cocentaina,38.7514921704006,-0.4458216163926743,19.89,i-DE,132.0,Sufficient,False
3856,Madrid,Torrejón de Ardoz,40.47950065201452,-3.429986730373839,0.0,i-DE,132.0,Congested,True
3888,Murcia,Cartagena,37.70469559968912,-1.0950007622822515,21.73,i-DE,132.0,Sufficient,False
3891,Valencia/València,Picassent,39.32341321475797,-0.4330813089041713,0.0,i-DE,132.0,Congested,True
3893,Madrid,Las Rozas de Madrid,40.51026951392198,-3.866322775358175,0.0,i-DE,132.0,Congested,True
3894,Badajoz,Valdecaballeros,39.29020029935015,-5.182682586058725,0.0,i-DE,132.0,Congested,True
3896,Madrid,Madrid,40.36492754311452,-3.748428553229495,0.0,i-DE,15.0,Congested,True
3897,Madrid,Boadilla del Monte,40.40818840528874,-3.9088970487708985,0.0,i-DE,20.0,Congested,True
3898,Murcia,Murcia,37.73275505976538,-1.0542367233844725,0.0,i-DE,132.0,Congested,True
3899,Murcia,Murcia,37.984570544998576,-1.1067816268121276,0.0,i-DE,132.0,Congested,True
4001,Castellón/Castelló,Benassal,40.37744919691365,-0.137428985655846,0.0,i-DE,66.0,Congested,True
4002,Alicante/Alacant,Elx/Elche,38.27620982289286,-0.6677212103135003,0.0,i-DE,66.0,Congested,True
4003,Alicante/Alacant,Redován,38.13628134654093,-0.9312923320021936,0.0,i-DE,66.0,Congested,True
4004,Alicante/Alacant,Novelda,38.37453300651854,-0.7570064089964048,10.45,i-DE,20.0,Sufficient,False
4006,Murcia,Caravaca de la Cruz,38.114249251643834,-1.8683180211453485,0.0,i-DE,66.0,Congested,True
4007,Albacete,Albacete,38.98242055461776,-1.8693758805659604,0.0,i-DE,66.0,Congested,True
4009,Castellón/Castelló,Borriana/Burriana,39.8900372519275,-0.0976555410523397,0.0,i-DE,66.0,Congested,True
4012,Murcia,La Unión,37.62179381912411,-0.8783658465190998,0.0,i-DE,66.0,Congested,True
4013,Madrid,Colmenar Viejo,40.66856571190427,-3.757392785599836,0.0,i-DE,66.0,Congested,True
4016,Cáceres,Malpartida de Cáceres,39.464021867834106,-6.507040011737669,0.0,i-DE,45.0,Congested,True
4017,Valencia/València,Llíria,39.6351388682005,-0.588177373354581,0.0,i-DE,66.0,Congested,True
4019,Madrid,Pinto,40.25783941351882,-3.703514032012228,0.0,i-DE,45.0,Congested,True
4021,Valencia/València,Xàtiva,38.9923571245336,-0.5328979128114147,5.09,i-DE,66.0,Sufficient,False
4023,Madrid,Getafe,40.308415389799265,-3.694329739241874,0.0,i-DE,45.0,Congested,True
4024,Valencia/València,Almussafes,39.29128070468472,-0.4179131550138765,5.1,i-DE,66.0,Sufficient,False
4025,Castellón/Castelló,Nules,39.81505878996269,-0.1628615968915526,0.0,i-DE,66.0,Congested,True
4026,Albacete,La Recueja,39.135540722149486,-1.4537103265906015,0.0,i-DE,66.0,Congested,True
4027,Madrid,El Escorial,40.60573867206678,-4.115911354978482,0.0,i-DE,66.0,Congested,True
4028,Alicante/Alacant,Los Montesinos,38.03092796048641,-0.7444610359909682,0.0,i-DE,66.0,Congested,True
4029,Toledo,Polán,39.86518335118919,-4.193513964237743,0.0,i-DE,45.0,Congested,True
4030,Madrid,Getafe,40.30370405324724,-3.701602891257331,0.0,i-DE,45.0,Congested,True
4031,Badajoz,Valdecaballeros,39.288938976138,-5.198199222743765,0.0,i-DE,45.0,Congested,True
4032,Cáceres,Cáceres,39.47473392463005,-6.327703340249391,0.0,i-DE,45.0,Congested,True
4033,"Rioja, La",Briones,42.54669933833002,-2.8018658622603514,0.0,i-DE,66.0,Congested,True
4034,Murcia,Totana,37.757425204000086,-1.48218653648149,0.0,i-DE,66.0,Congested,True
4035,Madrid,Madrid,40.403553084746896,-3.702754948130524,0.0,i-DE,45.0,Congested,True
4037,Murcia,Águilas,37.41109735519006,-1.5931251378798097,0.0,i-DE,66.0,Congested,True
4039,Cuenca,Saelices,39.91501788849302,-2.8240727717397895,0.0,i-DE,66.0,Congested,True
4040,Alicante/Alacant,Alacant/Alicante,38.328650462341905,-0.5192939209069272,0.0,i-DE,20.0,Congested,True
4043,Castellón/Castelló,Torreblanca,40.20500783630042,0.1794348616799934,0.0,i-DE,66.0,Congested,True
4044,Castellón/Castelló,Vila-real,39.94352477239299,-0.1152248968173167,0.0,i-DE,66.0,Congested,True
4045,Valencia/València,València,39.47149783773202,-0.3943377265262178,0.0,i-DE,66.0,Congested,True
4046,Madrid,Collado Villalba,40.63197675390701,-4.017118115123365,0.0,i-DE,66.0,Congested,True
4047,Toledo,Talavera de la Reina,39.947044950623635,-4.846766662525501,0.0,i-DE,45.0,Congested,True
4048,Guadalajara,Alarilla,40.83383480699122,-3.1132396499784583,0.0,i-DE,66.0,Congested,True
4049,Alicante/Alacant,Petrer,38.50000277214563,-0.7907646202159638,0.0,i-DE,66.0,Congested,True
4051,Valencia/València,Sueca,39.25140578538433,-0.2645577616952332,0.0,i-DE,66.0,Congested,True
4053,Castellón/Castelló,Vinaròs,40.47745124252002,0.4685514870980773,0.0,i-DE,66.0,Congested,True
4054,Murcia,Yecla,38.61657579704277,-1.0845258610767696,19.85,i-DE,132.0,Sufficient,False
4055,Castellón/Castelló,Onda,39.97547930332799,-0.2306640980095056,0.0,i-DE,66.0,Congested,True
4056,Valencia/València,Cullera,39.18081234863081,-0.2653500916239834,0.0,i-DE,66.0,Congested,True
4057,Valencia/València,Puçol,39.62343992693397,-0.3206198232307741,0.0,i-DE,66.0,Congested,True
4059,Guadalajara,Sigüenza,41.058435025865144,-2.6445958928369784,0.0,i-DE,66.0,Congested,True
4060,Toledo,Oropesa,39.92577007580691,-5.185794604264024,0.0,i-DE,45.0,Congested,True
4061,Valencia/València,Castelló de Rugat,38.86815856570507,-0.39139699983125,4.84,i-DE,66.0,Moderate,True
4063,Valencia/València,Massalfassar,39.548366276678834,-0.3077845702741761,0.0,i-DE,66.0,Congested,True
4064,Cáceres,Casatejada,39.87875600516591,-5.677546442165221,0.0,i-DE,45.0,Congested,True
4065,Murcia,Mazarrón,37.63285945656285,-1.341939542173057,0.0,i-DE,66.0,Congested,True
4066,Valencia/València,València,39.48304418356619,-0.3687462300108635,0.0,i-DE,66.0,Congested,True
4067,Cáceres,Coria,39.95847274749904,-6.513181708309077,0.0,i-DE,45.0,Congested,True
4068,Toledo,Orgaz,39.68510521821148,-3.971121934127047,0.0,i-DE,45.0,Congested,True
4070,Albacete,Pozohondo,38.71678107635769,-1.9102846452046085,0.0,i-DE,66.0,Congested,True
4072,Toledo,Talavera de la Reina,39.943121463755766,-4.951295784050732,0.0,i-DE,45.0,Congested,True
4073,Valencia/València,Rocafort,39.545502037109706,-0.4229275953229125,0.0,i-DE,66.0,Congested,True
4074,Valencia/València,Quart de Poblet,39.47212736215534,-0.5201126540611033,0.0,i-DE,66.0,Congested,True
4075,Alicante/Alacant,el Pinós/Pinoso,38.40661326764412,-1.0243114448252693,0.0,i-DE,66.0,Congested,True
4077,Castellón/Castelló,la Vall d'Uixó,39.81201969735157,-0.2249302366379379,0.0,i-DE,66.0,Congested,True
4078,Alicante/Alacant,Crevillent,38.22408295223528,-0.7805747337533144,0.0,i-DE,66.0,Congested,True
4079,Bizkaia,Ea,43.37100143428342,-2.580630314591529,0.0,i-DE,30.0,Congested,True
4080,Cuenca,Tarancón,40.0126902579096,-3.0225095985319475,0.0,i-DE,66.0,Congested,True
4081,Cáceres,Navalmoral de la Mata,39.89105374754287,-5.5110590972977205,0.0,i-DE,45.0,Congested,True
4083,Castellón/Castelló,l'Alcora,40.0719678577369,-0.2081366455804784,0.0,i-DE,66.0,Congested,True
4084,Alicante/Alacant,Santa Pola,38.218686559028505,-0.5550795147192643,0.0,i-DE,66.0,Congested,True
4085,Toledo,Cebolla,39.905690414168326,-4.530353980885246,0.0,i-DE,45.0,Congested,True
4086,Murcia,Cartagena,37.6280063713537,-0.7132533618899787,0.0,i-DE,66.0,Congested,True
4087,Valencia/València,Losa del Obispo,39.69321345084549,-0.8673893193003079,0.0,i-DE,66.0,Congested,True
4089,Madrid,Cercedilla,40.73434886534543,-4.042651747271382,0.0,i-DE,66.0,Congested,True
4091,Madrid,San Agustín del Guadalix,40.669657775748114,-3.616699205853565,0.0,i-DE,66.0,Congested,True
4092,Madrid,Cabanillas de la Sierra,40.82029104821016,-3.628465953075752,0.0,i-DE,66.0,Congested,True
4093,Toledo,Quintanar de la Orden,39.600130243489,-3.035525160115818,0.0,i-DE,66.0,Congested,True
4094,Alicante/Alacant,Muro de Alcoy,38.79287301745498,-0.4234785691573514,0.0,i-DE,66.0,Congested,True
4095,Cuenca,Villares del Saz,39.861736069811315,-2.570104547106744,0.0,i-DE,66.0,Congested,True
4096,Madrid,Buitrago del Lozoya,41.005683341141186,-3.631306730855229,0.0,i-DE,66.0,Congested,True
4097,Murcia,Mula,38.027565041488835,-1.4975620386976702,0.0,i-DE,66.0,Congested,True
4098,Salamanca,Huerta,40.97208573663432,-5.454004594854407,0.0,i-DE,45.0,Congested,True
4101,"Rioja, La",Alfaro,42.15610908371429,-1.7284830327082117,0.0,i-DE,66.0,Congested,True
4102,"Rioja, La",Arnedo,42.283933986786785,-2.0247436993309216,0.0,i-DE,66.0,Congested,True
4104,Castellón/Castelló,Atzeneta del Maestrat,40.21828488074669,-0.1742061533460202,0.0,i-DE,66.0,Congested,True
4105,Cuenca,El Pedernoso,39.48099219195703,-2.7423321481315406,0.0,i-DE,66.0,Congested,True
4107,Castellón/Castelló,Ribesalbes,40.01690457206168,-0.277811103648503,0.0,i-DE,66.0,Congested,True
4108,Valencia/València,València,39.35002833267648,-0.3232328044022369,0.0,i-DE,66.0,Congested,True
4115,Murcia,Cehegín,38.09237828381893,-1.7773474991969096,0.0,i-DE,66.0,Congested,True
4116,Murcia,San Javier,37.79779987293365,-0.845217682212335,0.0,i-DE,66.0,Congested,True
4117,Valencia/València,Cofrentes,39.23103191267514,-1.0933723913679512,0.0,i-DE,66.0,Congested,True
4118,Albacete,Casas-Ibáñez,39.27419038381229,-1.4712686379949518,0.0,i-DE,132.0,Congested,True
4119,Murcia,Lorca,37.58851558843843,-1.6494234522514304,0.0,i-DE,66.0,Congested,True
4120,Navarra,Fontellas,42.01162801319618,-1.5661900477759807,23.0,i-DE,66.0,Sufficient,False
4122,Albacete,Pozo Cañada,38.81115315527035,-1.7399182052971047,0.0,i-DE,66.0,Congested,True
4123,Albacete,Bonete,38.885125871915854,-1.3504169673901327,0.0,i-DE,66.0,Congested,True
4125,Madrid,San Sebastián de los Reyes,40.57674656646171,-3.5749139162836703,0.0,i-DE,66.0,Congested,True
4126,Albacete,Albacete,38.87334537982781,-1.920431314715182,0.0,i-DE,66.0,Congested,True
4127,Murcia,Mazarrón,37.55368909120903,-1.410782473366172,0.0,i-DE,66.0,Congested,True
4128,Toledo,Alcolea de Tajo,39.78165275206117,-5.0880973051211456,0.0,i-DE,45.0,Congested,True
4129,Valencia/València,Cortes de Pallás,39.257745327324066,-0.945713901720026,0.0,i-DE,66.0,Congested,True
4130,Alicante/Alacant,Orihuela,38.06841075872164,-0.8512282781703125,0.0,i-DE,66.0,Congested,True
4131,Cáceres,Alcántara,39.73807203290356,-6.887913198842096,2.0,i-DE,45.0,Moderate,True
4133,Cáceres,Cedillo,39.663884027606215,-7.531460476593144,0.0,i-DE,45.0,Congested,True
4134,Madrid,Navalagamella,40.457419278814335,-4.113328234320192,0.0,i-DE,66.0,Congested,True
4135,Madrid,Miraflores de la Sierra,40.775662685987776,-3.7741809834009143,0.0,i-DE,66.0,Congested,True
4138,Gipuzkoa,Ordizia,43.05807517480776,-2.1733736351072106,0.0,i-DE,30.0,Congested,True
4140,Albacete,Caudete,38.71177863607151,-0.9602767497265018,0.0,i-DE,66.0,Congested,True
4142,Badajoz,La Roca de la Sierra,39.11056388713966,-6.697016847133197,0.0,i-DE,45.0,Congested,True
4143,Badajoz,San Vicente de Alcántara,39.37153651621744,-7.118698761734424,0.0,i-DE,45.0,Congested,True
4144,Badajoz,Zalamea de la Serena,38.672446044627165,-5.660520536102,0.0,i-DE,45.0,Congested,True
4145,Madrid,Tres Cantos,40.61299874621374,-3.6951312843121857,0.0,i-DE,66.0,Congested,True
4147,Guadalajara,Jadraque,40.93239123436839,-2.92341749606483,0.0,i-DE,66.0,Congested,True
4148,Burgos,Burgos,42.374607158682416,-3.7191689165398474,0.0,i-DE,45.0,Congested,True
4150,León,Valverde de la Virgen,42.56770051236105,-5.727364678456214,0.0,i-DE,45.0,Congested,True
4151,Murcia,Águilas,37.45797913497351,-1.495133998391807,0.0,i-DE,66.0,Congested,True
4152,Araba/Álava,Laguardia,42.49333476713502,-2.487341058535223,0.0,i-DE,66.0,Congested,True
4153,Cáceres,Ceclavín,39.83391421727521,-6.7470307140322,3.0,i-DE,45.0,Moderate,True
4162,"Rioja, La",Albelda de Iregua,42.367295844852144,-2.483355475154283,0.0,i-DE,66.0,Congested,True
4164,Cáceres,Arroyo de la Luz,39.47446574535617,-6.57139004571123,0.0,i-DE,45.0,Congested,True
4165,Gipuzkoa,Zarautz,43.28051713935908,-2.1806938863413032,0.0,i-DE,30.0,Congested,True
4169,Madrid,Griñón,40.20496583198931,-3.8583885602151553,0.0,i-DE,45.0,Congested,True
4170,Cuenca,Villamayor de Santiago,39.74803661694887,-2.932749719917209,0.0,i-DE,66.0,Congested,True
4183,Navarra,Zizur Mayor/Zizur Nagusia,42.79426796004755,-1.6899265099001066,0.0,i-DE,66.0,Congested,True
4184,Valladolid,Valladolid,41.600713499661175,-4.6973403995131084,0.0,i-DE,45.0,Congested,True
4186,Valladolid,Peñafiel,41.61438871551646,-4.105392318901878,0.0,i-DE,45.0,Congested,True
4187,"Rioja, La",Navarrete,42.439181295928066,-2.5767567790909545,0.0,i-DE,66.0,Congested,True
4188,"Rioja, La",Calahorra,42.28020732780785,-1.9311658376117191,0.0,i-DE,66.0,Congested,True
4190,Navarra,Olite/Erriberri,42.48744638381327,-1.644627703231144,1.0,i-DE,66.0,Moderate,True
4191,Valencia/València,Tuéjar,39.77604982194019,-1.0569181892301651,0.0,i-DE,66.0,Congested,True
4192,Soria,Golmayo,41.7543610396909,-2.5654416299804437,0.0,i-DE,45.0,Congested,True
4193,"Rioja, La",Cirueña,42.41550143165759,-2.8962218761566745,0.0,i-DE,66.0,Congested,True
4195,Guadalajara,Yunquera de Henares,40.77864319047389,-3.179462993709802,0.0,i-DE,66.0,Congested,True
4196,Madrid,Colmenar Viejo,40.65347302808941,-3.789437722251543,0.0,i-DE,66.0,Congested,True
4197,Navarra,Cárcar,42.40311193306429,-1.9707929832664783,0.0,i-DE,66.0,Congested,True
4198,Toledo,Ajofrín,39.74400859816956,-3.978053486970151,0.0,i-DE,45.0,Congested,True
4199,Burgos,Aranda de Duero,41.660920846912944,-3.7162992870948446,0.0,i-DE,45.0,Congested,True
4201,Murcia,Lorca,37.71477440800851,-1.7166292446447964,0.0,i-DE,66.0,Congested,True
4202,Albacete,Chinchilla de Monte-Aragón,38.947061361103096,-1.7669490199389115,0.0,i-DE,66.0,Congested,True
4203,Cuenca,Osa de la Vega,39.662768108406816,-2.802516984086717,0.0,i-DE,66.0,Congested,True
4204,Burgos,Buniel,42.318386544608515,-3.817072563035557,0.0,i-DE,45.0,Congested,True
4211,Ávila,Ávila,40.63678071836103,-4.694626256598832,0.0,i-DE,45.0,Congested,True
4213,Valladolid,Valladolid,41.628180250564526,-4.711067460901167,0.0,i-DE,45.0,Congested,True
4215,Navarra,Esteribar,42.83812367882173,-1.592367743614747,0.0,i-DE,66.0,Congested,True
4218,Badajoz,La Coronada,38.919899153721026,-5.684885957670881,0.0,i-DE,45.0,Congested,True
4221,Badajoz,Casas de Don Pedro,39.117814170291965,-5.336590970809921,0.0,i-DE,45.0,Congested,True
4223,"Rioja, La",Alfaro,42.21839461513749,-1.8297925450172037,0.0,i-DE,66.0,Congested,True
4226,Madrid,Madrid,40.38708500853355,-3.761312635051712,0.0,i-DE,45.0,Congested,True
4227,Madrid,Madrid,40.33895813863216,-3.701520938876705,0.0,i-DE,45.0,Congested,True
4228,Madrid,Madrid,40.35890098919462,-3.69960550100104,0.0,i-DE,45.0,Congested,True
4230,Navarra,Lumbier,42.643433745544726,-1.3419118441096438,0.0,i-DE,66.0,Congested,True
4231,"Rioja, La",Logroño,42.43750204370952,-2.4675378271925927,0.0,i-DE,66.0,Congested,True
4232,Navarra,Marcilla,42.31136757317621,-1.723166195820209,1.0,i-DE,66.0,Moderate,True
4233,Valladolid,Tordesillas,41.519249732647104,-5.013784101510909,0.0,i-DE,45.0,Congested,True
4235,León,Puebla de Lillo,43.0647468352435,-5.367411574678993,0.0,i-DE,45.0,Congested,True
4236,"Rioja, La",Logroño,42.48262693799051,-2.4255669943960716,0.0,i-DE,66.0,Congested,True
4237,Zamora,Villabrázaro,42.05776644311687,-5.689073474213373,0.0,i-DE,45.0,Congested,True
4239,Gipuzkoa,Irun,43.33136537974431,-1.7923000574426704,0.0,i-DE,30.0,Congested,True
4243,Albacete,Alpera,38.9399363389747,-1.252377754598825,0.0,i-DE,66.0,Congested,True
4244,Madrid,Valdemoro,40.181035294130666,-3.7053662354754415,0.0,i-DE,45.0,Congested,True
4246,Bizkaia,Aulesti,43.295214651525335,-2.5711023647732887,0.0,i-DE,30.0,Congested,True
4249,Toledo,Gálvez,39.68969132539017,-4.269483005773381,0.0,i-DE,45.0,Congested,True
4251,Cáceres,Cáceres,39.478720805071504,-6.344469913271733,0.0,i-DE,45.0,Congested,True
4252,Valencia/València,Manises,39.51866319025325,-0.5063969330396534,0.0,i-DE,66.0,Congested,True
4255,Murcia,Cartagena,37.578438178742786,-0.9237384596089868,0.0,i-DE,66.0,Congested,True
4256,Soria,Soria,41.76080415179053,-2.4196778058149766,0.0,i-DE,45.0,Congested,True
4259,Navarra,Cortes,41.92854077178694,-1.459973058173711,21.0,i-DE,66.0,Sufficient,False
4262,Albacete,Almansa,38.86713087492359,-1.1194082591133516,0.0,i-DE,66.0,Congested,True
4268,Palencia,Magaz de Pisuerga,41.97925575049702,-4.4604147935701866,0.0,i-DE,45.0,Congested,True
4273,Bizkaia,Ispaster,43.368251437431745,-2.5148971043865576,0.0,i-DE,30.0,Congested,True
4276,Burgos,Villarcayo de Merindad de Castilla la Vieja,42.92075654066053,-3.575321604582111,0.0,i-DE,45.0,Congested,True
4279,Murcia,Cartagena,37.585647346557096,-0.9144334314872736,0.0,i-DE,66.0,Congested,True
4291,Navarra,Corella,42.10696187056116,-1.7707694152475215,23.0,i-DE,66.0,Sufficient,False
4298,Gipuzkoa,Andoain,43.22441383426656,-2.019886530602742,0.0,i-DE,30.0,Congested,True
4304,Castellón/Castelló,Moncofa,39.792120573417854,-0.1734803835022036,0.0,i-DE,66.0,Congested,True
4423,Soria,Garray,41.82285524343279,-2.497232646093212,0.0,i-DE,45.0,Congested,True
4446,Madrid,Algete,40.59266347805987,-3.5511453560004917,0.0,i-DE,66.0,Congested,True
4457,Madrid,Alcobendas,40.53413699218061,-3.6617615612681407,0.0,i-DE,66.0,Congested,True
4494,Guadalajara,Fontanar,40.74115136778845,-3.18496306941821,0.0,i-DE,66.0,Congested,True
4495,"Rioja, La",Cervera del Río Alhama,42.05174624637952,-1.923200716681679,21.0,i-DE,66.0,Sufficient,False
4496,Valladolid,Arroyo de la Encomienda,41.6109252818869,-4.809824535898795,0.0,i-DE,45.0,Congested,True
4498,Valencia/València,Buñol,39.44015997398254,-0.7739912891685541,0.0,i-DE,66.0,Congested,True
4500,Madrid,Arroyomolinos,40.30207078485058,-3.9183418998403905,0.0,i-DE,45.0,Congested,True
4501,Bizkaia,Bedia,43.20731224022462,-2.7986474534162156,0.0,i-DE,30.0,Congested,True
4502,Bizkaia,Amorebieta-Etxano,43.210838654188535,-2.7253866762978274,0.0,i-DE,30.0,Congested,True
4503,Bizkaia,Igorre,43.16542053142742,-2.7710673372044083,0.0,i-DE,30.0,Congested,True
4504,Bizkaia,Iurreta,43.17854515543525,-2.6341360747924027,0.0,i-DE,30.0,Congested,True
4505,Bizkaia,Ermua,43.186376821984595,-2.4998776756300005,0.0,i-DE,30.0,Congested,True
4506,Bizkaia,Elorrio,43.12466200325166,-2.54504511002474,0.0,i-DE,30.0,Congested,True
4507,Bizkaia,Durango,43.16020201816812,-2.627322824234798,0.0,i-DE,30.0,Congested,True
4508,Bizkaia,Berriz,43.170309180090506,-2.5682011304388226,0.0,i-DE,30.0,Congested,True
4509,Bizkaia,Ondarroa,43.32010955422898,-2.4458922878983893,0.0,i-DE,30.0,Congested,True
4510,Bizkaia,Markina-Xemein,43.27600724867877,-2.496958890462778,0.0,i-DE,30.0,Congested,True
4512,Navarra,Biurrun-Olcoz,42.69076054650503,-1.6533902453595497,1.0,i-DE,66.0,Moderate,True
4513,Bizkaia,Ermua,43.18491013315587,-2.518238689081676,0.0,i-DE,30.0,Congested,True
4514,Bizkaia,Barakaldo,43.29055404140268,-2.9865183626268945,0.0,i-DE,30.0,Congested,True
4516,Bizkaia,Barakaldo,43.26812172102113,-2.976126484481699,0.0,i-DE,30.0,Congested,True
4518,Bizkaia,Güeñes,43.20497282641531,-3.093327264885044,0.0,i-DE,30.0,Congested,True
4519,Bizkaia,Balmaseda,43.18501984874821,-3.2030154752708175,0.0,i-DE,30.0,Congested,True
4520,Araba/Álava,Artziniega,43.12591315075022,-3.1215479148452157,0.0,i-DE,30.0,Congested,True
4521,Bizkaia,Gordexola,43.18887883509245,-3.057159123194637,0.0,i-DE,30.0,Congested,True
4522,Bizkaia,Artzentales,43.24264993695517,-3.2546529801816284,0.0,i-DE,30.0,Congested,True
4523,Bizkaia,Sopuerta,43.269788854463414,-3.1511400957026514,0.0,i-DE,30.0,Congested,True
4525,Bizkaia,Karrantza Harana/Valle de Carranza,43.24009887261702,-3.349929430921867,0.0,i-DE,30.0,Congested,True
4526,Bizkaia,Bilbao,43.25687238540498,-2.9533555210957543,0.0,i-DE,30.0,Congested,True
4527,Bizkaia,Galdakao,43.25373912814579,-2.862209659953115,0.0,i-DE,30.0,Congested,True
4528,Bizkaia,Galdakao,43.2354391041442,-2.849814420235116,0.0,i-DE,30.0,Congested,True
4529,Bizkaia,Basauri,43.2169019444144,-2.887435413963497,0.0,i-DE,30.0,Congested,True
4530,Bizkaia,Ugao-Miraballes,43.17953425813312,-2.908766133106943,0.0,i-DE,30.0,Congested,True
4532,Bizkaia,Basauri,43.23996295627773,-2.8773714392576473,0.0,i-DE,30.0,Congested,True
4534,Bizkaia,Basauri,43.232396989833816,-2.883218976071998,0.0,i-DE,30.0,Congested,True
4536,Bizkaia,Urduña/Orduña,42.989750055234744,-3.0196189841611454,0.0,i-DE,30.0,Congested,True
4537,Araba/Álava,Amurrio,43.05593756059029,-3.0045913472585495,0.0,i-DE,30.0,Congested,True
4538,Bizkaia,Berango,43.36124402384168,-2.9987302237828044,0.0,i-DE,30.0,Congested,True
4539,Bizkaia,Sopela,43.378861465218854,-2.9733187384859763,0.0,i-DE,30.0,Congested,True
4540,Bizkaia,Gorliz,43.40467181522352,-2.9373434986393736,0.0,i-DE,30.0,Congested,True
4541,Bizkaia,Leioa,43.32573291154381,-3.006560800147278,0.0,i-DE,30.0,Congested,True
4542,Bizkaia,Lemoiz,43.42931086844106,-2.879095649441318,0.0,i-DE,30.0,Congested,True
4543,Bizkaia,Leioa,43.33061804655182,-2.9749023812974813,0.0,i-DE,30.0,Congested,True
4544,Bizkaia,Derio,43.287805990784555,-2.8846352408447924,0.0,i-DE,30.0,Congested,True
4546,Bizkaia,Bakio,43.40825389595106,-2.8138077488887547,0.0,i-DE,30.0,Congested,True
4547,Bizkaia,Mungia,43.35871600258838,-2.829826109332535,0.0,i-DE,30.0,Congested,True
4548,Bizkaia,Bermeo,43.41438636991074,-2.729365241985714,0.0,i-DE,30.0,Congested,True
4549,Bizkaia,Ajangiz,43.31716267185955,-2.668853359608406,0.0,i-DE,30.0,Congested,True
4550,Bizkaia,Lezama,43.26545970712198,-2.820017801965788,0.0,i-DE,30.0,Congested,True
4552,Bizkaia,Bilbao,43.27340796545746,-2.9638337018830327,0.0,i-DE,30.0,Congested,True
4553,Bizkaia,Barakaldo,43.30213396224247,-2.9981439301930575,0.0,i-DE,30.0,Congested,True
4554,Bizkaia,Sestao,43.31218914195402,-3.0123079162752178,0.0,i-DE,30.0,Congested,True
4555,Bizkaia,Muskiz,43.32772666277332,-3.1205314028639863,0.0,i-DE,30.0,Congested,True
4556,Bizkaia,Abanto y Ciérvana-Abanto Zierbena,43.31536137354393,-3.0805011320702222,0.0,i-DE,30.0,Congested,True
4557,Bizkaia,Santurtzi,43.32875144593048,-3.039254441054734,0.0,i-DE,30.0,Congested,True
4558,Bizkaia,Santurtzi,43.33853239261721,-3.0546553481486343,0.0,i-DE,30.0,Congested,True
4559,Cantabria,Castro-Urdiales,43.366756941891595,-3.2139268106638332,0.0,i-DE,30.0,Congested,True
4560,Cantabria,Castro-Urdiales,43.35534978282376,-3.1758639592824283,0.0,i-DE,30.0,Congested,True
4561,Cantabria,Guriezo,43.33089153622313,-3.311814951889887,0.0,i-DE,30.0,Congested,True
4562,Cantabria,Castro-Urdiales,43.37336428695133,-3.2203779764432854,0.0,i-DE,30.0,Congested,True
4563,Gipuzkoa,Donostia/San Sebastián,43.301527916621055,-2.0246648835184455,0.0,i-DE,30.0,Congested,True
4565,Gipuzkoa,Villabona,43.181732285492565,-2.049208815544144,0.0,i-DE,30.0,Congested,True
4566,Gipuzkoa,Hernani,43.27093932121455,-1.9637594086865853,0.0,i-DE,30.0,Congested,True
4567,Gipuzkoa,Lasarte-Oria,43.27287849262087,-2.009595054485315,0.0,i-DE,30.0,Congested,True
4568,Gipuzkoa,Usurbil,43.27149776365939,-2.03919811951466,0.0,i-DE,30.0,Congested,True
4569,Gipuzkoa,Aia,43.273082845450375,-2.1273562741591574,0.0,i-DE,30.0,Congested,True
4570,Gipuzkoa,Zarautz,43.27324896107741,-2.1692671678198936,0.0,i-DE,30.0,Congested,True
4572,Gipuzkoa,Zestoa,43.23931994327149,-2.261110878121903,0.0,i-DE,30.0,Congested,True
4573,Gipuzkoa,Azpeitia,43.17852664150536,-2.282299710363215,0.0,i-DE,30.0,Congested,True
4574,Gipuzkoa,Azpeitia,43.17093508493011,-2.255599165180602,0.0,i-DE,30.0,Congested,True
4575,Gipuzkoa,Mendaro,43.25587426446099,-2.3903300302200385,0.0,i-DE,30.0,Congested,True
4576,Gipuzkoa,Elgoibar,43.22626610469849,-2.404534715461677,0.0,i-DE,30.0,Congested,True
4577,Gipuzkoa,Eibar,43.18844378710622,-2.4684940564174287,0.0,i-DE,30.0,Congested,True
4578,Gipuzkoa,Eibar,43.182117093026115,-2.481114580160672,0.0,i-DE,30.0,Congested,True
4579,Gipuzkoa,Soraluze-Placencia de las Armas,43.18201598331736,-2.4259587442281467,0.0,i-DE,30.0,Congested,True
4580,Gipuzkoa,Mutriku,43.30304723881589,-2.3880463422885048,0.0,i-DE,30.0,Congested,True
4581,Gipuzkoa,Deba,43.2907883364099,-2.3640480739968748,0.0,i-DE,30.0,Congested,True
4582,Gipuzkoa,Bidania-Goiatz,43.13922016704709,-2.1569934721302615,0.0,i-DE,30.0,Congested,True
4583,Gipuzkoa,Tolosa,43.12749834063264,-2.074384444611596,0.0,i-DE,30.0,Congested,True
4585,Gipuzkoa,Lazkao,43.03559020842411,-2.1897268986874976,0.0,i-DE,30.0,Congested,True
4587,Gipuzkoa,Legazpi,43.04238446101497,-2.3366439416159728,0.0,i-DE,30.0,Congested,True
4588,Gipuzkoa,Urretxu,43.09232586957641,-2.319263968846208,0.0,i-DE,30.0,Congested,True
4589,Gipuzkoa,Segura,43.00599277682438,-2.2628038731824502,0.0,i-DE,30.0,Congested,True
4590,Gipuzkoa,Alegia,43.09705070066118,-2.096578632020538,0.0,i-DE,30.0,Congested,True
4592,Gipuzkoa,Bergara,43.11100162955935,-2.4163243973712167,0.0,i-DE,30.0,Congested,True
4593,Gipuzkoa,Arrasate/Mondragón,43.06182123432004,-2.499205716875788,0.0,i-DE,30.0,Congested,True
4594,Gipuzkoa,Elgeta,43.13460982564078,-2.488770718645763,0.0,i-DE,30.0,Congested,True
4595,Gipuzkoa,Eskoriatza,43.02387386962766,-2.516148683967361,0.0,i-DE,30.0,Congested,True
4596,Gipuzkoa,Oñati,43.03217022535582,-2.417589515057829,0.0,i-DE,30.0,Congested,True
4597,Navarra,Leitza,43.0892549578289,-1.9219922502381648,0.0,i-DE,30.0,Congested,True
4598,Gipuzkoa,Ezkio-Itsaso,43.08478867760946,-2.2960862186003963,0.0,i-DE,30.0,Congested,True
4599,Navarra,Aoiz/Agoitz,42.782752253625766,-1.3812492681722688,0.0,i-DE,66.0,Congested,True
4600,Gipuzkoa,Lezo,43.32057083639383,-1.8926394191994609,0.0,i-DE,30.0,Congested,True
4601,Gipuzkoa,Oiartzun,43.30390185353216,-1.8787719019697864,0.0,i-DE,30.0,Congested,True
4602,Gipuzkoa,Errenteria,43.308501230542554,-1.9048423147422109,0.0,i-DE,30.0,Congested,True
4603,Gipuzkoa,Donostia/San Sebastián,43.32406818719363,-1.941518543198694,0.0,i-DE,30.0,Congested,True
4604,Gipuzkoa,Donostia/San Sebastián,43.316241534339014,-1.9279386458166452,0.0,i-DE,30.0,Congested,True
4607,Gipuzkoa,Hondarribia,43.36107457905932,-1.7986417477542438,0.0,i-DE,30.0,Congested,True
4608,Navarra,Lesaka,43.27639074731258,-1.7057447306749822,0.0,i-DE,30.0,Congested,True
4609,Navarra,Lesaka,43.24409197342184,-1.7009703920415808,0.0,i-DE,30.0,Congested,True
4610,Navarra,Igantzi,43.229112150746296,-1.675914143762996,0.0,i-DE,30.0,Congested,True
4611,Navarra,Bertizarana,43.13091486370073,-1.6364309005714677,0.0,i-DE,30.0,Congested,True
4612,Navarra,Saldías,43.09438379170896,-1.787098594807542,0.0,i-DE,30.0,Congested,True
4613,Navarra,Oiz,43.1076133622876,-1.6861695809049584,0.0,i-DE,30.0,Congested,True
4614,Navarra,Baztan,43.14843135757255,-1.5237714461951146,0.0,i-DE,30.0,Congested,True
4615,Gipuzkoa,Donostia/San Sebastián,43.315986160714,-1.9729049305183075,0.0,i-DE,30.0,Congested,True
4616,Navarra,Villafranca,42.28843447210839,-1.7390298663913104,1.0,i-DE,66.0,Moderate,True
4617,"Rioja, La",Logroño,42.47472927402679,-2.414598595705405,0.0,i-DE,66.0,Congested,True
4618,"Rioja, La",Logroño,42.45691720951917,-2.4135300700726536,0.0,i-DE,66.0,Congested,True
4619,"Rioja, La",Logroño,42.45687753413057,-2.442271372238135,0.0,i-DE,66.0,Congested,True
4620,"Rioja, La",Logroño,42.49178104307127,-2.4423932806668605,0.0,i-DE,66.0,Congested,True
4621,"Rioja, La",Haro,42.58148787460932,-2.8558388141806557,0.0,i-DE,66.0,Congested,True
4622,"Rioja, La",Santo Domingo de la Calzada,42.44659206678474,-2.9499107200139703,0.0,i-DE,66.0,Congested,True
4623,"Rioja, La",Nájera,42.42491378090011,-2.7212555617243783,0.0,i-DE,66.0,Congested,True
4624,"Rioja, La",Baños de Río Tobía,42.33935278702413,-2.7624253371907233,0.0,i-DE,66.0,Congested,True
4625,Navarra,Viana,42.507245573442624,-2.367573030752263,0.0,i-DE,66.0,Congested,True
4626,"Rioja, La",Cenicero,42.48335765360867,-2.6305734282549538,0.0,i-DE,66.0,Congested,True
4627,"Rioja, La",Viguera,42.29578091529158,-2.562879381430843,0.0,i-DE,66.0,Congested,True
4628,"Rioja, La",Rincón de Soto,42.22921453348902,-1.8590617097946545,0.0,i-DE,66.0,Congested,True
4629,"Rioja, La",Calahorra,42.303091813791994,-1.978394649625553,0.0,i-DE,66.0,Congested,True
4630,"Rioja, La",Arnedo,42.22889588571387,-2.090786338490313,0.0,i-DE,66.0,Congested,True
4631,"Rioja, La",Calahorra,42.3218130562083,-1.9607178637851408,0.0,i-DE,66.0,Congested,True
4632,Navarra,Lodosa,42.426878253211065,-2.0891789819371622,0.0,i-DE,66.0,Congested,True
4633,Navarra,Caparroso,42.342344120282775,-1.6433960779975625,1.0,i-DE,66.0,Moderate,True
4634,Navarra,Carcastillo,42.37122782535624,-1.4427035688443697,1.0,i-DE,66.0,Moderate,True
4635,Navarra,Peralta/Azkoien,42.34200109255118,-1.8105746209763227,1.0,i-DE,66.0,Moderate,True
4636,Navarra,Marcilla,42.33280729948177,-1.7241873876551066,1.0,i-DE,66.0,Moderate,True
4637,"Rioja, La",Alfaro,42.17617423226986,-1.7623678156654166,0.0,i-DE,66.0,Congested,True
4638,Navarra,Cascante,41.99028355976711,-1.6766822558794767,0.0,i-DE,66.0,Congested,True
4639,Navarra,Corella,42.10858022710448,-1.769662281233389,23.0,i-DE,66.0,Sufficient,False
4640,Navarra,Cortes,41.916830694752655,-1.440895402320041,20.0,i-DE,66.0,Sufficient,False
4642,Navarra,Ribaforada,41.98045356383045,-1.521454042057434,12.0,i-DE,66.0,Sufficient,False
4644,Navarra,Tudela,42.05766538171026,-1.6064959269139885,14.4,i-DE,66.0,Sufficient,False
4645,Navarra,Valtierra,42.207752301709114,-1.6613270301790288,0.0,i-DE,66.0,Congested,True
4646,Navarra,Tudela,42.05537394734177,-1.5927904355763822,23.0,i-DE,66.0,Sufficient,False
4650,Araba/Álava,Vitoria-Gasteiz,42.87005669551411,-2.6585650321520795,0.0,i-DE,30.0,Congested,True
4652,Araba/Álava,Agurain/Salvatierra,42.844907259101326,-2.3937585891140527,0.0,i-DE,30.0,Congested,True
4653,Araba/Álava,Iruña Oka/Iruña de Oca,42.817193853961435,-2.787933851849251,0.0,i-DE,30.0,Congested,True
4654,Araba/Álava,Vitoria-Gasteiz,42.82502975080738,-2.6652475962061097,0.0,i-DE,30.0,Congested,True
4655,Araba/Álava,Asparrena,42.87477854813122,-2.313055241713344,0.0,i-DE,30.0,Congested,True
4656,Araba/Álava,Legutio,42.973537913953045,-2.640511250080925,0.0,i-DE,30.0,Congested,True
4657,Araba/Álava,Campezo/Kanpezu,42.67538650492246,-2.38985057378744,0.0,i-DE,30.0,Congested,True
4658,Araba/Álava,Vitoria-Gasteiz,42.84783268969633,-2.656362135081227,0.0,i-DE,30.0,Congested,True
4659,Bizkaia,Otxandio,43.04154748887604,-2.6591637225274387,0.0,i-DE,30.0,Congested,True
4660,Araba/Álava,Zuia,42.96020153321939,-2.874954623431686,0.0,i-DE,30.0,Congested,True
4661,Navarra,Eratsun,43.072482861053786,-1.7906412089719397,0.0,i-DE,30.0,Congested,True
4662,Navarra,Pamplona/Iruña,42.81736152340555,-1.6366594727180803,0.0,i-DE,66.0,Congested,True
4663,Navarra,Pamplona/Iruña,42.808564744361085,-1.6877171058721374,0.0,i-DE,66.0,Congested,True
4664,Navarra,Pamplona/Iruña,42.82679555730409,-1.6733607669256516,0.0,i-DE,66.0,Congested,True
4665,Navarra,Pamplona/Iruña,42.83744457951186,-1.6254438621623604,0.0,i-DE,66.0,Congested,True
4666,Navarra,Pamplona/Iruña,42.797029338145755,-1.6522691428322829,0.0,i-DE,66.0,Congested,True
4667,Navarra,Galar,42.76388630928811,-1.6596291091458415,0.0,i-DE,66.0,Congested,True
4668,Navarra,Irurtzun,42.91360531289354,-1.8283325324674895,0.0,i-DE,66.0,Congested,True
4669,Navarra,Monreal/Elo,42.70594938114789,-1.5033822759144293,0.0,i-DE,66.0,Congested,True
4670,Navarra,Lekunberri,43.003034260546315,-1.910493827189219,0.0,i-DE,66.0,Congested,True
4672,Navarra,Esteribar,42.92396014444352,-1.506007181463337,0.0,i-DE,66.0,Congested,True
4673,Navarra,Ultzama,42.983278036855445,-1.678435437708923,0.0,i-DE,66.0,Congested,True
4675,Navarra,Sangüesa/Zangoza,42.579750395056,-1.2738166555721822,15.41,i-DE,66.0,Sufficient,False
4676,Navarra,Navascués/Nabaskoze,42.75946962467669,-1.1009479148076649,0.0,i-DE,66.0,Congested,True
4677,Navarra,Tafalla,42.527636708460314,-1.6844733490179211,1.0,i-DE,66.0,Moderate,True
4678,Navarra,Mendigorria,42.6250457079354,-1.8362687133915696,1.0,i-DE,66.0,Moderate,True
4679,Navarra,Guesálaz/Gesalatz,42.70435492808548,-1.9417063910774093,0.0,i-DE,66.0,Congested,True
4680,Navarra,Estella-Lizarra,42.66888132673682,-2.0275530415477467,1.0,i-DE,66.0,Moderate,True
4681,Navarra,Murieta,42.65719805547293,-2.1415035239264344,0.0,i-DE,66.0,Congested,True
4683,León,León,42.58898392183126,-5.534045210158127,0.0,i-DE,45.0,Congested,True
4684,León,Villamanín,42.99186154841063,-5.751971718730264,0.0,i-DE,45.0,Congested,True
4685,León,Boñar,42.866461682843045,-5.314823778196529,0.0,i-DE,45.0,Congested,True
4686,León,León,42.596353200751125,-5.578869739854205,0.0,i-DE,45.0,Congested,True
4687,León,Onzonilla,42.53717731212574,-5.57933791707175,0.0,i-DE,45.0,Congested,True
4688,León,Sahagún,42.36743958934737,-5.035085913267388,0.0,i-DE,45.0,Congested,True
4689,León,Crémenes,42.93142747443533,-5.112531691035236,2.4,i-DE,45.0,Moderate,True
4690,León,Santas Martas,42.43699463612926,-5.369800468403451,0.0,i-DE,45.0,Congested,True
4691,León,La Pola de Gordón,42.90305928894785,-5.644840378527473,0.0,i-DE,45.0,Congested,True
4692,León,La Robla,42.80163796999539,-5.612276271571157,0.0,i-DE,45.0,Congested,True
4693,León,Villamanín,42.940441348738155,-5.660881688690433,0.0,i-DE,45.0,Congested,True
4694,León,Villamañán,42.318011181851034,-5.579305933715616,0.0,i-DE,45.0,Congested,True
4695,León,Santa Colomba de Curueño,42.72318852199953,-5.366615577058292,0.0,i-DE,45.0,Congested,True
4696,León,Valderrueda,42.787388214129486,-4.977635087778721,2.4,i-DE,45.0,Moderate,True
4699,León,Valencia de Don Juan,42.277019708042445,-5.516347783156377,0.0,i-DE,45.0,Congested,True
4700,León,León,42.573693317366654,-5.544945839703918,0.0,i-DE,45.0,Congested,True
4701,León,León,42.61296267502907,-5.591629337397792,0.0,i-DE,132.0,Congested,True
4703,Palencia,Guardo,42.786550063491674,-4.862556439290115,2.4,i-DE,45.0,Moderate,True
4704,Palencia,Saldaña,42.522128020302105,-4.733382631447824,2.4,i-DE,45.0,Moderate,True
4705,Palencia,Santibáñez de la Peña,42.80385623372631,-4.73825377055003,2.4,i-DE,45.0,Moderate,True
4706,Zamora,Santibáñez de Tera,42.00532523903497,-5.913096681499398,0.0,i-DE,45.0,Congested,True
4707,Zamora,Villalpando,41.874924424573905,-5.444375204539425,0.0,i-DE,45.0,Congested,True
4709,Navarra,Valle de Yerri/Deierri,42.6682777002785,-1.9559630794556269,1.0,i-DE,66.0,Moderate,True
4710,Navarra,Huarte/Uharte,42.83739432484857,-1.6020533398688133,0.0,i-DE,66.0,Congested,True
4711,Navarra,Lumbier,42.63262157431044,-1.3242069740131552,0.0,i-DE,66.0,Congested,True
4712,"Rioja, La",Agoncillo,42.43950520046079,-2.2874586142670843,0.0,i-DE,66.0,Congested,True
4713,León,Cistierna,42.79601274319166,-5.127107046025929,2.4,i-DE,45.0,Moderate,True
4714,León,Boca de Huérgano,42.9729865788713,-4.928536389487495,2.4,i-DE,45.0,Moderate,True
4715,Valladolid,Valladolid,41.61671118510478,-4.752932076616701,0.0,i-DE,45.0,Congested,True
4716,Valladolid,Valladolid,41.6372907872096,-4.709625992121184,0.0,i-DE,45.0,Congested,True
4717,Valladolid,Valladolid,41.62861869582843,-4.72749443772762,0.0,i-DE,45.0,Congested,True
4718,Valladolid,Valladolid,41.68117081829236,-4.713863842221332,0.0,i-DE,45.0,Congested,True
4719,Valladolid,Valladolid,41.65009496653309,-4.693870132597947,0.0,i-DE,45.0,Congested,True
4720,Valladolid,Valladolid,41.63096915102955,-4.72118110376652,0.0,i-DE,45.0,Congested,True
4721,Valladolid,Valladolid,41.67146104083385,-4.703284517122224,0.0,i-DE,45.0,Congested,True
4722,Valladolid,Valladolid,41.632998011265165,-4.710011670077249,0.0,i-DE,45.0,Congested,True
4723,Valladolid,Valladolid,41.619156921602645,-4.734251972354743,0.0,i-DE,45.0,Congested,True
4724,Valladolid,Valladolid,41.6565528229085,-4.70428109798875,0.0,i-DE,45.0,Congested,True
4725,Palencia,Palencia,42.000948751697464,-4.507353368017431,0.0,i-DE,45.0,Congested,True
4726,Palencia,Palencia,42.02641792181169,-4.552133494307532,0.0,i-DE,45.0,Congested,True
4727,Valladolid,Medina de Rioseco,41.87876564430963,-5.040544054438677,0.0,i-DE,45.0,Congested,True
4728,Valladolid,La Mudarra,41.789358580600016,-4.94297139472954,0.0,i-DE,45.0,Congested,True
4729,Valladolid,Simancas,41.5604076298788,-4.851509086170161,0.0,i-DE,45.0,Congested,True
4730,Valladolid,Cabezón de Pisuerga,41.74213274034623,-4.662711954068595,0.0,i-DE,45.0,Congested,True
4731,Valladolid,Tudela de Duero,41.58180230536546,-4.570888562350079,0.0,i-DE,45.0,Congested,True
4732,Valladolid,Villalón de Campos,42.09908475965068,-5.041555446847535,0.0,i-DE,45.0,Congested,True
4733,Valladolid,Boecillo,41.54113027864287,-4.6845141524751845,0.0,i-DE,45.0,Congested,True
4734,Valladolid,Becilla de Valderaduey,42.096864526552054,-5.207752710312905,0.0,i-DE,45.0,Congested,True
4735,Valladolid,Tordesillas,41.51582523127277,-4.94326562046689,0.0,i-DE,45.0,Congested,True
4736,Valladolid,Pedrosa del Rey,41.51374773122307,-5.206065136818085,0.0,i-DE,45.0,Congested,True
4737,Valladolid,Tordesillas,41.49245570272549,-5.002164392649281,0.0,i-DE,45.0,Congested,True
4738,Valladolid,Mota del Marqués,41.62170031257504,-5.169848660408679,0.0,i-DE,45.0,Congested,True
4739,Palencia,Venta de Baños,41.916282371224305,-4.484922144540795,0.0,i-DE,45.0,Congested,True
4740,Palencia,Fuentes de Nava,42.08365226654315,-4.790021343511026,0.0,i-DE,45.0,Congested,True
4741,Palencia,Becerril de Campos,42.11376932626389,-4.636333783802466,0.0,i-DE,45.0,Congested,True
4742,Palencia,Herrera de Valdecañas,42.067263017145045,-4.220997967337039,0.0,i-DE,45.0,Congested,True
4743,Palencia,Frómista,42.26210280294371,-4.4075003310582135,0.0,i-DE,45.0,Congested,True
4745,Valladolid,Medina del Campo,41.291267574779575,-4.920063334852401,0.0,i-DE,45.0,Congested,True
4746,Valladolid,Matapozuelos,41.410332961869386,-4.77994318922639,0.0,i-DE,45.0,Congested,True
4747,Valladolid,Nava del Rey,41.325605459661176,-5.091037248144117,0.0,i-DE,45.0,Congested,True
4748,Valladolid,Fresno el Viejo,41.20359265320027,-5.140519553193849,0.0,i-DE,45.0,Congested,True
4749,Valladolid,Íscar,41.35685172379936,-4.549457261881212,0.0,i-DE,45.0,Congested,True
4750,Valladolid,Olmedo,41.29158086089733,-4.6833295605350145,0.0,i-DE,45.0,Congested,True
4751,Valladolid,Serrada,41.46209135605442,-4.872220429070797,0.0,i-DE,45.0,Congested,True
4752,Valladolid,Quintanilla de Onésimo,41.62418542369861,-4.370545235972624,0.0,i-DE,45.0,Congested,True
4753,Valladolid,Peñafiel,41.591344700161294,-4.121341565903218,0.0,i-DE,45.0,Congested,True
4754,Valladolid,Villafuerte,41.73676293006701,-4.3323307527225285,0.0,i-DE,45.0,Congested,True
4755,Burgos,Burgos,42.35778811254759,-3.761442332872206,0.0,i-DE,45.0,Congested,True
4756,Burgos,Burgos,42.35266163308116,-3.6530721316021495,0.0,i-DE,45.0,Congested,True
4757,Burgos,Burgos,42.336430100948675,-3.681593330532857,0.0,i-DE,45.0,Congested,True
4758,Burgos,Burgos,42.35281842989008,-3.6952847661806887,0.0,i-DE,45.0,Congested,True
4759,Burgos,Miranda de Ebro,42.6792578608989,-2.933295410850029,0.0,i-DE,30.0,Congested,True
4760,Araba/Álava,Lantarón,42.76752566272906,-3.0486715667128403,0.0,i-DE,30.0,Congested,True
4761,Burgos,Miranda de Ebro,42.69828086361301,-2.972963639923909,0.0,i-DE,30.0,Congested,True
4762,Burgos,Pancorbo,42.62112495646893,-3.100289236611849,0.0,i-DE,45.0,Congested,True
4763,Burgos,Villarcayo de Merindad de Castilla la Vieja,42.93367201495269,-3.577134482782468,0.0,i-DE,45.0,Congested,True
4765,Burgos,Trespaderne,42.79686920399839,-3.3959486963531353,0.0,i-DE,45.0,Congested,True
4767,Burgos,La Vid y Barrios,41.63362709070027,-3.4967861534863824,0.0,i-DE,45.0,Congested,True
4768,Burgos,Aranda de Duero,41.63921670305767,-3.696317056928928,0.0,i-DE,45.0,Congested,True
4769,Burgos,Fuentecén,41.630210699894974,-3.8611380887748448,0.0,i-DE,45.0,Congested,True
4770,Burgos,Oquillas,41.82700641240926,-3.70764346300925,0.0,i-DE,45.0,Congested,True
4771,Burgos,Villafranca Montes de Oca,42.39357188250147,-3.304552617215965,0.0,i-DE,45.0,Congested,True
4772,Burgos,Quintanapalla,42.41077856682035,-3.5311301830099757,0.0,i-DE,45.0,Congested,True
4773,Burgos,Briviesca,42.55662118740683,-3.327917332851681,0.0,i-DE,45.0,Congested,True
4774,Burgos,Briviesca,42.56131452639195,-3.317740497443925,0.0,i-DE,45.0,Congested,True
4775,Burgos,Cerezo de Río Tirón,42.48900609892853,-3.148312218880267,0.0,i-DE,45.0,Congested,True
4776,Burgos,Villaquirán de los Infantes,42.21753125896995,-4.002154204607795,0.0,i-DE,45.0,Congested,True
4777,Burgos,Sarracín,42.24822959751562,-3.703091976532715,0.0,i-DE,45.0,Congested,True
4778,Burgos,Lerma,42.016468659973704,-3.7482388704988487,0.0,i-DE,45.0,Congested,True
4779,Burgos,Salas de los Infantes,42.01818108993387,-3.276485799273697,0.0,i-DE,45.0,Congested,True
4780,Burgos,Quintanar de la Sierra,41.97210532837983,-3.0412931773400076,0.0,i-DE,45.0,Congested,True
4781,Burgos,Regumiel de la Sierra,41.951241914652826,-2.9934846732930143,0.0,i-DE,45.0,Congested,True
4782,Burgos,Ibeas de Juarros,42.33094288838144,-3.528891060826191,0.0,i-DE,45.0,Congested,True
4783,Burgos,Valle de Sedano,42.70889879738779,-3.73244152843296,0.0,i-DE,45.0,Congested,True
4784,Burgos,Merindad de Río Ubierna,42.49169719354611,-3.7010020985468017,0.0,i-DE,45.0,Congested,True
4785,Soria,Soria,41.772972580116175,-2.4465243469795026,0.0,i-DE,45.0,Congested,True
4786,Soria,Burgo de Osma-Ciudad de Osma,41.58675650984852,-3.0549602814722645,0.0,i-DE,45.0,Congested,True
4787,Soria,San Esteban de Gormaz,41.57611712434721,-3.2117658539011966,0.0,i-DE,45.0,Congested,True
4788,Soria,Langa de Duero,41.60675669917938,-3.390825040196166,0.0,i-DE,45.0,Congested,True
4789,Soria,Berlanga de Duero,41.474641908713714,-2.8607094404017492,0.0,i-DE,45.0,Congested,True
4790,Soria,Molinos de Duero,41.88360593783606,-2.785146746181295,0.0,i-DE,45.0,Congested,True
4791,Soria,Vinuesa,41.90358695743018,-2.766476732089331,0.0,i-DE,45.0,Congested,True
4792,Soria,Covaleda,41.942820272217894,-2.891677384103622,0.0,i-DE,45.0,Congested,True
4793,Soria,Duruelo de la Sierra,41.95138398030334,-2.9214571031961123,0.0,i-DE,45.0,Congested,True
4794,Soria,Navaleno,41.83622109010489,-3.001341544828675,0.0,i-DE,45.0,Congested,True
4795,Soria,San Leonardo de Yagüe,41.82140266890357,-3.071187518586451,0.0,i-DE,45.0,Congested,True
4796,Segovia,Villacastín,40.68944810886948,-4.427328801317199,0.0,i-DE,45.0,Congested,True
4797,Ávila,Gotarrendura,40.82633509685677,-4.734816224967168,0.0,i-DE,45.0,Congested,True
4798,Ávila,Muñana,40.5792991495177,-5.010682356959142,0.0,i-DE,45.0,Congested,True
4799,Ávila,Navalperal de Pinares,40.593364651086105,-4.413823703274734,0.0,i-DE,45.0,Congested,True
4800,Ávila,Maello,40.858062512923205,-4.554941431281724,0.0,i-DE,45.0,Congested,True
4801,Ávila,Arévalo,41.051870208627584,-4.709016168634453,0.0,i-DE,45.0,Congested,True
4802,Ávila,Fontiveros,40.931870200410685,-4.970404437997355,0.0,i-DE,45.0,Congested,True
4803,Ávila,Madrigal de las Altas Torres,41.08405737903057,-4.9985212995162875,0.0,i-DE,45.0,Congested,True
4804,Ávila,Arenas de San Pedro,40.178433438319175,-5.0382626482262145,0.0,i-DE,45.0,Congested,True
4805,Ávila,Candeleda,40.15099762754745,-5.237395216352548,0.0,i-DE,45.0,Congested,True
4806,Ávila,El Barco de Ávila,40.36116416361899,-5.523822664033256,0.0,i-DE,45.0,Congested,True
4807,Ávila,Piedrahíta,40.45792655635723,-5.323369959825129,0.0,i-DE,45.0,Congested,True
4808,Salamanca,Villaseco de los Reyes,41.12018127403104,-6.078504283644177,0.0,i-DE,45.0,Congested,True
4809,Salamanca,Salamanca,40.94462504087302,-5.660988898282319,0.0,i-DE,45.0,Congested,True
4810,Salamanca,Salamanca,40.959629069220625,-5.647869547299777,0.0,i-DE,45.0,Congested,True
4811,Salamanca,Béjar,40.389175383903115,-5.753694516472602,0.0,i-DE,45.0,Congested,True
4812,Salamanca,Guijuelo,40.55681742510786,-5.650183794948864,0.0,i-DE,45.0,Congested,True
4813,Salamanca,Cespedosa de Tormes,40.54717342830936,-5.578339596133204,0.0,i-DE,45.0,Congested,True
4814,Salamanca,Mogarraz,40.502139785094634,-6.044526061104012,0.0,i-DE,45.0,Congested,True
4815,Salamanca,Béjar,40.393043267727485,-5.778710489444068,0.0,i-DE,45.0,Congested,True
4816,Salamanca,Ciudad Rodrigo,40.59924392474312,-6.518465136642159,0.0,i-DE,45.0,Congested,True
4817,Salamanca,Espeja,40.58990876363377,-6.704492529023968,0.0,i-DE,45.0,Congested,True
4818,Salamanca,Vitigudino,41.010831092677826,-6.453009212751793,0.0,i-DE,45.0,Congested,True
4819,Salamanca,Lumbrales,40.92686218218813,-6.716145043908786,0.0,i-DE,45.0,Congested,True
4820,Salamanca,Barruecopardo,41.07746069027808,-6.667070874532569,0.0,i-DE,45.0,Congested,True
4821,Salamanca,Almenara de Tormes,41.064214855474134,-5.819217032642204,0.0,i-DE,45.0,Congested,True
4822,Salamanca,Pedrosillo el Ralo,41.05853452096024,-5.549026607488509,0.0,i-DE,45.0,Congested,True
4823,Salamanca,Zorita de la Frontera,41.010748413596914,-5.196881538149593,0.0,i-DE,45.0,Congested,True
4824,Salamanca,Peñaranda de Bracamonte,40.899920232134406,-5.211275883393024,0.0,i-DE,45.0,Congested,True
4825,Salamanca,Coca de Alba,40.87284842534728,-5.370235669889491,0.0,i-DE,45.0,Congested,True
4826,Salamanca,Alba de Tormes,40.816557324110896,-5.512611136630227,0.0,i-DE,45.0,Congested,True
4827,Salamanca,Sieteiglesias de Tormes,40.74896302966881,-5.566196762847888,0.0,i-DE,45.0,Congested,True
4828,Salamanca,Galindo y Perahuy,40.930968464027266,-5.8034268362594945,0.0,i-DE,45.0,Congested,True
4829,Salamanca,Robliza de Cojos,40.87462859275602,-5.978590208053995,0.0,i-DE,45.0,Congested,True
4830,Salamanca,La Fuente de San Esteban,40.788402205262,-6.240643819403844,0.0,i-DE,45.0,Congested,True
4831,Salamanca,Arabayona de Mógica,41.05329541592856,-5.38904908504559,0.0,i-DE,45.0,Congested,True
4832,Salamanca,Castellanos de Villiquera,41.06301037663568,-5.687024116536119,0.0,i-DE,45.0,Congested,True
4833,Zamora,Zamora,41.50124176313322,-5.752066631707296,0.0,i-DE,45.0,Congested,True
4834,Zamora,Zamora,41.51866085144076,-5.73077370801871,0.0,i-DE,45.0,Congested,True
4835,Zamora,Zamora,41.48865007436646,-5.748730021223478,0.0,i-DE,45.0,Congested,True
4837,Zamora,Coreses,41.524188501547066,-5.610087247367015,0.0,i-DE,45.0,Congested,True
4838,Zamora,Pereruela,41.47050544934932,-5.880518127247599,2.4,i-DE,45.0,Moderate,True
4839,Zamora,Villar del Buey,41.32081894364064,-6.299443886660266,0.0,i-DE,45.0,Congested,True
4840,Zamora,Muelas del Pan,41.52506777897574,-5.985641567809166,14.25,i-DE,45.0,Sufficient,False
4841,Zamora,Fonfría,41.57723075463433,-6.188284152976861,0.0,i-DE,45.0,Congested,True
4842,Zamora,Corrales del Vino,41.366699064638865,-5.727342537541622,0.0,i-DE,45.0,Congested,True
4843,Zamora,Losacio,41.71451701937337,-6.0426871067547205,0.0,i-DE,45.0,Congested,True
4844,Zamora,Toro,41.52818700270634,-5.394137192715329,0.0,i-DE,45.0,Congested,True
4846,Badajoz,Alburquerque,39.23213087513779,-6.998264571156745,0.0,i-DE,45.0,Congested,True
4847,Cáceres,Aliseda,39.4268581961535,-6.702076552549016,0.0,i-DE,45.0,Congested,True
4849,Cáceres,Santibáñez el Alto,40.12535831769733,-6.579717332636295,0.0,i-DE,45.0,Congested,True
4850,Cáceres,Caminomorisco,40.32473282764468,-6.29125852859082,0.0,i-DE,45.0,Congested,True
4852,Cáceres,Casar de Cáceres,39.55307134924727,-6.433477309339482,0.0,i-DE,45.0,Congested,True
4853,Cáceres,Coria,39.97973462077289,-6.539309114944088,0.0,i-DE,45.0,Congested,True
4854,Cáceres,Galisteo,39.96565868549438,-6.279668359211428,0.0,i-DE,45.0,Congested,True
4855,Cáceres,Jaraicejo,39.65980736677209,-5.816563974190043,0.0,i-DE,45.0,Congested,True
4857,Cáceres,Membrío,39.52108114554199,-7.048912410170006,4.0,i-DE,45.0,Moderate,True
4858,Cáceres,Montehermoso,40.09231532116371,-6.3617174245851285,0.0,i-DE,45.0,Congested,True
4859,Cáceres,Moraleja,40.06971050864972,-6.669388714648992,0.0,i-DE,45.0,Congested,True
4860,Cáceres,Malpartida de Plasencia,39.95327513619073,-5.9065268751057705,6.0,i-DE,45.0,Sufficient,False
4861,Cáceres,Plasencia,40.001468765675014,-6.115321744902379,0.0,i-DE,45.0,Congested,True
4862,Cáceres,Talayuela,40.02206200258831,-5.616527152918454,4.0,i-DE,45.0,Moderate,True
4863,Cáceres,Puerto de Santa Cruz,39.32501191872599,-5.858833532890392,0.0,i-DE,45.0,Congested,True
4864,Cáceres,Losar de la Vera,40.07963021948814,-5.536642126970901,0.0,i-DE,45.0,Congested,True
4866,Cáceres,Torre de Santa María,39.26060234893094,-6.104376843589974,0.0,i-DE,45.0,Congested,True
4867,Cáceres,Valencia de Alcántara,39.416687008404246,-7.227393224940037,0.0,i-DE,45.0,Congested,True
4868,Badajoz,Castuera,38.72998752797355,-5.538361324406974,0.0,i-DE,45.0,Congested,True
4869,Cáceres,Cañamero,39.37354969994583,-5.392627240410861,0.0,i-DE,45.0,Congested,True
4870,Badajoz,Don Benito,38.96448757121914,-5.871015549056686,0.0,i-DE,45.0,Congested,True
4871,Cáceres,Logrosán,39.33155615492518,-5.482645485232042,0.0,i-DE,45.0,Congested,True
4872,Cáceres,Madrigalejo,39.13488226819128,-5.617784830260886,0.0,i-DE,45.0,Congested,True
4873,Badajoz,Medellín,38.95570828712028,-5.96381170988485,0.0,i-DE,45.0,Congested,True
4874,Cáceres,Escurial,39.16015062478788,-5.894709028185601,0.0,i-DE,45.0,Congested,True
4875,Badajoz,Santa Amalia,39.009512123232845,-6.0041591033180515,0.0,i-DE,45.0,Congested,True
4876,Badajoz,Talarrubias,39.043477830002885,-5.229908305603507,0.0,i-DE,45.0,Congested,True
4877,Badajoz,Valdecaballeros,39.25212526782937,-5.189330097293048,4.0,i-DE,45.0,Moderate,True
4878,Badajoz,Valdetorres,38.91864090805097,-6.083359057388696,0.0,i-DE,132.0,Congested,True
4879,Badajoz,Villanueva de la Serena,38.969116121751306,-5.775788131418839,0.0,i-DE,45.0,Congested,True
4880,Madrid,Leganés,40.32576150890521,-3.77723213102995,0.0,i-DE,45.0,Congested,True
4881,Madrid,Leganés,40.323847837844454,-3.757131724055202,0.0,i-DE,45.0,Congested,True
4882,Madrid,Leganés,40.34009219681771,-3.739094300298032,0.0,i-DE,45.0,Congested,True
4884,Madrid,Leganés,40.34002138142881,-3.7551201572496424,0.0,i-DE,45.0,Congested,True
4885,Madrid,Alcorcón,40.340032079946525,-3.802796518618214,0.0,i-DE,45.0,Congested,True
4887,Madrid,Alcorcón,40.34310360324329,-3.803856989909495,0.0,i-DE,45.0,Congested,True
4888,Madrid,Madrid,40.36627599516961,-3.766417418330622,0.0,i-DE,45.0,Congested,True
4890,Madrid,Alcorcón,40.35772740184616,-3.8041484504873937,0.0,i-DE,45.0,Congested,True
4894,Madrid,Batres,40.24434747623545,-3.9480687381610946,0.0,i-DE,45.0,Congested,True
4895,Madrid,Humanes de Madrid,40.23808583965645,-3.8387539997201183,0.0,i-DE,45.0,Congested,True
4899,Madrid,Fuenlabrada,40.297903464014574,-3.799692127179428,0.0,i-DE,45.0,Congested,True
4900,Madrid,Navalcarnero,40.29084734697757,-3.9460004206876063,0.0,i-DE,45.0,Congested,True
4903,Madrid,Móstoles,40.310176695097816,-3.8864445024623793,0.0,i-DE,45.0,Congested,True
4904,Madrid,Navalcarnero,40.30298193736273,-4.008325332514689,0.0,i-DE,45.0,Congested,True
4905,Madrid,Móstoles,40.30667484458913,-3.8759794294525673,0.0,i-DE,45.0,Congested,True
4906,Madrid,Móstoles,40.318443241475734,-3.8663845033118993,0.0,i-DE,45.0,Congested,True
4907,Madrid,Móstoles,40.32008973008877,-3.847367607340886,0.0,i-DE,45.0,Congested,True
4908,Madrid,Móstoles,40.32755959725651,-3.8511755189664023,0.0,i-DE,45.0,Congested,True
4909,Madrid,Aldea del Fresno,40.325327581988304,-4.204836220280087,0.0,i-DE,45.0,Congested,True
4910,Madrid,Leganés,40.34477519470611,-3.723929038841907,0.0,i-DE,45.0,Congested,True
4912,Madrid,Getafe,40.311261836283414,-3.743614368876617,0.0,i-DE,45.0,Congested,True
4913,Madrid,Getafe,40.31252710899503,-3.713715509228232,0.0,i-DE,45.0,Congested,True
4916,Madrid,Getafe,40.305558738854565,-3.748225849583481,0.0,i-DE,15.0,Congested,True
4918,Madrid,Getafe,40.30409454832066,-3.692962902895738,0.0,i-DE,45.0,Congested,True
4919,Madrid,Getafe,40.29598080123189,-3.702106216699195,0.0,i-DE,45.0,Congested,True
4920,Madrid,Getafe,40.28789146387948,-3.7566885025246406,0.0,i-DE,45.0,Congested,True
4921,Madrid,Fuenlabrada,40.2608843166093,-3.748939281758016,0.0,i-DE,45.0,Congested,True
4922,Madrid,Fuenlabrada,40.26207951666195,-3.7679695092112393,0.0,i-DE,45.0,Congested,True
4923,Madrid,Pinto,40.24516858237986,-3.7194070091844385,0.0,i-DE,45.0,Congested,True
4924,Madrid,Pinto,40.25300203442104,-3.709277494617566,0.0,i-DE,45.0,Congested,True
4925,Madrid,Parla,40.23315680137159,-3.7617498428359033,0.0,i-DE,45.0,Congested,True
4926,Madrid,Parla,40.22292514614329,-3.776663510488039,0.0,i-DE,45.0,Congested,True
4928,Zamora,La Bóveda de Toro,41.35044251435288,-5.411951221618872,0.0,i-DE,45.0,Congested,True
4931,Cáceres,Cáceres,39.45376281454005,-6.393838894825112,0.0,i-DE,45.0,Congested,True
4932,Cáceres,Cáceres,39.473629843810606,-6.377725755582584,0.0,i-DE,45.0,Congested,True
4934,Madrid,Alcorcón,40.33181949499471,-3.816461264486963,0.0,i-DE,45.0,Congested,True
4936,Madrid,Alcorcón,40.35289539519019,-3.824299714159452,0.0,i-DE,45.0,Congested,True
4937,Ávila,Casavieja,40.266824966287814,-4.761338768899699,0.0,i-DE,45.0,Congested,True
4938,Ávila,San Martín del Pimpollar,40.37636418971924,-5.051421053872437,0.0,i-DE,45.0,Congested,True
4939,Salamanca,Narros de Matalayegua,40.6669062459064,-5.897296445865489,0.0,i-DE,45.0,Congested,True
4940,Salamanca,El Bodón,40.44517632159444,-6.589809209529924,0.0,i-DE,45.0,Congested,True
4941,Salamanca,Nava de Béjar,40.48672916145853,-5.676015606080019,0.0,i-DE,45.0,Congested,True
4942,Burgos,Burgos,42.36180804419021,-3.67380084651604,0.0,i-DE,45.0,Congested,True
4945,León,San Andrés del Rabanedo,42.59710282697068,-5.631789600458822,0.0,i-DE,45.0,Congested,True
4946,León,Santovenia de la Valdoncina,42.56447057149909,-5.585104783030761,0.0,i-DE,45.0,Congested,True
4947,León,León,42.616553613235915,-5.557089099603423,0.0,i-DE,45.0,Congested,True
4948,León,Garrafe de Torío,42.73010695807972,-5.611334098080604,0.0,i-DE,45.0,Congested,True
4949,León,León,42.57520911902195,-5.597486010079036,0.0,i-DE,45.0,Congested,True
4950,León,Villaquejida,42.139493119439045,-5.600403138551314,0.0,i-DE,45.0,Congested,True
4951,Palencia,Ampudia,41.919859078829006,-4.772854182749234,0.0,i-DE,45.0,Congested,True
4952,Valladolid,Ataquines,41.195330313434305,-4.8235655841633625,0.0,i-DE,45.0,Congested,True
4953,Valladolid,Montemayor de Pililla,41.50722750866817,-4.469084098696942,0.0,i-DE,45.0,Congested,True
4954,Palencia,Villada,42.24885458146307,-4.957020171732387,0.0,i-DE,45.0,Congested,True
4955,Valladolid,Villardefrades,41.71743095067206,-5.259138256712482,0.0,i-DE,45.0,Congested,True
4956,Zamora,Fuentesaúco,41.23955520327849,-5.489578871400159,0.0,i-DE,45.0,Congested,True
4957,Zamora,Benavente,41.98902166728093,-5.6811803341824625,0.0,i-DE,45.0,Congested,True
4959,Navarra,Huarte/Uharte,42.82225822444086,-1.60365740506309,0.0,i-DE,66.0,Congested,True
4960,Navarra,Pamplona/Iruña,42.81555169387462,-1.670942569279352,0.0,i-DE,66.0,Congested,True
4961,Madrid,San Martín de Valdeiglesias,40.335529251960054,-4.3718877062000985,0.0,i-DE,45.0,Congested,True
4964,Gipuzkoa,Deba,43.27743060226382,-2.3390179451136155,0.0,i-DE,30.0,Congested,True
4965,Gipuzkoa,Azkoitia,43.18337412257512,-2.315550559635136,0.0,i-DE,30.0,Congested,True
4969,Burgos,Valle de Mena,43.09281157988351,-3.2921643381723915,0.0,i-DE,30.0,Congested,True
4972,Araba/Álava,Laudio/Llodio,43.13750644517469,-2.970220121780498,0.0,i-DE,30.0,Congested,True
4976,"Rioja, La",Casalarreina,42.54009138312889,-2.909619050475529,0.0,i-DE,66.0,Congested,True
4977,"Rioja, La",Pradejón,42.32194110167542,-2.0367931193936784,0.0,i-DE,66.0,Congested,True
4979,Valladolid,Valladolid,41.6135635190809,-4.768785018179976,0.0,i-DE,45.0,Congested,True
4985,Araba/Álava,Laguardia,42.55494377178511,-2.594891242984595,0.0,i-DE,66.0,Congested,True
4986,Madrid,Valdemorillo,40.50725375897228,-4.073838615677599,0.0,i-DE,66.0,Congested,True
5001,Toledo,Burguillos de Toledo,39.80970871848053,-4.0046866672812085,0.0,i-DE,45.0,Congested,True
5003,Salamanca,Doñinos de Salamanca,40.96924674877929,-5.731077653669528,0.0,i-DE,45.0,Congested,True
5005,Cuenca,Tarancón,39.97587510044709,-2.968023987633683,0.0,i-DE,66.0,Congested,True
5008,Valencia/València,Vilamarxant,39.60485611340952,-0.6785331929783808,0.0,i-DE,66.0,Congested,True
5009,Valencia/València,Bugarra,39.60536184947548,-0.7836682451263909,0.0,i-DE,66.0,Congested,True
5011,Valencia/València,Chulilla,39.63607131682714,-0.8770311729592173,0.0,i-DE,66.0,Congested,True
5012,Castellón/Castelló,Ribesalbes,40.017184111292785,-0.2782833791388326,0.0,i-DE,66.0,Congested,True
5013,Castellón/Castelló,Onda,39.99781661157616,-0.2307116164335932,0.0,i-DE,66.0,Congested,True
5014,Castellón/Castelló,Puebla de Arenoso,40.11849521634566,-0.6088839795322916,0.0,i-DE,66.0,Congested,True
5015,Teruel,Olba,40.129570325236664,-0.6530438300626025,0.0,i-DE,66.0,Congested,True
5016,"Rioja, La",Logroño,42.47973901694397,-2.4608668071040376,0.0,i-DE,66.0,Congested,True
5021,Soria,Burgo de Osma-Ciudad de Osma,41.55615005350874,-3.085495453895645,0.0,i-DE,45.0,Congested,True
5022,Cáceres,Jaraíz de la Vera,40.05479301615848,-5.756325118052082,6.0,i-DE,45.0,Sufficient,False
5023,Toledo,Calzada de Oropesa,39.89411308641944,-5.324598050461768,0.0,i-DE,45.0,Congested,True
5043,Navarra,Valle de Elorz/Elortzibar,42.72296747020391,-1.6033507472754909,0.0,i-DE,66.0,Congested,True
5044,Navarra,Aranguren,42.77409961510039,-1.6294695970137292,0.0,i-DE,66.0,Congested,True
5080,Albacete,Casas de Ves,39.20482721802768,-1.3422148829496237,0.0,i-DE,66.0,Congested,True
5086,Albacete,Jorquera,39.15866608787702,-1.6188161398314502,0.0,i-DE,66.0,Congested,True
5088,Albacete,Liétor,38.54361897826129,-2.0287426358447656,0.0,i-DE,66.0,Congested,True
5093,Cáceres,Cáceres,39.48518562062543,-6.422153916840292,0.0,i-DE,45.0,Congested,True
5094,Badajoz,Benquerencia de la Serena,38.666124089013834,-5.36377441741928,0.0,i-DE,45.0,Congested,True
5095,Badajoz,Don Benito,38.96107597960023,-5.827702330575196,0.0,i-DE,45.0,Congested,True
5096,Cáceres,Plasencia,40.04690856040279,-6.084760752122292,0.0,i-DE,45.0,Congested,True
5100,Cáceres,Madrigal de la Vera,40.13540271253103,-5.365388902660788,0.0,i-DE,45.0,Congested,True
5103,Badajoz,Siruela,38.97954575655185,-5.068298527864719,0.0,i-DE,45.0,Congested,True
5109,Madrid,Getafe,40.27436285334844,-3.703729260863824,0.0,i-DE,45.0,Congested,True
5111,Madrid,Fuenlabrada,40.29064358004814,-3.840211857729058,0.0,i-DE,45.0,Congested,True
5114,Madrid,Alcorcón,40.35296828156441,-3.8403481520640432,0.0,i-DE,45.0,Congested,True
5123,Valencia/València,Benagéber,39.72596501523626,-1.0991513785054638,0.0,i-DE,66.0,Congested,True
5124,Valencia/València,Domeño,39.70427944955554,-0.9477956434537274,0.0,i-DE,66.0,Congested,True
5125,Murcia,Archena,38.11551675654097,-1.2931255750835036,0.0,i-DE,132.0,Congested,True
5135,"Rioja, La",Ezcaray,42.3126256332607,-3.013011625076454,0.0,i-DE,66.0,Congested,True
5139,Navarra,Pamplona/Iruña,42.799886615655936,-1.6252996572132214,0.0,i-DE,66.0,Congested,True
5140,Navarra,Milagro,42.251336876229274,-1.7837370855558996,0.0,i-DE,66.0,Congested,True
5141,Navarra,Pamplona/Iruña,42.83263581187563,-1.6531777885923706,0.0,i-DE,66.0,Congested,True
5142,Navarra,Tudela,42.07598893709062,-1.6517018098148109,0.0,i-DE,66.0,Congested,True
5158,Salamanca,Calvarrasa de Arriba,40.89957329780171,-5.593577738011441,0.0,i-DE,45.0,Congested,True
5169,Valencia/València,Gestalgar,39.60467206527584,-0.795545156567598,0.0,i-DE,66.0,Congested,True
5217,"Rioja, La",Mansilla de la Sierra,42.159326254941654,-2.9116214616879423,0.0,i-DE,66.0,Congested,True
5222,"Rioja, La",Villamediana de Iregua,42.43222288070362,-2.420171480590986,0.0,i-DE,66.0,Congested,True
5230,Navarra,Aribe,42.94255427092448,-1.265389863635637,0.0,i-DE,66.0,Congested,True
5237,Badajoz,Villanueva de la Serena,39.04313310722858,-5.694599757135502,0.0,i-DE,45.0,Congested,True
5238,Albacete,Caudete,38.713771150220786,-0.9587826387629894,0.0,i-DE,66.0,Congested,True
5240,Madrid,Moralzarzal,40.702856202696545,-3.952987645250316,0.0,i-DE,66.0,Congested,True
5241,Murcia,Bullas,38.05188867546099,-1.6920750789760028,4.44,i-DE,66.0,Moderate,True
5242,Murcia,Fuente Álamo de Murcia,37.706454301851714,-1.1867324714481833,0.0,i-DE,66.0,Congested,True
5248,Zamora,Zamora,41.52096511691668,-5.759390382784519,19.0,i-DE,45.0,Sufficient,False
5250,Ávila,Ávila,40.66707146392603,-4.6834554169740725,0.0,i-DE,45.0,Congested,True
5260,Murcia,Santomera,38.085327145141875,-1.0568272120748436,0.0,i-DE,66.0,Congested,True
5284,Madrid,Torrejón de la Calzada,40.18906183777074,-3.8035777245904674,0.0,i-DE,45.0,Congested,True
5285,Valencia/València,Requena,39.48500499975982,-1.143395902187836,0.0,i-DE,66.0,Congested,True
5301,Gipuzkoa,Zumaia,43.28344389358002,-2.255666122887226,0.0,i-DE,30.0,Congested,True
5307,Valencia/València,Vallada,38.90837739329406,-0.6930890367775893,7.78,i-DE,66.0,Sufficient,False
5309,Madrid,Valdemoro,40.19629188052525,-3.69272421289937,0.0,i-DE,45.0,Congested,True
5310,Madrid,Madrid,40.38294882850814,-3.746459814938218,0.0,i-DE,45.0,Congested,True
5499,Murcia,Pliego,37.95517722357984,-1.482737923011926,0.0,i-DE,66.0,Congested,True
5977,Navarra,Tafalla,42.53517445871942,-1.7560695067434702,1.0,i-DE,66.0,Moderate,True
7108,Albacete,Albacete,38.75656897179713,-1.757098657623786,0.0,i-DE,66.0,Congested,True
7133,Salamanca,Pedrosillo de los Aires,40.68182426850547,-5.626666920717416,0.0,i-DE,132.0,Congested,True
7146,Guadalajara,Cabanillas del Campo,40.61196480672336,-3.244213776297697,0.0,i-DE,132.0,Congested,True
7193,León,El Burgo Ranero,42.471820726223974,-5.203851428167261,0.0,i-DE,132.0,Congested,True
7202,Valencia/València,la Font de la Figuera,38.82355238461914,-0.8948541878886151,12.99,i-DE,66.0,Sufficient,False
7209,Murcia,Jumilla,38.368817618021055,-1.2695841107522172,0.0,i-DE,132.0,Congested,True
7210,Ávila,Nava de Arévalo,40.98988019771028,-4.8193537945157345,0.0,i-DE,45.0,Congested,True
7287,Murcia,Murcia,37.8427606924398,-1.1448511534748966,0.0,i-DE,132.0,Congested,True
8487,Navarra,Mendavia,42.46850885972311,-2.2761735094158495,0.0,i-DE,66.0,Congested,True
9312,"Rioja, La",Bañares,42.468738338038406,-2.931002159058446,0.0,i-DE,66.0,Congested,True
9665,Navarra,Murchante,42.058555219332405,-1.6794715099919086,27.0,i-DE,66.0,Sufficient,False
9670,Navarra,Villafranca,42.26584698668163,-1.68484590062852,0.0,i-DE,66.0,Congested,True
9675,Navarra,Olite/Erriberri,42.42578026337463,-1.6456334621674436,1.0,i-DE,66.0,Moderate,True
9678,Navarra,Tudela,42.08120271326037,-1.6529318519496696,0.0,i-DE,66.0,Congested,True
9680,Navarra,Castejón,42.14165814867531,-1.6782246949910944,0.0,i-DE,66.0,Congested,True
9693,Navarra,Valtierra,42.206935187306215,-1.6617515643340113,0.0,i-DE,66.0,Congested,True
9749,Navarra,Torres del Río,42.547246613544,-2.2738762836081743,0.0,i-DE,66.0,Congested,True
9764,Navarra,Puente la Reina/Gares,42.6821633624043,-1.8138558142920365,0.0,i-DE,66.0,Congested,True
9780,Navarra,Fontellas,42.0154695697208,-1.567776249438727,15.3,i-DE,66.0,Sufficient,False
ABADESSES,Girona,17167,42.2380355386462,2.2895460228807134,6.44,Endesa,45.0,Sufficient,False
ABDALAJI,Málaga,29012,36.90097207105265,-4.723436096065102,0.0,Endesa,66.0,Congested,True
ABELLO,Cádiz,11020,36.72201054585094,-6.08516050029221,0.0,Endesa,66.0,Congested,True
ABIERTAS,Cádiz,11020,36.69859810046387,-6.096754380911641,0.0,Endesa,66.0,Congested,True
ABRERA,Barcelona,8001,41.50766082854466,1.8944960990296065,66.91,Endesa,25.0,Sufficient,False
ACCITANA,Granada,18089,37.33117809481311,-3.0894169369010833,0.0,Endesa,66.0,Congested,True
ACTUR,Zaragoza,50297,41.66849322903902,-0.8882668541453232,0.0,Endesa,45.0,Congested,True
ADRALL,Lleida,25185,42.323840047942454,1.396039061729536,0.0,Endesa,110.0,Congested,True
AEROP-HU,Huesca,22015,42.08406699518988,-0.3213788191489375,0.0,Endesa,45.0,Congested,True
AEROPORT,Barcelona,8169,41.3148305500978,2.1035536794598726,55.34,Endesa,25.0,Sufficient,False
AEROPUER,Sevilla,41081,37.44051034505189,-5.885803256935693,0.0,Endesa,132.0,Congested,True
AGREDA,Soria,42004,41.84707750068191,-1.9213087033929104,0.0,Endesa,45.0,Congested,True
AGRIBETI,Sevilla,41018,37.54084004082365,-5.884976492107171,0.0,Endesa,66.0,Congested,True
AGROALIM,Cádiz,11020,36.72922828619642,-6.090312381530509,0.0,Endesa,66.0,Congested,True
AGUADULC,Almería,4079,36.8135306945307,-2.598941179120505,0.0,Endesa,66.0,Congested,True
AGUILA,Sevilla,41004,37.337181938819086,-5.8230228814541345,0.0,Endesa,132.0,Congested,True
AGUILAR_P,Palencia,Aguilar de Campoo,42.783671876937056,-4.254044440455265,2.0,Viesgo,30.0,Moderate,True
AGUSTI,"Balears, Illes",7040,39.5536668917649,-3.4066205702538457,2.55,Endesa,15.0,Moderate,True
ALAMILLO,Sevilla,41091,37.41068692553544,-5.997595484183864,0.0,Endesa,66.0,Congested,True
ALBALATE,Teruel,44008,41.12186132095388,-0.5163428276943399,0.0,Endesa,45.0,Congested,True
ALBATARREC,Lleida,25007,41.57739767136311,0.6223192180269719,2.33,Endesa,25.0,Moderate,True
ALBOX,Almería,4006,37.367600420041505,-2.1427581196125174,0.0,Endesa,66.0,Congested,True
ALCAGUAD,Sevilla,41004,37.357048150398725,-5.872173006065061,0.0,Endesa,132.0,Congested,True
ALCAIDES,Cádiz,11033,36.24221015905005,-5.3370155258279794,0.0,Endesa,66.0,Congested,True
ALCALRIO,Sevilla,41005,37.51738668111777,-5.974664670733236,0.0,Endesa,66.0,Congested,True
ALCANAR,Tarragona,43004,40.56190825078332,0.514831731190505,0.0,Endesa,110.0,Congested,True
ALCAUDET,Jaén,23003,37.57475029019264,-4.082065551793227,0.0,Endesa,132.0,Congested,True
ALCA_SELVA,Teruel,44012,40.37193871361332,-0.6958125457352718,0.0,Endesa,45.0,Congested,True
ALCAÑIZ,Teruel,44013,41.068797008623406,-0.1529408231558128,0.0,Endesa,132.0,Congested,True
ALCOLEA,Almería,4007,36.969459339797986,-2.9634034389203037,0.0,Endesa,66.0,Congested,True
ALCOLRIO,Sevilla,41006,37.62202203088854,-5.670333281239446,0.0,Endesa,132.0,Congested,True
ALCONCHE,Badajoz,6007,38.5169206730953,-7.061996450200737,0.0,Endesa,66.0,Congested,True
ALCONERA,Badajoz,6008,38.38033378918994,-6.4872916164511185,0.0,Endesa,66.0,Congested,True
ALCORES,Sevilla,41004,37.3863698187889,-5.856379615083996,0.0,Endesa,132.0,Congested,True
ALCORISA,Teruel,44014,40.89825350969254,-0.3835556389164561,0.0,Endesa,45.0,Congested,True
ALCUDIA,"Balears, Illes",7003,39.83635626735193,-2.855641326922692,39.26,Endesa,15.0,Sufficient,False
ALC_REAL,Jaén,23002,37.45265437464315,-3.9366120297824376,0.0,Endesa,66.0,Congested,True
ALDEIRE,Granada,18010,37.222064056867225,-3.0682209009274675,0.0,Endesa,66.0,Congested,True
ALFAMEN,Zaragoza,50018,41.44325813871384,-1.238341556388768,0.0,Endesa,45.0,Congested,True
ALFARRAS,Lleida,25013,41.85090251331329,0.5742629582651926,0.0,Endesa,132.0,Congested,True
ALGAIDA,Málaga,29095,37.174866117397166,-4.457620847969113,0.0,Endesa,66.0,Congested,True
ALGECIRA,Cádiz,11033,36.18292745055023,-5.389777061335713,0.0,Endesa,66.0,Congested,True
ALGODONA,Cádiz,11005,36.87439846383037,-5.416198033536515,0.0,Endesa,66.0,Congested,True
ALHAMA,Granada,18013,36.998681573391856,-3.991244896449905,0.0,Endesa,66.0,Congested,True
ALHAURIN,Málaga,29007,36.656019796308755,-4.574923820128666,47.3,Endesa,66.0,Sufficient,False
ALIAGA,Teruel,44017,40.685915740555075,-0.6790290756122991,0.0,Endesa,132.0,Congested,True
ALIJAR,Cádiz,11020,36.73331564127571,-6.294714966664748,0.0,Endesa,66.0,Congested,True
ALJARAFE,Sevilla,41016,37.34439113114994,-6.094854219077887,13.69,Endesa,66.0,Sufficient,False
ALMATRET,Lleida,25020,41.339812976033365,0.3658023304887594,0.0,Endesa,25.0,Congested,True
ALMAZAN,Soria,42020,41.49336610115443,-2.510736328801126,0.0,Endesa,132.0,Congested,True
ALMENDRA,Badajoz,6011,38.69592745347717,-6.398829314679901,0.0,Endesa,66.0,Congested,True
ALMONTE,Huelva,21005,37.27269448616294,-6.543533529379967,0.0,Endesa,66.0,Congested,True
ALMUDEVAR,Huesca,22021,42.0456660809384,-0.5994484489729066,0.0,Endesa,45.0,Congested,True
ALMUNECA,Granada,18017,36.76358567528575,-3.692885373846794,0.0,Endesa,66.0,Congested,True
ALMUÑA,Asturias,Valdés,43.53123149663171,-6.522581181006914,30.0,Viesgo,132.0,Sufficient,False
ALQUERIA,Huelva,21041,37.31217587568452,-6.858186762631596,0.0,Endesa,66.0,Congested,True
ALTAFULLA,Tarragona,43012,41.154193790722495,1.3735501604950782,58.65,Endesa,110.0,Sufficient,False
ALTORRICON,Huesca,22025,41.785369765982445,0.4133608841785104,0.0,Endesa,66.0,Congested,True
ALTOSLUBIA,Soria,42071,41.61074363013142,-2.5058107579593156,0.0,Endesa,45.0,Congested,True
ALTRON,Lleida,25209,42.442154779635864,1.1299708082787905,0.0,Endesa,110.0,Congested,True
ALUMALSA,Zaragoza,50297,41.60775555709816,-0.8356137176801874,0.0,Endesa,45.0,Congested,True
ALVARADO,Badajoz,6015,38.7871468446323,-6.799987257877154,0.0,Endesa,66.0,Congested,True
AMATE,Sevilla,41091,37.38637845283564,-5.947987298863971,0.0,Endesa,66.0,Congested,True
AMBROSERO,Cantabria,Bárcena de Cicero,43.42321985199259,-3.533134334652545,0.87,Viesgo,55.0,Congested,True
AMPOLLA,Tarragona,43906,40.80036064200443,0.6714500066852668,0.0,Endesa,110.0,Congested,True
AMPOSTA,Tarragona,43014,40.70855730728605,0.5612035354504437,0.0,Endesa,110.0,Congested,True
ANDARAX,Almería,4013,36.8397268675853,-2.431843631225398,0.0,Endesa,132.0,Congested,True
ANDORRA,Teruel,44025,40.97203630359663,-0.4334611164927832,0.0,Endesa,45.0,Congested,True
ANDRATX,"Balears, Illes",7005,39.54449836800663,-3.577204452496592,4.87,Endesa,15.0,Moderate,True
ANDUJAR,Jaén,23005,38.04316337540427,-3.9970296485182466,0.0,Endesa,132.0,Congested,True
ANOIA,Barcelona,8302,41.57706327613121,1.6671009971962556,30.89,Endesa,25.0,Sufficient,False
ANSO,Huesca,22028,42.75045411803981,-0.8291856660757163,0.0,Endesa,45.0,Congested,True
ANTEQUER,Málaga,29015,37.05218760331863,-4.56320301657116,0.0,Endesa,66.0,Congested,True
ANZANIGO,Huesca,22072,42.40615859616427,-0.6458069476994042,0.0,Endesa,45.0,Congested,True
ARAGONIA,Zaragoza,50297,41.64005555165961,-0.9091204347950316,0.0,Endesa,45.0,Congested,True
ARAHAL,Sevilla,41071,37.27192340244298,-5.546446175182651,0.0,Endesa,66.0,Congested,True
ARBON,Asturias,Coaña,43.478805368393296,-6.730785369757662,30.0,Viesgo,132.0,Sufficient,False
ARCHIDON,Málaga,29017,37.087146809305736,-4.441270727425191,0.0,Endesa,132.0,Congested,True
ARCOS,Cádiz,11006,36.74893293596742,-5.824124542751656,0.0,Endesa,66.0,Congested,True
ARCOSUR,Zaragoza,50297,41.636255224812714,-0.9643830544143008,0.0,Endesa,132.0,Congested,True
AREASUR,Cádiz,11020,36.697974501984426,-6.160373199795509,0.0,Endesa,66.0,Congested,True
ARENAL,"Balears, Illes",7040,39.5264361135626,-3.22733183187799,21.01,Endesa,15.0,Sufficient,False
ARENAS,Asturias,Cabrales,43.30084546904479,-4.809832425020822,3.0,Viesgo,132.0,Moderate,True
ARENAS_IGUNA,Cantabria,Arenas de Iguña,43.17414439119321,-4.056250251642206,1.13,Viesgo,55.0,Moderate,True
ARENOSO,Córdoba,14043,38.01976000781975,-4.44206167766623,0.0,Endesa,66.0,Congested,True
ARGON,Sevilla,41004,37.35988205293888,-5.885092560052023,0.0,Endesa,66.0,Congested,True
ARGONE,Huesca,22111,42.429291189282424,0.3817639964483311,0.0,Endesa,110.0,Congested,True
ARGOÑOS,Cantabria,Escalante,43.449261218003215,-3.4963735251050956,0.88,Viesgo,55.0,Congested,True
ARIJA,Burgos,Arija,42.98827752993414,-3.9636252249402193,0.0,Viesgo,30.0,Congested,True
ARIZA,Zaragoza,50034,41.31420903444295,-2.0447834478318208,0.0,Endesa,45.0,Congested,True
ARJONA,Sevilla,41091,37.38795030056516,-6.002740975516145,0.0,Endesa,66.0,Congested,True
ARMENTERA,Huesca,22158,41.92668333458934,0.1495031037268524,0.0,Endesa,132.0,Congested,True
ARROYO,Badajoz,6012,38.86487632563673,-6.464652540890806,0.0,Endesa,66.0,Congested,True
ARTA,"Balears, Illes",7006,39.681188226784656,-2.656796357460387,12.67,Endesa,15.0,Sufficient,False
ARTIES,Lleida,25025,42.70062811120199,0.877052720324793,0.0,Endesa,110.0,Congested,True
ARVINA,Cádiz,11030,36.640632161890075,-6.37432791779076,41.47,Endesa,66.0,Sufficient,False
ASCO,Tarragona,43019,41.19936406034165,0.5630311961291752,0.0,Endesa,110.0,Congested,True
ASLAND,Barcelona,8125,41.47448181399603,2.1784338107296883,118.0,Endesa,110.0,Sufficient,False
ASTILLERO,Cantabria,Astillero (El),43.39608941063733,-3.826795749130944,1.74,Viesgo,55.0,Moderate,True
ATARFE,Granada,18022,37.22515257574856,-3.69732097488429,0.0,Endesa,66.0,Congested,True
ATECA,Zaragoza,50038,41.324344553119495,-1.7916842190368747,0.0,Endesa,45.0,Congested,True
ATLANTER,Cádiz,11035,36.12240607589578,-5.824540129759041,3.3,Endesa,66.0,Moderate,True
AUBALS,Tarragona,43065,41.11837086562514,0.6417105313217453,0.0,Endesa,25.0,Congested,True
AUGUSTA,Zaragoza,50297,41.65881247505568,-0.9161431903675918,0.0,Endesa,45.0,Congested,True
AXARQUIA,Málaga,29094,36.75048829892697,-4.1108529770808415,51.77,Endesa,66.0,Sufficient,False
AYAMONTE,Huelva,21010,37.21952136660968,-7.38009889838271,5.07,Endesa,66.0,Sufficient,False
AZAILA,Teruel,44031,41.2865852633457,-0.4933234689581918,0.0,Endesa,132.0,Congested,True
AZNALCOL,Sevilla,41013,37.50964240968722,-6.229040210528579,0.0,Endesa,132.0,Congested,True
AZUAGA,Badajoz,6014,38.26475406869448,-5.680283322579922,0.0,Endesa,66.0,Congested,True
BADAJOZ,Badajoz,6015,38.88593543709148,-6.927184576500843,0.0,Endesa,66.0,Congested,True
BADALONA,Barcelona,8194,41.42767207796031,2.2346466833282057,98.19,Endesa,25.0,Sufficient,False
BAENA,Córdoba,14007,37.61439374773068,-4.316637054135476,0.0,Endesa,132.0,Congested,True
BAHIASUR,Cádiz,11031,36.46752321301347,-6.2081130883388544,0.0,Endesa,66.0,Congested,True
BAILEN,Jaén,23010,38.10492559636531,-3.773283001017615,0.0,Endesa,66.0,Congested,True
BAIÑA,Asturias,Mieres,43.27476119277417,-5.827761925332302,1.39,Viesgo,30.0,Moderate,True
BALAGUER,Lleida,25220,41.75264968386399,0.7937036313194594,0.0,Endesa,110.0,Congested,True
BALBOA,Badajoz,6070,38.325337961965175,-6.71267557573134,0.0,Endesa,66.0,Congested,True
BAQUEIRA,Lleida,25025,42.69855976899072,0.9297604260593348,0.0,Endesa,110.0,Congested,True
BARBERA,Barcelona,8252,41.509600277250115,2.1423148188450383,130.74,Endesa,110.0,Sufficient,False
BARBOSA,Badajoz,6149,38.56532625063053,-6.359154753993658,0.0,Endesa,66.0,Congested,True
BARCAFLR,Cádiz,11020,36.65293098561927,-5.91233948279673,0.0,Endesa,66.0,Congested,True
BARCAROT,Badajoz,6016,38.52003878201503,-6.874759208595119,0.0,Endesa,66.0,Congested,True
BARCENA,León,24115,42.57766245118973,-6.561203407435062,0.0,Endesa,132.0,Congested,True
BARRIOS,Cádiz,11008,36.1844698686234,-5.420219268595202,0.52,Endesa,20.0,Congested,True
BARROSA,Cádiz,11014,36.3378311849211,-6.1400787142958,13.72,Endesa,66.0,Sufficient,False
BARRUELO,Palencia,Barruelo de Santullán,42.90374807466606,-4.2839057673383305,2.0,Viesgo,30.0,Moderate,True
BASE_AEREA,Zaragoza,50297,41.683089040569016,-1.0605563539067997,0.0,Endesa,45.0,Congested,True
BASMORON,Sevilla,41011,37.18985406009575,-5.60141062627609,0.0,Endesa,66.0,Congested,True
BAZA,Granada,18023,37.49495850560787,-2.758721666448898,0.0,Endesa,132.0,Congested,True
BAÑOS,Huesca,22170,42.762126387693314,-0.2324169497411135,0.0,Endesa,66.0,Congested,True
BEGUES,Barcelona,8295,41.35564916063779,1.9023303817146604,32.63,Endesa,25.0,Sufficient,False
BELCHITE,Zaragoza,50045,41.2990535858157,-0.7509230143001986,0.0,Endesa,45.0,Congested,True
BELEN,Almería,4013,36.850365335539486,-2.474577541294409,0.0,Endesa,66.0,Congested,True
BELL-LLOC,Lleida,25048,41.644618309202805,0.7773267873520777,0.0,Endesa,110.0,Congested,True
BELLCAIRE,Girona,17018,42.07287308582916,3.0983522675410864,0.0,Endesa,110.0,Congested,True
BELLISSENS,Tarragona,43123,41.11535727619881,1.1634718725384383,10.95,Endesa,25.0,Sufficient,False
BENAHADU,Almería,4024,36.90854423163349,-2.4658035378243164,0.0,Endesa,132.0,Congested,True
BENAHAVI,Málaga,29023,36.51482278100075,-5.048273254394559,0.0,Endesa,66.0,Congested,True
BENALMAD,Málaga,29025,36.60582207068987,-4.5621485755771936,0.0,Endesa,66.0,Congested,True
BENOS,Lleida,25057,42.737447443631986,0.7349985031200081,0.0,Endesa,110.0,Congested,True
BERBEGAL,Huesca,22055,41.9623408089396,0.0176471683933461,0.0,Endesa,45.0,Congested,True
BERDUN,Huesca,22076,42.60230388768755,-0.8641261126239924,0.0,Endesa,45.0,Congested,True
BERJA,Almería,4029,36.83278388867999,-2.923433677029069,0.0,Endesa,66.0,Congested,True
BERROCAL,Sevilla,41045,37.53004883277295,-6.1852426023817975,0.0,Endesa,132.0,Congested,True
BESCANO,Girona,17020,41.97309333940227,2.6951819470296248,306.23,Endesa,132.0,Sufficient,False
BESOS,Barcelona,8194,41.41998796894553,2.228236750494611,223.72,Endesa,110.0,Sufficient,False
BIESCAS,Huesca,22059,42.63187442616351,-0.3199098212789399,0.0,Endesa,132.0,Congested,True
BINEFAR,Huesca,22061,41.856633068221,0.3042725521574653,0.0,Endesa,110.0,Congested,True
BOBADILL,Málaga,29015,37.03150848123452,-4.7338976786868185,0.0,Endesa,66.0,Congested,True
BOHI,Lleida,25043,42.50651481928574,0.8112281067916082,0.0,Endesa,132.0,Congested,True
BOIMENTE,Lugo,Viveiro,43.58904832297801,-7.552885764995679,100.0,Viesgo,132.0,Sufficient,False
BOLLULLM,Sevilla,41016,37.35293640942208,-6.14402571328747,0.0,Endesa,66.0,Congested,True
BOMBA,Granada,18087,37.16787943721014,-3.587868876998693,0.0,Endesa,66.0,Congested,True
BORJA,Zaragoza,50011,41.83104779936619,-1.514315070185695,0.0,Endesa,45.0,Congested,True
BORMUJOS,Sevilla,41017,37.35062466123773,-6.077479415155079,13.69,Endesa,66.0,Sufficient,False
BORNOS,Cádiz,11006,36.79089925879966,-5.763038329199357,0.0,Endesa,66.0,Congested,True
BOSQUE,Cádiz,11011,36.76024905719056,-5.5185012119989265,0.0,Endesa,66.0,Congested,True
BOSSA,"Balears, Illes",7048,38.88922797995394,-4.600237120578873,37.25,Endesa,15.0,Sufficient,False
BOSSOST,Lleida,25059,42.776490355250125,0.6904814544291862,0.0,Endesa,110.0,Congested,True
BOTA,Huelva,21060,37.209470453088414,-7.027930213875412,6.93,Endesa,66.0,Sufficient,False
BOTORRITA,Zaragoza,50056,41.5191645245914,-1.041009554665066,0.0,Endesa,132.0,Congested,True
BRAÑAVIEJA,Cantabria,Hermandad de Campoo de Suso,43.035193152114495,-4.356917597612981,0.0,Viesgo,30.0,Congested,True
BRILEN,Huesca,22048,42.00741584306774,0.1158435788510728,0.0,Endesa,110.0,Congested,True
BUITRERA,Málaga,29046,36.538739686918426,-5.377981208750212,0.0,Endesa,66.0,Congested,True
BUIXALLEU,Girona,17159,41.731439706444405,2.570430392764155,125.34,Endesa,132.0,Sufficient,False
BUNYOLA,"Balears, Illes",7010,39.68468761936693,-3.296387955765572,21.19,Endesa,15.0,Sufficient,False
BURGUILL,Badajoz,6022,38.36950115016244,-6.58867740209632,0.0,Endesa,66.0,Congested,True
C.ARO,Girona,17048,41.80691171850226,3.0346144765900176,0.0,Endesa,110.0,Congested,True
CABDELLA,Lleida,25227,42.46679520573952,0.9913082441197548,0.0,Endesa,110.0,Congested,True
CABEZAS,Sevilla,41020,36.97845165264188,-5.95077471384888,0.0,Endesa,66.0,Congested,True
CABEZON,Cantabria,Cabezón de la Sal,43.31216271016152,-4.244247165735614,0.18,Viesgo,55.0,Congested,True
CACICEDO,Cantabria,Camargo,43.43590024057584,-3.8680170513273,0.0,Viesgo,55.0,Congested,True
CADIZ,Cádiz,11012,36.50466900079165,-6.2651627673053625,0.0,Endesa,132.0,Congested,True
CALA,Sevilla,41049,37.66840129198337,-6.133559752515696,0.0,Endesa,132.0,Congested,True
CALABLAVA,"Balears, Illes",7031,39.409757582500106,-3.1840948752583884,16.61,Endesa,15.0,Sufficient,False
CALAMOCHA,Teruel,44050,40.915786313485775,-1.2849186451307113,0.0,Endesa,132.0,Congested,True
CALANAS,Huelva,21017,37.64927000892624,-6.87412150892983,0.0,Endesa,66.0,Congested,True
CALANDA,Teruel,44051,40.95043454566299,-0.2275272454527977,0.0,Endesa,45.0,Congested,True
CALATAYUD,Zaragoza,50067,41.33162917147743,-1.642367784576931,0.0,Endesa,132.0,Congested,True
CALDERS,Barcelona,8034,41.766945801804226,1.9350326169483525,119.75,Endesa,110.0,Sufficient,False
CALDES,Lleida,25043,42.544073674372335,0.8370824033902146,0.0,Endesa,132.0,Congested,True
CALELLA,Barcelona,8035,41.626701559862624,2.6496867378279347,185.69,Endesa,110.0,Sufficient,False
CALONGE,Sevilla,41091,37.411167287065126,-5.960861708468296,0.0,Endesa,132.0,Congested,True
CALVARIO,Jaén,23050,37.77039719941385,-3.781575827840955,0.0,Endesa,132.0,Congested,True
CALVIA,"Balears, Illes",7011,39.526723836030655,-3.492336364013943,67.2,Endesa,15.0,Sufficient,False
CALZADAR,Badajoz,6901,38.889138391152194,-6.676249199934735,0.0,Endesa,66.0,Congested,True
CAMARASA,Lleida,25062,41.90677891594337,0.8898818802959996,0.0,Endesa,110.0,Congested,True
CAMARMEÑA,Asturias,Cabrales,43.260082248012594,-4.831408279167794,3.0,Viesgo,132.0,Moderate,True
CAMBRILS,Tarragona,43038,41.08345077505776,1.0381803817055235,42.55,Endesa,110.0,Sufficient,False
CAMINORO,Granada,18087,37.17617769153799,-3.620739341507694,0.0,Endesa,66.0,Congested,True
CAMPANIL,Málaga,29067,36.73524907745277,-4.543801843604594,36.28,Endesa,66.0,Sufficient,False
CAMPILLO,Jaén,23019,37.547732740070686,-3.640405688052241,0.0,Endesa,132.0,Congested,True
CAMPOMANES,Asturias,Lena,43.104723981339205,-5.81409568156716,0.19,Viesgo,30.0,Congested,True
CAMPREDO,Tarragona,43155,40.76877377809884,0.5363183692657395,0.0,Endesa,110.0,Congested,True
CAMPRODON,Girona,17039,42.30856658339761,2.3614804796467253,6.61,Endesa,45.0,Sufficient,False
CAMPUS,Granada,18021,37.14500934292307,-3.6082653900671215,0.0,Endesa,66.0,Congested,True
CANALES,Granada,18157,37.15984792640336,-3.4838211480100356,0.0,Endesa,20.0,Congested,True
CANALROYA,Huesca,22078,42.744988416382,-0.5164929303723982,0.0,Endesa,45.0,Congested,True
CANAMO,Sevilla,41081,37.48501215523023,-5.928037036940339,0.0,Endesa,132.0,Congested,True
CANBARBA,Barcelona,8279,41.55324960071751,2.0560644965940504,0.0,Endesa,110.0,Congested,True
CANDANCHU,Huesca,22006,42.784528922183654,-0.5212748584993729,0.0,Endesa,45.0,Congested,True
CANDINA,Cantabria,Santander,43.450883244715705,-3.833554652105235,0.0,Viesgo,55.0,Congested,True
CANELLES,Huesca,22105,41.97645504605326,0.6116438119768015,0.0,Endesa,132.0,Congested,True
CANGAS,Asturias,Cangas de Onís,43.34426607713572,-5.131371505774974,3.0,Viesgo,132.0,Moderate,True
CANJARDI,Barcelona,8184,41.474697783534936,2.0232995705854786,0.0,Endesa,110.0,Congested,True
CANRUTI,Barcelona,8015,41.47781080438752,2.2400614817346267,27.74,Endesa,110.0,Sufficient,False
CANSINOS,Córdoba,14021,37.92773491383173,-4.596523184959705,0.0,Endesa,66.0,Congested,True
CANTILLA,Sevilla,41023,37.59119326114098,-5.811537822953685,0.0,Endesa,66.0,Congested,True
CANTORIA,Almería,4031,37.3674239024712,-2.2404863927066025,0.0,Endesa,66.0,Congested,True
CANTOSAL,Sevilla,41058,37.381597647010366,-5.765635230742027,0.0,Endesa,66.0,Congested,True
CANUELO,Cádiz,11008,36.214635971677495,-5.452530098236428,0.0,Endesa,66.0,Congested,True
CAPARACE,Granada,18022,37.267952137320144,-3.726273616215889,0.0,Endesa,132.0,Congested,True
CAPDEPERA,"Balears, Illes",7014,39.69783577708058,-2.582880801233048,5.61,Endesa,15.0,Sufficient,False
CAPELLADES,Barcelona,8286,41.52602912354639,1.6792006345237969,0.0,Endesa,110.0,Congested,True
CARAMBOL,Sevilla,41021,37.38978553106752,-6.040268102493865,28.79,Endesa,66.0,Sufficient,False
CARBA,Lugo,Vilalba,43.42490794316944,-7.6594383762071585,70.0,Viesgo,132.0,Sufficient,False
CARBONER,Almería,4032,36.976697074506774,-1.9088197074266,0.0,Endesa,132.0,Congested,True
CARCAVILLA,Huesca,22173,42.370964911444794,-0.7372522299615755,0.0,Endesa,45.0,Congested,True
CARDENAS,Córdoba,14016,38.27415217696063,-4.3239990320340045,0.0,Endesa,66.0,Congested,True
CARDONA,Barcelona,8141,41.87408838158009,1.7126043418179704,0.0,Endesa,110.0,Congested,True
CARIÑENA,Zaragoza,50073,41.34874595196994,-1.2340319308940482,0.0,Endesa,45.0,Congested,True
CARLOTA,Córdoba,14017,37.679679753426285,-4.923654341219361,0.0,Endesa,66.0,Congested,True
CARMONA,Sevilla,41024,37.47613819620653,-5.647541969096838,0.0,Endesa,66.0,Congested,True
CAROLINA,Jaén,23024,38.278428678112434,-3.604077715263568,0.0,Endesa,66.0,Congested,True
CARPIO,Córdoba,14018,37.965593493142165,-4.500331775632987,0.0,Endesa,66.0,Congested,True
CARRIEDO,Cantabria,Villacarriedo,43.24238099668622,-3.836729417406436,1.17,Viesgo,55.0,Moderate,True
CARRION_N,Palencia,Carrión de los Condes,42.345550687962806,-4.606714763260404,0.12,Viesgo,30.0,Congested,True
CARTAYA,Huelva,21021,37.30016983046061,-7.110930398002233,7.06,Endesa,66.0,Sufficient,False
CARTIRANA,Huesca,22199,42.52954775403851,-0.3915565284691239,0.0,Endesa,45.0,Congested,True
CARTUJA,Cádiz,11020,36.61836682983772,-6.12002281837958,0.0,Endesa,66.0,Congested,True
CARTUJOS,Zaragoza,50297,41.58998839539165,-0.8421758092438595,0.0,Endesa,45.0,Congested,True
CASABLANCA,Zaragoza,50297,41.62552968841821,-0.9121992349336828,0.0,Endesa,132.0,Congested,True
CASARES,Málaga,29041,36.40558940834985,-5.220130156367842,0.0,Endesa,66.0,Congested,True
CASILLAS,Córdoba,14021,37.85813985868096,-4.812084445829363,0.0,Endesa,132.0,Congested,True
CASPE,Zaragoza,50074,41.24628137483429,-0.0583157273893548,0.0,Endesa,132.0,Congested,True
CASSA,Girona,17044,41.86243119751199,2.897935717194208,0.0,Endesa,110.0,Congested,True
CASTELLBIS,Barcelona,8054,41.44558163904283,1.986091351243051,105.03,Endesa,25.0,Sufficient,False
CASTELLET,Barcelona,8058,41.256123994841026,1.5820754675897242,54.27,Endesa,25.0,Sufficient,False
CASTIN_ROS,Teruel,44238,40.81956146380626,-0.8686404351003202,0.0,Endesa,132.0,Congested,True
CATALINA,"Balears, Illes",7040,39.57348418409148,-3.3648130337795,70.33,Endesa,15.0,Sufficient,False
CBERMEJA,Málaga,29039,36.90132366119347,-4.421410755229998,31.54,Endesa,132.0,Sufficient,False
CELIS,Cantabria,Rionansa,43.28038675825533,-4.439202839589027,0.37,Viesgo,55.0,Congested,True
CELLA,Teruel,44076,40.45648976138904,-1.2409274123489684,0.0,Endesa,132.0,Congested,True
CELULOSA,Granada,18140,36.73092861440057,-3.5426301798866295,0.0,Endesa,66.0,Congested,True
CEMCALA,Málaga,29067,36.72093350983084,-4.331495021111445,51.94,Endesa,66.0,Sufficient,False
CENTELLES,Barcelona,8067,41.80774409451602,2.2126955863944073,20.11,Endesa,25.0,Sufficient,False
CENTENAR,Sevilla,41091,37.39205477548288,-6.012457353563782,28.31,Endesa,66.0,Sufficient,False
CENTRO,Málaga,29067,36.7248256900133,-4.424502218383772,38.11,Endesa,66.0,Sufficient,False
CENTROVIA,Zaragoza,50182,41.60788050336416,-1.0868059613361285,0.0,Endesa,132.0,Congested,True
CEPANSA,Córdoba,14021,37.902306247607584,-4.758259621990131,0.0,Endesa,66.0,Congested,True
CERCS,Barcelona,8268,42.173722814829006,1.8582268396327943,0.0,Endesa,110.0,Congested,True
CERDA,Barcelona,8019,41.34310003145924,2.1382248436290605,70.0,Endesa,25.0,Sufficient,False
CERDANYA,Girona,17069,42.37974322200141,1.8955225029940748,0.0,Endesa,110.0,Congested,True
CERDANYOLA,Barcelona,8266,41.5030145559539,2.1170090366263508,145.01,Endesa,110.0,Sufficient,False
CERROGOR,Badajoz,6015,38.88347805943047,-6.907034184928721,0.0,Endesa,66.0,Congested,True
CERVELLO,Barcelona,8068,41.406680237705274,1.9893702273785816,61.22,Endesa,25.0,Sufficient,False
CERVERA,Lleida,25072,41.68056569950187,1.2908777529244229,0.0,Endesa,110.0,Congested,True
CH.DUQUE,Granada,18043,36.91283750432674,-3.3689035568006007,0.0,Endesa,66.0,Congested,True
CHICLANA,Cádiz,11015,36.40933236093203,-6.134879905069796,0.0,Endesa,66.0,Congested,True
CHIPIONA,Cádiz,11016,36.73213738986922,-6.396869769009712,25.67,Endesa,66.0,Sufficient,False
CH_IP,Huesca,22078,42.742703542101225,-0.516497445405716,0.0,Endesa,132.0,Congested,True
CH_JACA,Huesca,22130,42.5848616878912,-0.5507588346961039,0.0,Endesa,45.0,Congested,True
CH_SABIÑAN,Huesca,22199,42.48092274092838,-0.3758499842926021,0.0,Endesa,45.0,Congested,True
CICERO,Cantabria,Solórzano,43.39273929830826,-3.524103982896601,0.0,Viesgo,55.0,Congested,True
CIJARA,Badajoz,6063,39.371108144530375,-5.016709763310758,0.0,Endesa,132.0,Congested,True
CINCA,Huesca,22158,41.92404220813175,0.1939285815897168,0.0,Endesa,110.0,Congested,True
CIUDADELA,"Balears, Illes",7015,40.00337937339609,-2.144579664351936,81.67,Endesa,15.0,Sufficient,False
CIUDAD_J,Málaga,29067,36.73704730371027,-4.424922137012574,55.13,Endesa,66.0,Sufficient,False
CIUD_MOTOR,Teruel,44013,41.08640620001966,-0.2135621453009835,0.0,Endesa,132.0,Congested,True
CIZANA,Málaga,29067,36.64968574801479,-4.4887775629305615,0.0,Endesa,66.0,Congested,True
CJOCOLOR,Málaga,29070,36.50609520132058,-4.694103689538287,0.0,Endesa,66.0,Congested,True
CLARIANA,Zaragoza,50045,41.37967922586316,-0.7573535292898014,0.0,Endesa,132.0,Congested,True
CLH_ARAH,Sevilla,41011,37.23931417318582,-5.603168024280585,0.0,Endesa,66.0,Congested,True
CNF_TERUEL,Teruel,44216,40.3334917195804,-1.1142923064642567,0.0,Endesa,45.0,Congested,True
CODONYERS,Barcelona,8266,41.47804892851747,2.099060288139458,20.06,Endesa,25.0,Sufficient,False
COGULLADA,Zaragoza,50297,41.66934952555408,-0.8629328317933892,0.0,Endesa,45.0,Congested,True
COLISEO,"Balears, Illes",7040,39.58393978133296,-3.3456877132756753,64.95,Endesa,15.0,Sufficient,False
COLLBLANC,Barcelona,8101,41.37634229092045,2.1057937001747007,475.41,Endesa,110.0,Sufficient,False
COLLDALBA,Tarragona,43155,40.818251109663976,0.6092973107944951,0.0,Endesa,110.0,Congested,True
COLOM,"Balears, Illes",7022,39.42102917135281,-2.764097835646969,17.8,Endesa,15.0,Sufficient,False
COLON,Huelva,21041,37.216469992824,-6.944374051683877,16.58,Endesa,50.0,Sufficient,False
COMILLAS,Cantabria,Comillas,43.36906607194357,-4.281276359919963,3.01,Viesgo,55.0,Moderate,True
COMPOST.2,León,24064,42.61423530332576,-6.565970576976643,0.0,Endesa,132.0,Congested,True
CONFIREL,Girona,17021,42.19895014165984,2.7195728000746406,0.0,Endesa,132.0,Congested,True
CONGOST,Barcelona,8113,41.727622598742045,1.8089986314461923,0.0,Endesa,110.0,Congested,True
CONIL,Cádiz,11014,36.290166700792305,-6.06488299635157,21.56,Endesa,66.0,Sufficient,False
CONJURO,Granada,18093,36.739991199863155,-3.414697252781996,0.0,Endesa,66.0,Congested,True
CONSTANTI,Tarragona,43148,41.13532270314756,1.2245216633703018,29.51,Endesa,25.0,Sufficient,False
CORBAN,Cantabria,Santa Cruz de Bezana,43.46301289507141,-3.87784067348392,0.0,Viesgo,55.0,Congested,True
CORCHADO,Málaga,29056,36.49549650630296,-5.4052368570367815,0.0,Endesa,66.0,Congested,True
CORDBILL,Córdoba,14056,37.36999632112578,-4.748989010782892,0.0,Endesa,66.0,Congested,True
CORONIL,Sevilla,41036,37.08836970927172,-5.627698878787963,0.0,Endesa,66.0,Congested,True
CORRALES,Cantabria,Corrales de Buelna (Los),43.25209147717975,-4.06922808865868,0.49,Viesgo,55.0,Congested,True
CORTADUR,Cádiz,11012,36.490582530268256,-6.266630629656964,0.0,Endesa,66.0,Congested,True
COR_INGLES,Zaragoza,50297,41.64517387742751,-0.884441420740701,0.0,Endesa,45.0,Congested,True
COSARIO,Almería,4903,36.79550479942346,-2.681326817676375,0.0,Endesa,66.0,Congested,True
COSTALUZ,Huelva,21044,37.30712471758291,-7.207645099092175,4.87,Endesa,66.0,Moderate,True
COSTASOL,Málaga,29069,36.52301234653722,-4.859608618191941,0.0,Endesa,66.0,Congested,True
CRINAVIS,Cádiz,11033,36.17258780565522,-5.374299694562483,0.0,Endesa,66.0,Congested,True
CROSS_SJ,Sevilla,41091,37.429825444343734,-5.973297895173599,0.0,Endesa,132.0,Congested,True
CRUZCAMP,Sevilla,41091,37.38794207233647,-5.959722581180869,0.0,Endesa,66.0,Congested,True
CRUZJUAR,Córdoba,14021,37.89523782053681,-4.779950703436011,0.0,Endesa,66.0,Congested,True
CR_MADRID,Zaragoza,50297,41.64247505335176,-0.9477501118241984,0.0,Endesa,45.0,Congested,True
CUARTE,Zaragoza,50297,41.59801095734869,-0.9384013034249588,0.0,Endesa,45.0,Congested,True
CUBANA,Jaén,23096,38.07307276000003,-3.853039942731034,0.0,Endesa,66.0,Congested,True
CUBILLO,Cádiz,11035,36.03067957408136,-5.609686923954404,0.0,Endesa,66.0,Congested,True
CUERVO,Sevilla,41903,36.859001164323885,-6.0436920055887295,0.0,Endesa,66.0,Congested,True
CUEVAS_ALM,Teruel,44093,40.70531268162313,-0.8507039200475442,0.0,Endesa,132.0,Congested,True
CUMBRES,Almería,4902,36.72693388314482,-2.764680335173306,0.0,Endesa,66.0,Congested,True
CUNA,Sevilla,41091,37.39187553625021,-5.993752394181415,0.0,Endesa,66.0,Congested,True
C_AGUILAR,Palencia,Aguilar de Campoo,42.79480852938147,-4.286685298068488,2.0,Viesgo,132.0,Moderate,True
DANIEL_T,Córdoba,14054,38.35713541261018,-4.828809514647381,0.0,Endesa,132.0,Congested,True
DAROCA,Zaragoza,50094,41.12208054950238,-1.392566252125179,0.0,Endesa,45.0,Congested,True
DARRO,Granada,18063,37.33039907613633,-3.2585626132031575,0.0,Endesa,66.0,Congested,True
DECOSOL,Málaga,29069,36.51231652737844,-4.947144972810088,0.0,Endesa,66.0,Congested,True
DEHESA,Huelva,21049,37.721396515038435,-6.578964956593114,0.0,Endesa,132.0,Congested,True
DESALADO,Almería,4013,36.81610275064011,-2.4248107300972017,0.0,Endesa,66.0,Congested,True
DOIRAS,Asturias,Illano,43.38923344123427,-6.822407632498312,30.0,Viesgo,132.0,Sufficient,False
DOSHMNAS,Sevilla,41004,37.29823430210994,-5.905562542134862,0.0,Endesa,132.0,Congested,True
DRAGONERA,"Balears, Illes",7032,39.89127129836029,-1.762839596001493,99.57,Endesa,15.0,Sufficient,False
DRODRIGO,Sevilla,41004,37.245462587084944,-5.843538616436253,0.0,Endesa,66.0,Congested,True
DURCAL,Granada,18071,37.00851001805844,-3.556181242082458,0.0,Endesa,66.0,Congested,True
D_ALDONZ,Jaén,23092,37.924695914784465,-3.312454365237306,0.0,Endesa,132.0,Congested,True
D_CARTUJA,Zaragoza,50297,41.60905502703344,-0.8112926370916929,0.0,Endesa,45.0,Congested,True
EADSCASA,Sevilla,41091,37.40707775938109,-5.883748541620778,0.0,Endesa,132.0,Congested,True
EASTMAN,Cádiz,11033,36.20536289717925,-5.405963200260994,0.0,Endesa,66.0,Congested,True
EBRO,Cádiz,11020,36.655398000329704,-6.127463597709983,0.0,Endesa,66.0,Congested,True
ECIJA,Sevilla,41039,37.54487582401562,-5.063374747403417,0.0,Endesa,66.0,Congested,True
ECOCIUDAD,Zaragoza,50297,41.61716284803731,-0.9307205688520264,0.0,Endesa,132.0,Congested,True
ECOGARRAF,Barcelona,8089,41.293879813246825,1.9439594806736613,22.81,Endesa,66.0,Sufficient,False
EDI_RED,Ciudad Real,13071,38.66764523871714,-4.072115730226866,0.0,Endesa,132.0,Congested,True
EGABRENS,Córdoba,14013,37.47063837038389,-4.495716008134329,0.0,Endesa,132.0,Congested,True
EGARA,Barcelona,8279,41.581341244700376,2.006859127860752,106.88,Endesa,110.0,Sufficient,False
EIXAMPLE,Barcelona,8019,41.4089180647206,2.1692469352055515,59.68,Endesa,25.0,Sufficient,False
EJEA,Zaragoza,50095,42.109044085981374,-1.148155578816481,0.0,Endesa,66.0,Congested,True
EJIDO,Almería,4902,36.776139488062704,-2.836816003864617,0.0,Endesa,66.0,Congested,True
EL PALO,Asturias,Allande,43.27076271716912,-6.677089073066136,0.0,Viesgo,132.0,Congested,True
ELEV_AGUAS,Zaragoza,50297,41.65970843660869,-0.8914511665829166,0.0,Endesa,45.0,Congested,True
ELVIRIA,Málaga,29069,36.49882365525127,-4.769508801741019,0.0,Endesa,66.0,Congested,True
EL_BOSQUE,Cantabria,Entrambasaguas,43.391071099138614,-3.719037617270605,0.72,Viesgo,55.0,Congested,True
EL_BURGO,Zaragoza,50062,41.56312161900563,-0.7302594384717195,0.0,Endesa,45.0,Congested,True
EL_CERRO,Teruel,44216,40.34054496583284,-1.1018036814732608,0.0,Endesa,45.0,Congested,True
EL_FRASNO,Zaragoza,50110,41.42968090172821,-1.507075516514131,0.0,Endesa,45.0,Congested,True
EMBALSE,Almería,4066,36.98379655988444,-2.142130314954825,0.0,Endesa,132.0,Congested,True
EMBID,Zaragoza,50067,41.40110861597799,-1.610060237418796,0.0,Endesa,45.0,Congested,True
EMPALME,Sevilla,41091,37.41727316757824,-5.984277099576822,0.0,Endesa,132.0,Congested,True
EMPORDANET,Girona,17117,41.929668880053896,3.1510256616836307,0.0,Endesa,110.0,Congested,True
ENATE,Huesca,22115,42.10157209709193,0.2307574995837288,0.0,Endesa,66.0,Congested,True
ENCINARE,Jaén,23005,38.16485633881,-3.9933189751160616,0.0,Endesa,66.0,Congested,True
ENIX,Almería,4041,36.910304629792584,-2.628068036580815,0.0,Endesa,66.0,Congested,True
ENRAMADI,Sevilla,41091,37.37669318579087,-5.976066102362791,0.0,Endesa,66.0,Congested,True
ENTRENUC,Sevilla,41038,37.31464757719455,-5.94488275069365,0.0,Endesa,15.0,Congested,True
ENTREPEÑAS,Asturias,Aller,43.13945615337796,-5.576014348592637,1.56,Viesgo,30.0,Moderate,True
ENTRERRIOS,Zaragoza,50204,41.748638296710865,-1.1867757053938692,0.0,Endesa,45.0,Congested,True
ERISTE,Huesca,22200,42.58893068080964,0.4920707779894568,23.17,Endesa,25.0,Sufficient,False
ERKIMIA,Tarragona,43060,41.22879512626509,0.5347731274952878,0.0,Endesa,110.0,Congested,True
ESCALES,Huesca,22223,42.32091914228484,0.74733853969692,0.0,Endesa,132.0,Congested,True
ESCATRON,Zaragoza,50101,41.29527979882793,-0.3418763274985145,0.0,Endesa,132.0,Congested,True
ESCOBEDO,Cantabria,Camargo,43.40532027153621,-3.901335518088139,0.0,Viesgo,55.0,Congested,True
ESCUCHA,Teruel,44099,40.7972911655466,-0.8033098131215823,0.0,Endesa,45.0,Congested,True
ESCUCHA_CT,Teruel,44099,40.796200696226315,-0.816034769794655,0.0,Endesa,132.0,Congested,True
ESPALDIL,Sevilla,41004,37.36790527244983,-5.898211230966153,0.0,Endesa,66.0,Congested,True
ESPARTAL,Zaragoza,50062,41.54306525497895,-0.6789325577539029,0.0,Endesa,45.0,Congested,True
ESPEJO,Córdoba,14025,37.650365684438185,-4.577913914958321,0.0,Endesa,132.0,Congested,True
ESPOSA,Huesca,22006,42.65993024109324,-0.6261105448236687,0.0,Endesa,45.0,Congested,True
ESPOT,Lleida,25082,42.57051659389963,1.140810442379378,0.0,Endesa,110.0,Congested,True
ESQUEDAS,Huesca,22904,42.215048594541216,-0.571132697972004,0.0,Endesa,132.0,Congested,True
ESTELO,Lugo,Mondoñedo,43.42871010189,-7.411480374890167,100.0,Viesgo,132.0,Sufficient,False
ESTEPA,Sevilla,41041,37.29888314371767,-4.873310131372066,0.0,Endesa,66.0,Congested,True
ESTEPONA,Málaga,29051,36.42722289584481,-5.168673706804062,0.0,Endesa,66.0,Congested,True
ESTERCUEL,Teruel,44100,40.857706946550586,-0.6312422248991917,0.0,Endesa,45.0,Congested,True
ESTERRI,Lleida,25086,42.626879898137666,1.126249647602642,0.0,Endesa,25.0,Congested,True
ESTRECHO,Cádiz,11004,36.13624106543596,-5.458695209597349,0.0,Endesa,66.0,Congested,True
EXPO,Zaragoza,50297,41.676217272806895,-0.8994389370394116,0.0,Endesa,132.0,Congested,True
E_QUIMIC,Ciudad Real,13071,38.677977578506166,-4.061832813707652,0.0,Endesa,132.0,Congested,True
FACULTATS,Barcelona,8019,41.38376236929703,2.1194743588271368,91.82,Endesa,25.0,Sufficient,False
FALCA,"Balears, Illes",7040,39.58170573869124,-3.360339643462835,50.84,Endesa,15.0,Sufficient,False
FARGUE,Granada,18087,37.19644492042188,-3.5762651196869006,0.0,Endesa,132.0,Congested,True
FIGUERES,Girona,17066,42.25689227425188,2.9577584775464123,0.0,Endesa,132.0,Congested,True
FIGUERUELA,Zaragoza,50107,41.76240564921861,-1.1639877754336765,0.0,Endesa,45.0,Congested,True
FINES,Almería,4044,37.359806470362024,-2.2757697424217938,0.0,Endesa,66.0,Congested,True
FLIX,Tarragona,43060,41.22855568501594,0.548610248253466,0.0,Endesa,110.0,Congested,True
FOIX,Barcelona,8074,41.21015024050871,1.6579375460574628,42.2,Endesa,25.0,Sufficient,False
FONSAGRADA,Lugo,Fonsagrada (A),43.08400638508648,-7.132735212892306,80.0,Viesgo,132.0,Sufficient,False
FONTANAL,Sevilla,41053,36.93307106607999,-6.061792766702743,0.0,Endesa,66.0,Congested,True
FORMENTE,"Balears, Illes",7024,38.69178994465143,-4.5361931603441255,23.09,Endesa,15.0,Sufficient,False
FORNELLS,Girona,17073,41.94121353109762,2.794664438476,0.0,Endesa,132.0,Congested,True
FRAGA,Huesca,22112,41.5117026188476,0.3218191279725221,0.0,Endesa,110.0,Congested,True
FRANQUESES,Barcelona,8086,41.64259284194187,2.281821042839438,44.05,Endesa,25.0,Sufficient,False
FREGENAL,Badajoz,6050,38.17173559043727,-6.637381700012653,0.0,Endesa,66.0,Congested,True
FRESNO,Cádiz,11008,36.170364725612814,-5.465192689476625,0.0,Endesa,66.0,Congested,True
FUENDETODO,Zaragoza,50114,41.337266812967606,-0.9782221002137934,0.0,Endesa,132.0,Congested,True
FUENFRESCA,Teruel,44216,40.323636028538225,-1.0953531341068372,0.0,Endesa,45.0,Congested,True
FUENGIRO,Málaga,29054,36.55038926771985,-4.6290796996542065,0.0,Endesa,66.0,Congested,True
FUENTEDE,Badajoz,6052,38.255672076660055,-6.298785828480374,0.0,Endesa,66.0,Congested,True
FUENTES,Zaragoza,50115,41.51058066109245,-0.6363861509832931,0.0,Endesa,45.0,Congested,True
FUENTE_R,Sevilla,41038,37.304172823345105,-5.986378220914952,0.0,Endesa,66.0,Congested,True
FUNDICIO,Sevilla,41049,37.515067367911975,-6.081164099516341,0.0,Endesa,132.0,Congested,True
F_MUESTRAS,Zaragoza,50297,41.626213108201114,-0.9810630672229584,0.0,Endesa,45.0,Congested,True
GABIAS,Granada,18905,37.146126914965464,-3.67044329753898,0.0,Endesa,66.0,Congested,True
GALARIN,Huelva,21050,37.29668485627729,-6.827393044404527,0.0,Endesa,66.0,Congested,True
GALLEGO,Zaragoza,50297,41.67742097081792,-0.8490756050478385,0.0,Endesa,45.0,Congested,True
GALLUR,Zaragoza,50118,41.8612653265555,-1.315747821163247,16.1,Endesa,66.0,Sufficient,False
GARGANTA,Tarragona,43152,41.195815144820095,0.6758449509717537,30.85,Endesa,110.0,Sufficient,False
GARRAF,Barcelona,8307,41.255409538703056,1.7199751473671263,202.54,Endesa,110.0,Sufficient,False
GELSA,Zaragoza,50119,41.42750034134211,-0.4645776385738931,0.0,Endesa,45.0,Congested,True
GENILCAB,Córdoba,14056,37.35748364265038,-4.724194143701303,0.0,Endesa,132.0,Congested,True
GEOLIT,Jaén,23061,37.944400795316895,-3.7872813667156304,0.0,Endesa,132.0,Congested,True
GETARES,Cádiz,11004,36.10936973008942,-5.456947128410044,0.0,Endesa,66.0,Congested,True
GIBRLEON,Huelva,21035,37.37339534179654,-6.965356645082587,0.0,Endesa,66.0,Congested,True
GLORIA,Zaragoza,50297,41.66323559188991,-0.8009242191079713,0.0,Endesa,45.0,Congested,True
GRADO1,Huesca,22115,42.153141471638826,0.2331017123637682,0.0,Endesa,66.0,Congested,True
GRADO2,Huesca,22115,42.10470386032083,0.2303073174765615,0.0,Endesa,66.0,Congested,True
GRANADO,Huelva,21037,37.53485333690748,-7.462018886646466,0.0,Endesa,132.0,Congested,True
GRANCAPI,Córdoba,14021,37.88599538449835,-4.7945552349558405,0.0,Endesa,66.0,Congested,True
GRAÑEN,Huesca,22116,41.93122078146186,-0.3886751242411672,0.0,Endesa,45.0,Congested,True
GRELVA,Granada,18087,37.178005723685224,-3.635651953239823,0.0,Endesa,66.0,Congested,True
GRULLAS,Sevilla,41074,37.708658571428984,-5.419071784386053,0.0,Endesa,132.0,Congested,True
GRUPOTEC,Almería,4094,37.0580595451805,-2.247734618727462,0.0,Endesa,132.0,Congested,True
GUADAIRA,Sevilla,41091,37.337686750277754,-5.991769645502296,0.0,Endesa,66.0,Congested,True
GUADALCA,Cádiz,11006,36.66989940997382,-5.792855704617258,0.0,Endesa,66.0,Congested,True
GUADALTE,Málaga,29032,36.93895395753354,-4.795159447908324,0.0,Endesa,66.0,Congested,True
GUADIEL,Jaén,23039,38.15350799765394,-3.716477393687997,0.0,Endesa,132.0,Congested,True
GUADIX,Granada,18089,37.30861768620588,-3.129852339854829,0.0,Endesa,66.0,Congested,True
GUADMENA,Jaén,23081,38.36295347235512,-2.9144761207802308,0.0,Endesa,132.0,Congested,True
GUALCHOS,Granada,18093,36.73844888545713,-3.377332314462715,0.0,Endesa,66.0,Congested,True
GUILLENA,Sevilla,41049,37.636072308862786,-6.097868232367008,0.0,Endesa,132.0,Congested,True
GUIXERES,Barcelona,8015,41.46238561742957,2.2600380442256203,14.33,Endesa,25.0,Sufficient,False
HECHO,Huesca,22901,42.728054175896595,-0.7530367711267297,0.0,Endesa,45.0,Congested,True
HEINEKEN,Sevilla,41091,37.38867989999982,-5.862944999883934,0.0,Endesa,132.0,Congested,True
HERRERA,Palencia,Herrera de Pisuerga,42.59938511274444,-4.3388926696316785,2.0,Viesgo,30.0,Moderate,True
HERRERIAS,Cantabria,Herrerías,43.32964716642192,-4.5066751256828965,1.37,Viesgo,55.0,Moderate,True
HIBERICO,Almería,4032,36.96569976605741,-1.9062403647447876,0.0,Endesa,132.0,Congested,True
HIGUERAL,Zaragoza,50062,41.53551995934507,-0.6817966431739737,0.0,Endesa,45.0,Congested,True
HIJAR,Teruel,44122,41.17221824210077,-0.4183576556878546,0.0,Endesa,132.0,Congested,True
HINOJERA,Cádiz,11027,36.64771935820585,-6.263032714071336,39.64,Endesa,66.0,Sufficient,False
HINOJOSA,Córdoba,14035,38.487668993673125,-5.133206997983983,0.0,Endesa,66.0,Congested,True
HI_VALLE,Badajoz,6068,38.47568103361207,-6.233484565646167,0.0,Endesa,66.0,Congested,True
HORNACHO,Badajoz,6069,38.56231263984018,-6.0810808798807185,0.0,Endesa,66.0,Congested,True
HOSPITALET,Barcelona,8101,41.34650882438666,2.0995815078964637,244.93,Endesa,110.0,Sufficient,False
HOSTAFRANC,Barcelona,8019,41.372688500957494,2.1489230164641344,207.34,Endesa,110.0,Sufficient,False
HUERTFIG,Córdoba,14021,37.8975789308215,-4.8157852063849775,0.0,Endesa,66.0,Congested,True
HUERVA,Zaragoza,50297,41.64819708974379,-0.8725643531727139,0.0,Endesa,45.0,Congested,True
HUESCAR,Granada,18098,37.79786984045915,-2.5432196142798875,0.0,Endesa,66.0,Congested,True
HUESCA_EST,Huesca,22125,42.14870401849251,-0.3939946106765864,0.0,Endesa,45.0,Congested,True
HUESCA_NOR,Huesca,22125,42.14503794123168,-0.4162331294005678,0.0,Endesa,132.0,Congested,True
HUESCA_SUR,Huesca,22125,42.124439217460264,-0.4124461044414756,0.0,Endesa,45.0,Congested,True
HUEVAR,Sevilla,41015,37.36737179835918,-6.243259572221818,0.0,Endesa,66.0,Congested,True
HUMILLAD,Málaga,29055,37.11976753076527,-4.707597114648749,0.0,Endesa,66.0,Congested,True
HUMOSOS,Sevilla,41039,37.5148450450093,-4.99805810315673,0.0,Endesa,66.0,Congested,True
HURONES,Cádiz,11902,36.660737642182745,-5.5616604900176,0.0,Endesa,66.0,Congested,True
HYTASA,Sevilla,41091,37.36682060684062,-5.963846811299409,0.0,Endesa,66.0,Congested,True
H_M_SERVET,Zaragoza,50297,41.6363066780342,-0.8992647242131598,0.0,Endesa,45.0,Congested,True
H_OVERA,Almería,4053,37.370648764286535,-1.9582705992263896,0.0,Endesa,66.0,Congested,True
IBERCAJA,Zaragoza,50297,41.64725371538833,-0.8842978238875419,0.0,Endesa,45.0,Congested,True
ILLUECA,Zaragoza,50126,41.53140254552364,-1.6183476615199144,0.0,Endesa,45.0,Congested,True
ILURO,Barcelona,8121,41.52762473335476,2.423046460867009,224.63,Endesa,110.0,Sufficient,False
INCA,"Balears, Illes",7027,39.71423749954719,-3.0823346484546215,16.47,Endesa,15.0,Sufficient,False
ISLAS,Sevilla,41902,37.16105490483421,-6.141320761976626,20.72,Endesa,66.0,Sufficient,False
ISLAVERD,Cádiz,11004,36.123075606529696,-5.43064267171812,0.0,Endesa,66.0,Congested,True
ISLA_CRI,Huelva,21042,37.25331896510666,-7.305118158409449,5.05,Endesa,66.0,Sufficient,False
ITALICA,Sevilla,41085,37.46406019123162,-6.059604102022986,0.0,Endesa,132.0,Congested,True
IZBOR,Granada,18184,36.84054503215875,-3.5176814212221825,0.0,Endesa,66.0,Congested,True
IZNAJAR,Málaga,29049,37.27449560635717,-4.387095592619742,0.0,Endesa,132.0,Congested,True
IZNALLOZ,Granada,18105,37.38070862029807,-3.5321282708051256,0.0,Endesa,66.0,Congested,True
I_REDOND,Sevilla,41039,37.45800967918704,-4.896060119600004,0.0,Endesa,66.0,Congested,True
JABALCON,Granada,18194,37.58253417790925,-2.833583800665898,0.0,Endesa,132.0,Congested,True
JABARRELLA,Huesca,22072,42.41978356275902,-0.4605471817052778,0.0,Endesa,45.0,Congested,True
JACA_NORTE,Huesca,22130,42.5750675124912,-0.538184705078217,0.0,Endesa,45.0,Congested,True
JACA_SUR,Huesca,22130,42.55984846461011,-0.5560924436294378,0.0,Endesa,132.0,Congested,True
JARALILL,Málaga,29023,36.49364790503964,-5.036712315571131,0.0,Endesa,66.0,Congested,True
JARANDIN,Zaragoza,50297,41.67271416601293,-0.8385786132995414,0.0,Endesa,45.0,Congested,True
JARRIO,Asturias,Navia,43.53853351130896,-6.765902397836758,9.0,Viesgo,132.0,Sufficient,False
JAUJA,Córdoba,14038,37.296051011311896,-4.660293940695657,0.0,Endesa,66.0,Congested,True
JAVIERRELA,Huesca,22072,42.39827957706621,-0.5331106062440085,0.0,Endesa,45.0,Congested,True
JEREZCAB,Badajoz,6070,38.314642987006025,-6.764960250533241,0.0,Endesa,66.0,Congested,True
JEREZFRO,Cádiz,11020,36.68550760042802,-6.12306711093376,0.0,Endesa,66.0,Congested,True
JUDIO,Badajoz,6083,38.89714428146213,-6.28645207968221,0.0,Endesa,132.0,Congested,True
JUIA,Girona,17087,42.02252422668881,2.9006823180977213,0.0,Endesa,132.0,Congested,True
JUNCARIL,Granada,18003,37.23636250102155,-3.647610320767931,0.0,Endesa,66.0,Congested,True
JUNEDA,Lleida,25119,41.53057695949686,0.8282225649536177,0.0,Endesa,25.0,Congested,True
JUSLIBOL,Zaragoza,50297,41.69432231394432,-0.8938117071160148,0.0,Endesa,45.0,Congested,True
KOIPE,Jaén,23005,38.0268401394123,-4.056616219508057,0.0,Endesa,66.0,Congested,True
KWTARIFA,Cádiz,11035,36.04234047393278,-5.563152177064737,0.0,Endesa,66.0,Congested,True
LA CANONJA,Tarragona,La Canonja,41.108521689529795,1.1913902795216649,46.2,Viesgo,25.0,Sufficient,False
LABARCES,Cantabria,Valdáliga,43.323465340389895,-4.382978011621852,0.0,Viesgo,132.0,Congested,True
LAFORTESA,Barcelona,8036,41.739072324929154,1.5256266479287923,0.0,Endesa,110.0,Congested,True
LAFORTUNAD,Huesca,22227,42.54308302955378,0.1978483594109302,0.0,Endesa,132.0,Congested,True
LAGELTRU,Barcelona,8307,41.2287667473691,1.7162777697097389,65.58,Endesa,110.0,Sufficient,False
LAGUNILL,Jaén,23050,37.77943319781003,-3.765599383713192,0.0,Endesa,66.0,Congested,True
LAMINILL,Sevilla,41059,37.32976191232572,-6.061046259156499,17.24,Endesa,66.0,Sufficient,False
LANCHA,Córdoba,14021,37.91677114357696,-4.709978537218523,0.0,Endesa,132.0,Congested,True
LANIPIEL,Huesca,22119,42.00164876610147,-0.7661912977104464,0.0,Endesa,45.0,Congested,True
LANUZA,Huesca,22170,42.72835473008849,-0.3058754049385537,0.0,Endesa,132.0,Congested,True
LANZAS_AGU,Zaragoza,50251,41.86215368123137,-1.6931499419101954,0.0,Endesa,66.0,Congested,True
LASELVA,Tarragona,43145,41.209013806252926,1.1499464383502045,6.97,Endesa,25.0,Sufficient,False
LASMESAS,Cádiz,11033,36.25891317325208,-5.343142758684799,0.0,Endesa,66.0,Congested,True
LASPUÑA,Huesca,22144,42.50498067784801,0.1494516507325232,0.0,Endesa,132.0,Congested,True
LASTANOSA,Huesca,22213,41.85720715103746,-0.0739901102702392,0.0,Endesa,45.0,Congested,True
LAS_HORCAS,Teruel,44013,41.0240919491533,-0.1001130230946107,0.0,Endesa,45.0,Congested,True
LAS_LLAMAS,Cantabria,Santander,43.47508545722454,-3.8006062753443928,4.69,Viesgo,55.0,Moderate,True
LA_ALMUNIA,Zaragoza,50025,41.49129234174166,-1.3588644709369584,0.0,Endesa,132.0,Congested,True
LA_CULTIA,Teruel,44122,41.2083838996496,-0.5083728000275781,0.0,Endesa,10.0,Congested,True
LA_HERMIDA,Cantabria,Peñarrubia,43.25229883728778,-4.608956319059176,3.0,Viesgo,132.0,Moderate,True
LA_HIDRO,Huesca,22072,42.39303663500194,-0.6663559026975149,0.0,Endesa,45.0,Congested,True
LA_JOYOSA,Zaragoza,50132,41.734691764248225,-1.054183005232134,0.0,Endesa,45.0,Congested,True
LA_LOMA,Soria,42134,41.79690588206387,-1.9856214137131964,0.0,Endesa,45.0,Congested,True
LA_LOTETA,Zaragoza,50053,41.82927628570838,-1.311275933123993,15.79,Endesa,66.0,Sufficient,False
LA_MUELA,Zaragoza,50182,41.58669205500024,-1.0921746909813117,0.0,Endesa,45.0,Congested,True
LA_OLLA,Asturias,Mieres,43.07613308401341,-5.765557165138,1.56,Viesgo,30.0,Moderate,True
LA_PAZ,Zaragoza,50297,41.6060051286357,-0.89340811216931,0.0,Endesa,132.0,Congested,True
LA_PEÑA,Huesca,22173,42.38252784294677,-0.6959675554186489,0.0,Endesa,45.0,Congested,True
LA_PUEBLA,Teruel,44191,41.2238146135868,-0.4452251520047561,0.0,Endesa,45.0,Congested,True
LA_RALLA,Zaragoza,50238,42.26961104937625,-0.7591944823164809,0.0,Endesa,132.0,Congested,True
LA_VENERA,Cantabria,Arnuero,43.4713657574006,-3.585499224789731,1.05,Viesgo,55.0,Moderate,True
LA_ZAIDA,Zaragoza,50240,41.320973165075706,-0.4181631896231214,0.0,Endesa,45.0,Congested,True
LEBRIJA,Sevilla,41053,36.96467239705705,-6.068538093998429,0.0,Endesa,66.0,Congested,True
LECERA,Zaragoza,50136,41.197706929854135,-0.7038588385537077,0.0,Endesa,45.0,Congested,True
LECRIN,Granada,18143,36.96248275204064,-3.552665328467741,0.0,Endesa,66.0,Congested,True
LEPE,Huelva,21044,37.25130924960545,-7.2074094922723715,5.16,Endesa,66.0,Sufficient,False
LESCORTS,Barcelona,8019,41.38738641083174,2.137897226952865,106.76,Endesa,110.0,Sufficient,False
LESFONTS,Girona,17185,42.207909775259814,2.5375101840282888,0.0,Endesa,132.0,Congested,True
LINAREJO,Jaén,23055,38.108440574445424,-3.612166628889317,0.0,Endesa,132.0,Congested,True
LINARES,Jaén,23055,38.081619775746994,-3.643350948965377,0.0,Endesa,132.0,Congested,True
LITRA,Jaén,23055,38.05130232479154,-3.591143888222276,0.0,Endesa,132.0,Congested,True
LLANÇA,Girona,17092,42.36284659679024,3.14342106334522,0.0,Endesa,132.0,Congested,True
LLATZER,"Balears, Illes",7040,39.56718710571449,-3.3133136526678193,32.78,Endesa,15.0,Sufficient,False
LLAVORSI,Lleida,25126,42.49626923652271,1.2129768098983382,0.0,Endesa,110.0,Congested,True
LLEIDA,Lleida,25120,41.63191645260647,0.6638666320057935,0.0,Endesa,110.0,Congested,True
LLERENA,Badajoz,6074,38.24203724696057,-6.003169512535795,0.0,Endesa,66.0,Congested,True
LLESP,Lleida,25173,42.45687683054412,0.7618168881621223,0.0,Endesa,132.0,Congested,True
LLINARS,Barcelona,8046,41.63091743095552,2.3707320249883805,136.14,Endesa,132.0,Sufficient,False
LLOBREGAT,Barcelona,8019,41.3360964853874,2.103285195781279,287.06,Endesa,110.0,Sufficient,False
LLORET,Girona,17095,41.72156457565519,2.8631736219555437,0.0,Endesa,110.0,Congested,True
LLORETA,"Balears, Illes",7003,39.81405653125617,-2.9061129082836072,4.44,Endesa,15.0,Moderate,True
LLUCMAJOR,"Balears, Illes",7031,39.49811488117878,-3.0992779311003233,4.58,Endesa,15.0,Moderate,True
LOBON,Badajoz,6072,38.844822033389576,-6.6165644200395235,0.0,Endesa,66.0,Congested,True
LOGISTICA,Zaragoza,50297,41.64819486685203,-0.986182480466469,0.0,Endesa,45.0,Congested,True
LOJA,Granada,18122,37.18229567639034,-4.174393876782802,0.0,Endesa,132.0,Congested,True
LORA,Sevilla,41055,37.663759228851426,-5.535177984228739,0.0,Endesa,66.0,Congested,True
LOSNEGRO,Cádiz,11020,36.66777900586876,-6.133341158607216,0.0,Endesa,66.0,Congested,True
LOSVELEZ,Almería,4099,37.652832970156425,-2.0954495333576686,0.0,Endesa,25.0,Congested,True
LOS_ARCOS,Teruel,44025,41.04329056504937,-0.4785716112022576,0.0,Endesa,132.0,Congested,True
LOS_LEONES,Zaragoza,50297,41.6911688008956,-0.8733435093913564,0.0,Endesa,132.0,Congested,True
LS_RABANOS,Soria,42149,41.70738406345659,-2.4734913768387514,0.0,Endesa,45.0,Congested,True
LS_VIENTOS,Zaragoza,50181,41.49426122161021,-1.1387622638515955,0.0,Endesa,132.0,Congested,True
LS_VILNVAS,Teruel,44171,40.12962466140537,-0.653168293776367,5.99,Endesa,20.0,Sufficient,False
LUCAINEN,Almería,4060,37.0156123248978,-2.17194728528352,0.0,Endesa,132.0,Congested,True
LUCENA,Córdoba,14038,37.425762466029546,-4.479183207453329,0.0,Endesa,132.0,Congested,True
LUDRIO,Lugo,Castro de Rei,43.1284958535147,-7.416742318118776,100.0,Viesgo,132.0,Sufficient,False
L_OPORTUNA,Teruel,44022,41.00668176593868,-0.5073841772726162,0.0,Endesa,132.0,Congested,True
M.FIGUERES,Barcelona,8279,41.55512114173309,2.047642083460211,201.31,Endesa,110.0,Sufficient,False
MACHOS,Huelva,21044,37.31225068999372,-7.2049030174402935,7.84,Endesa,66.0,Sufficient,False
MAGALLON,Zaragoza,50153,41.84637757439353,-1.3788447542204134,15.57,Endesa,66.0,Sufficient,False
MAGRANERS,Lleida,25120,41.61192211818334,0.6679701436675219,0.0,Endesa,132.0,Congested,True
MAJADILL,Cádiz,11020,36.665264460076045,-5.992485681492699,0.0,Endesa,132.0,Congested,True
MALIAÑO,Cantabria,Astillero (El),43.41433025764442,-3.841275771748673,0.0,Viesgo,55.0,Congested,True
MALLORCA,Zaragoza,50297,41.663555744773134,-0.854499521510458,0.0,Endesa,45.0,Congested,True
MALPICA,Zaragoza,50219,41.64617408494327,-0.7668849978931749,0.0,Endesa,132.0,Congested,True
MANACOR,"Balears, Illes",7033,39.57335236126615,-2.8096042967669947,9.68,Endesa,15.0,Sufficient,False
MANANTIA,Málaga,29901,36.629776213721904,-4.510246367002682,0.0,Endesa,66.0,Congested,True
MANCHARE,Jaén,23058,37.7797101004722,-3.623468403233371,0.0,Endesa,66.0,Congested,True
MANILVA,Málaga,29068,36.34570661384866,-5.2680591356558475,0.0,Endesa,66.0,Congested,True
MANRESA,Barcelona,8113,41.732414593982334,1.839313236664875,147.16,Endesa,110.0,Sufficient,False
MARAGALL,Barcelona,8019,41.41687417674286,2.179923914768194,33.41,Endesa,25.0,Sufficient,False
MARBELLA,Málaga,29069,36.517920802217745,-4.894136573183587,0.0,Endesa,66.0,Congested,True
MARCEN,Huesca,22136,41.881992075330594,-0.2854231676866146,0.0,Endesa,132.0,Congested,True
MARCHENA,Sevilla,41060,37.32282363574591,-5.433196693561813,0.0,Endesa,66.0,Congested,True
MARIA_HUER,Zaragoza,50163,41.53459007121851,-1.0029049263499952,0.0,Endesa,45.0,Congested,True
MARISMAS,Sevilla,41020,37.072014620141566,-6.0359350756166545,0.0,Endesa,66.0,Congested,True
MARMOLEJ,Jaén,23059,38.05962142002006,-4.187621972580171,0.0,Endesa,66.0,Congested,True
MARQUESA,Cádiz,11028,36.480002077975016,-6.072067056724834,2.53,Endesa,66.0,Moderate,True
MARRACOS,Zaragoza,50902,42.06276551158513,-0.7730012119994619,0.0,Endesa,45.0,Congested,True
MARRATXI,"Balears, Illes",7036,39.6116771114534,-3.273651787316917,0.0,Endesa,15.0,Congested,True
MARTIN_RIO,Teruel,44144,40.84250318089424,-0.8996764931858019,0.0,Endesa,45.0,Congested,True
MARTORELL,Barcelona,8114,41.47597925218511,1.9072013122158036,0.0,Endesa,110.0,Congested,True
MARTOS,Jaén,23060,37.72793337929196,-3.975807947906513,0.0,Endesa,132.0,Congested,True
MARYSOL,Málaga,29901,36.61295758729472,-4.525735927680028,29.09,Endesa,66.0,Sufficient,False
MATA,Barcelona,8019,41.37407381097915,2.1720922533126235,170.02,Endesa,110.0,Sufficient,False
MATAGORD,Cádiz,11028,36.51530815001341,-6.233893689020034,0.0,Endesa,66.0,Congested,True
MATALASC,Huelva,21005,37.0130755910632,-6.561961292213595,0.0,Endesa,66.0,Congested,True
MATAPORQUERA,Cantabria,Valdeolea,42.87935134033605,-4.159724992868396,2.0,Viesgo,132.0,Moderate,True
MATARO,Barcelona,8121,41.550140518175155,2.4534082220925453,253.57,Endesa,110.0,Sufficient,False
MAZAGON,Huelva,21050,37.14131970181619,-6.813335281833075,0.0,Endesa,66.0,Congested,True
MAZUELAS,Palencia,Aguilar de Campoo,42.78587453079445,-4.281778521312978,2.0,Viesgo,132.0,Moderate,True
MAZUELOS,Jaén,23002,37.44742510204011,-3.8798641799199305,0.0,Endesa,66.0,Congested,True
MECOBUSA,Cantabria,Corrales de Buelna (Los),43.25627743279765,-4.058998222028157,0.0,Viesgo,55.0,Congested,True
MEDIAVEGA,Zaragoza,50067,41.355648713725984,-1.62287526059597,0.0,Endesa,45.0,Congested,True
MEDINA_S,Cádiz,11023,36.4676226911045,-5.9271652053859025,2.51,Endesa,66.0,Moderate,True
MELGAR,Burgos,Melgar de Fernamental,42.40286917692332,-4.230315486487789,0.0,Viesgo,30.0,Congested,True
MENACHA,Cádiz,11004,36.16158585367521,-5.467120621219862,0.0,Endesa,66.0,Congested,True
MENGIBAR,Jaén,23061,37.98525135460804,-3.7920168494540385,0.0,Endesa,132.0,Congested,True
MEQUINENZA,Zaragoza,50165,41.36888011699921,0.277016064846072,0.0,Endesa,66.0,Congested,True
MERCADAL,"Balears, Illes",7037,39.97716870994541,-1.9042733280061723,45.11,Endesa,15.0,Sufficient,False
MERCADONA,Barcelona,8001,41.507787454067255,1.8922681435549875,0.0,Endesa,110.0,Congested,True
MERCANCI,Cádiz,11033,36.235192227688266,-5.429243397885727,0.0,Endesa,66.0,Congested,True
MERIDA,Badajoz,6083,38.89657800658187,-6.341645512977746,0.0,Endesa,132.0,Congested,True
MERUELO,Cantabria,Meruelo,43.431026116511624,-3.6076204280009816,0.67,Viesgo,55.0,Congested,True
MIJAS,Málaga,29070,36.5282824846855,-4.641297963167893,0.0,Endesa,66.0,Congested,True
MILLOR,"Balears, Illes",7051,39.58351842852765,-2.6366425733225123,35.64,Endesa,15.0,Sufficient,False
MIRAFLOR,Málaga,29067,36.72757265098402,-4.359278321051368,19.01,Endesa,66.0,Sufficient,False
MIRAFLORES,Zaragoza,50297,41.64440901832236,-0.8776907077662794,0.0,Endesa,132.0,Congested,True
MOCHOS,Córdoba,14005,37.83509962732231,-4.975758417935953,0.0,Endesa,66.0,Congested,True
MOGENT,Barcelona,8115,41.53638601754077,2.239536810644702,279.02,Endesa,110.0,Sufficient,False
MOGUER,Huelva,21050,37.266237950816524,-6.851315363929687,0.0,Endesa,66.0,Congested,True
MOJA,Barcelona,8145,41.33049756948115,1.6970648807563948,96.5,Endesa,110.0,Sufficient,False
MOJACAR,Almería,4064,37.15403308469455,-1.8353239302294435,0.0,Endesa,132.0,Congested,True
MOLEONA,Huelva,21007,37.87931621265181,-6.5306399721220485,0.0,Endesa,66.0,Congested,True
MOLI,Barcelona,8150,42.07401220092935,2.231595608633579,6.47,Endesa,45.0,Sufficient,False
MOLINES,"Balears, Illes",7040,39.567790015772175,-3.325373199830992,48.68,Endesa,15.0,Sufficient,False
MOLINOS,Almería,4013,36.86294570865759,-2.4375349025259427,0.0,Endesa,132.0,Congested,True
MOLI_MAYOR,Teruel,44013,41.05336447381511,-0.1356034295301741,0.0,Endesa,45.0,Congested,True
MOLLERUSSA,Lleida,25137,41.63244003433177,0.8890465444291968,0.0,Endesa,110.0,Congested,True
MOLLINA,Málaga,29072,37.112573789171094,-4.667310285961959,0.0,Endesa,66.0,Congested,True
MONCAYO,Soria,42134,41.746484777717505,-1.92385102948981,0.0,Endesa,45.0,Congested,True
MONCLOVA,Sevilla,41042,37.55477116092697,-5.330614341205874,0.0,Endesa,66.0,Congested,True
MONDONEDO,Lugo,Mondoñedo,43.43183263273651,-7.366828370240259,68.0,Viesgo,132.0,Sufficient,False
MONEGROS,Huesca,22077,41.50126227616869,0.0088854267875159,0.0,Endesa,110.0,Congested,True
MONISTROL,Barcelona,8127,41.61896659468105,1.8508386779644996,0.0,Endesa,110.0,Congested,True
MONREAL,Teruel,44153,40.77937453298171,-1.343586641721983,0.0,Endesa,45.0,Congested,True
MONREPOS,Huesca,22072,42.34557257924156,-0.3930088039934995,0.0,Endesa,45.0,Congested,True
MONTANYANA,Lleida,25196,42.1222525946529,0.704800355078681,0.0,Endesa,132.0,Congested,True
MONTBLANC,Tarragona,43086,41.39589277120645,1.1344977366675566,3.31,Endesa,25.0,Moderate,True
MONTEALT,Cádiz,11020,36.70731106339008,-6.1379483474603465,0.0,Endesa,66.0,Congested,True
MONTECAS,Cádiz,11020,36.709490174137194,-6.0385220349897555,0.0,Endesa,66.0,Congested,True
MONTES,Málaga,29067,36.74548490182303,-4.388839916928994,50.41,Endesa,66.0,Sufficient,False
MONTILLA,Córdoba,14042,37.60563364194649,-4.676798845509021,0.0,Endesa,66.0,Congested,True
MONTMELO,Barcelona,8135,41.55168794765594,2.2546200390673716,161.84,Endesa,132.0,Sufficient,False
MONTROIG,Lleida,25911,41.74652598401691,1.1904160773214865,0.0,Endesa,110.0,Congested,True
MONTSIA,Tarragona,43156,40.62178024056485,0.3702162602767748,0.0,Endesa,110.0,Congested,True
MONZALBARB,Zaragoza,50297,41.69193262231602,-0.9715548993829796,0.0,Endesa,45.0,Congested,True
MONZON,Huesca,22158,41.93330247285476,0.1750287251856883,0.0,Endesa,132.0,Congested,True
MORATA,Zaragoza,50175,41.47240856266596,-1.4870198597649464,0.0,Endesa,45.0,Congested,True
MORATALL,Córdoba,14036,37.78976275159853,-5.205256048590219,0.0,Endesa,132.0,Congested,True
MOREDA,Asturias,Aller,43.166402893565305,-5.736330313280453,1.56,Viesgo,30.0,Moderate,True
MORERA,Sevilla,41095,37.20475170393671,-5.803608830749972,0.0,Endesa,66.0,Congested,True
MORES,Zaragoza,50177,41.48472834639171,-1.5682432702190423,0.0,Endesa,45.0,Congested,True
MORON,Sevilla,41065,37.132762826125905,-5.457596910461999,0.0,Endesa,66.0,Congested,True
MOTORS,Barcelona,8019,41.34538354101946,2.130295291825662,52.9,Endesa,25.0,Sufficient,False
MOTRIL,Granada,18140,36.7322177236468,-3.541857625854302,0.0,Endesa,132.0,Congested,True
MUEL,Zaragoza,50181,41.46733984515291,-1.0914818414091263,0.0,Endesa,45.0,Congested,True
MV_KANSA,Sevilla,41091,37.39591761617759,-5.959357798258115,0.0,Endesa,20.0,Congested,True
M_CUDEYO,Cantabria,Entrambasaguas,43.3980040908189,-3.7426326156360874,0.53,Viesgo,55.0,Congested,True
NARANJOS,Almería,4024,36.93273448037106,-2.4727632472578422,0.0,Endesa,132.0,Congested,True
NAVALCABAL,Soria,42149,41.680856569987995,-2.5258053874110975,0.0,Endesa,45.0,Congested,True
NENERNOV,Huelva,21010,37.24608817668784,-7.41033312041677,5.05,Endesa,66.0,Sufficient,False
NERJA,Málaga,29075,36.764300253231625,-3.875641156095012,28.7,Endesa,132.0,Sufficient,False
NERVION,Sevilla,41091,37.37640696281267,-5.960036411932545,0.0,Endesa,66.0,Congested,True
NEVERO,Badajoz,6015,38.88914983810564,-6.992031007081846,0.0,Endesa,66.0,Congested,True
NIEBLA,Huelva,21053,37.3578405179349,-6.667190559081986,0.0,Endesa,66.0,Congested,True
NOVALLAS,Zaragoza,50190,41.953171467768165,-1.69461101773541,0.0,Endesa,66.0,Congested,True
NUEVANDA,Málaga,29069,36.4983657443368,-4.970158119885569,0.0,Endesa,66.0,Congested,True
NUEVCHOR,Málaga,29012,36.914993958009426,-4.771228320698397,0.0,Endesa,66.0,Congested,True
NUEVROND,Málaga,29084,36.74692263647541,-5.139042161334681,10.5,Endesa,66.0,Sufficient,False
NUEZ,Zaragoza,50017,41.594125190735745,-0.6717262127255464,0.0,Endesa,45.0,Congested,True
NUREDDUNA,"Balears, Illes",7040,39.57235651511061,-3.3416658087745863,48.3,Endesa,15.0,Sufficient,False
N_CORRAL,Huelva,21002,37.290217511305634,-6.988807179149099,7.49,Endesa,66.0,Sufficient,False
N_MONTAÑA,Cantabria,Camargo,43.43738771348152,-3.84250090381858,1.22,Viesgo,55.0,Moderate,True
ODIEL,Huelva,21041,37.32098925595916,-6.942321374487209,10.79,Endesa,66.0,Sufficient,False
OJEDO,Cantabria,Cillorigo de Liébana,43.16482918417332,-4.608929107027174,0.06,Viesgo,30.0,Congested,True
OLIANA,Lleida,25165,42.092164973850345,1.29393656183496,0.0,Endesa,110.0,Congested,True
OLIVARES,Jaén,23050,37.7991695688096,-3.8012548984770023,0.0,Endesa,132.0,Congested,True
OLIVENZA,Badajoz,6095,38.69229756215714,-7.100782616681911,0.0,Endesa,66.0,Congested,True
OLIVERA,Zaragoza,50297,41.64071518645578,-0.8562378501197688,0.0,Endesa,45.0,Congested,True
OLOT,Girona,17114,42.19051571409645,2.4910713041056227,92.56,Endesa,132.0,Sufficient,False
OLVEGA,Soria,42134,41.782752357341664,-1.9990623195411796,0.0,Endesa,45.0,Congested,True
OLVERA,Cádiz,11024,36.93290254930593,-5.238190764118333,0.0,Endesa,66.0,Congested,True
OMS,"Balears, Illes",7040,39.53751100779901,-3.2658266674368353,1.42,Endesa,15.0,Moderate,True
ONCALA,Soria,42135,41.96316257604417,-2.2468276367141344,0.0,Endesa,30.0,Congested,True
ONUBA,Huelva,21041,37.300026138572136,-6.925235452452688,11.56,Endesa,66.0,Sufficient,False
ORELLANA,Badajoz,6097,38.98558988954094,-5.539551565283582,0.0,Endesa,132.0,Congested,True
ORGIVA,Granada,18147,36.89484652274965,-3.4211474847507426,0.0,Endesa,132.0,Congested,True
OROMANA,Sevilla,41004,37.32389810702535,-5.8751444085380315,0.0,Endesa,132.0,Congested,True
OSARIO,Sevilla,41091,37.39432342361351,-5.982806015454575,0.0,Endesa,66.0,Congested,True
OSONA,Barcelona,8298,41.93547017578938,2.2491487278704456,0.0,Endesa,110.0,Congested,True
OSORNO,Palencia,Osorno la Mayor,42.40988091074237,-4.367424839172612,0.12,Viesgo,132.0,Congested,True
OSUNA,Sevilla,41068,37.2303964012776,-5.1156898899374115,0.0,Endesa,66.0,Congested,True
OTURA,Granada,18149,37.08612019691649,-3.6190885184518784,0.0,Endesa,66.0,Congested,True
OUTOKUMP,Córdoba,14021,37.87845006281171,-4.81127114781729,0.0,Endesa,66.0,Congested,True
OXIGENO,Cádiz,11033,36.20473596788429,-5.412986727307139,0.0,Endesa,66.0,Congested,True
P.ESTANY,Girona,17123,42.04457773751083,2.8220956430282738,0.0,Endesa,110.0,Congested,True
P.NOVA,"Balears, Illes",7011,39.514805822657294,-3.4665388068876015,90.32,Endesa,15.0,Sufficient,False
P.TARAZONA,Zaragoza,50122,41.886229222076096,-1.7068790245602146,0.0,Endesa,66.0,Congested,True
PABELLON,Córdoba,14018,37.96470333428362,-4.485858366396844,0.0,Endesa,132.0,Congested,True
PALACIOS,Sevilla,41069,37.11757158479256,-5.882757241120127,0.0,Endesa,132.0,Congested,True
PALAU,Barcelona,8156,41.567909663573104,2.18581420158354,60.9,Endesa,25.0,Sufficient,False
PALILLOS,Sevilla,41004,37.37518308287872,-5.8710780206821065,0.0,Endesa,66.0,Congested,True
PALMACON,Huelva,21054,37.38032258290287,-6.550555228583264,0.0,Endesa,66.0,Congested,True
PALMALTA,Sevilla,41091,37.34013916797205,-5.984616497290184,0.0,Endesa,66.0,Congested,True
PALMARIO,Córdoba,14036,37.740755511434905,-5.287141107170311,0.0,Endesa,66.0,Congested,True
PALMERA,Sevilla,41091,37.35607447747375,-5.968291609842285,0.0,Endesa,66.0,Congested,True
PALOMARE,Sevilla,41070,37.31290643275627,-6.048952349389315,19.57,Endesa,66.0,Sufficient,False
PALOMAS,Córdoba,14038,37.3921849410234,-4.514499198240141,0.0,Endesa,66.0,Congested,True
PAMPANEI,Granada,18151,36.94173011030813,-3.362373879058737,0.0,Endesa,66.0,Congested,True
PARACUEL,Zaragoza,50201,41.3177214113548,-1.6216076007541318,0.0,Endesa,132.0,Congested,True
PARAISO,Málaga,29051,36.46473203145509,-5.061659103533111,0.0,Endesa,66.0,Congested,True
PAREDONE,Málaga,29012,36.86102654647623,-4.719138706355022,0.0,Endesa,66.0,Congested,True
PARQ_AER,Sevilla,41081,37.43817469226337,-5.85631268409405,0.0,Endesa,132.0,Congested,True
PARQ_SUR,Badajoz,6083,38.84289084403163,-6.3614307227967855,0.0,Endesa,66.0,Congested,True
PATAMULO,Córdoba,14056,37.452126148793745,-4.81477331272535,0.0,Endesa,132.0,Congested,True
PEAN,Teruel,44025,40.99303037531384,-0.396411311149634,0.0,Endesa,132.0,Congested,True
PEDROMAR,Jaén,23009,37.91048540257351,-3.4126897139868695,0.0,Endesa,132.0,Congested,True
PENAGOS,Cantabria,Penagos,43.34715872998099,-3.824621080338161,0.0,Viesgo,55.0,Congested,True
PENARROY,Córdoba,14052,38.29462635565796,-5.276228765260686,0.0,Endesa,66.0,Congested,True
PENEDES,Barcelona,8305,41.36443601582448,1.708260314804479,10.07,Endesa,25.0,Sufficient,False
PENITENTS,Barcelona,8019,41.42230882688162,2.1378049348657915,106.54,Endesa,110.0,Sufficient,False
PERAFORT,Tarragona,43103,41.19451448596568,1.248477470419288,75.96,Endesa,66.0,Sufficient,False
PERALTA,Huesca,22174,41.941416368049275,-0.0680761686085865,0.0,Endesa,45.0,Congested,True
PERARRUA,Huesca,22117,42.22922846242131,0.3573499190756715,0.0,Endesa,110.0,Congested,True
PERCHEL,Málaga,29067,36.719069398434485,-4.428188296950305,75.04,Endesa,66.0,Sufficient,False
PERELLO,Tarragona,43104,40.896545459531545,0.6813556269610592,0.0,Endesa,110.0,Congested,True
PERTUSA,Huesca,22178,42.00581561893492,-0.1122015021519425,0.0,Endesa,45.0,Congested,True
PESUR,Cádiz,11035,36.06217914820515,-5.5881697676075355,0.0,Endesa,66.0,Congested,True
PETRA,Granada,18188,37.23315770880605,-4.016772670096709,0.0,Endesa,132.0,Congested,True
PEÑA BEJO,Cantabria,Tudanca,43.14930238147514,-4.378097250597044,0.91,Viesgo,55.0,Congested,True
PEÑAFLOR,Zaragoza,50903,41.72207237704718,-0.7418703480334942,0.0,Endesa,132.0,Congested,True
PI.ANDORRA,Teruel,44025,40.98569661782038,-0.4494706624744385,0.0,Endesa,45.0,Congested,True
PICAFORT,"Balears, Illes",7055,39.74741525280306,-2.8439896100722,5.36,Endesa,15.0,Sufficient,False
PICO GALLO,Asturias,Tineo,43.38946014725217,-6.395436255387689,35.0,Viesgo,132.0,Sufficient,False
PIEROLA,Barcelona,8162,41.523130144436,1.8296585114212292,0.0,Endesa,110.0,Congested,True
PILAS,Sevilla,41075,37.2945911786787,-6.308228025655038,0.0,Endesa,66.0,Congested,True
PINA,Zaragoza,50208,41.49729737745803,-0.5126231338734185,0.0,Endesa,45.0,Congested,True
PINARREY,Cádiz,11033,36.2481494607003,-5.412579495161303,0.0,Endesa,66.0,Congested,True
PINTADO,Sevilla,41032,37.916249297102375,-5.9306587719784645,0.0,Endesa,132.0,Congested,True
PIPACES,Almería,4066,36.915143764651695,-2.160294717836191,0.0,Endesa,132.0,Congested,True
PITARCO,Zaragoza,50181,41.48315316476896,-1.1053123784815726,0.0,Endesa,132.0,Congested,True
PI_EPILA,Zaragoza,50099,41.59297273611809,-1.2698677123117792,0.0,Endesa,45.0,Congested,True
PI_FUENTES,Zaragoza,50115,41.50659004400178,-0.6038162314895492,0.0,Endesa,45.0,Congested,True
PLASENCIA,Zaragoza,50211,41.68865158474936,-1.2349625561280662,0.0,Endesa,45.0,Congested,True
PLATEA,Teruel,44216,40.37597527699956,-1.160066848456821,0.0,Endesa,132.0,Congested,True
PLATERO,Cádiz,11027,36.607683853006975,-6.249305804466627,0.0,Endesa,66.0,Congested,True
PLAYA_SE,Almería,4079,36.72612214737763,-2.6405456321068663,0.0,Endesa,66.0,Congested,True
PLAZA,Zaragoza,50297,41.629983864538296,-0.9973770750956248,0.0,Endesa,132.0,Congested,True
PLFRAGA,Huesca,22112,41.53386234097363,0.3963415388943496,0.0,Endesa,110.0,Congested,True
PLHUS,Huesca,22125,42.10287468447452,-0.4549488249185146,0.0,Endesa,132.0,Congested,True
PMARTINE,Granada,18152,37.50339072911988,-3.2349500679130623,0.0,Endesa,66.0,Congested,True
POBLA,"Balears, Illes",7044,39.763403056189624,-2.9682965938215875,0.0,Endesa,110.0,Congested,True
POLA_LENA,Asturias,Lena,43.14512103383508,-5.824726831183285,1.56,Viesgo,30.0,Moderate,True
POLIENTES,Cantabria,Valderredible,42.80456344404091,-3.948290570127147,0.31,Viesgo,30.0,Congested,True
POLIGON,"Balears, Illes",7040,39.60848991218371,-3.3407966906731508,50.5,Endesa,15.0,Sufficient,False
POLIGONO,Málaga,29067,36.69464191075711,-4.466399968848574,79.66,Endesa,66.0,Sufficient,False
POLIGONO DE BAIÑA,Asturias,Mieres,43.27468740852625,-5.8247012197142976,1.99,Viesgo,132.0,Moderate,True
POLLENSA,"Balears, Illes",7042,39.8844447611061,-2.9437408426850373,20.24,Endesa,15.0,Sufficient,False
POLO,Sevilla,41004,37.35665986363545,-5.86437962844594,0.0,Endesa,66.0,Congested,True
PONIENTE,Córdoba,14021,37.88663782603854,-4.809189033404294,0.0,Endesa,66.0,Congested,True
PONT,Lleida,25173,42.40337041633419,0.7389309227105909,0.0,Endesa,132.0,Congested,True
PONTS,Lleida,25042,41.92781954705228,1.197055465783016,0.0,Endesa,110.0,Congested,True
PORTILLADA,Zaragoza,50182,41.59198731823682,-1.1575448709355116,0.0,Endesa,132.0,Congested,True
PORTILLO,Almería,4035,37.26383022673781,-1.7963856273868617,0.0,Endesa,132.0,Congested,True
PORTO,Zamora,49162,42.1528973871191,-6.910235490302561,0.0,Endesa,50.0,Congested,True
PORZUN,Asturias,Vegadeo,43.462030530248406,-7.0219008848494,11.0,Viesgo,132.0,Sufficient,False
POSADAS,Córdoba,14053,37.807913828949026,-5.099916405840442,0.0,Endesa,132.0,Congested,True
PRADELL,Tarragona,43115,41.14219480081286,0.8882690193654231,32.38,Endesa,110.0,Sufficient,False
PRADILLO,Zaragoza,50204,41.73622832320047,-1.1893092855634533,0.0,Endesa,45.0,Congested,True
PRADO,Badajoz,6083,38.91480703655572,-6.387124482301,0.0,Endesa,66.0,Congested,True
PRADOLLA,Granada,18134,37.09449735730301,-3.4014656348391896,0.0,Endesa,66.0,Congested,True
PRAT,"Balears, Illes",7026,38.91725242778878,-4.56902988051779,123.38,Endesa,110.0,Sufficient,False
PRESUR,Huelva,21016,37.952944133831295,-6.353367323418699,0.0,Endesa,66.0,Congested,True
PRIEGO,Córdoba,14055,37.43308604853506,-4.194490437036844,0.0,Endesa,66.0,Congested,True
PROCERAN,Córdoba,14002,37.457590778974385,-4.699490273337787,0.0,Endesa,66.0,Congested,True
PROSERPI,Badajoz,6083,38.93659727965144,-6.346930154501426,0.0,Endesa,66.0,Congested,True
PRYDES,Zaragoza,50297,41.58965299168051,-0.7935865699307475,0.0,Endesa,45.0,Congested,True
PTA_MADR,Jaén,23005,38.04341224961653,-4.041582631474772,0.0,Endesa,66.0,Congested,True
PTE_ESUR,Huelva,21010,37.25736707786251,-7.410792796375785,5.04,Endesa,66.0,Sufficient,False
PTE_NUEV,Córdoba,14026,38.11081019212601,-4.932094016800902,0.0,Endesa,132.0,Congested,True
PTE_OBIS,Jaén,23009,37.937791577293325,-3.5307303997773665,0.0,Endesa,132.0,Congested,True
PTOLLANO,Ciudad Real,13071,38.648884887796505,-4.123283845885603,0.0,Endesa,132.0,Congested,True
PTO_PENA,Badajoz,6127,39.143035019278535,-5.183037735518312,0.0,Endesa,132.0,Congested,True
PTO_REAL,Cádiz,11028,36.518484215470146,-6.155865373059894,0.0,Endesa,132.0,Congested,True
PTO_SECO,Málaga,29015,37.05000771222624,-4.709931182645482,0.0,Endesa,66.0,Congested,True
PTO_SMAR,Cádiz,11027,36.670557827294466,-6.300936805475945,38.11,Endesa,66.0,Sufficient,False
PT_SANTANDER,Cantabria,Santander,43.45008186493701,-3.878653479109633,2.17,Viesgo,55.0,Moderate,True
PUEBLA,Badajoz,6008,38.363105757996934,-6.455071896383504,0.0,Endesa,66.0,Congested,True
PUEBLA_VAL,Teruel,44192,40.218233516947215,-0.9242987288707176,0.0,Endesa,132.0,Congested,True
PUENTE_G,Jaén,23071,38.360926757961906,-2.852293878893876,0.0,Endesa,132.0,Congested,True
PUERTO,Cantabria,Santander,43.44057944708737,-3.832955955303744,2.2,Viesgo,55.0,Moderate,True
PUEYO,Huesca,22170,42.728720186071726,-0.3056477870422078,0.0,Endesa,66.0,Congested,True
PUIGPELAT,Tarragona,43119,41.28336583637539,1.2911742299405535,0.0,Endesa,25.0,Congested,True
PUILATOS,Zaragoza,50298,41.95146368809806,-0.7044283061383293,0.0,Endesa,45.0,Congested,True
PULIANAS,Granada,18165,37.21700993349973,-3.61042657318483,0.0,Endesa,66.0,Congested,True
PZ_ALCON,Jaén,23070,37.69381619620659,-2.9526736892189325,0.0,Endesa,132.0,Congested,True
P_ESCANDON,Teruel,44192,40.288889276632446,-0.9805302417731224,0.0,Endesa,132.0,Congested,True
QUESADA,Jaén,23073,37.863154551813594,-3.085820371876419,0.0,Endesa,132.0,Congested,True
QUINTO,Zaragoza,50222,41.406086219098896,-0.4822903481241967,0.0,Endesa,45.0,Congested,True
QUINTOS,Sevilla,41091,37.3501683807796,-5.95196681990591,0.0,Endesa,66.0,Congested,True
R.BUBIERCA,Zaragoza,50058,41.317313571825544,-1.8553018031465969,0.0,Endesa,45.0,Congested,True
R.CALDES,Barcelona,8167,41.54879495728754,2.172782122366108,90.97,Endesa,110.0,Sufficient,False
RAFAL,"Balears, Illes",7040,39.59137599242862,-3.3673582150175148,67.7,Endesa,15.0,Sufficient,False
RAIMAT,Lleida,25120,41.684695213368784,0.475441655069435,0.0,Endesa,66.0,Congested,True
RAMALES,Cantabria,Ramales de la Victoria,43.26160378390822,-3.4688069771802628,0.85,Viesgo,55.0,Congested,True
RAMOS,Málaga,29067,36.729086778194144,-4.472367061470242,170.54,Endesa,132.0,Sufficient,False
RASTRO,Sevilla,41091,37.384102631766744,-5.984870864120655,0.0,Endesa,66.0,Congested,True
REINOSA,Cantabria,Reinosa,42.98812977043955,-4.142533605597044,0.0,Viesgo,132.0,Congested,True
REMCAUDA,Cádiz,11032,36.749171036023235,-6.340092896557408,19.23,Endesa,66.0,Sufficient,False
REMEDIOS,Sevilla,41091,37.37862506508883,-6.013805008175111,0.0,Endesa,66.0,Congested,True
REN.F.MUES,Zaragoza,50297,41.62495831855779,-0.9900905294698326,0.0,Endesa,45.0,Congested,True
RENEDO,Cantabria,Piélagos,43.35937144821187,-3.956452485403511,0.53,Viesgo,55.0,Congested,True
REOCIN,Cantabria,Reocín,43.33558196924087,-4.0992841052655296,3.37,Viesgo,55.0,Moderate,True
REPILADO,Huelva,21043,37.928877755471696,-6.77473242195127,0.0,Endesa,66.0,Congested,True
REPSOL,Tarragona,43109,41.17568392316179,1.22847002226235,75.16,Endesa,66.0,Sufficient,False
REUS,Tarragona,43123,41.1679031186239,1.1064946262343949,72.57,Endesa,110.0,Sufficient,False
RIALB,Lleida,25222,41.93980125740137,1.1954189132977686,0.0,Endesa,110.0,Congested,True
RIAÑO,Cantabria,Santillana del Mar,43.3681255485032,-4.052803601903364,0.53,Viesgo,55.0,Congested,True
RIBADEO,Lugo,Ribadeo,43.535338017261985,-7.073352474147607,19.0,Viesgo,132.0,Sufficient,False
RIBARROJA,Tarragona,43125,41.24230532203988,0.4310061600341911,2.44,Endesa,25.0,Moderate,True
RINCONAD,Sevilla,41081,37.472974114689826,-5.950170873240253,0.0,Endesa,132.0,Congested,True
RINCO_V,Málaga,29082,36.721043915115445,-4.247579573519368,24.02,Endesa,132.0,Sufficient,False
RIOCAYA,Badajoz,6015,38.917091333516794,-7.003591204264671,0.0,Endesa,66.0,Congested,True
RIOEBRO,Zaragoza,50297,41.668854795671024,-0.9081190107337312,0.0,Endesa,45.0,Congested,True
RIONARCE,Badajoz,6085,37.96699594369266,-6.180701938359711,0.0,Endesa,66.0,Congested,True
RIPOLL,Girona,17147,42.21181103078665,2.202901548113941,63.94,Endesa,132.0,Sufficient,False
RIVERO,Córdoba,14053,37.80244880008452,-5.14178518243624,0.0,Endesa,132.0,Congested,True
ROBRES,Huesca,22197,41.839363229854634,-0.4629349634153425,0.0,Endesa,132.0,Congested,True
ROCA,Barcelona,8181,41.58750657962512,2.320090552078725,225.87,Endesa,132.0,Sufficient,False
ROCIO,Huelva,21005,37.14422689135571,-6.493461808828363,0.0,Endesa,66.0,Congested,True
RODAANDA,Sevilla,41082,37.20967220703635,-4.774218417301109,0.0,Endesa,66.0,Congested,True
ROMAREDA,Zaragoza,50297,41.63661214873176,-0.9070065210793584,0.0,Endesa,45.0,Congested,True
ROMERAL,Sevilla,41024,37.507363460083674,-5.65377589126249,0.0,Endesa,66.0,Congested,True
ROMERALE,Huelva,21041,37.26755297469334,-6.918630286085577,0.0,Endesa,66.0,Congested,True
RONCAL,Navarra,31210,42.79411618914589,-0.9594893701408176,0.0,Endesa,45.0,Congested,True
RONDA,Málaga,29084,36.74261866205507,-5.170590367668337,10.45,Endesa,66.0,Sufficient,False
ROTA,Cádiz,11030,36.67762797561624,-6.399873107730447,42.46,Endesa,66.0,Sufficient,False
ROURELL,Barcelona,8307,41.25294971152066,1.722126106744281,202.53,Endesa,110.0,Sufficient,False
ROZADIO,Cantabria,Rionansa,43.222669914368346,-4.386250230796604,0.0,Viesgo,55.0,Congested,True
RUBI,Barcelona,8184,41.47341031196782,2.009925811066631,73.31,Endesa,66.0,Sufficient,False
RUTPLATA,Sevilla,41049,37.55245799625495,-6.0872404947933205,0.0,Endesa,132.0,Congested,True
R_LUCENI,Zaragoza,50147,41.82664465747993,-1.246012228041976,0.0,Endesa,45.0,Congested,True
R_MARCEN,Huesca,22136,41.88158120464971,-0.2830168910722498,0.0,Endesa,45.0,Congested,True
R_MONTORO,Teruel,44013,40.99863222364704,-0.2082460931530936,0.0,Endesa,45.0,Congested,True
R_TARDIENT,Huesca,22226,41.97697011453763,-0.541358628453623,0.0,Endesa,45.0,Congested,True
S.AGUSTIN,Ourense,32086,42.1534972732552,-7.06286961054324,0.0,Endesa,50.0,Congested,True
S.ANA,Huesca,22089,41.881914920577195,0.5805304893421586,0.0,Endesa,132.0,Congested,True
S.ANDREU,Barcelona,8019,41.446475186139985,2.1895794318766786,299.37,Endesa,110.0,Sufficient,False
S.ANTONI,"Balears, Illes",7046,38.95733406275264,-4.663578955478635,85.97,Endesa,15.0,Sufficient,False
S.BOI,Barcelona,8200,41.335969467883615,2.04074581918596,382.76,Endesa,110.0,Sufficient,False
S.C.OLORDE,Barcelona,8019,41.416489562448234,2.059902925833088,33.62,Endesa,25.0,Sufficient,False
S.CECILIA,Barcelona,8243,41.995167122383286,2.230542920266693,63.27,Endesa,132.0,Sufficient,False
S.CELONI,Barcelona,8202,41.7065371429841,2.4708713904924093,70.04,Endesa,110.0,Sufficient,False
S.COLOMA,Barcelona,8245,41.460096415614494,2.191210557460139,180.18,Endesa,132.0,Sufficient,False
S.CUGAT,Barcelona,8205,41.48693146298175,2.0764603536552313,61.42,Endesa,25.0,Sufficient,False
S.EULALIA,"Balears, Illes",7050,39.0064423054757,-4.509434936701167,84.5,Endesa,15.0,Sufficient,False
S.FELIU,Barcelona,8211,41.39584893501161,2.035456873547517,61.7,Endesa,66.0,Sufficient,False
S.FOST,Barcelona,8209,41.51184441147854,2.2181965658777947,351.03,Endesa,110.0,Sufficient,False
S.HILARI,Girona,17164,41.88065772767761,2.4958348214292565,0.0,Endesa,110.0,Congested,True
S.JOAN.DES,Barcelona,8217,41.3638165641912,2.06615769792007,126.28,Endesa,110.0,Sufficient,False
S.JORGE,"Balears, Illes",7048,38.90472804337929,-4.622021168806401,52.36,Endesa,15.0,Sufficient,False
S.JUAN,"Balears, Illes",7040,39.54732032022576,-3.298336292413388,31.53,Endesa,15.0,Sufficient,False
S.JUST,Barcelona,8221,41.392210455547186,2.0794854930077133,94.61,Endesa,66.0,Sufficient,False
S.LLOGAIA,Girona,17182,42.230374457168914,2.9468089387238687,0.0,Endesa,132.0,Congested,True
S.LLORENÇ,Lleida,25062,41.853646745695336,0.835286639407826,0.0,Endesa,110.0,Congested,True
S.MARGARID,Barcelona,8250,41.55474903478243,1.5977900275408403,0.0,Endesa,110.0,Congested,True
S.MARIA,"Balears, Illes",7056,39.65327909030919,-3.1940356946823116,0.0,Endesa,15.0,Congested,True
S.MARINA,León,24169,42.67004759314115,-6.513070652624678,0.0,Endesa,132.0,Congested,True
S.MARTI,Barcelona,8019,41.42717039915206,2.1993533852837075,130.33,Endesa,66.0,Sufficient,False
S.MATEU,Barcelona,8230,41.5169118082978,2.3347090439204856,246.08,Endesa,110.0,Sufficient,False
S.MAURICI,Lleida,25082,42.57944066667716,1.0835448454456396,0.0,Endesa,110.0,Congested,True
S.PERE.RIB,Barcelona,8231,41.26000437814023,1.749136784454371,104.01,Endesa,110.0,Sufficient,False
S.SEBAS,Ourense,32086,42.12610051811308,-6.98506273474166,0.0,Endesa,50.0,Congested,True
S.SUSANNA,Barcelona,8261,41.648756849121405,2.696744132633337,168.23,Endesa,110.0,Sufficient,False
SABADELL,Barcelona,8187,41.5628314717599,2.1004615921463574,119.42,Endesa,110.0,Sufficient,False
SABIÑANIGO,Huesca,22199,42.51681749527764,-0.3580144357803756,0.0,Endesa,132.0,Congested,True
SADABA,Zaragoza,50230,42.27073113082032,-1.271045905674888,0.0,Endesa,66.0,Congested,True
SAGUNTO,Zaragoza,50297,41.62998320296776,-0.8789584649988322,0.0,Endesa,45.0,Congested,True
SAICA_I,Zaragoza,50297,41.67007459448179,-0.8678409230400014,0.0,Endesa,45.0,Congested,True
SALINAS,Cádiz,11027,36.60229995659419,-6.188494193965341,0.0,Endesa,66.0,Congested,True
SALLENT,Huesca,22204,42.77060220439714,-0.3337306373505184,45.09,Endesa,132.0,Sufficient,False
SALT,Girona,17155,41.96944191419653,2.8012501567905033,156.71,Endesa,132.0,Sufficient,False
SALTERAS,Sevilla,41085,37.45137824498608,-6.122642670331586,0.0,Endesa,66.0,Congested,True
SANJORGE,Badajoz,6054,38.491623308218834,-6.393836087102391,0.0,Endesa,66.0,Congested,True
SANLUC_M,Sevilla,41087,37.39244963123436,-6.205074438266674,0.0,Endesa,66.0,Congested,True
SANTANYI,"Balears, Illes",7057,39.36714285348734,-2.882232323814082,2.78,Endesa,15.0,Moderate,True
SANTA_CRUZ,Asturias,Mieres,43.197773344950605,-5.7820661449149275,1.56,Viesgo,132.0,Moderate,True
SANTA_FE,Granada,18175,37.183609741918296,-3.737649600820965,0.0,Endesa,66.0,Congested,True
SANTIPON,Sevilla,41096,37.425394536500306,-6.039310937020075,0.0,Endesa,132.0,Congested,True
SANTS,Barcelona,8101,41.36849802493516,2.122872976819953,461.46,Endesa,110.0,Sufficient,False
SANTUARI,Córdoba,14021,37.88026499878424,-4.7546924850679355,0.0,Endesa,66.0,Congested,True
SANZO,Asturias,Grandas de Salime,43.24278806530242,-6.854656719457873,100.0,Viesgo,132.0,Sufficient,False
SAN_BRUNO,Zaragoza,50297,41.5736337239345,-0.8336524219779554,0.0,Endesa,45.0,Congested,True
SAN_CIBRAO,Lugo,Lugo,43.01701407466055,-7.517322864285223,16.5,Viesgo,132.0,Sufficient,False
SAN_LUIS,Asturias,Illano,43.42320400602382,-6.820977619413559,7.5,Viesgo,30.0,Sufficient,False
SAN_MATEO,Zaragoza,50235,41.816039733445,-0.7739754230834008,0.0,Endesa,45.0,Congested,True
SAN_MIGUEL,Cantabria,Torrelavega,43.35740689918699,-4.077528424726917,0.0,Viesgo,132.0,Congested,True
SARIÑENA,Huesca,22213,41.82136620796183,-0.1869626790087629,0.0,Endesa,45.0,Congested,True
SARVISE,Huesca,22069,42.56975824085536,-0.1183153727937608,0.0,Endesa,45.0,Congested,True
SASO_PLANO,Huesca,22904,42.17923246468723,-0.496147666226427,0.0,Endesa,132.0,Congested,True
SASTAGO,Zaragoza,50240,41.317218480104934,-0.3641311645408504,0.0,Endesa,110.0,Congested,True
SAU,Barcelona,8303,41.967668638134626,2.4144079801150617,0.0,Endesa,110.0,Congested,True
SAUGUSTO,Málaga,29090,36.70410612523905,-4.88455471310079,12.55,Endesa,66.0,Sufficient,False
SEC.AZUARA,Zaragoza,50039,41.298091110572635,-0.9037473124898416,0.0,Endesa,132.0,Congested,True
SECUNDAR,Málaga,29067,36.71878308859076,-4.440158378246051,135.83,Endesa,66.0,Sufficient,False
SEC_CABLEN,Zaragoza,50297,41.65415899607991,-0.7773726058240922,0.0,Endesa,45.0,Congested,True
SEC_EPILA,Zaragoza,50099,41.55353097061587,-1.2011720658034302,0.0,Endesa,45.0,Congested,True
SEC_PELP,Sevilla,41053,36.87265278529651,-5.948696027272332,0.0,Endesa,132.0,Congested,True
SEC_SABIÑA,Huesca,22199,42.48283352160342,-0.3772926534987112,0.0,Endesa,45.0,Congested,True
SEGRIA,Lleida,25053,41.69507867032588,0.6149857678225109,0.0,Endesa,110.0,Congested,True
SEIRA,Huesca,22215,42.47810969452803,0.4361935092235441,0.0,Endesa,110.0,Congested,True
SELGUA,Huesca,22158,41.93524113111114,0.1203266118299693,0.0,Endesa,45.0,Congested,True
SENET,Huesca,22157,42.544648389964365,0.7355268322977858,0.0,Endesa,132.0,Congested,True
SENTMENAT,Barcelona,8267,41.61948000367378,2.11163937796121,0.0,Endesa,25.0,Congested,True
SEO,Barcelona,8114,41.49750078874988,1.9131375427521944,0.0,Endesa,110.0,Congested,True
SERENA,Badajoz,6036,38.91140559790503,-5.416191292699789,0.0,Endesa,132.0,Congested,True
SERINYA,Girona,17190,42.180627358018825,2.738170848916986,0.0,Endesa,132.0,Congested,True
SERON,Almería,4083,37.417122295318386,-2.5663254369858404,0.0,Endesa,132.0,Congested,True
SEROS,Lleida,25038,41.46799844346651,0.4613696273073897,0.0,Endesa,110.0,Congested,True
SETEFILL,Sevilla,41055,37.661135316846256,-5.545712692488,0.0,Endesa,132.0,Congested,True
SETE_PONTES,Lugo,Vilalba,43.313950285672995,-7.663689531907533,60.0,Viesgo,132.0,Sufficient,False
SIERO,Asturias,Siero,43.37934406364564,-5.757028902033921,0.0,Viesgo,132.0,Congested,True
SIERRAS,Jaén,23065,38.31643075511693,-2.6759669943702336,0.0,Endesa,132.0,Congested,True
SIERRASU,Granada,18158,37.245726627461295,-3.75889834243857,0.0,Endesa,66.0,Congested,True
SILS,Girona,17193,41.805558995966656,2.7524008194757648,0.0,Endesa,110.0,Congested,True
SOLDADO,Córdoba,14070,38.3711023355878,-5.0020917862081395,0.0,Endesa,66.0,Congested,True
SOLSONA,Lleida,25151,41.995737997168575,1.4844548744901094,0.0,Endesa,110.0,Congested,True
SOLVAY_N,Cantabria,Torrelavega,43.37570334984682,-4.04636273750734,0.0,Viesgo,55.0,Congested,True
SORBAS,Almería,4086,37.100536254665386,-2.15531117310881,0.0,Endesa,132.0,Congested,True
SOSAL,Huesca,22061,41.85554295257676,0.3056303759867395,0.0,Endesa,110.0,Congested,True
SOTOGRAN,Cádiz,11033,36.29641673394334,-5.306047844047562,0.0,Endesa,66.0,Congested,True
SOTONERA,Huesca,22014,42.104106720146355,-0.6709734553914086,0.0,Endesa,45.0,Congested,True
SRAFAEL,Málaga,29067,36.7133733626384,-4.462368211059665,94.42,Endesa,66.0,Sufficient,False
SRAFAELN,Córdoba,14021,37.95567676196769,-4.628828279323898,0.0,Endesa,66.0,Congested,True
ST_EULALIA,Teruel,44209,40.554970560912814,-1.3327876255793032,0.0,Endesa,132.0,Congested,True
SUBIRATS,Barcelona,8273,41.42715179151175,1.821318211644161,0.0,Endesa,25.0,Congested,True
SURIA,Barcelona,8274,41.82994063595952,1.7607303277434467,0.0,Endesa,110.0,Congested,True
SUSQUEDA,Girona,17194,41.985341523245296,2.571122432940754,0.0,Endesa,110.0,Congested,True
S_ANTONI,Granada,18087,37.18569139961529,-3.598872663196914,0.0,Endesa,66.0,Congested,True
S_ARCAS,Málaga,29017,37.15247324692925,-4.428572633572782,0.0,Endesa,132.0,Congested,True
S_BARRAM,Cádiz,11032,36.76795103470312,-6.33470786217701,17.5,Endesa,66.0,Sufficient,False
S_DOMING,Cádiz,11020,36.68180758784688,-6.165694250807398,0.0,Endesa,66.0,Congested,True
S_ELVIRA,Sevilla,41091,37.38976675771315,-5.9304919916444,110.75,Endesa,66.0,Sufficient,False
S_FERNAN,Cádiz,11031,36.47750571779794,-6.18895416066729,0.0,Endesa,66.0,Congested,True
S_ISABEL,Granada,18140,36.74567390263864,-3.5525980253021716,0.0,Endesa,66.0,Congested,True
S_JOSE,Sevilla,41081,37.479841040912525,-5.938944796990224,0.0,Endesa,132.0,Congested,True
S_JUAN_P,Huelva,21041,37.31022322484626,-6.856311985146854,0.0,Endesa,66.0,Congested,True
S_MADERO,Soria,42134,41.74641750233672,-1.990105854814308,0.0,Endesa,45.0,Congested,True
S_MARINA,Badajoz,6015,38.8723712324979,-6.993179559465652,0.0,Endesa,66.0,Congested,True
S_NICOLA,Sevilla,41088,37.99623608197077,-5.65817951152984,0.0,Endesa,66.0,Congested,True
S_PABLO,Sevilla,41091,37.39181192846497,-5.961967716192718,0.0,Endesa,66.0,Congested,True
S_ROQUE,Cádiz,11033,36.21175164789907,-5.4302110314708205,0.0,Endesa,66.0,Congested,True
S_SEBAST,Málaga,29067,36.68414254483408,-4.449838840317842,76.44,Endesa,66.0,Sufficient,False
S_TOMAS,Almería,4013,36.82366010898316,-2.443101075221372,0.0,Endesa,66.0,Congested,True
S_VICENTE,Cantabria,San Vicente de la Barquera,43.35888907299232,-4.3891073885657175,0.0,Viesgo,55.0,Congested,True
TABLADA,Sevilla,41091,37.36610406616268,-5.9996227085163785,29.29,Endesa,66.0,Sufficient,False
TABLATE,Granada,18910,36.91797335625794,-3.518446811402201,0.0,Endesa,66.0,Congested,True
TABLELLI,Cádiz,11006,36.71032636344951,-5.838175468913822,0.0,Endesa,66.0,Congested,True
TALARN,Lleida,25215,42.17446265103214,0.9076782673604394,0.0,Endesa,110.0,Congested,True
TALIA,Badajoz,6108,38.42991179778415,-6.389010621712887,0.0,Endesa,66.0,Congested,True
TANGER,Barcelona,8019,41.403344012034175,2.192730529035504,167.06,Endesa,25.0,Sufficient,False
TANOS,Cantabria,Torrelavega,43.32795017998826,-4.046547833451309,0.64,Viesgo,55.0,Congested,True
TANTIN,Cantabria,Santander,43.46453177987649,-3.80633529046452,4.25,Viesgo,55.0,Moderate,True
TAPIA,Asturias,Tapia de Casariego,43.56122476393502,-6.939190394810376,9.43,Viesgo,20.0,Sufficient,False
TARAZONA,Zaragoza,50251,41.89993402176731,-1.7321996557305173,0.0,Endesa,66.0,Congested,True
TARDIENTA,Huesca,22226,41.96985752338669,-0.5272331026813263,0.0,Endesa,45.0,Congested,True
TARRACO,Tarragona,43047,41.160505492302576,1.1872399949100512,92.56,Endesa,110.0,Sufficient,False
TARRAGONA,Tarragona,43148,41.11390876465179,1.1981063902444302,135.88,Endesa,110.0,Sufficient,False
TARREGA,Lleida,25217,41.67143148758605,1.132582116713056,0.0,Endesa,110.0,Congested,True
TAUSTE,Zaragoza,50252,41.93141923310587,-1.25177899697565,16.1,Endesa,66.0,Sufficient,False
TELLEDO,Asturias,Lena,43.02686260954592,-5.838502446504483,0.0,Viesgo,30.0,Congested,True
TERRADETS,Lleida,25904,42.04689024627581,0.8949667072503154,0.0,Endesa,110.0,Congested,True
TERRASSA,Barcelona,8279,41.58397030485089,2.0221817607204384,0.0,Endesa,110.0,Congested,True
TERREROS,Almería,4075,37.386779333542115,-1.6803475356459907,0.0,Endesa,132.0,Congested,True
TERUEL,Teruel,44216,40.354199843955456,-1.1028549207415077,0.0,Endesa,132.0,Congested,True
TESOURO,"Coruña, A",15070,43.452366433378415,-7.892504027458696,0.0,Endesa,132.0,Congested,True
THARSIS,Huelva,21006,37.59535786811182,-7.097570168711609,0.0,Endesa,66.0,Congested,True
TIROJANE,Cádiz,11031,36.45423664909811,-6.218736613966774,0.0,Endesa,66.0,Congested,True
TITAN,Huelva,21041,37.25102967730617,-6.945586235895284,0.0,Endesa,66.0,Congested,True
TOLLO,Teruel,44153,40.777633845696734,-1.3424467955206538,0.0,Endesa,132.0,Congested,True
TOMARES,Sevilla,41093,37.37662810205183,-6.031709974491732,29.32,Endesa,66.0,Sufficient,False
TOMILLAR,Almería,4902,36.78898864995487,-2.804026013268903,0.0,Endesa,66.0,Congested,True
TORANZO,Cantabria,Vega de Liébana,43.21284642504751,-3.945088509020035,0.99,Viesgo,55.0,Congested,True
TORDERA,Barcelona,8284,41.702206741211704,2.73174875230148,174.46,Endesa,110.0,Sufficient,False
TORINA,Cantabria,Molledo,43.1195064098441,-4.046824383433575,0.83,Viesgo,55.0,Congested,True
TORREARE,Huelva,21055,37.190933083816965,-6.903720660270883,5.74,Endesa,66.0,Sufficient,False
TORREBLA,Málaga,29054,36.58221151386088,-4.597823892353388,0.0,Endesa,66.0,Congested,True
TORRECAR,Almería,4013,36.86762926488397,-2.4489606357389637,0.0,Endesa,66.0,Congested,True
TORRECIL,Córdoba,14021,37.85461980854076,-4.7822899571824085,0.0,Endesa,66.0,Congested,True
TORRECUE,Sevilla,41091,37.335979605935414,-6.001486749269468,0.0,Endesa,66.0,Congested,True
TORREJON,Sevilla,41065,37.107561277215495,-5.569527986264413,0.0,Endesa,66.0,Congested,True
TORREMAR,Málaga,29094,36.74592577007015,-4.096999510897605,53.28,Endesa,66.0,Sufficient,False
TORREMEJ,Badajoz,6133,38.804837232845905,-6.367733490599934,0.0,Endesa,66.0,Congested,True
TORRENT,"Balears, Illes",7054,38.935816094310006,-4.567213676008319,37.42,Endesa,15.0,Sufficient,False
TORRENTE,Huesca,22234,41.462102954843175,0.3361878122996306,0.0,Endesa,110.0,Congested,True
TORRERO,Zaragoza,50297,41.597929158408114,-0.8536635819492349,0.0,Endesa,132.0,Congested,True
TORREVENT,Girona,17120,42.284424257757316,3.1372749222788348,0.0,Endesa,132.0,Congested,True
TORROX,Málaga,29091,36.74594330827848,-3.9505206308084833,0.0,Endesa,132.0,Congested,True
TORTOSA,Tarragona,43155,40.798909102210374,0.5256120212342881,0.0,Endesa,110.0,Congested,True
TOYO,Almería,4013,36.85974942087314,-2.330552078629136,0.0,Endesa,132.0,Congested,True
TRADEMA,Jaén,23055,38.06232678946673,-3.5909200048638854,0.0,Endesa,132.0,Congested,True
TRANCO,Jaén,23097,38.1747834354133,-2.797011671313521,0.0,Endesa,132.0,Congested,True
TRASMOZ,Zaragoza,50265,41.82600265343972,-1.7007989567475663,0.0,Endesa,45.0,Congested,True
TREGURA,Girona,17224,42.341775290271855,2.296955324438903,6.69,Endesa,45.0,Sufficient,False
TRETO,Cantabria,Bárcena de Cicero,43.3961370487087,-3.4756057685285957,0.65,Viesgo,55.0,Congested,True
TRINITAT,Barcelona,8019,41.44847436193178,2.1890902711015996,158.11,Endesa,25.0,Sufficient,False
TROCADER,Cádiz,11028,36.51906419226712,-6.221528474908882,0.0,Endesa,66.0,Congested,True
TUDOR,Zaragoza,50297,41.59141874980207,-0.8120869473674259,0.0,Endesa,45.0,Congested,True
TURRILLA,Almería,4094,37.02473292374605,-2.2445073090103587,0.0,Endesa,132.0,Congested,True
T_MIGUEL,Badajoz,6131,38.65768194675304,-6.74004684563451,0.0,Endesa,66.0,Congested,True
UBEDA,Jaén,23092,38.02331138372168,-3.3899913345946717,0.0,Endesa,132.0,Congested,True
UBRIQUE,Cádiz,11009,36.69414499682858,-5.461202345412337,0.0,Endesa,66.0,Congested,True
UDALLA,Cantabria,Ampuero,43.323432095350235,-3.461287533950894,0.73,Viesgo,55.0,Congested,True
UNIVERSI,Málaga,29067,36.71567828987678,-4.483450422361307,25.82,Endesa,66.0,Sufficient,False
UNIVERSITA,Zaragoza,50297,41.64519800200937,-0.9120672490494754,0.0,Endesa,132.0,Congested,True
URDON,Cantabria,Peñarrubia,43.26637493963116,-4.634081467902604,3.0,Viesgo,132.0,Moderate,True
URGELL,Barcelona,8019,41.388111085647914,2.1468035808885406,0.0,Endesa,11.0,Congested,True
UTEBO,Zaragoza,50297,41.71492046698589,-1.0145412689000315,0.0,Endesa,45.0,Congested,True
UTRERA,Sevilla,41095,37.18475812513087,-5.77180140831578,0.0,Endesa,66.0,Congested,True
UTRILLAS,Teruel,44238,40.819002847148255,-0.8694125346661667,0.0,Endesa,45.0,Congested,True
V.LLOBREGA,Girona,17209,41.878821521735944,3.1204092484598833,0.0,Endesa,110.0,Congested,True
VAGUADAS,Badajoz,6015,38.83794514715805,-6.978947239516779,0.0,Endesa,66.0,Congested,True
VALCAIRE,Granada,18150,36.99141385221539,-3.689231217383876,0.0,Endesa,132.0,Congested,True
VALDECILLA,Cantabria,Santander,43.45452362631498,-3.828235424772231,0.0,Viesgo,55.0,Congested,True
VALDECON,Zaragoza,50089,41.59108443519253,-0.9159954165950772,0.0,Endesa,132.0,Congested,True
VALDEFERRI,Zaragoza,50095,42.123085895764085,-1.1767094229469133,0.0,Endesa,66.0,Congested,True
VALDELAG,Cádiz,11027,36.588823708337806,-6.218316107061757,0.0,Endesa,66.0,Congested,True
VALDEOLEA,Cantabria,Valdeolea,42.87501393228826,-4.165098330205344,0.66,Viesgo,30.0,Congested,True
VALDEPILAS,Zaragoza,50074,41.27286550892898,0.0578190353963439,0.0,Endesa,132.0,Congested,True
VALDERROBR,Teruel,44246,40.881135296920014,0.1622264226846995,0.0,Endesa,132.0,Congested,True
VALDESPART,Huesca,22063,42.174079393144225,-0.7496656455274204,0.0,Endesa,45.0,Congested,True
VALDIVIE,Jaén,23087,37.76434987784255,-3.9235933658379856,0.0,Endesa,132.0,Congested,True
VALENCIA,Cádiz,11027,36.620729696295825,-6.208497991322456,0.0,Endesa,66.0,Congested,True
VALENTIN,Zaragoza,50095,42.058033444782765,-1.1763066047970063,0.0,Endesa,66.0,Congested,True
VALENZUELA,Zaragoza,50297,41.645562282010665,-1.0069341108578889,0.0,Endesa,45.0,Congested,True
VALLCARCA,Barcelona,8270,41.249613380184826,1.865436355331776,33.48,Endesa,66.0,Sufficient,False
VALLEINF,Sevilla,41018,37.55282883275259,-5.846775664413832,0.0,Endesa,132.0,Congested,True
VALLS,Tarragona,43161,41.29408465823699,1.2562431177324245,0.0,Endesa,110.0,Congested,True
VALME,Sevilla,41038,37.25926796638966,-5.917709468081432,0.0,Endesa,132.0,Congested,True
VANDELLOS,Tarragona,43162,40.972666922122094,0.8772068415943112,27.73,Endesa,110.0,Sufficient,False
VEGASBAJ,Badajoz,6015,38.883037062951225,-6.856918055042308,0.0,Endesa,66.0,Congested,True
VEJER,Cádiz,11039,36.26335209003909,-5.9714883111416075,3.08,Endesa,66.0,Moderate,True
VELES,"Balears, Illes",7010,39.65500880993974,-3.3123015299240373,1.15,Endesa,15.0,Moderate,True
VENDRELL,Tarragona,43163,41.204158066519774,1.507023541143329,35.26,Endesa,110.0,Sufficient,False
VENTA-AIRE,Teruel,44010,40.128539319091104,-0.7336007763383001,0.0,Endesa,132.0,Congested,True
VERA,Almería,4100,37.254499783484434,-1.8864901457380323,0.0,Endesa,132.0,Congested,True
VETEJAR,Córdoba,14048,37.23638418686247,-4.573692068405703,0.0,Endesa,66.0,Congested,True
VIC,Barcelona,8298,41.95711025557184,2.2821222486689323,217.8,Endesa,132.0,Sufficient,False
VICTORIA,Jaén,23050,37.7767726537561,-3.7871956721175746,0.0,Endesa,66.0,Congested,True
VIELHA,Lleida,25243,42.70909055664258,0.7974547983605523,0.0,Endesa,110.0,Congested,True
VILADECANS,Barcelona,8301,41.325210343254405,2.028252036606467,269.57,Endesa,66.0,Sufficient,False
VILALLER,Lleida,25245,42.45655774220552,0.7078345713879959,0.0,Endesa,132.0,Congested,True
VILAMALLA,Girona,17226,42.2202799704849,2.9910682836433384,0.0,Endesa,132.0,Congested,True
VILANOVA,Barcelona,8019,41.39220760869621,2.1822370364941848,134.54,Endesa,25.0,Sufficient,False
VILCHES,Jaén,23094,38.218546768557296,-3.5196907906011727,0.0,Endesa,66.0,Congested,True
VILLABERMUDO,Palencia,Collazos de Boedo,42.62500943491479,-4.344420746779967,0.0,Viesgo,132.0,Congested,True
VILLADIEGO,Burgos,Villadiego,42.510118120409416,-4.0237157771685315,0.0,Viesgo,30.0,Congested,True
VILLANUA,Huesca,22250,42.68971021817669,-0.5301310190543707,0.0,Endesa,45.0,Congested,True
VILLANUEVA,Zaragoza,50288,41.74213135909729,-0.8470591946119204,0.0,Endesa,132.0,Congested,True
VILLANUE_O,Zaragoza,50288,41.77732638071893,-0.8316579803619111,0.0,Endesa,132.0,Congested,True
VILLAR,Sevilla,41039,37.60684125522607,-5.105350243118895,0.0,Endesa,66.0,Congested,True
VILLARIC,Almería,4035,37.2580284665134,-1.764973419273845,0.0,Endesa,66.0,Congested,True
VILLARIO,Córdoba,14066,37.98902070964748,-4.312563553008936,0.0,Endesa,66.0,Congested,True
VILLEL,Teruel,44264,40.24092618610408,-1.1836386508078816,0.0,Endesa,45.0,Congested,True
VILLFRAB,Badajoz,6149,38.55863024058751,-6.349502511907349,0.0,Endesa,66.0,Congested,True
VILLFRAG,Málaga,29008,36.69880121595656,-4.702803533798111,48.05,Endesa,66.0,Sufficient,False
VILLFRAN,Córdoba,14067,37.95586046040164,-4.5990406818689005,0.0,Endesa,66.0,Congested,True
VILLMART,Cádiz,11041,36.85572573970825,-5.6566236432041075,0.0,Endesa,66.0,Congested,True
VILLNREY,Sevilla,41039,37.527632248963506,-5.164205712738726,0.0,Endesa,66.0,Congested,True
VINACEITE,Teruel,44265,41.306309612379486,-0.6106805989024057,0.0,Endesa,45.0,Congested,True
VINYETA,"Balears, Illes",7027,39.709081566017666,-3.1020747055100863,4.6,Endesa,15.0,Moderate,True
VIRRUBIA,Córdoba,14021,37.85028619633901,-4.912557921024235,0.0,Endesa,66.0,Congested,True
VISO,Sevilla,41102,37.400029820367905,-5.714023555744851,0.0,Endesa,66.0,Congested,True
VISOS,Málaga,29067,36.70309645248958,-4.493700145761493,34.44,Endesa,66.0,Sufficient,False
VVAARZOB,Jaén,23097,38.16050376396885,-2.9992673986614165,0.0,Endesa,132.0,Congested,True
VVACORDO,Córdoba,14069,38.32753887334067,-4.634898608508043,0.0,Endesa,66.0,Congested,True
V_CARMEN,Huelva,21035,37.39268573069945,-6.894935050526262,0.0,Endesa,66.0,Congested,True
V_COSTAL,Jaén,23050,37.81310132187876,-3.7869176735457177,0.0,Endesa,132.0,Congested,True
V_ROMANO,Málaga,29051,36.41827361940826,-5.189800567229032,0.0,Endesa,66.0,Congested,True
WALQA,Huesca,22125,42.10965042317102,-0.4599905270938697,0.0,Endesa,45.0,Congested,True
XERTA,Tarragona,43052,40.923895795550685,0.4861828788702843,0.0,Endesa,110.0,Congested,True
XIRGU,Girona,17079,41.96194787197243,2.803325145128775,0.0,Endesa,110.0,Congested,True
ZAFRA,Badajoz,6158,38.431365371859954,-6.418254330783778,0.0,Endesa,66.0,Congested,True
ZAIDIN,Granada,18087,37.14399037928486,-3.5930418264757256,0.0,Endesa,66.0,Congested,True
ZARAGOZANA,Zaragoza,50297,41.620927012862104,-0.8449231988785202,0.0,Endesa,45.0,Congested,True
ZARZA,Badajoz,6162,38.80422196305461,-6.27691682762834,0.0,Endesa,66.0,Congested,True
ZAUDIN,Sevilla,41093,37.36406985502035,-6.045985559450117,13.69,Endesa,66.0,Sufficient,False
ZUERA,Zaragoza,50298,41.89475811850976,-0.7892200734450896,0.0,Endesa,45.0,Congested,True
ZUERAOESTE,Zaragoza,50298,41.872857210710265,-0.7970794819673896,0.0,Endesa,132.0,Congested,True
ZUJAR,Badajoz,6036,38.916247768577755,-5.478426083609625,0.0,Endesa,132.0,Congested,True
ZUMAJOS,Cádiz,11039,36.29606501493589,-5.989139057847587,31.54,Endesa,66.0,Sufficient,False
