{
"type": "FeatureCollection",
"name": "grid_substations",
"crs": { "type": "name", "properties": { "name": "urn:ogc:def:crs:OGC:1.3:CRS84" } },
"features": [
{ "type": "Feature", "properties": { "substation_name": "3001", "provincia": "Bizkaia", "municipio": "Bilbao", "latitude": 43.243291133584968, "longitude": -2.9335561576283338, "available_capacity_mw": 0.0, "distributor_network": "i-DE", "voltage_kv": 132.0, "grid_status": "Congested", "is_friction": true }, "geometry": { "type": "Point", "coordinates": [ -2.933556157628334, 43.243291133584968 ] } },
{ "type": "Feature", "properties": { "substation_name": "3002", "provincia": "Gipuzkoa", "municipio": "Ormaiztegi", "latitude": 43.042749276575698, "longitude": -2.2425553403312128, "available_capacity_mw": 0.0, "distributor_network": "i-DE", "voltage_kv": 132.0, "grid_status": "Congested", "is_friction": true }, "geometry": { "type": "Point", "coordinates": [ -2.242555340331213, 43.042749276575698 ] } },
{ "type": "Feature", "properties": { "substation_name": "3003", "provincia": "Bizkaia", "municipio": "Bilbao", "latitude": 43.246903039798561, "longitude": -2.9823764365388117, "available_capacity_mw": 0.0, "distributor_network": "i-DE", "voltage_kv": 132.0, "grid_status": "Congested", "is_friction": true }, "geometry": { "type": "Point", "coordinates": [ -2.982376436538812, 43.246903039798561 ] } },
{ "type": "Feature", "properties": { "substation_name": "3006", "provincia": "Navarra", "municipio": "Galar", "latitude": 42.785912101243717, "longitude": -1.6351980428543909, "available_capacity_mw": 0.0, "distributor_network": "i-DE", "voltage_kv": 66.0, "grid_status": "Congested", "is_friction": true }, "geometry": { "type": "Point", "coordinates": [ -1.635198042854391, 42.785912101243717 ] } },
{ "type": "Feature", "properties": { "substation_name": "3007", "provincia": "Segovia", "municipio": "Otero de Herreros", "latitude": 40.802766199762686, "longitude": -4.2090738754629067, "available_capacity_mw": 0.0, "distributor_network": "i-DE", "voltage_kv": 45.0, "grid_status": "Congested", "is_friction": true }, "geometry": { "type": "Point", "coordinates": [ -4.209073875462907, 40.802766199762686 ] } },
{ "type": "Feature", "properties": { "substation_name": "3008", "provincia": "Burgos", "municipio": "Burgos", "latitude": 42.346985737958001, "longitude": -3.7250553274788571, "available_capacity_mw": 0.0, "distributor_network": "i-DE", "voltage_kv": 132.0, "grid_status": "Congested", "is_friction": true }, "geometry": { "type": "Point", "coordinates": [ -3.725055327478857, 42.346985737958001 ] } },
{ "type": "Feature", "properties": { "substation_name": "3009", "provincia": "Gipuzkoa", "municipio": "Hernani", "latitude": 43.259530511208816, "longitude": -1.9674046793034017, "available_capacity_mw": 0.0, "distributor_network": "i-DE", "voltage_kv": 132.0, "grid_status": "Congested", "is_friction": true }, "geometry": { "type": "Point", "coordinates": [ -1.967404679303402, 43.259530511208816 ] } },
{ "type": "Feature", "properties": { "substation_name": "3010", "provincia": "Gipuzkoa", "municipio": "Bergara", "latitude": 43.133802132801165, "longitude": -2.4232288186467001, "available_capacity_mw": 0.0, "distributor_network": "i-DE", "voltage_kv": 132.0, "grid_status": "Congested", "is_friction": true }, "geometry": { "type": "Point", "coordinates": [ -2.4232288186467, 43.133802132801165 ] } },
{ "type": "Feature", "properties": { "substation_name": "3011", "provincia": "Zamora", "municipio": "Muelas del Pan", "latitude": 41.525308578892783, "longitude": -5.9855417980257286, "available_capacity_mw": 43.43, "distributor_network": "i-DE", "voltage_kv": 132.0, "grid_status": "Sufficient", "is_friction": false }, "geometry": { "type": "Point", "coordinates": [ -5.985541798025729, 41.525308578892783 ] } },
{ "type": "Feature", "properties": { "substation_name": "3012", "provincia": "Bizkaia", "municipio": "Basauri", "latitude": 43.220829261684464, "longitude": -2.8951471736191579, "available_capacity_mw": 0.0, "distributor_network": "i-DE", "voltage_kv": 132.0, "grid_status": "Congested", "is_friction": true }, "geometry": { "type": "Point", "coordinates": [ -2.895147173619158, 43.220829261684464 ] } },
{ "type": "Feature", "properties": { "substation_name": "3014", "provincia": "Zamora", "municipio": "Benavente", "latitude": 42.010852196359821, "longitude": -5.6675963824766304, "available_capacity_mw": 0.0, "distributor_network": "i-DE", "voltage_kv": 132.0, "grid_status": "Congested", "is_friction": true }, "geometry": { "type": "Point", "coordinates": [ -5.66759638247663, 42.010852196359821 ] } },
{ "type": "Feature", "properties": { "substation_name": "3015", "provincia": "Cáceres", "municipio": "Plasencia", "latitude": 40.022373623866486, "longitude": -6.0943541990597616, "available_capacity_mw": 0.0, "distributor_network": "i-DE", "voltage_kv": 132.0, "grid_status": "Congested", "is_friction": true }, "geometry": { "type": "Point", "coordinates": [ -6.094354199059762, 40.022373623866486 ] } },
{ "type": "Feature", "properties": { "substation_name": "3016", "provincia": "Bizkaia", "municipio": "Erandio", "latitude": 43.296985069947254, "longitude": -2.9520186175486982, "available_capacity_mw": 0.0, "distributor_network": "i-DE", "voltage_kv": 132.0, "grid_status": "Congested", "is_friction": true }, "geometry": { "type": "Point", "coordinates": [ -2.952018617548698, 43.296985069947254 ] } },
{ "type": "Feature", "properties": { "substation_name": "3017", "provincia": "Araba/Álava", "municipio": "Vitoria-Gasteiz", "latitude": 42.856075557311094, "longitude": -2.7071898908758532, "available_capacity_mw": 0.0, "distributor_network": "i-DE", "voltage_kv": 30.0, "grid_status": "Congested", "is_friction": true }, "geometry": { "type": "Point", "coordinates": [ -2.707189890875853, 42.856075557311094 ] } },
{ "type": "Feature", "properties": { "substation_name": "3018", "provincia": "Palencia", "municipio": "Soto de Cerrato", "latitude": 41.942895023714293, "longitude": -4.4216228711863907, "available_capacity_mw": 0.0, "distributor_network": "i-DE", "voltage_kv": 132.0, "grid_status": "Congested", "is_friction": true }, "geometry": { "type": "Point", "coordinates": [ -4.421622871186391, 41.942895023714293 ] } },
{ "type": "Feature", "properties": { "substation_name": "3019", "provincia": "Gipuzkoa", "municipio": "Altzo", "latitude": 43.110151007021209, "longitude": -2.0953199355260113, "available_capacity_mw": 0.0, "distributor_network": "i-DE", "voltage_kv": 132.0, "grid_status": "Congested", "is_friction": true }, "geometry": { "type": "Point", "coordinates": [ -2.095319935526011, 43.110151007021209 ] } },
{ "type": "Feature", "properties": { "substation_name": "3020", "provincia": "Bizkaia", "municipio": "Amorebieta-Etxano", "latitude": 43.196420844022633, "longitude": -2.6973549244660533, "available_capacity_mw": 0.0, "distributor_network": "i-DE", "voltage_kv": 132.0, "grid_status": "Congested", "is_friction": true }, "geometry": { "type": "Point", "coordinates": [ -2.697354924466053, 43.196420844022633 ] } },
{ "type": "Feature", "properties": { "substation_name": "3021", "provincia": "León", "municipio": "Villaquilambre", "latitude": 42.622090970084479, "longitude": -5.5722221519852617, "available_capacity_mw": 0.0, "distributor_network": "i-DE", "voltage_kv": 132.0, "grid_status": "Congested", "is_friction": true }, "geometry": { "type": "Point", "coordinates": [ -5.572222151985262, 42.622090970084479 ] } },
{ "type": "Feature", "properties": { "substation_name": "3022", "provincia": "Zamora", "municipio": "Valcabado", "latitude": 41.535549568497075, "longitude": -5.7360079130870671, "available_capacity_mw": 36.0, "distributor_network": "i-DE", "voltage_kv": 45.0, "grid_status": "Sufficient", "is_friction": false }, "geometry": { "type": "Point", "coordinates": [ -5.736007913087067, 41.535549568497075 ] } },
{ "type": "Feature", "properties": { "substation_name": "3023", "provincia": "Gipuzkoa", "municipio": "Donostia/San Sebastián", "latitude": 43.300035548859888, "longitude": -1.9763071110861876, "available_capacity_mw": 0.0, "distributor_network": "i-DE", "voltage_kv": 132.0, "grid_status": "Congested", "is_friction": true }, "geometry": { "type": "Point", "coordinates": [ -1.976307111086188, 43.300035548859888 ] } },
{ "type": "Feature", "properties": { "substation_name": "3025", "provincia": "Valladolid", "municipio": "Valladolid", "latitude": 41.643711802107305, "longitude": -4.6790427242937342, "available_capacity_mw": 0.0, "distributor_network": "i-DE", "voltage_kv": 45.0, "grid_status": "Congested", "is_friction": true }, "geometry": { "type": "Point", "coordinates": [ -4.679042724293734, 41.643711802107305 ] } },
{ "type": "Feature", "properties": { "substation_name": "3026", "provincia": "Cáceres", "municipio": "Trujillo", "latitude": 39.454500333121203, "longitude": -5.8901820656190464, "available_capacity_mw": 0.0, "distributor_network": "i-DE", "voltage_kv": 132.0, "grid_status": "Congested", "is_friction": true }, "geometry": { "type": "Point", "coordinates": [ -5.890182065619046, 39.454500333121203 ] } },
{ "type": "Feature", "properties": { "substation_name": "3027", "provincia": "Soria", "municipio": "Golmayo", "latitude": 41.774400328021812, "longitude": -2.496122230487265, "available_capacity_mw": 0.0, "distributor_network": "i-DE", "voltage_kv": 132.0, "grid_status": "Congested", "is_friction": true }, "geometry": { "type": "Point", "coordinates": [ -2.496122230487265, 41.774400328021812 ] } },
{ "type": "Feature", "properties": { "substation_name": "3028", "provincia": "Bizkaia", "municipio": "Bilbao", "latitude": 43.248949228320328, "longitude": -2.9042172230667567, "available_capacity_mw": 0.0, "distributor_network": "i-DE", "voltage_kv": 132.0, "grid_status": "Congested", "is_friction": true }, "geometry": { "type": "Point", "coordinates": [ -2.904217223066757, 43.248949228320328 ] } },
{ "type": "Feature", "properties": { "substation_name": "3029", "provincia": "Madrid", "municipio": "Madrid", "latitude": 40.334878337426673, "longitude": -3.7229650486470303, "available_capacity_mw": 13.08, "distributor_network": "i-DE", "voltage_kv": 45.0, "grid_status": "Sufficient", "is_friction": false }, "geometry": { "type": "Point", "coordinates": [ -3.72296504864703, 40.334878337426673 ] } },
{ "type": "Feature", "properties": { "substation_name": "3032", "provincia": "Navarra", "municipio": "Altsasu/Alsasua", "latitude": 42.897683236724419, "longitude": -2.1792981037264449, "available_capacity_mw": 0.0, "distributor_network": "i-DE", "voltage_kv": 132.0, "grid_status": "Congested", "is_friction": true }, "geometry": { "type": "Point", "coordinates": [ -2.179298103726445, 42.897683236724419 ] } },
{ "type": "Feature", "properties": { "substation_name": "3033", "provincia": "Araba/Álava", "municipio": "Lantarón", "latitude": 42.756296792459921, "longitude": -3.0480529646470913, "available_capacity_mw": 0.0, "distributor_network": "i-DE", "voltage_kv": 132.0, "grid_status": "Congested", "is_friction": true }, "geometry": { "type": "Point", "coordinates": [ -3.048052964647091, 42.756296792459921 ] } },
{ "type": "Feature", "properties": { "substation_name": "3035", "provincia": "Gipuzkoa", "municipio": "Irun", "latitude": 43.337816667518126, "longitude": -1.811757916280188, "available_capacity_mw": 0.0, "distributor_network": "i-DE", "voltage_kv": 132.0, "grid_status": "Congested", "is_friction": true }, "geometry": { "type": "Point", "coordinates": [ -1.811757916280188, 43.337816667518126 ] } },
{ "type": "Feature", "properties": { "substation_name": "3036", "provincia": "Burgos", "municipio": "Villalbilla de Burgos", "latitude": 42.340333861504419, "longitude": -3.7818058526303342, "available_capacity_mw": 0.0, "distributor_network": "i-DE", "voltage_kv": 132.0, "grid_status": "Congested", "is_friction": true }, "geometry": { "type": "Point", "coordinates": [ -3.781805852630334, 42.340333861504419 ] } },
{ "type": "Feature", "properties": { "substation_name": "3037", "provincia": "Gipuzkoa", "municipio": "Elgoibar", "latitude": 43.208686786390921, "longitude": -2.413585530841083, "available_capacity_mw": 0.0, "distributor_network": "i-DE", "voltage_kv": 132.0, "grid_status": "Congested", "is_friction": true }, "geometry": { "type": "Point", "coordinates": [ -2.413585530841083, 43.208686786390921 ] } },
{ "type": "Feature", "properties": { "substation_name": "3038", "provincia": "Salamanca", "municipio": "Salamanca", "latitude": 40.967854668279784, "longitude": -5.6752445311439788, "available_capacity_mw": 0.0, "distributor_network": "i-DE", "voltage_kv": 132.0, "grid_status": "Congested", "is_friction": true }, "geometry": { "type": "Point", "coordinates": [ -5.675244531143979, 40.967854668279784 ] } },
{ "type": "Feature", "properties": { "substation_name": "3039", "provincia": "Gipuzkoa", "municipio": "Usurbil", "latitude": 43.278052605873249, "longitude": -2.0173374139332081, "available_capacity_mw": 0.0, "distributor_network": "i-DE", "voltage_kv": 132.0, "grid_status": "Congested", "is_friction": true }, "geometry": { "type": "Point", "coordinates": [ -2.017337413933208, 43.278052605873249 ] } },
{ "type": "Feature", "properties": { "substation_name": "3040", "provincia": "Burgos", "municipio": "Aranda de Duero", "latitude": 41.69639275109629, "longitude": -3.6847298983533814, "available_capacity_mw": 0.0, "distributor_network": "i-DE", "voltage_kv": 132.0, "grid_status": "Congested", "is_friction": true }, "geometry": { "type": "Point", "coordinates": [ -3.684729898353381, 41.69639275109629 ] } },
{ "type": "Feature", "properties": { "substation_name": "3043", "provincia": "Bizkaia", "municipio": "Bilbao", "latitude": 43.267522551124372, "longitude": -2.9355635371447688, "available_capacity_mw": 0.0, "distributor_network": "i-DE", "voltage_kv": 132.0, "grid_status": "Congested", "is_friction": true }, "geometry": { "type": "Point", "coordinates": [ -2.935563537144769, 43.267522551124372 ] } },
{ "type": "Feature", "properties": { "substation_name": "3045", "provincia": "Madrid", "municipio": "Moraleja de Enmedio", "latitude": 40.260162890753037, "longitude": -3.8757987332213322, "available_capacity_mw": 0.0, "distributor_network": "i-DE", "voltage_kv": 45.0, "grid_status": "Congested", "is_friction": true }, "geometry": { "type": "Point", "coordinates": [ -3.875798733221332, 40.260162890753037 ] } },
{ "type": "Feature", "properties": { "substation_name": "3046", "provincia": "Burgos", "municipio": "Burgos", "latitude": 42.371843823322912, "longitude": -3.6512351942087791, "available_capacity_mw": 0.0, "distributor_network": "i-DE", "voltage_kv": 45.0, "grid_status": "Congested", "is_friction": true }, "geometry": { "type": "Point", "coordinates": [ -3.651235194208779, 42.371843823322912 ] } },
{ "type": "Feature", "properties": { "substation_name": "3047", "provincia": "Valladolid", "municipio": "Tordesillas", "latitude": 41.506798750915394, "longitude": -5.0130938770435387, "available_capacity_mw": 0.0, "distributor_network": "i-DE", "voltage_kv": 45.0, "grid_status": "Congested", "is_friction": true }, "geometry": { "type": "Point", "coordinates": [ -5.013093877043539, 41.506798750915394 ] } },
{ "type": "Feature", "properties": { "substation_name": "3050", "provincia": "Madrid", "municipio": "Leganés", "latitude": 40.313526514956799, "longitude": -3.7768218469162167, "available_capacity_mw": 0.3, "distributor_network": "i-DE", "voltage_kv": 45.0, "grid_status": "Congested", "is_friction": true }, "geometry": { "type": "Point", "coordinates": [ -3.776821846916217, 40.313526514956799 ] } },
{ "type": "Feature", "properties": { "substation_name": "3051", "provincia": "Gipuzkoa", "municipio": "Arrasate/Mondragón", "latitude": 43.075370939367737, "longitude": -2.4683067869317732, "available_capacity_mw": 0.0, "distributor_network": "i-DE", "voltage_kv": 132.0, "grid_status": "Congested", "is_friction": true }, "geometry": { "type": "Point", "coordinates": [ -2.468306786931773, 43.075370939367737 ] } },
{ "type": "Feature", "properties": { "substation_name": "3052", "provincia": "Bizkaia", "municipio": "Leioa", "latitude": 43.327679842072953, "longitude": -2.9791551073744533, "available_capacity_mw": 0.0, "distributor_network": "i-DE", "voltage_kv": 132.0, "grid_status": "Congested", "is_friction": true }, "geometry": { "type": "Point", "coordinates": [ -2.979155107374453, 43.327679842072953 ] } },
{ "type": "Feature", "properties": { "substation_name": "3053", "provincia": "Bizkaia", "municipio": "Abadiño", "latitude": 43.139245252495677, "longitude": -2.5971681072524211, "available_capacity_mw": 0.0, "distributor_network": "i-DE", "voltage_kv": 132.0, "grid_status": "Congested", "is_friction": true }, "geometry": { "type": "Point", "coordinates": [ -2.597168107252421, 43.139245252495677 ] } },
{ "type": "Feature", "properties": { "substation_name": "3054", "provincia": "Araba/Álava", "municipio": "Vitoria-Gasteiz", "latitude": 42.869196961394998, "longitude": -2.666210834478695, "available_capacity_mw": 0.0, "distributor_network": "i-DE", "voltage_kv": 30.0, "grid_status": "Congested", "is_friction": true }, "geometry": { "type": "Point", "coordinates": [ -2.666210834478695, 42.869196961394998 ] } },
{ "type": "Feature", "properties": { "substation_name": "3056", "provincia": "Bizkaia", "municipio": "Galdakao", "latitude": 43.238905000588893, "longitude": -2.8658005152264208, "available_capacity_mw": 0.0, "distributor_network": "i-DE", "voltage_kv": 132.0, "grid_status": "Congested", "is_friction": true }, "geometry": { "type": "Point", "coordinates": [ -2.865800515226421, 43.238905000588893 ] } },
{ "type": "Feature", "properties": { "substation_name": "3057", "provincia": "Araba/Álava", "municipio": "Laudio/Llodio", "latitude": 43.143633734587709, "longitude": -2.9521925708372838, "available_capacity_mw": 0.0, "distributor_network": "i-DE", "voltage_kv": 132.0, "grid_status": "Congested", "is_friction": true }, "geometry": { "type": "Point", "coordinates": [ -2.952192570837284, 43.143633734587709 ] } },
{ "type": "Feature", "properties": { "substation_name": "3058", "provincia": "Burgos", "municipio": "Pinilla de los Barruecos", "latitude": 41.943185679148797, "longitude": -3.295711637302384, "available_capacity_mw": 0.0, "distributor_network": "i-DE", "voltage_kv": 132.0, "grid_status": "Congested", "is_friction": true }, "geometry": { "type": "Point", "coordinates": [ -3.295711637302384, 41.943185679148797 ] } },
{ "type": "Feature", "properties": { "substation_name": "3060", "provincia": "Bizkaia", "municipio": "Abanto y Ciérvana-Abanto Zierbena", "latitude": 43.328424679240229, "longitude": -3.0872923789060844, "available_capacity_mw": 0.0, "distributor_network": "i-DE", "voltage_kv": 132.0, "grid_status": "Congested", "is_friction": true }, "geometry": { "type": "Point", "coordinates": [ -3.087292378906084, 43.328424679240229 ] } },
{ "type": "Feature", "properties": { "substation_name": "3061", "provincia": "Salamanca", "municipio": "Villarino de los Aires", "latitude": 41.252833796586962, "longitude": -6.4899129954541221, "available_capacity_mw": 0.0, "distributor_network": "i-DE", "voltage_kv": 45.0, "grid_status": "Congested", "is_friction": true }, "geometry": { "type": "Point", "coordinates": [ -6.489912995454122, 41.252833796586962 ] } },
{ "type": "Feature", "properties": { "substation_name": "3062", "provincia": "Gipuzkoa", "municipio": "Zestoa", "latitude": 43.215615497264672, "longitude": -2.2568061857033412, "available_capacity_mw": 0.0, "distributor_network": "i-DE", "voltage_kv": 132.0, "grid_status": "Congested", "is_friction": true }, "geometry": { "type": "Point", "coordinates": [ -2.256806185703341, 43.215615497264672 ] } },
{ "type": "Feature", "properties": { "substation_name": "3063", "provincia": "Cáceres", "municipio": "Abertura", "latitude": 39.217509122168188, "longitude": -5.7885804500232849, "available_capacity_mw": 0.0, "distributor_network": "i-DE", "voltage_kv": 132.0, "grid_status": "Congested", "is_friction": true }, "geometry": { "type": "Point", "coordinates": [ -5.788580450023285, 39.217509122168188 ] } },
{ "type": "Feature", "properties": { "substation_name": "3065", "provincia": "Gipuzkoa", "municipio": "Oiartzun", "latitude": 43.312958357378427, "longitude": -1.88392500552958, "available_capacity_mw": 0.0, "distributor_network": "i-DE", "voltage_kv": 132.0, "grid_status": "Congested", "is_friction": true }, "geometry": { "type": "Point", "coordinates": [ -1.88392500552958, 43.312958357378427 ] } },
{ "type": "Feature", "properties": { "substation_name": "3066", "provincia": "Gipuzkoa", "municipio": "Aduna", "latitude": 43.205841177316621, "longitude": -2.0373622794609321, "available_capacity_mw": 0.0, "distributor_network": "i-DE", "voltage_kv": 132.0, "grid_status": "Congested", "is_friction": true }, "geometry": { "type": "Point", "coordinates": [ -2.037362279460932, 43.205841177316621 ] } },
{ "type": "Feature", "properties": { "substation_name": "3067", "provincia": "Navarra", "municipio": "Orkoien", "latitude": 42.819061730261929, "longitude": -1.7089890198460866, "available_capacity_mw": 0.0, "distributor_network": "i-DE", "voltage_kv": 66.0, "grid_status": "Congested", "is_friction": true }, "geometry": { "type": "Point", "coordinates": [ -1.708989019846087, 42.819061730261929 ] } },
{ "type": "Feature", "properties": { "substation_name": "3068", "provincia": "Bizkaia", "municipio": "Ortuella", "latitude": 43.3143072668434, "longitude": -3.0377045030850995, "available_capacity_mw": 0.0, "distributor_network": "i-DE", "voltage_kv": 132.0, "grid_status": "Congested", "is_friction": true }, "geometry": { "type": "Point", "coordinates": [ -3.0377045030851, 43.3143072668434 ] } },
{ "type": "Feature", "properties": { "substation_name": "3071", "provincia": "Albacete", "municipio": "Lezuza", "latitude": 38.964096165836473, "longitude": -2.289032146818482, "available_capacity_mw": 0.0, "distributor_network": "i-DE", "voltage_kv": 132.0, "grid_status": "Congested", "is_friction": true }, "geometry": { "type": "Point", "coordinates": [ -2.289032146818482, 38.964096165836473 ] } },
{ "type": "Feature", "properties": { "substation_name": "3073", "provincia": "Bizkaia", "municipio": "Gatika", "latitude": 43.349569783767755, "longitude": -2.8803488967741049, "available_capacity_mw": 0.0, "distributor_network": "i-DE", "voltage_kv": 132.0, "grid_status": "Congested", "is_friction": true }, "geometry": { "type": "Point", "coordinates": [ -2.880348896774105, 43.349569783767755 ] } },
{ "type": "Feature", "properties": { "substation_name": "3074", "provincia": "Rioja, La", "municipio": "Logroño", "latitude": 42.457961726658937, "longitude": -2.4901784669923805, "available_capacity_mw": 9.71, "distributor_network": "i-DE", "voltage_kv": 66.0, "grid_status": "Sufficient", "is_friction": false }, "geometry": { "type": "Point", "coordinates": [ -2.490178466992381, 42.457961726658937 ] } },
{ "type": "Feature", "properties": { "substation_name": "3075", "provincia": "Navarra", "municipio": "Tudela", "latitude": 42.050917048850657, "longitude": -1.6152635871144241, "available_capacity_mw": 34.03, "distributor_network": "i-DE", "voltage_kv": 66.0, "grid_status": "Sufficient", "is_friction": false }, "geometry": { "type": "Point", "coordinates": [ -1.615263587114424, 42.050917048850657 ] } },
{ "type": "Feature", "properties": { "substation_name": "3078", "provincia": "Cáceres", "municipio": "Cáceres", "latitude": 39.479762048490649, "longitude": -6.3577918645748577, "available_capacity_mw": 0.0, "distributor_network": "i-DE", "voltage_kv": 45.0, "grid_status": "Congested", "is_friction": true }, "geometry": { "type": "Point", "coordinates": [ -6.357791864574858, 39.479762048490649 ] } },
{ "type": "Feature", "properties": { "substation_name": "3079", "provincia": "Madrid", "municipio": "Leganés", "latitude": 40.346368727759121, "longitude": -3.7825821253915071, "available_capacity_mw": 0.0, "distributor_network": "i-DE", "voltage_kv": 45.0, "grid_status": "Congested", "is_friction": true }, "geometry": { "type": "Point", "coordinates": [ -3.782582125391507, 40.346368727759121 ] } },
{ "type": "Feature", "properties": { "substation_name": "3080", "provincia": "Bizkaia", "municipio": "Barakaldo", "latitude": 43.285285350577482, "longitude": -3.002025278077467, "available_capacity_mw": 0.0, "distributor_network": "i-DE", "voltage_kv": 132.0, "grid_status": "Congested", "is_friction": true }, "geometry": { "type": "Point", "coordinates": [ -3.002025278077467, 43.285285350577482 ] } },
{ "type": "Feature", "properties": { "substation_name": "3081", "provincia": "Zamora", "municipio": "Villalcampo", "latitude": 41.491218371683331, "longitude": -6.0884951434257166, "available_capacity_mw": 112.34, "distributor_network": "i-DE", "voltage_kv": 132.0, "grid_status": "Sufficient", "is_friction": false }, "geometry": { "type": "Point", "coordinates": [ -6.088495143425717, 41.491218371683331 ] } },
{ "type": "Feature", "properties": { "substation_name": "3082", "provincia": "Bizkaia", "municipio": "Zeanuri", "latitude": 43.079506476772465, "longitude": -2.7352746111260906, "available_capacity_mw": 0.0, "distributor_network": "i-DE", "voltage_kv": 132.0, "grid_status": "Congested", "is_friction": true }, "geometry": { "type": "Point", "coordinates": [ -2.735274611126091, 43.079506476772465 ] } },
{ "type": "Feature", "properties": { "substation_name": "3083", "provincia": "Salamanca", "municipio": "Saucelle", "latitude": 41.043469450119815, "longitude": -6.8069176331889114, "available_capacity_mw": 0.0, "distributor_network": "i-DE", "voltage_kv": 45.0, "grid_status": "Congested", "is_friction": true }, "geometry": { "type": "Point", "coordinates": [ -6.806917633188911, 41.043469450119815 ] } },
{ "type": "Feature", "properties": { "substation_name": "3087", "provincia": "Valladolid", "municipio": "Medina del Campo", "latitude": 41.327532837003304, "longitude": -4.9115563322265681, "available_capacity_mw": 0.0, "distributor_network": "i-DE", "voltage_kv": 45.0, "grid_status": "Congested", "is_friction": true }, "geometry": { "type": "Point", "coordinates": [ -4.911556332226568, 41.327532837003304 ] } },
{ "type": "Feature", "properties": { "substation_name": "3088", "provincia": "Gipuzkoa", "municipio": "Donostia/San Sebastián", "latitude": 43.303958616283602, "longitude": -1.9522924473442271, "available_capacity_mw": 0.0, "distributor_network": "i-DE", "voltage_kv": 132.0, "grid_status": "Congested", "is_friction": true }, "geometry": { "type": "Point", "coordinates": [ -1.952292447344227, 43.303958616283602 ] } },
{ "type": "Feature", "properties": { "substation_name": "3089", "provincia": "León", "municipio": "Garrafe de Torío", "latitude": 42.750117373452042, "longitude": -5.6117613917771836, "available_capacity_mw": 0.0, "distributor_network": "i-DE", "voltage_kv": 132.0, "grid_status": "Congested", "is_friction": true }, "geometry": { "type": "Point", "coordinates": [ -5.611761391777184, 42.750117373452042 ] } },
{ "type": "Feature", "properties": { "substation_name": "3090", "provincia": "León", "municipio": "León", "latitude": 42.552884031545659, "longitude": -5.5761424973553462, "available_capacity_mw": 0.0, "distributor_network": "i-DE", "voltage_kv": 132.0, "grid_status": "Congested", "is_friction": true }, "geometry": { "type": "Point", "coordinates": [ -5.576142497355346, 42.552884031545659 ] } },
{ "type": "Feature", "properties": { "substation_name": "3091", "provincia": "Burgos", "municipio": "Miranda de Ebro", "latitude": 42.695848656353789, "longitude": -2.9212043077458989, "available_capacity_mw": 0.0, "distributor_network": "i-DE", "voltage_kv": 30.0, "grid_status": "Congested", "is_friction": true }, "geometry": { "type": "Point", "coordinates": [ -2.921204307745899, 42.695848656353789 ] } },
{ "type": "Feature", "properties": { "substation_name": "3092", "provincia": "Bizkaia", "municipio": "Mungia", "latitude": 43.351472651050891, "longitude": -2.8216274121061589, "available_capacity_mw": 0.0, "distributor_network": "i-DE", "voltage_kv": 132.0, "grid_status": "Congested", "is_friction": true }, "geometry": { "type": "Point", "coordinates": [ -2.821627412106159, 43.351472651050891 ] } },
{ "type": "Feature", "properties": { "substation_name": "3093", "provincia": "Gipuzkoa", "municipio": "Oiartzun", "latitude": 43.305312396041657, "longitude": -1.8431582776743096, "available_capacity_mw": 3.52, "distributor_network": "i-DE", "voltage_kv": 132.0, "grid_status": "Moderate", "is_friction": true }, "geometry": { "type": "Point", "coordinates": [ -1.84315827767431, 43.305312396041657 ] } },
{ "type": "Feature", "properties": { "substation_name": "3094", "provincia": "Madrid", "municipio": "Parla", "latitude": 40.222464919815259, "longitude": -3.7650537927578145, "available_capacity_mw": 0.0, "distributor_network": "i-DE", "voltage_kv": 15.0, "grid_status": "Congested", "is_friction": true }, "geometry": { "type": "Point", "coordinates": [ -3.765053792757814, 40.222464919815259 ] } },
{ "type": "Feature", "properties": { "substation_name": "3095", "provincia": "Valladolid", "municipio": "Zaratán", "latitude": 41.639064123969106, "longitude": -4.8127294657138426, "available_capacity_mw": 0.0, "distributor_network": "i-DE", "voltage_kv": 45.0, "grid_status": "Congested", "is_friction": true }, "geometry": { "type": "Point", "coordinates": [ -4.812729465713843, 41.639064123969106 ] } },
{ "type": "Feature", "properties": { "substation_name": "3096", "provincia": "Salamanca", "municipio": "Villamayor", "latitude": 40.989640479621421, "longitude": -5.6897988546395348, "available_capacity_mw": 0.0, "distributor_network": "i-DE", "voltage_kv": 132.0, "grid_status": "Congested", "is_friction": true }, "geometry": { "type": "Point", "coordinates": [ -5.689798854639535, 40.989640479621421 ] } },
{ "type": "Feature", "properties": { "substation_name": "3097", "provincia": "Navarra", "municipio": "Tafalla", "latitude": 42.502591303841783, "longitude": -1.68331961144026, "available_capacity_mw": 1.0, "distributor_network": "i-DE", "voltage_kv": 66.0, "grid_status": "Moderate", "is_friction": true }, "geometry": { "type": "Point", "coordinates": [ -1.68331961144026, 42.502591303841783 ] } },
{ "type": "Feature", "properties": { "substation_name": "3098", "provincia": "Badajoz", "municipio": "Don Benito", "latitude": 38.947946699119797, "longitude": -5.8527359719432486, "available_capacity_mw": 0.0, "distributor_network": "i-DE", "voltage_kv": 132.0, "grid_status": "Congested", "is_friction": true }, "geometry": { "type": "Point", "coordinates": [ -5.852735971943249, 38.947946699119797 ] } },
{ "type": "Feature", "properties": { "substation_name": "3099", "provincia": "Valencia/València", "municipio": "Aldaia", "latitude": 39.451661857621723, "longitude": -0.50106613679333811, "available_capacity_mw": 0.0, "distributor_network": "i-DE", "voltage_kv": 20.0, "grid_status": "Congested", "is_friction": true }, "geometry": { "type": "Point", "coordinates": [ -0.501066136793338, 39.451661857621723 ] } },
{ "type": "Feature", "properties": { "substation_name": "3101", "provincia": "Araba/Álava", "municipio": "Vitoria-Gasteiz", "latitude": 42.883763110018663, "longitude": -2.6031086140386908, "available_capacity_mw": 0.0, "distributor_network": "i-DE", "voltage_kv": 30.0, "grid_status": "Congested", "is_friction": true }, "geometry": { "type": "Point", "coordinates": [ -2.603108614038691, 42.883763110018663 ] } },
{ "type": "Feature", "properties": { "substation_name": "3102", "provincia": "Araba/Álava", "municipio": "Ayala/Aiara", "latitude": 43.083668946410583, "longitude": -3.0110564737923857, "available_capacity_mw": 0.0, "distributor_network": "i-DE", "voltage_kv": 30.0, "grid_status": "Congested", "is_friction": true }, "geometry": { "type": "Point", "coordinates": [ -3.011056473792386, 43.083668946410583 ] } },
{ "type": "Feature", "properties": { "substation_name": "3103", "provincia": "Bizkaia", "municipio": "Bilbao", "latitude": 43.277507830847917, "longitude": -2.9521276577979618, "available_capacity_mw": 0.0, "distributor_network": "i-DE", "voltage_kv": 132.0, "grid_status": "Congested", "is_friction": true }, "geometry": { "type": "Point", "coordinates": [ -2.952127657797962, 43.277507830847917 ] } },
{ "type": "Feature", "properties": { "substation_name": "3105", "provincia": "Bizkaia", "municipio": "Güeñes", "latitude": 43.203746063178428, "longitude": -3.104119963175255, "available_capacity_mw": 0.0, "distributor_network": "i-DE", "voltage_kv": 30.0, "grid_status": "Congested", "is_friction": true }, "geometry": { "type": "Point", "coordinates": [ -3.104119963175255, 43.203746063178428 ] } },
{ "type": "Feature", "properties": { "substation_name": "3106", "provincia": "Bizkaia", "municipio": "Lemoa", "latitude": 43.212032779731565, "longitude": -2.7585177962025904, "available_capacity_mw": 0.0, "distributor_network": "i-DE", "voltage_kv": 132.0, "grid_status": "Congested", "is_friction": true }, "geometry": { "type": "Point", "coordinates": [ -2.75851779620259, 43.212032779731565 ] } },
{ "type": "Feature", "properties": { "substation_name": "3107", "provincia": "Gipuzkoa", "municipio": "Azpeitia", "latitude": 43.21301143727343, "longitude": -2.2525103640946154, "available_capacity_mw": 0.0, "distributor_network": "i-DE", "voltage_kv": 132.0, "grid_status": "Congested", "is_friction": true }, "geometry": { "type": "Point", "coordinates": [ -2.252510364094615, 43.21301143727343 ] } },
{ "type": "Feature", "properties": { "substation_name": "3108", "provincia": "Salamanca", "municipio": "Béjar", "latitude": 40.393323789586603, "longitude": -5.7779675846497556, "available_capacity_mw": 0.0, "distributor_network": "i-DE", "voltage_kv": 132.0, "grid_status": "Congested", "is_friction": true }, "geometry": { "type": "Point", "coordinates": [ -5.777967584649756, 40.393323789586603 ] } },
{ "type": "Feature", "properties": { "substation_name": "3109", "provincia": "Navarra", "municipio": "Tudela", "latitude": 42.097563013225177, "longitude": -1.6670946199542296, "available_capacity_mw": 0.0, "distributor_network": "i-DE", "voltage_kv": 66.0, "grid_status": "Congested", "is_friction": true }, "geometry": { "type": "Point", "coordinates": [ -1.66709461995423, 42.097563013225177 ] } },
{ "type": "Feature", "properties": { "substation_name": "3111", "provincia": "Cáceres", "municipio": "Navalmoral de la Mata", "latitude": 39.911076889124288, "longitude": -5.5104129923368914, "available_capacity_mw": 0.0, "distributor_network": "i-DE", "voltage_kv": 45.0, "grid_status": "Congested", "is_friction": true }, "geometry": { "type": "Point", "coordinates": [ -5.510412992336891, 39.911076889124288 ] } },
{ "type": "Feature", "properties": { "substation_name": "3112", "provincia": "Palencia", "municipio": "Palencia", "latitude": 41.99943500086659, "longitude": -4.4992462836569711, "available_capacity_mw": 0.0, "distributor_network": "i-DE", "voltage_kv": 45.0, "grid_status": "Congested", "is_friction": true }, "geometry": { "type": "Point", "coordinates": [ -4.499246283656971, 41.99943500086659 ] } },
{ "type": "Feature", "properties": { "substation_name": "3113", "provincia": "Navarra", "municipio": "Sangüesa/Zangoza", "latitude": 42.598500406137447, "longitude": -1.2758828477611339, "available_capacity_mw": 33.73, "distributor_network": "i-DE", "voltage_kv": 66.0, "grid_status": "Sufficient", "is_friction": false }, "geometry": { "type": "Point", "coordinates": [ -1.275882847761134, 42.598500406137447 ] } },
{ "type": "Feature", "properties": { "substation_name": "3117", "provincia": "Salamanca", "municipio": "Aldeadávila de la Ribera", "latitude": 41.208732900418326, "longitude": -6.6863908159144794, "available_capacity_mw": 0.0, "distributor_network": "i-DE", "voltage_kv": 45.0, "grid_status": "Congested", "is_friction": true }, "geometry": { "type": "Point", "coordinates": [ -6.686390815914479, 41.208732900418326 ] } },
{ "type": "Feature", "properties": { "substation_name": "3120", "provincia": "Bizkaia", "municipio": "Getxo", "latitude": 43.343985595166281, "longitude": -2.9980417664683308, "available_capacity_mw": 0.0, "distributor_network": "i-DE", "voltage_kv": 132.0, "grid_status": "Congested", "is_friction": true }, "geometry": { "type": "Point", "coordinates": [ -2.998041766468331, 43.343985595166281 ] } },
{ "type": "Feature", "properties": { "substation_name": "3121", "provincia": "Rioja, La", "municipio": "Quel", "latitude": 42.278155631899843, "longitude": -2.0185250364212433, "available_capacity_mw": 0.0, "distributor_network": "i-DE", "voltage_kv": 66.0, "grid_status": "Congested", "is_friction": true }, "geometry": { "type": "Point", "coordinates": [ -2.018525036421243, 42.278155631899843 ] } },
{ "type": "Feature", "properties": { "substation_name": "3122", "provincia": "Bizkaia", "municipio": "Zaldibar", "latitude": 43.175054367054841, "longitude": -2.5301032033756425, "available_capacity_mw": 0.0, "distributor_network": "i-DE", "voltage_kv": 132.0, "grid_status": "Congested", "is_friction": true }, "geometry": { "type": "Point", "coordinates": [ -2.530103203375643, 43.175054367054841 ] } },
{ "type": "Feature", "properties": { "substation_name": "3123", "provincia": "Bizkaia", "municipio": "Santurtzi", "latitude": 43.338176279619496, "longitude": -3.0524649172915339, "available_capacity_mw": 0.0, "distributor_network": "i-DE", "voltage_kv": 30.0, "grid_status": "Congested", "is_friction": true }, "geometry": { "type": "Point", "coordinates": [ -3.052464917291534, 43.338176279619496 ] } },
{ "type": "Feature", "properties": { "substation_name": "3124", "provincia": "Toledo", "municipio": "Toledo", "latitude": 39.857575868420923, "longitude": -3.965395291852869, "available_capacity_mw": 0.0, "distributor_network": "i-DE", "voltage_kv": 132.0, "grid_status": "Congested", "is_friction": true }, "geometry": { "type": "Point", "coordinates": [ -3.965395291852869, 39.857575868420923 ] } },
{ "type": "Feature", "properties": { "substation_name": "3126", "provincia": "Rioja, La", "municipio": "Arrúbal", "latitude": 42.417728246462062, "longitude": -2.2523673024052635, "available_capacity_mw": 0.0, "distributor_network": "i-DE", "voltage_kv": 66.0, "grid_status": "Congested", "is_friction": true }, "geometry": { "type": "Point", "coordinates": [ -2.252367302405264, 42.417728246462062 ] } },
{ "type": "Feature", "properties": { "substation_name": "3127", "provincia": "Araba/Álava", "municipio": "Vitoria-Gasteiz", "latitude": 42.836303232961363, "longitude": -2.7467070357830412, "available_capacity_mw": 0.0, "distributor_network": "i-DE", "voltage_kv": 30.0, "grid_status": "Congested", "is_friction": true }, "geometry": { "type": "Point", "coordinates": [ -2.746707035783041, 42.836303232961363 ] } },
{ "type": "Feature", "properties": { "substation_name": "3128", "provincia": "Burgos", "municipio": "Trespaderne", "latitude": 42.795561401807063, "longitude": -3.3962438854488379, "available_capacity_mw": 0.0, "distributor_network": "i-DE", "voltage_kv": 132.0, "grid_status": "Congested", "is_friction": true }, "geometry": { "type": "Point", "coordinates": [ -3.396243885448838, 42.795561401807063 ] } },
{ "type": "Feature", "properties": { "substation_name": "3130", "provincia": "Salamanca", "municipio": "Salamanca", "latitude": 40.977242805303923, "longitude": -5.643005815919576, "available_capacity_mw": 0.0, "distributor_network": "i-DE", "voltage_kv": 132.0, "grid_status": "Congested", "is_friction": true }, "geometry": { "type": "Point", "coordinates": [ -5.643005815919576, 40.977242805303923 ] } },
{ "type": "Feature", "properties": { "substation_name": "3135", "provincia": "Soria", "municipio": "Coscurita", "latitude": 41.438553718604766, "longitude": -2.5036861866645745, "available_capacity_mw": 0.0, "distributor_network": "i-DE", "voltage_kv": 132.0, "grid_status": "Congested", "is_friction": true }, "geometry": { "type": "Point", "coordinates": [ -2.503686186664575, 41.438553718604766 ] } },
{ "type": "Feature", "properties": { "substation_name": "3139", "provincia": "Alicante/Alacant", "municipio": "Villena", "latitude": 38.719256060014608, "longitude": -0.92373042461496602, "available_capacity_mw": 31.16, "distributor_network": "i-DE", "voltage_kv": 132.0, "grid_status": "Sufficient", "is_friction": false }, "geometry": { "type": "Point", "coordinates": [ -0.923730424614966, 38.719256060014608 ] } },
{ "type": "Feature", "properties": { "substation_name": "3140", "provincia": "Araba/Álava", "municipio": "Lantarón", "latitude": 42.765366149992801, "longitude": -3.0824054026313874, "available_capacity_mw": 0.0, "distributor_network": "i-DE", "voltage_kv": 132.0, "grid_status": "Congested", "is_friction": true }, "geometry": { "type": "Point", "coordinates": [ -3.082405402631387, 42.765366149992801 ] } },
{ "type": "Feature", "properties": { "substation_name": "3141", "provincia": "Burgos", "municipio": "Valle de Tobalina", "latitude": 42.785590873886683, "longitude": -3.262208563169795, "available_capacity_mw": 0.0, "distributor_network": "i-DE", "voltage_kv": 132.0, "grid_status": "Congested", "is_friction": true }, "geometry": { "type": "Point", "coordinates": [ -3.262208563169795, 42.785590873886683 ] } },
{ "type": "Feature", "properties": { "substation_name": "3144", "provincia": "Cáceres", "municipio": "Casatejada", "latitude": 39.975503884176653, "longitude": -5.7033448449461144, "available_capacity_mw": 6.0, "distributor_network": "i-DE", "voltage_kv": 45.0, "grid_status": "Sufficient", "is_friction": false }, "geometry": { "type": "Point", "coordinates": [ -5.703344844946114, 39.975503884176653 ] } },
{ "type": "Feature", "properties": { "substation_name": "3145", "provincia": "Burgos", "municipio": "Merindad de Valdivielso", "latitude": 42.852877876513695, "longitude": -3.6376446774876041, "available_capacity_mw": 0.0, "distributor_network": "i-DE", "voltage_kv": 45.0, "grid_status": "Congested", "is_friction": true }, "geometry": { "type": "Point", "coordinates": [ -3.637644677487604, 42.852877876513695 ] } },
{ "type": "Feature", "properties": { "substation_name": "3155", "provincia": "Gipuzkoa", "municipio": "Donostia/San Sebastián", "latitude": 43.25762489485475, "longitude": -2.0369798284479752, "available_capacity_mw": 0.0, "distributor_network": "i-DE", "voltage_kv": 132.0, "grid_status": "Congested", "is_friction": true }, "geometry": { "type": "Point", "coordinates": [ -2.036979828447975, 43.25762489485475 ] } },
{ "type": "Feature", "properties": { "substation_name": "3156", "provincia": "Ourense", "municipio": "A Pobra de Trives", "latitude": 42.344679204653971, "longitude": -7.2813656732583123, "available_capacity_mw": 70.0, "distributor_network": "i-DE", "voltage_kv": 132.0, "grid_status": "Sufficient", "is_friction": false }, "geometry": { "type": "Point", "coordinates": [ -7.281365673258312, 42.344679204653971 ] } },
{ "type": "Feature", "properties": { "substation_name": "3158", "provincia": "Lugo", "municipio": "Quiroga", "latitude": 42.390228568204286, "longitude": -7.1723763233515134, "available_capacity_mw": 35.0, "distributor_network": "i-DE", "voltage_kv": 132.0, "grid_status": "Sufficient", "is_friction": false }, "geometry": { "type": "Point", "coordinates": [ -7.172376323351513, 42.390228568204286 ] } },
{ "type": "Feature", "properties": { "substation_name": "3159", "provincia": "Soria", "municipio": "Burgo de Osma-Ciudad de Osma", "latitude": 41.592616555049531, "longitude": -3.0548188657712076, "available_capacity_mw": 0.0, "distributor_network": "i-DE", "voltage_kv": 132.0, "grid_status": "Congested", "is_friction": true }, "geometry": { "type": "Point", "coordinates": [ -3.054818865771208, 41.592616555049531 ] } },
{ "type": "Feature", "properties": { "substation_name": "3160", "provincia": "Madrid", "municipio": "Alcalá de Henares", "latitude": 40.492331567239894, "longitude": -3.393300189480744, "available_capacity_mw": 0.0, "distributor_network": "i-DE", "voltage_kv": 132.0, "grid_status": "Congested", "is_friction": true }, "geometry": { "type": "Point", "coordinates": [ -3.393300189480744, 40.492331567239894 ] } },
{ "type": "Feature", "properties": { "substation_name": "3162", "provincia": "Valencia/València", "municipio": "Alginet", "latitude": 39.259670516687002, "longitude": -0.45929756586623738, "available_capacity_mw": 0.0, "distributor_network": "i-DE", "voltage_kv": 132.0, "grid_status": "Congested", "is_friction": true }, "geometry": { "type": "Point", "coordinates": [ -0.459297565866237, 39.259670516687002 ] } },
{ "type": "Feature", "properties": { "substation_name": "3167", "provincia": "Ávila", "municipio": "Langa", "latitude": 41.019083086912758, "longitude": -4.8707206075280158, "available_capacity_mw": 0.0, "distributor_network": "i-DE", "voltage_kv": 132.0, "grid_status": "Congested", "is_friction": true }, "geometry": { "type": "Point", "coordinates": [ -4.870720607528016, 41.019083086912758 ] } },
{ "type": "Feature", "properties": { "substation_name": "3168", "provincia": "Madrid", "municipio": "San Martín de Valdeiglesias", "latitude": 40.346161159359234, "longitude": -4.4448327696055863, "available_capacity_mw": 0.0, "distributor_network": "i-DE", "voltage_kv": 132.0, "grid_status": "Congested", "is_friction": true }, "geometry": { "type": "Point", "coordinates": [ -4.444832769605586, 40.346161159359234 ] } },
{ "type": "Feature", "properties": { "substation_name": "3169", "provincia": "Madrid", "municipio": "Villaviciosa de Odón", "latitude": 40.349470352253228, "longitude": -3.9034251242590772, "available_capacity_mw": 0.0, "distributor_network": "i-DE", "voltage_kv": 15.0, "grid_status": "Congested", "is_friction": true }, "geometry": { "type": "Point", "coordinates": [ -3.903425124259077, 40.349470352253228 ] } },
{ "type": "Feature", "properties": { "substation_name": "3170", "provincia": "Lugo", "municipio": "Ribas de Sil", "latitude": 42.456137290277788, "longitude": -7.2526640159620737, "available_capacity_mw": 0.0, "distributor_network": "i-DE", "voltage_kv": 132.0, "grid_status": "Congested", "is_friction": true }, "geometry": { "type": "Point", "coordinates": [ -7.252664015962074, 42.456137290277788 ] } },
{ "type": "Feature", "properties": { "substation_name": "3172", "provincia": "Madrid", "municipio": "Navas del Rey", "latitude": 40.33002062292865, "longitude": -4.2474833273472923, "available_capacity_mw": 0.0, "distributor_network": "i-DE", "voltage_kv": 132.0, "grid_status": "Congested", "is_friction": true }, "geometry": { "type": "Point", "coordinates": [ -4.247483327347292, 40.33002062292865 ] } },
{ "type": "Feature", "properties": { "substation_name": "3173", "provincia": "Ávila", "municipio": "El Tiemblo", "latitude": 40.426542741968973, "longitude": -4.5250878216710406, "available_capacity_mw": 0.0, "distributor_network": "i-DE", "voltage_kv": 132.0, "grid_status": "Congested", "is_friction": true }, "geometry": { "type": "Point", "coordinates": [ -4.525087821671041, 40.426542741968973 ] } },
{ "type": "Feature", "properties": { "substation_name": "3174", "provincia": "Ávila", "municipio": "El Tiemblo", "latitude": 40.412665351005892, "longitude": -4.4416297397042319, "available_capacity_mw": 0.0, "distributor_network": "i-DE", "voltage_kv": 132.0, "grid_status": "Congested", "is_friction": true }, "geometry": { "type": "Point", "coordinates": [ -4.441629739704232, 40.412665351005892 ] } },
{ "type": "Feature", "properties": { "substation_name": "3175", "provincia": "Salamanca", "municipio": "Pelayos", "latitude": 40.667208870945323, "longitude": -5.6003599625565208, "available_capacity_mw": 0.0, "distributor_network": "i-DE", "voltage_kv": 132.0, "grid_status": "Congested", "is_friction": true }, "geometry": { "type": "Point", "coordinates": [ -5.600359962556521, 40.667208870945323 ] } },
{ "type": "Feature", "properties": { "substation_name": "3186", "provincia": "Ourense", "municipio": "Chandrexa de Queixa", "latitude": 42.319892220544602, "longitude": -7.3474142354400431, "available_capacity_mw": 0.0, "distributor_network": "i-DE", "voltage_kv": 132.0, "grid_status": "Congested", "is_friction": true }, "geometry": { "type": "Point", "coordinates": [ -7.347414235440043, 42.319892220544602 ] } },
{ "type": "Feature", "properties": { "substation_name": "3187", "provincia": "Bizkaia", "municipio": "Zamudio", "latitude": 43.301250288023354, "longitude": -2.8640629471874228, "available_capacity_mw": 0.0, "distributor_network": "i-DE", "voltage_kv": 30.0, "grid_status": "Congested", "is_friction": true }, "geometry": { "type": "Point", "coordinates": [ -2.864062947187423, 43.301250288023354 ] } },
{ "type": "Feature", "properties": { "substation_name": "3188", "provincia": "Badajoz", "municipio": "Talarrubias", "latitude": 39.04388869474603, "longitude": -5.2275674983083569, "available_capacity_mw": 0.0, "distributor_network": "i-DE", "voltage_kv": 132.0, "grid_status": "Congested", "is_friction": true }, "geometry": { "type": "Point", "coordinates": [ -5.227567498308357, 39.04388869474603 ] } },
{ "type": "Feature", "properties": { "substation_name": "3189", "provincia": "Salamanca", "municipio": "Peñaranda de Bracamonte", "latitude": 40.923011671344312, "longitude": -5.207177083496525, "available_capacity_mw": 0.0, "distributor_network": "i-DE", "voltage_kv": 132.0, "grid_status": "Congested", "is_friction": true }, "geometry": { "type": "Point", "coordinates": [ -5.207177083496525, 40.923011671344312 ] } },
{ "type": "Feature", "properties": { "substation_name": "3191", "provincia": "Madrid", "municipio": "Móstoles", "latitude": 40.34091116722373, "longitude": -3.8832550887812327, "available_capacity_mw": 0.0, "distributor_network": "i-DE", "voltage_kv": 45.0, "grid_status": "Congested", "is_friction": true }, "geometry": { "type": "Point", "coordinates": [ -3.883255088781233, 40.34091116722373 ] } },
{ "type": "Feature", "properties": { "substation_name": "3192", "provincia": "Madrid", "municipio": "Pinto", "latitude": 40.253554641765028, "longitude": -3.7400114559916751, "available_capacity_mw": 0.0, "distributor_network": "i-DE", "voltage_kv": 45.0, "grid_status": "Congested", "is_friction": true }, "geometry": { "type": "Point", "coordinates": [ -3.740011455991675, 40.253554641765028 ] } },
{ "type": "Feature", "properties": { "substation_name": "3193", "provincia": "Bizkaia", "municipio": "Lemoiz", "latitude": 43.429307211678463, "longitude": -2.8834952801042433, "available_capacity_mw": 0.0, "distributor_network": "i-DE", "voltage_kv": 132.0, "grid_status": "Congested", "is_friction": true }, "geometry": { "type": "Point", "coordinates": [ -2.883495280104243, 43.429307211678463 ] } },
{ "type": "Feature", "properties": { "substation_name": "3197", "provincia": "Salamanca", "municipio": "Villares de la Reina", "latitude": 41.000759028983389, "longitude": -5.6401083827230183, "available_capacity_mw": 0.0, "distributor_network": "i-DE", "voltage_kv": 132.0, "grid_status": "Congested", "is_friction": true }, "geometry": { "type": "Point", "coordinates": [ -5.640108382723018, 41.000759028983389 ] } },
{ "type": "Feature", "properties": { "substation_name": "3198", "provincia": "Alicante/Alacant", "municipio": "Calp", "latitude": 38.639899315881927, "longitude": 0.0186623996212846, "available_capacity_mw": 0.0, "distributor_network": "i-DE", "voltage_kv": 132.0, "grid_status": "Congested", "is_friction": true }, "geometry": { "type": "Point", "coordinates": [ 0.018662399621285, 38.639899315881927 ] } },
{ "type": "Feature", "properties": { "substation_name": "3199", "provincia": "Cáceres", "municipio": "Hervás", "latitude": 40.266977429481685, "longitude": -5.9080913586726753, "available_capacity_mw": 0.0, "distributor_network": "i-DE", "voltage_kv": 132.0, "grid_status": "Congested", "is_friction": true }, "geometry": { "type": "Point", "coordinates": [ -5.908091358672675, 40.266977429481685 ] } },
{ "type": "Feature", "properties": { "substation_name": "3201", "provincia": "Castellón/Castelló", "municipio": "Vall d'Alba", "latitude": 40.166342925980381, "longitude": -0.0055031916352183, "available_capacity_mw": 0.0, "distributor_network": "i-DE", "voltage_kv": 132.0, "grid_status": "Congested", "is_friction": true }, "geometry": { "type": "Point", "coordinates": [ -0.005503191635218, 40.166342925980381 ] } },
{ "type": "Feature", "properties": { "substation_name": "3202", "provincia": "Alicante/Alacant", "municipio": "Elx/Elche", "latitude": 38.29944757727727, "longitude": -0.62033047463478064, "available_capacity_mw": 0.0, "distributor_network": "i-DE", "voltage_kv": 20.0, "grid_status": "Congested", "is_friction": true }, "geometry": { "type": "Point", "coordinates": [ -0.620330474634781, 38.29944757727727 ] } },
{ "type": "Feature", "properties": { "substation_name": "3203", "provincia": "Alicante/Alacant", "municipio": "Benidorm", "latitude": 38.57461815716082, "longitude": -0.14939074226606711, "available_capacity_mw": 0.0, "distributor_network": "i-DE", "voltage_kv": 132.0, "grid_status": "Congested", "is_friction": true }, "geometry": { "type": "Point", "coordinates": [ -0.149390742266067, 38.57461815716082 ] } },
{ "type": "Feature", "properties": { "substation_name": "3204", "provincia": "Araba/Álava", "municipio": "Barrundia", "latitude": 42.892557888396723, "longitude": -2.450243646779712, "available_capacity_mw": 0.0, "distributor_network": "i-DE", "voltage_kv": 30.0, "grid_status": "Congested", "is_friction": true }, "geometry": { "type": "Point", "coordinates": [ -2.450243646779712, 42.892557888396723 ] } },
{ "type": "Feature", "properties": { "substation_name": "3210", "provincia": "Madrid", "municipio": "Algete", "latitude": 40.592981914868808, "longitude": -3.5519200096488497, "available_capacity_mw": 0.0, "distributor_network": "i-DE", "voltage_kv": 66.0, "grid_status": "Congested", "is_friction": true }, "geometry": { "type": "Point", "coordinates": [ -3.55192000964885, 40.592981914868808 ] } },
{ "type": "Feature", "properties": { "substation_name": "3212", "provincia": "Madrid", "municipio": "Arroyomolinos", "latitude": 40.263947528520617, "longitude": -3.9068228895622945, "available_capacity_mw": 0.0, "distributor_network": "i-DE", "voltage_kv": 45.0, "grid_status": "Congested", "is_friction": true }, "geometry": { "type": "Point", "coordinates": [ -3.906822889562295, 40.263947528520617 ] } },
{ "type": "Feature", "properties": { "substation_name": "3214", "provincia": "Madrid", "municipio": "Daganzo de Arriba", "latitude": 40.553474663028894, "longitude": -3.4790345588176521, "available_capacity_mw": 0.0, "distributor_network": "i-DE", "voltage_kv": 20.0, "grid_status": "Congested", "is_friction": true }, "geometry": { "type": "Point", "coordinates": [ -3.479034558817652, 40.553474663028894 ] } },
{ "type": "Feature", "properties": { "substation_name": "3221", "provincia": "Valencia/València", "municipio": "Benicull de Xúquer", "latitude": 39.185042420528951, "longitude": -0.40216788370268369, "available_capacity_mw": 0.0, "distributor_network": "i-DE", "voltage_kv": 20.0, "grid_status": "Congested", "is_friction": true }, "geometry": { "type": "Point", "coordinates": [ -0.402167883702684, 39.185042420528951 ] } },
{ "type": "Feature", "properties": { "substation_name": "3222", "provincia": "Cuenca", "municipio": "Iniesta", "latitude": 39.44003590875235, "longitude": -1.7169808777072291, "available_capacity_mw": 0.0, "distributor_network": "i-DE", "voltage_kv": 132.0, "grid_status": "Congested", "is_friction": true }, "geometry": { "type": "Point", "coordinates": [ -1.716980877707229, 39.44003590875235 ] } },
{ "type": "Feature", "properties": { "substation_name": "3223", "provincia": "Castellón/Castelló", "municipio": "Betxí", "latitude": 39.928272158961683, "longitude": -0.17804746867740179, "available_capacity_mw": 0.0, "distributor_network": "i-DE", "voltage_kv": 66.0, "grid_status": "Congested", "is_friction": true }, "geometry": { "type": "Point", "coordinates": [ -0.178047468677402, 39.928272158961683 ] } },
{ "type": "Feature", "properties": { "substation_name": "3224", "provincia": "Madrid", "municipio": "Fuenlabrada", "latitude": 40.29131802550048, "longitude": -3.8169215357632913, "available_capacity_mw": 0.24, "distributor_network": "i-DE", "voltage_kv": 15.0, "grid_status": "Congested", "is_friction": true }, "geometry": { "type": "Point", "coordinates": [ -3.816921535763291, 40.29131802550048 ] } },
{ "type": "Feature", "properties": { "substation_name": "3225", "provincia": "León", "municipio": "Cubillas de Rueda", "latitude": 42.633093882339431, "longitude": -5.2019646523637295, "available_capacity_mw": 0.0, "distributor_network": "i-DE", "voltage_kv": 132.0, "grid_status": "Congested", "is_friction": true }, "geometry": { "type": "Point", "coordinates": [ -5.20196465236373, 42.633093882339431 ] } },
{ "type": "Feature", "properties": { "substation_name": "3227", "provincia": "Madrid", "municipio": "Alcobendas", "latitude": 40.548877526241903, "longitude": -3.6509830314080705, "available_capacity_mw": 9.61, "distributor_network": "i-DE", "voltage_kv": 20.0, "grid_status": "Sufficient", "is_friction": false }, "geometry": { "type": "Point", "coordinates": [ -3.65098303140807, 40.548877526241903 ] } },
{ "type": "Feature", "properties": { "substation_name": "3229", "provincia": "Zamora", "municipio": "Bretó", "latitude": 41.852202971062312, "longitude": -5.7414248526673628, "available_capacity_mw": 0.0, "distributor_network": "i-DE", "voltage_kv": 132.0, "grid_status": "Congested", "is_friction": true }, "geometry": { "type": "Point", "coordinates": [ -5.741424852667363, 41.852202971062312 ] } },
{ "type": "Feature", "properties": { "substation_name": "3231", "provincia": "Valladolid", "municipio": "Valladolid", "latitude": 41.647637901146055, "longitude": -4.742820169753462, "available_capacity_mw": 26.44, "distributor_network": "i-DE", "voltage_kv": 13.2, "grid_status": "Sufficient", "is_friction": false }, "geometry": { "type": "Point", "coordinates": [ -4.742820169753462, 41.647637901146055 ] } },
{ "type": "Feature", "properties": { "substation_name": "3232", "provincia": "Alicante/Alacant", "municipio": "San Miguel de Salinas", "latitude": 38.000349651542521, "longitude": -0.76523872754016431, "available_capacity_mw": 1.46, "distributor_network": "i-DE", "voltage_kv": 20.0, "grid_status": "Moderate", "is_friction": true }, "geometry": { "type": "Point", "coordinates": [ -0.765238727540164, 38.000349651542521 ] } },
{ "type": "Feature", "properties": { "substation_name": "3236", "provincia": "Valladolid", "municipio": "La Mudarra", "latitude": 41.790735204351734, "longitude": -4.9384998011366426, "available_capacity_mw": 0.0, "distributor_network": "i-DE", "voltage_kv": 45.0, "grid_status": "Congested", "is_friction": true }, "geometry": { "type": "Point", "coordinates": [ -4.938499801136643, 41.790735204351734 ] } },
{ "type": "Feature", "properties": { "substation_name": "3239", "provincia": "Guadalajara", "municipio": "Brihuega", "latitude": 40.74838258559889, "longitude": -2.9825716188360469, "available_capacity_mw": 0.0, "distributor_network": "i-DE", "voltage_kv": 132.0, "grid_status": "Congested", "is_friction": true }, "geometry": { "type": "Point", "coordinates": [ -2.982571618836047, 40.74838258559889 ] } },
{ "type": "Feature", "properties": { "substation_name": "3240", "provincia": "Murcia", "municipio": "Lorca", "latitude": 37.672853123619582, "longitude": -1.5216403217231325, "available_capacity_mw": 0.0, "distributor_network": "i-DE", "voltage_kv": 132.0, "grid_status": "Congested", "is_friction": true }, "geometry": { "type": "Point", "coordinates": [ -1.521640321723132, 37.672853123619582 ] } },
{ "type": "Feature", "properties": { "substation_name": "3246", "provincia": "Valencia/València", "municipio": "Sagunt/Sagunto", "latitude": 39.649141267106423, "longitude": -0.24734431975450921, "available_capacity_mw": 0.0, "distributor_network": "i-DE", "voltage_kv": 20.0, "grid_status": "Congested", "is_friction": true }, "geometry": { "type": "Point", "coordinates": [ -0.247344319754509, 39.649141267106423 ] } },
{ "type": "Feature", "properties": { "substation_name": "3248", "provincia": "Murcia", "municipio": "Lorca", "latitude": 37.726488427343895, "longitude": -1.696215905809167, "available_capacity_mw": 0.0, "distributor_network": "i-DE", "voltage_kv": 132.0, "grid_status": "Congested", "is_friction": true }, "geometry": { "type": "Point", "coordinates": [ -1.696215905809167, 37.726488427343895 ] } },
{ "type": "Feature", "properties": { "substation_name": "3249", "provincia": "Toledo", "municipio": "Villaluenga de la Sagra", "latitude": 40.028107921496385, "longitude": -3.8938892807295442, "available_capacity_mw": 0.0, "distributor_network": "i-DE", "voltage_kv": 132.0, "grid_status": "Congested", "is_friction": true }, "geometry": { "type": "Point", "coordinates": [ -3.893889280729544, 40.028107921496385 ] } },
{ "type": "Feature", "properties": { "substation_name": "3251", "provincia": "Valencia/València", "municipio": "Alzira", "latitude": 39.132919131818539, "longitude": -0.41447822515431632, "available_capacity_mw": 0.0, "distributor_network": "i-DE", "voltage_kv": 66.0, "grid_status": "Congested", "is_friction": true }, "geometry": { "type": "Point", "coordinates": [ -0.414478225154316, 39.132919131818539 ] } },
{ "type": "Feature", "properties": { "substation_name": "3252", "provincia": "Palencia", "municipio": "Velilla del Río Carrión", "latitude": 42.818349687764332, "longitude": -4.8526143853767651, "available_capacity_mw": 9.5, "distributor_network": "i-DE", "voltage_kv": 132.0, "grid_status": "Sufficient", "is_friction": false }, "geometry": { "type": "Point", "coordinates": [ -4.852614385376765, 42.818349687764332 ] } },
{ "type": "Feature", "properties": { "substation_name": "3258", "provincia": "Lugo", "municipio": "Quiroga", "latitude": 42.392163416137976, "longitude": -7.2191290810155566, "available_capacity_mw": 35.0, "distributor_network": "i-DE", "voltage_kv": 132.0, "grid_status": "Sufficient", "is_friction": false }, "geometry": { "type": "Point", "coordinates": [ -7.219129081015557, 42.392163416137976 ] } },
{ "type": "Feature", "properties": { "substation_name": "3260", "provincia": "Ourense", "municipio": "A Pobra de Trives", "latitude": 42.374609631127299, "longitude": -7.2351588832435434, "available_capacity_mw": 35.0, "distributor_network": "i-DE", "voltage_kv": 132.0, "grid_status": "Sufficient", "is_friction": false }, "geometry": { "type": "Point", "coordinates": [ -7.235158883243543, 42.374609631127299 ] } },
{ "type": "Feature", "properties": { "substation_name": "3267", "provincia": "Guadalajara", "municipio": "Cabanillas del Campo", "latitude": 40.616096452600971, "longitude": -3.2511998069605963, "available_capacity_mw": 0.0, "distributor_network": "i-DE", "voltage_kv": 132.0, "grid_status": "Congested", "is_friction": true }, "geometry": { "type": "Point", "coordinates": [ -3.251199806960596, 40.616096452600971 ] } },
{ "type": "Feature", "properties": { "substation_name": "3270", "provincia": "Madrid", "municipio": "Madrid", "latitude": 40.479320503346059, "longitude": -3.6892484882258891, "available_capacity_mw": 7.24, "distributor_network": "i-DE", "voltage_kv": 20.0, "grid_status": "Sufficient", "is_friction": false }, "geometry": { "type": "Point", "coordinates": [ -3.689248488225889, 40.479320503346059 ] } },
{ "type": "Feature", "properties": { "substation_name": "3271", "provincia": "Burgos", "municipio": "Mambrillas de Lara", "latitude": 42.125618481040661, "longitude": -3.5213628060629669, "available_capacity_mw": 0.0, "distributor_network": "i-DE", "voltage_kv": 132.0, "grid_status": "Congested", "is_friction": true }, "geometry": { "type": "Point", "coordinates": [ -3.521362806062967, 42.125618481040661 ] } },
{ "type": "Feature", "properties": { "substation_name": "3273", "provincia": "Albacete", "municipio": "Villarrobledo", "latitude": 39.075353979605715, "longitude": -2.6740967785050436, "available_capacity_mw": 0.0, "distributor_network": "i-DE", "voltage_kv": 132.0, "grid_status": "Congested", "is_friction": true }, "geometry": { "type": "Point", "coordinates": [ -2.674096778505044, 39.075353979605715 ] } },
{ "type": "Feature", "properties": { "substation_name": "3277", "provincia": "Alicante/Alacant", "municipio": "la Nucia", "latitude": 38.596260560086172, "longitude": -0.13954264084385251, "available_capacity_mw": 0.0, "distributor_network": "i-DE", "voltage_kv": 132.0, "grid_status": "Congested", "is_friction": true }, "geometry": { "type": "Point", "coordinates": [ -0.139542640843853, 38.596260560086172 ] } },
{ "type": "Feature", "properties": { "substation_name": "3279", "provincia": "Navarra", "municipio": "Doneztebe/Santesteban", "latitude": 43.132606530003741, "longitude": -1.6533002381049873, "available_capacity_mw": 1.85, "distributor_network": "i-DE", "voltage_kv": 132.0, "grid_status": "Moderate", "is_friction": true }, "geometry": { "type": "Point", "coordinates": [ -1.653300238104987, 43.132606530003741 ] } },
{ "type": "Feature", "properties": { "substation_name": "3280", "provincia": "Murcia", "municipio": "Murcia", "latitude": 38.057609453553141, "longitude": -1.1473415805922726, "available_capacity_mw": 0.0, "distributor_network": "i-DE", "voltage_kv": 132.0, "grid_status": "Congested", "is_friction": true }, "geometry": { "type": "Point", "coordinates": [ -1.147341580592273, 38.057609453553141 ] } },
{ "type": "Feature", "properties": { "substation_name": "3281", "provincia": "Badajoz", "municipio": "Castuera", "latitude": 38.735062743453732, "longitude": -5.5314078767574806, "available_capacity_mw": 0.0, "distributor_network": "i-DE", "voltage_kv": 132.0, "grid_status": "Congested", "is_friction": true }, "geometry": { "type": "Point", "coordinates": [ -5.531407876757481, 38.735062743453732 ] } },
{ "type": "Feature", "properties": { "substation_name": "3283", "provincia": "Valladolid", "municipio": "Boecillo", "latitude": 41.525536736441666, "longitude": -4.7142404255088124, "available_capacity_mw": 0.0, "distributor_network": "i-DE", "voltage_kv": 45.0, "grid_status": "Congested", "is_friction": true }, "geometry": { "type": "Point", "coordinates": [ -4.714240425508812, 41.525536736441666 ] } },
{ "type": "Feature", "properties": { "substation_name": "3284", "provincia": "Toledo", "municipio": "Talavera de la Reina", "latitude": 39.964579706942814, "longitude": -4.7878288412650321, "available_capacity_mw": 0.91, "distributor_network": "i-DE", "voltage_kv": 20.0, "grid_status": "Congested", "is_friction": true }, "geometry": { "type": "Point", "coordinates": [ -4.787828841265032, 39.964579706942814 ] } },
{ "type": "Feature", "properties": { "substation_name": "3285", "provincia": "León", "municipio": "Villamañán", "latitude": 42.316547458247186, "longitude": -5.5930693032431753, "available_capacity_mw": 0.0, "distributor_network": "i-DE", "voltage_kv": 132.0, "grid_status": "Congested", "is_friction": true }, "geometry": { "type": "Point", "coordinates": [ -5.593069303243175, 42.316547458247186 ] } },
{ "type": "Feature", "properties": { "substation_name": "3286", "provincia": "Salamanca", "municipio": "Babilafuente", "latitude": 40.968541746432464, "longitude": -5.439274908895066, "available_capacity_mw": 0.0, "distributor_network": "i-DE", "voltage_kv": 132.0, "grid_status": "Congested", "is_friction": true }, "geometry": { "type": "Point", "coordinates": [ -5.439274908895066, 40.968541746432464 ] } },
{ "type": "Feature", "properties": { "substation_name": "3287", "provincia": "Murcia", "municipio": "Murcia", "latitude": 37.964739558815488, "longitude": -1.1349411054552072, "available_capacity_mw": 0.0, "distributor_network": "i-DE", "voltage_kv": 20.0, "grid_status": "Congested", "is_friction": true }, "geometry": { "type": "Point", "coordinates": [ -1.134941105455207, 37.964739558815488 ] } },
{ "type": "Feature", "properties": { "substation_name": "3288", "provincia": "Murcia", "municipio": "Torre-Pacheco", "latitude": 37.797434672979527, "longitude": -0.95862713877958217, "available_capacity_mw": 0.0, "distributor_network": "i-DE", "voltage_kv": 20.0, "grid_status": "Congested", "is_friction": true }, "geometry": { "type": "Point", "coordinates": [ -0.958627138779582, 37.797434672979527 ] } },
{ "type": "Feature", "properties": { "substation_name": "3290", "provincia": "Guadalajara", "municipio": "Torija", "latitude": 40.758048827651855, "longitude": -3.028443788301471, "available_capacity_mw": 0.0, "distributor_network": "i-DE", "voltage_kv": 132.0, "grid_status": "Congested", "is_friction": true }, "geometry": { "type": "Point", "coordinates": [ -3.028443788301471, 40.758048827651855 ] } },
{ "type": "Feature", "properties": { "substation_name": "3291", "provincia": "Murcia", "municipio": "Alhama de Murcia", "latitude": 37.853999760576777, "longitude": -1.4023285182808831, "available_capacity_mw": 0.0, "distributor_network": "i-DE", "voltage_kv": 132.0, "grid_status": "Congested", "is_friction": true }, "geometry": { "type": "Point", "coordinates": [ -1.402328518280883, 37.853999760576777 ] } },
{ "type": "Feature", "properties": { "substation_name": "3292", "provincia": "Ávila", "municipio": "Ávila", "latitude": 40.650747461080357, "longitude": -4.6834806664948312, "available_capacity_mw": 0.0, "distributor_network": "i-DE", "voltage_kv": 132.0, "grid_status": "Congested", "is_friction": true }, "geometry": { "type": "Point", "coordinates": [ -4.683480666494831, 40.650747461080357 ] } },
{ "type": "Feature", "properties": { "substation_name": "3298", "provincia": "Madrid", "municipio": "Alcorcón", "latitude": 40.325680800237535, "longitude": -3.8386600235652608, "available_capacity_mw": 0.0, "distributor_network": "i-DE", "voltage_kv": 45.0, "grid_status": "Congested", "is_friction": true }, "geometry": { "type": "Point", "coordinates": [ -3.838660023565261, 40.325680800237535 ] } },
{ "type": "Feature", "properties": { "substation_name": "3299", "provincia": "Burgos", "municipio": "Salas de los Infantes", "latitude": 42.003917223843288, "longitude": -3.2693901809705745, "available_capacity_mw": 0.0, "distributor_network": "i-DE", "voltage_kv": 132.0, "grid_status": "Congested", "is_friction": true }, "geometry": { "type": "Point", "coordinates": [ -3.269390180970575, 42.003917223843288 ] } },
{ "type": "Feature", "properties": { "substation_name": "3302", "provincia": "Bizkaia", "municipio": "Sondika", "latitude": 43.280006578107269, "longitude": -2.9262683197034298, "available_capacity_mw": 0.0, "distributor_network": "i-DE", "voltage_kv": 132.0, "grid_status": "Congested", "is_friction": true }, "geometry": { "type": "Point", "coordinates": [ -2.92626831970343, 43.280006578107269 ] } },
{ "type": "Feature", "properties": { "substation_name": "3305", "provincia": "Madrid", "municipio": "Madrid", "latitude": 40.417419177820868, "longitude": -3.6657615839114657, "available_capacity_mw": 30.41, "distributor_network": "i-DE", "voltage_kv": 132.0, "grid_status": "Sufficient", "is_friction": false }, "geometry": { "type": "Point", "coordinates": [ -3.665761583911466, 40.417419177820868 ] } },
{ "type": "Feature", "properties": { "substation_name": "3306", "provincia": "Madrid", "municipio": "Madrid", "latitude": 40.458356359206043, "longitude": -3.7292427000540105, "available_capacity_mw": 0.0, "distributor_network": "i-DE", "voltage_kv": 132.0, "grid_status": "Congested", "is_friction": true }, "geometry": { "type": "Point", "coordinates": [ -3.72924270005401, 40.458356359206043 ] } },
{ "type": "Feature", "properties": { "substation_name": "3307", "provincia": "Madrid", "municipio": "Madrid", "latitude": 40.473928562481987, "longitude": -3.7006323505495988, "available_capacity_mw": 21.01, "distributor_network": "i-DE", "voltage_kv": 132.0, "grid_status": "Sufficient", "is_friction": false }, "geometry": { "type": "Point", "coordinates": [ -3.700632350549599, 40.473928562481987 ] } },
{ "type": "Feature", "properties": { "substation_name": "3308", "provincia": "Madrid", "municipio": "Madrid", "latitude": 40.51757738407813, "longitude": -3.6706328174039338, "available_capacity_mw": 3.63, "distributor_network": "i-DE", "voltage_kv": 132.0, "grid_status": "Moderate", "is_friction": true }, "geometry": { "type": "Point", "coordinates": [ -3.670632817403934, 40.51757738407813 ] } },
{ "type": "Feature", "properties": { "substation_name": "3309", "provincia": "Madrid", "municipio": "Madrid", "latitude": 40.407613266564951, "longitude": -3.7201559498951302, "available_capacity_mw": 25.39, "distributor_network": "i-DE", "voltage_kv": 132.0, "grid_status": "Sufficient", "is_friction": false }, "geometry": { "type": "Point", "coordinates": [ -3.72015594989513, 40.407613266564951 ] } },
{ "type": "Feature", "properties": { "substation_name": "3310", "provincia": "Madrid", "municipio": "Madrid", "latitude": 40.490959745810507, "longitude": -3.7173261936992135, "available_capacity_mw": 1.33, "distributor_network": "i-DE", "voltage_kv": 20.0, "grid_status": "Moderate", "is_friction": true }, "geometry": { "type": "Point", "coordinates": [ -3.717326193699213, 40.490959745810507 ] } },
{ "type": "Feature", "properties": { "substation_name": "3311", "provincia": "Madrid", "municipio": "Madrid", "latitude": 40.350259829536462, "longitude": -3.7023173091391097, "available_capacity_mw": 0.0, "distributor_network": "i-DE", "voltage_kv": 15.0, "grid_status": "Congested", "is_friction": true }, "geometry": { "type": "Point", "coordinates": [ -3.70231730913911, 40.350259829536462 ] } },
{ "type": "Feature", "properties": { "substation_name": "3312", "provincia": "Madrid", "municipio": "Madrid", "latitude": 40.379232694643818, "longitude": -3.7625057544297151, "available_capacity_mw": 0.0, "distributor_network": "i-DE", "voltage_kv": 45.0, "grid_status": "Congested", "is_friction": true }, "geometry": { "type": "Point", "coordinates": [ -3.762505754429715, 40.379232694643818 ] } },
{ "type": "Feature", "properties": { "substation_name": "3313", "provincia": "Madrid", "municipio": "Madrid", "latitude": 40.400818238329158, "longitude": -3.7609691691459575, "available_capacity_mw": 20.84, "distributor_network": "i-DE", "voltage_kv": 20.0, "grid_status": "Sufficient", "is_friction": false }, "geometry": { "type": "Point", "coordinates": [ -3.760969169145957, 40.400818238329158 ] } },
{ "type": "Feature", "properties": { "substation_name": "3314", "provincia": "Madrid", "municipio": "Madrid", "latitude": 40.343666190766633, "longitude": -3.6686769769391554, "available_capacity_mw": 0.0, "distributor_network": "i-DE", "voltage_kv": 132.0, "grid_status": "Congested", "is_friction": true }, "geometry": { "type": "Point", "coordinates": [ -3.668676976939155, 40.343666190766633 ] } },
{ "type": "Feature", "properties": { "substation_name": "3315", "provincia": "Madrid", "municipio": "Madrid", "latitude": 40.396078547847033, "longitude": -3.7027203824006167, "available_capacity_mw": 14.5, "distributor_network": "i-DE", "voltage_kv": 15.0, "grid_status": "Sufficient", "is_friction": false }, "geometry": { "type": "Point", "coordinates": [ -3.702720382400617, 40.396078547847033 ] } },
{ "type": "Feature", "properties": { "substation_name": "3316", "provincia": "Madrid", "municipio": "Madrid", "latitude": 40.386478143242698, "longitude": -3.7175127190149326, "available_capacity_mw": 0.8, "distributor_network": "i-DE", "voltage_kv": 15.0, "grid_status": "Congested", "is_friction": true }, "geometry": { "type": "Point", "coordinates": [ -3.717512719014933, 40.386478143242698 ] } },
{ "type": "Feature", "properties": { "substation_name": "3320", "provincia": "Madrid", "municipio": "Getafe", "latitude": 40.310259915703853, "longitude": -3.7507475829079282, "available_capacity_mw": 0.0, "distributor_network": "i-DE", "voltage_kv": 15.0, "grid_status": "Congested", "is_friction": true }, "geometry": { "type": "Point", "coordinates": [ -3.750747582907928, 40.310259915703853 ] } },
{ "type": "Feature", "properties": { "substation_name": "3325", "provincia": "Rioja, La", "municipio": "Haro", "latitude": 42.568424998564112, "longitude": -2.8851395604277528, "available_capacity_mw": 0.0, "distributor_network": "i-DE", "voltage_kv": 66.0, "grid_status": "Congested", "is_friction": true }, "geometry": { "type": "Point", "coordinates": [ -2.885139560427753, 42.568424998564112 ] } },
{ "type": "Feature", "properties": { "substation_name": "3327", "provincia": "Burgos", "municipio": "Burgos", "latitude": 42.379879395882114, "longitude": -3.7063741644868728, "available_capacity_mw": 0.0, "distributor_network": "i-DE", "voltage_kv": 45.0, "grid_status": "Congested", "is_friction": true }, "geometry": { "type": "Point", "coordinates": [ -3.706374164486873, 42.379879395882114 ] } },
{ "type": "Feature", "properties": { "substation_name": "3339", "provincia": "Burgos", "municipio": "Valdorros", "latitude": 42.166616383662827, "longitude": -3.7047868700759623, "available_capacity_mw": 0.0, "distributor_network": "i-DE", "voltage_kv": 45.0, "grid_status": "Congested", "is_friction": true }, "geometry": { "type": "Point", "coordinates": [ -3.704786870075962, 42.166616383662827 ] } },
{ "type": "Feature", "properties": { "substation_name": "3341", "provincia": "Gipuzkoa", "municipio": "Bergara", "latitude": 43.117166098061944, "longitude": -2.4227332782033253, "available_capacity_mw": 0.0, "distributor_network": "i-DE", "voltage_kv": 30.0, "grid_status": "Congested", "is_friction": true }, "geometry": { "type": "Point", "coordinates": [ -2.422733278203325, 43.117166098061944 ] } },
{ "type": "Feature", "properties": { "substation_name": "3350", "provincia": "Cáceres", "municipio": "Cáceres", "latitude": 39.506738532084938, "longitude": -6.4241466289342428, "available_capacity_mw": 0.0, "distributor_network": "i-DE", "voltage_kv": 45.0, "grid_status": "Congested", "is_friction": true }, "geometry": { "type": "Point", "coordinates": [ -6.424146628934243, 39.506738532084938 ] } },
{ "type": "Feature", "properties": { "substation_name": "3351", "provincia": "Albacete", "municipio": "Tobarra", "latitude": 38.59508461805008, "longitude": -1.7525731666778477, "available_capacity_mw": 0.0, "distributor_network": "i-DE", "voltage_kv": 132.0, "grid_status": "Congested", "is_friction": true }, "geometry": { "type": "Point", "coordinates": [ -1.752573166677848, 38.59508461805008 ] } },
{ "type": "Feature", "properties": { "substation_name": "3356", "provincia": "Madrid", "municipio": "Majadahonda", "latitude": 40.487791358977447, "longitude": -3.8942302978258572, "available_capacity_mw": 0.0, "distributor_network": "i-DE", "voltage_kv": 20.0, "grid_status": "Congested", "is_friction": true }, "geometry": { "type": "Point", "coordinates": [ -3.894230297825857, 40.487791358977447 ] } },
{ "type": "Feature", "properties": { "substation_name": "3361", "provincia": "Burgos", "municipio": "Arauzo de Miel", "latitude": 41.857266835913421, "longitude": -3.3976692041839609, "available_capacity_mw": 0.0, "distributor_network": "i-DE", "voltage_kv": 132.0, "grid_status": "Congested", "is_friction": true }, "geometry": { "type": "Point", "coordinates": [ -3.397669204183961, 41.857266835913421 ] } },
{ "type": "Feature", "properties": { "substation_name": "3362", "provincia": "Soria", "municipio": "Villaciervos", "latitude": 41.74943454009771, "longitude": -2.6265993986751757, "available_capacity_mw": 0.0, "distributor_network": "i-DE", "voltage_kv": 132.0, "grid_status": "Congested", "is_friction": true }, "geometry": { "type": "Point", "coordinates": [ -2.626599398675176, 41.74943454009771 ] } },
{ "type": "Feature", "properties": { "substation_name": "3368", "provincia": "Albacete", "municipio": "Pozohondo", "latitude": 38.659314227124064, "longitude": -1.8540204226878856, "available_capacity_mw": 0.0, "distributor_network": "i-DE", "voltage_kv": 132.0, "grid_status": "Congested", "is_friction": true }, "geometry": { "type": "Point", "coordinates": [ -1.854020422687886, 38.659314227124064 ] } },
{ "type": "Feature", "properties": { "substation_name": "3369", "provincia": "Salamanca", "municipio": "Guijuelo", "latitude": 40.536680230309997, "longitude": -5.6693481636185767, "available_capacity_mw": 0.0, "distributor_network": "i-DE", "voltage_kv": 132.0, "grid_status": "Congested", "is_friction": true }, "geometry": { "type": "Point", "coordinates": [ -5.669348163618577, 40.536680230309997 ] } },
{ "type": "Feature", "properties": { "substation_name": "3372", "provincia": "Madrid", "municipio": "San Fernando de Henares", "latitude": 40.428726341232853, "longitude": -3.4985541874212207, "available_capacity_mw": 0.0, "distributor_network": "i-DE", "voltage_kv": 132.0, "grid_status": "Congested", "is_friction": true }, "geometry": { "type": "Point", "coordinates": [ -3.498554187421221, 40.428726341232853 ] } },
{ "type": "Feature", "properties": { "substation_name": "3373", "provincia": "Guadalajara", "municipio": "Villanueva de la Torre", "latitude": 40.57799163459908, "longitude": -3.2812112905877164, "available_capacity_mw": 0.0, "distributor_network": "i-DE", "voltage_kv": 132.0, "grid_status": "Congested", "is_friction": true }, "geometry": { "type": "Point", "coordinates": [ -3.281211290587716, 40.57799163459908 ] } },
{ "type": "Feature", "properties": { "substation_name": "3376", "provincia": "Valencia/València", "municipio": "Cheste", "latitude": 39.477375020946766, "longitude": -0.67913971546577545, "available_capacity_mw": 0.0, "distributor_network": "i-DE", "voltage_kv": 132.0, "grid_status": "Congested", "is_friction": true }, "geometry": { "type": "Point", "coordinates": [ -0.679139715465775, 39.477375020946766 ] } },
{ "type": "Feature", "properties": { "substation_name": "3382", "provincia": "Valencia/València", "municipio": "València", "latitude": 39.458552264288336, "longitude": -0.38240682761609629, "available_capacity_mw": 13.26, "distributor_network": "i-DE", "voltage_kv": 20.0, "grid_status": "Sufficient", "is_friction": false }, "geometry": { "type": "Point", "coordinates": [ -0.382406827616096, 39.458552264288336 ] } },
{ "type": "Feature", "properties": { "substation_name": "3383", "provincia": "Albacete", "municipio": "Albacete", "latitude": 38.937005238330663, "longitude": -1.8913440102042989, "available_capacity_mw": 0.0, "distributor_network": "i-DE", "voltage_kv": 132.0, "grid_status": "Congested", "is_friction": true }, "geometry": { "type": "Point", "coordinates": [ -1.891344010204299, 38.937005238330663 ] } },
{ "type": "Feature", "properties": { "substation_name": "3385", "provincia": "Murcia", "municipio": "Lorca", "latitude": 37.478322339623354, "longitude": -1.7710933677519378, "available_capacity_mw": 23.13, "distributor_network": "i-DE", "voltage_kv": 132.0, "grid_status": "Sufficient", "is_friction": false }, "geometry": { "type": "Point", "coordinates": [ -1.771093367751938, 37.478322339623354 ] } },
{ "type": "Feature", "properties": { "substation_name": "3387", "provincia": "Cuenca", "municipio": "Motilla del Palancar", "latitude": 39.545606514579958, "longitude": -1.9143758748909665, "available_capacity_mw": 0.0, "distributor_network": "i-DE", "voltage_kv": 132.0, "grid_status": "Congested", "is_friction": true }, "geometry": { "type": "Point", "coordinates": [ -1.914375874890967, 39.545606514579958 ] } },
{ "type": "Feature", "properties": { "substation_name": "3390", "provincia": "Alicante/Alacant", "municipio": "Castalla", "latitude": 38.603744728346534, "longitude": -0.67474003929605386, "available_capacity_mw": 0.0, "distributor_network": "i-DE", "voltage_kv": 132.0, "grid_status": "Congested", "is_friction": true }, "geometry": { "type": "Point", "coordinates": [ -0.674740039296054, 38.603744728346534 ] } },
{ "type": "Feature", "properties": { "substation_name": "3392", "provincia": "Murcia", "municipio": "Murcia", "latitude": 37.963868297245185, "longitude": -1.3294186748081978, "available_capacity_mw": 0.0, "distributor_network": "i-DE", "voltage_kv": 132.0, "grid_status": "Congested", "is_friction": true }, "geometry": { "type": "Point", "coordinates": [ -1.329418674808198, 37.963868297245185 ] } },
{ "type": "Feature", "properties": { "substation_name": "3395", "provincia": "Cuenca", "municipio": "Atalaya del Cañavate", "latitude": 39.523118204933603, "longitude": -2.2365020710765378, "available_capacity_mw": 0.0, "distributor_network": "i-DE", "voltage_kv": 132.0, "grid_status": "Congested", "is_friction": true }, "geometry": { "type": "Point", "coordinates": [ -2.236502071076538, 39.523118204933603 ] } },
{ "type": "Feature", "properties": { "substation_name": "3398", "provincia": "Guadalajara", "municipio": "Marchamalo", "latitude": 40.677865867167853, "longitude": -3.1863415338667882, "available_capacity_mw": 0.0, "distributor_network": "i-DE", "voltage_kv": 132.0, "grid_status": "Congested", "is_friction": true }, "geometry": { "type": "Point", "coordinates": [ -3.186341533866788, 40.677865867167853 ] } },
{ "type": "Feature", "properties": { "substation_name": "3400", "provincia": "Murcia", "municipio": "Fuente Álamo de Murcia", "latitude": 37.664361821553072, "longitude": -1.2150869222742458, "available_capacity_mw": 22.42, "distributor_network": "i-DE", "voltage_kv": 132.0, "grid_status": "Sufficient", "is_friction": false }, "geometry": { "type": "Point", "coordinates": [ -1.215086922274246, 37.664361821553072 ] } },
{ "type": "Feature", "properties": { "substation_name": "3412", "provincia": "Albacete", "municipio": "Socovos", "latitude": 38.304280618565642, "longitude": -1.8913810302077885, "available_capacity_mw": 0.0, "distributor_network": "i-DE", "voltage_kv": 132.0, "grid_status": "Congested", "is_friction": true }, "geometry": { "type": "Point", "coordinates": [ -1.891381030207788, 38.304280618565642 ] } },
{ "type": "Feature", "properties": { "substation_name": "3413", "provincia": "Toledo", "municipio": "Toledo", "latitude": 39.890856362755862, "longitude": -3.9121550873789519, "available_capacity_mw": 0.0, "distributor_network": "i-DE", "voltage_kv": 132.0, "grid_status": "Congested", "is_friction": true }, "geometry": { "type": "Point", "coordinates": [ -3.912155087378952, 39.890856362755862 ] } },
{ "type": "Feature", "properties": { "substation_name": "3451", "provincia": "Albacete", "municipio": "La Gineta", "latitude": 39.114395657878525, "longitude": -2.0146781145319381, "available_capacity_mw": 0.0, "distributor_network": "i-DE", "voltage_kv": 132.0, "grid_status": "Congested", "is_friction": true }, "geometry": { "type": "Point", "coordinates": [ -2.014678114531938, 39.114395657878525 ] } },
{ "type": "Feature", "properties": { "substation_name": "3452", "provincia": "Madrid", "municipio": "Madrid", "latitude": 40.430839008810217, "longitude": -3.7006719844366129, "available_capacity_mw": 4.45, "distributor_network": "i-DE", "voltage_kv": 15.0, "grid_status": "Moderate", "is_friction": true }, "geometry": { "type": "Point", "coordinates": [ -3.700671984436613, 40.430839008810217 ] } },
{ "type": "Feature", "properties": { "substation_name": "3501", "provincia": "Alicante/Alacant", "municipio": "Alcoi/Alcoy", "latitude": 38.706858607943055, "longitude": -0.48122265271845349, "available_capacity_mw": 18.24, "distributor_network": "i-DE", "voltage_kv": 132.0, "grid_status": "Sufficient", "is_friction": false }, "geometry": { "type": "Point", "coordinates": [ -0.481222652718453, 38.706858607943055 ] } },
{ "type": "Feature", "properties": { "substation_name": "3502", "provincia": "Valencia/València", "municipio": "Gandia", "latitude": 38.982273917135807, "longitude": -0.18519053448514769, "available_capacity_mw": 0.0, "distributor_network": "i-DE", "voltage_kv": 132.0, "grid_status": "Congested", "is_friction": true }, "geometry": { "type": "Point", "coordinates": [ -0.185190534485148, 38.982273917135807 ] } },
{ "type": "Feature", "properties": { "substation_name": "3503", "provincia": "Alicante/Alacant", "municipio": "Sant Vicent del Raspeig/San Vicente del Raspeig", "latitude": 38.397022902331983, "longitude": -0.53793667507590615, "available_capacity_mw": 23.6, "distributor_network": "i-DE", "voltage_kv": 132.0, "grid_status": "Sufficient", "is_friction": false }, "geometry": { "type": "Point", "coordinates": [ -0.537936675075906, 38.397022902331983 ] } },
{ "type": "Feature", "properties": { "substation_name": "3504", "provincia": "Valencia/València", "municipio": "Alzira", "latitude": 39.149442703342473, "longitude": -0.45741524694174263, "available_capacity_mw": 45.47, "distributor_network": "i-DE", "voltage_kv": 132.0, "grid_status": "Sufficient", "is_friction": false }, "geometry": { "type": "Point", "coordinates": [ -0.457415246941743, 39.149442703342473 ] } },
{ "type": "Feature", "properties": { "substation_name": "3505", "provincia": "Cuenca", "municipio": "Olmedilla de Alarcón", "latitude": 39.638056063084775, "longitude": -2.0847102637110924, "available_capacity_mw": 0.0, "distributor_network": "i-DE", "voltage_kv": 132.0, "grid_status": "Congested", "is_friction": true }, "geometry": { "type": "Point", "coordinates": [ -2.084710263711092, 39.638056063084775 ] } },
{ "type": "Feature", "properties": { "substation_name": "3506", "provincia": "Madrid", "municipio": "Madrid", "latitude": 40.42735485081797, "longitude": -3.6882088629937249, "available_capacity_mw": 0.0, "distributor_network": "i-DE", "voltage_kv": 132.0, "grid_status": "Congested", "is_friction": true }, "geometry": { "type": "Point", "coordinates": [ -3.688208862993725, 40.42735485081797 ] } },
{ "type": "Feature", "properties": { "substation_name": "3507", "provincia": "Castellón/Castelló", "municipio": "Castelló de la Plana", "latitude": 39.978361012347534, "longitude": -0.0150708751652276, "available_capacity_mw": 0.0, "distributor_network": "i-DE", "voltage_kv": 132.0, "grid_status": "Congested", "is_friction": true }, "geometry": { "type": "Point", "coordinates": [ -0.015070875165228, 39.978361012347534 ] } },
{ "type": "Feature", "properties": { "substation_name": "3508", "provincia": "Madrid", "municipio": "Meco", "latitude": 40.54068483209668, "longitude": -3.3138996844620685, "available_capacity_mw": 0.0, "distributor_network": "i-DE", "voltage_kv": 132.0, "grid_status": "Congested", "is_friction": true }, "geometry": { "type": "Point", "coordinates": [ -3.313899684462069, 40.54068483209668 ] } },
{ "type": "Feature", "properties": { "substation_name": "3510", "provincia": "Murcia", "municipio": "Murcia", "latitude": 38.016630606522803, "longitude": -1.1578658027057422, "available_capacity_mw": 0.0, "distributor_network": "i-DE", "voltage_kv": 132.0, "grid_status": "Congested", "is_friction": true }, "geometry": { "type": "Point", "coordinates": [ -1.157865802705742, 38.016630606522803 ] } },
{ "type": "Feature", "properties": { "substation_name": "3513", "provincia": "Valencia/València", "municipio": "Torrent", "latitude": 39.423366747559655, "longitude": -0.4538940087917418, "available_capacity_mw": 34.95, "distributor_network": "i-DE", "voltage_kv": 132.0, "grid_status": "Sufficient", "is_friction": false }, "geometry": { "type": "Point", "coordinates": [ -0.453894008791742, 39.423366747559655 ] } },
{ "type": "Feature", "properties": { "substation_name": "3514", "provincia": "Murcia", "municipio": "Cartagena", "latitude": 37.633840465869376, "longitude": -0.96113338638455004, "available_capacity_mw": 21.41, "distributor_network": "i-DE", "voltage_kv": 132.0, "grid_status": "Sufficient", "is_friction": false }, "geometry": { "type": "Point", "coordinates": [ -0.96113338638455, 37.633840465869376 ] } },
{ "type": "Feature", "properties": { "substation_name": "3515", "provincia": "Cáceres", "municipio": "Almaraz", "latitude": 39.821058338152341, "longitude": -5.6663793015928396, "available_capacity_mw": 0.0, "distributor_network": "i-DE", "voltage_kv": 132.0, "grid_status": "Congested", "is_friction": true }, "geometry": { "type": "Point", "coordinates": [ -5.66637930159284, 39.821058338152341 ] } },
{ "type": "Feature", "properties": { "substation_name": "3516", "provincia": "Albacete", "municipio": "La Roda", "latitude": 39.195797852740341, "longitude": -2.1401404012395728, "available_capacity_mw": 0.0, "distributor_network": "i-DE", "voltage_kv": 132.0, "grid_status": "Congested", "is_friction": true }, "geometry": { "type": "Point", "coordinates": [ -2.140140401239573, 39.195797852740341 ] } },
{ "type": "Feature", "properties": { "substation_name": "3518", "provincia": "Guadalajara", "municipio": "Guadalajara", "latitude": 40.658729775899012, "longitude": -3.1803907645184779, "available_capacity_mw": 0.0, "distributor_network": "i-DE", "voltage_kv": 132.0, "grid_status": "Congested", "is_friction": true }, "geometry": { "type": "Point", "coordinates": [ -3.180390764518478, 40.658729775899012 ] } },
{ "type": "Feature", "properties": { "substation_name": "3519", "provincia": "Valencia/València", "municipio": "València", "latitude": 39.439120104219917, "longitude": -0.3735260030554598, "available_capacity_mw": 0.0, "distributor_network": "i-DE", "voltage_kv": 132.0, "grid_status": "Congested", "is_friction": true }, "geometry": { "type": "Point", "coordinates": [ -0.37352600305546, 39.439120104219917 ] } },
{ "type": "Feature", "properties": { "substation_name": "3521", "provincia": "Valencia/València", "municipio": "l'Eliana", "latitude": 39.554546171127171, "longitude": -0.51095413074393958, "available_capacity_mw": 1.79, "distributor_network": "i-DE", "voltage_kv": 132.0, "grid_status": "Moderate", "is_friction": true }, "geometry": { "type": "Point", "coordinates": [ -0.51095413074394, 39.554546171127171 ] } },
{ "type": "Feature", "properties": { "substation_name": "3523", "provincia": "Valencia/València", "municipio": "Vinalesa", "latitude": 39.534158630703963, "longitude": -0.36725342064258681, "available_capacity_mw": 0.0, "distributor_network": "i-DE", "voltage_kv": 132.0, "grid_status": "Congested", "is_friction": true }, "geometry": { "type": "Point", "coordinates": [ -0.367253420642587, 39.534158630703963 ] } },
{ "type": "Feature", "properties": { "substation_name": "3524", "provincia": "Valencia/València", "municipio": "Sagunt/Sagunto", "latitude": 39.672031262722534, "longitude": -0.2670450002929935, "available_capacity_mw": 0.0, "distributor_network": "i-DE", "voltage_kv": 132.0, "grid_status": "Congested", "is_friction": true }, "geometry": { "type": "Point", "coordinates": [ -0.267045000292993, 39.672031262722534 ] } },
{ "type": "Feature", "properties": { "substation_name": "3525", "provincia": "Madrid", "municipio": "Madrid", "latitude": 40.460923743775083, "longitude": -3.6955783704645313, "available_capacity_mw": 0.0, "distributor_network": "i-DE", "voltage_kv": 132.0, "grid_status": "Congested", "is_friction": true }, "geometry": { "type": "Point", "coordinates": [ -3.695578370464531, 40.460923743775083 ] } },
{ "type": "Feature", "properties": { "substation_name": "3527", "provincia": "Madrid", "municipio": "Morata de Tajuña", "latitude": 40.256627998425849, "longitude": -3.4430716760607529, "available_capacity_mw": 0.0, "distributor_network": "i-DE", "voltage_kv": 66.0, "grid_status": "Congested", "is_friction": true }, "geometry": { "type": "Point", "coordinates": [ -3.443071676060753, 40.256627998425849 ] } },
{ "type": "Feature", "properties": { "substation_name": "3528", "provincia": "Murcia", "municipio": "Murcia", "latitude": 37.935001579888961, "longitude": -1.1850207555936756, "available_capacity_mw": 0.0, "distributor_network": "i-DE", "voltage_kv": 132.0, "grid_status": "Congested", "is_friction": true }, "geometry": { "type": "Point", "coordinates": [ -1.185020755593676, 37.935001579888961 ] } },
{ "type": "Feature", "properties": { "substation_name": "3529", "provincia": "Cuenca", "municipio": "Cuenca", "latitude": 40.044421592632574, "longitude": -2.1182820481164346, "available_capacity_mw": 0.0, "distributor_network": "i-DE", "voltage_kv": 132.0, "grid_status": "Congested", "is_friction": true }, "geometry": { "type": "Point", "coordinates": [ -2.118282048116435, 40.044421592632574 ] } },
{ "type": "Feature", "properties": { "substation_name": "3530", "provincia": "Valencia/València", "municipio": "Buñol", "latitude": 39.421080932224157, "longitude": -0.77711232689922327, "available_capacity_mw": 0.0, "distributor_network": "i-DE", "voltage_kv": 132.0, "grid_status": "Congested", "is_friction": true }, "geometry": { "type": "Point", "coordinates": [ -0.777112326899223, 39.421080932224157 ] } },
{ "type": "Feature", "properties": { "substation_name": "3531", "provincia": "Alicante/Alacant", "municipio": "Villena", "latitude": 38.634888530108597, "longitude": -0.88687502409446861, "available_capacity_mw": 24.72, "distributor_network": "i-DE", "voltage_kv": 132.0, "grid_status": "Sufficient", "is_friction": false }, "geometry": { "type": "Point", "coordinates": [ -0.886875024094469, 38.634888530108597 ] } },
{ "type": "Feature", "properties": { "substation_name": "3532", "provincia": "Alicante/Alacant", "municipio": "Elx/Elche", "latitude": 38.254348416323062, "longitude": -0.75905201734440908, "available_capacity_mw": 0.0, "distributor_network": "i-DE", "voltage_kv": 132.0, "grid_status": "Congested", "is_friction": true }, "geometry": { "type": "Point", "coordinates": [ -0.759052017344409, 38.254348416323062 ] } },
{ "type": "Feature", "properties": { "substation_name": "3533", "provincia": "Castellón/Castelló", "municipio": "Almassora", "latitude": 39.966838599875217, "longitude": -0.096650862878590302, "available_capacity_mw": 0.0, "distributor_network": "i-DE", "voltage_kv": 132.0, "grid_status": "Congested", "is_friction": true }, "geometry": { "type": "Point", "coordinates": [ -0.09665086287859, 39.966838599875217 ] } },
{ "type": "Feature", "properties": { "substation_name": "3534", "provincia": "Valencia/València", "municipio": "l'Alcúdia de Crespins", "latitude": 38.96696654044478, "longitude": -0.61053508462335238, "available_capacity_mw": 37.31, "distributor_network": "i-DE", "voltage_kv": 132.0, "grid_status": "Sufficient", "is_friction": false }, "geometry": { "type": "Point", "coordinates": [ -0.610535084623352, 38.96696654044478 ] } },
{ "type": "Feature", "properties": { "substation_name": "3535", "provincia": "Castellón/Castelló", "municipio": "Benicarló", "latitude": 40.431675648178256, "longitude": 0.4029555336390313, "available_capacity_mw": 0.0, "distributor_network": "i-DE", "voltage_kv": 132.0, "grid_status": "Congested", "is_friction": true }, "geometry": { "type": "Point", "coordinates": [ 0.402955533639031, 40.431675648178256 ] } },
{ "type": "Feature", "properties": { "substation_name": "3536", "provincia": "Valencia/València", "municipio": "Quart de Poblet", "latitude": 39.471584250240412, "longitude": -0.43336128958059911, "available_capacity_mw": 22.49, "distributor_network": "i-DE", "voltage_kv": 132.0, "grid_status": "Sufficient", "is_friction": false }, "geometry": { "type": "Point", "coordinates": [ -0.433361289580599, 39.471584250240412 ] } },
{ "type": "Feature", "properties": { "substation_name": "3537", "provincia": "Alicante/Alacant", "municipio": "Teulada", "latitude": 38.737497599007092, "longitude": 0.0945921378507599, "available_capacity_mw": 0.0, "distributor_network": "i-DE", "voltage_kv": 132.0, "grid_status": "Congested", "is_friction": true }, "geometry": { "type": "Point", "coordinates": [ 0.09459213785076, 38.737497599007092 ] } },
{ "type": "Feature", "properties": { "substation_name": "3538", "provincia": "Alicante/Alacant", "municipio": "Beneixama", "latitude": 38.718365442287023, "longitude": -0.72253203604968463, "available_capacity_mw": 30.21, "distributor_network": "i-DE", "voltage_kv": 132.0, "grid_status": "Sufficient", "is_friction": false }, "geometry": { "type": "Point", "coordinates": [ -0.722532036049685, 38.718365442287023 ] } },
{ "type": "Feature", "properties": { "substation_name": "3539", "provincia": "Madrid", "municipio": "Galapagar", "latitude": 40.594952445951115, "longitude": -4.0040739364129738, "available_capacity_mw": 0.0, "distributor_network": "i-DE", "voltage_kv": 132.0, "grid_status": "Congested", "is_friction": true }, "geometry": { "type": "Point", "coordinates": [ -4.004073936412974, 40.594952445951115 ] } },
{ "type": "Feature", "properties": { "substation_name": "3540", "provincia": "Toledo", "municipio": "Toledo", "latitude": 39.879608040555048, "longitude": -3.9885757943224478, "available_capacity_mw": 0.0, "distributor_network": "i-DE", "voltage_kv": 132.0, "grid_status": "Congested", "is_friction": true }, "geometry": { "type": "Point", "coordinates": [ -3.988575794322448, 39.879608040555048 ] } },
{ "type": "Feature", "properties": { "substation_name": "3541", "provincia": "Madrid", "municipio": "Madrid", "latitude": 40.490564429394723, "longitude": -3.6605820003908218, "available_capacity_mw": 18.66, "distributor_network": "i-DE", "voltage_kv": 20.0, "grid_status": "Sufficient", "is_friction": false }, "geometry": { "type": "Point", "coordinates": [ -3.660582000390822, 40.490564429394723 ] } },
{ "type": "Feature", "properties": { "substation_name": "3542", "provincia": "Madrid", "municipio": "Madrid", "latitude": 40.428869441673051, "longitude": -3.7170467356987817, "available_capacity_mw": 0.0, "distributor_network": "i-DE", "voltage_kv": 132.0, "grid_status": "Congested", "is_friction": true }, "geometry": { "type": "Point", "coordinates": [ -3.717046735698782, 40.428869441673051 ] } },
{ "type": "Feature", "properties": { "substation_name": "3543", "provincia": "Alicante/Alacant", "municipio": "Finestrat", "latitude": 38.533598458401485, "longitude": -0.1696313440199467, "available_capacity_mw": 0.0, "distributor_network": "i-DE", "voltage_kv": 132.0, "grid_status": "Congested", "is_friction": true }, "geometry": { "type": "Point", "coordinates": [ -0.169631344019947, 38.533598458401485 ] } },
{ "type": "Feature", "properties": { "substation_name": "3545", "provincia": "Cuenca", "municipio": "Villanueva de la Jara", "latitude": 39.440927079601593, "longitude": -1.9394752754274496, "available_capacity_mw": 0.0, "distributor_network": "i-DE", "voltage_kv": 132.0, "grid_status": "Congested", "is_friction": true }, "geometry": { "type": "Point", "coordinates": [ -1.93947527542745, 39.440927079601593 ] } },
{ "type": "Feature", "properties": { "substation_name": "3546", "provincia": "Madrid", "municipio": "Pozuelo de Alarcón", "latitude": 40.411208219440347, "longitude": -3.8235819398044057, "available_capacity_mw": 0.0, "distributor_network": "i-DE", "voltage_kv": 132.0, "grid_status": "Congested", "is_friction": true }, "geometry": { "type": "Point", "coordinates": [ -3.823581939804406, 40.411208219440347 ] } },
{ "type": "Feature", "properties": { "substation_name": "3547", "provincia": "Valencia/València", "municipio": "València", "latitude": 39.493966485426817, "longitude": -0.40871890936536232, "available_capacity_mw": 0.62, "distributor_network": "i-DE", "voltage_kv": 20.0, "grid_status": "Congested", "is_friction": true }, "geometry": { "type": "Point", "coordinates": [ -0.408718909365362, 39.493966485426817 ] } },
{ "type": "Feature", "properties": { "substation_name": "3548", "provincia": "Albacete", "municipio": "Albacete", "latitude": 39.019468179018354, "longitude": -1.8938307872480149, "available_capacity_mw": 0.0, "distributor_network": "i-DE", "voltage_kv": 132.0, "grid_status": "Congested", "is_friction": true }, "geometry": { "type": "Point", "coordinates": [ -1.893830787248015, 39.019468179018354 ] } },
{ "type": "Feature", "properties": { "substation_name": "3550", "provincia": "Alicante/Alacant", "municipio": "Xixona/Jijona", "latitude": 38.49218582672534, "longitude": -0.47782740788793848, "available_capacity_mw": 6.69, "distributor_network": "i-DE", "voltage_kv": 132.0, "grid_status": "Sufficient", "is_friction": false }, "geometry": { "type": "Point", "coordinates": [ -0.477827407887938, 38.49218582672534 ] } },
{ "type": "Feature", "properties": { "substation_name": "3551", "provincia": "Madrid", "municipio": "Las Rozas de Madrid", "latitude": 40.505853318294349, "longitude": -3.8902101934636191, "available_capacity_mw": 0.0, "distributor_network": "i-DE", "voltage_kv": 132.0, "grid_status": "Congested", "is_friction": true }, "geometry": { "type": "Point", "coordinates": [ -3.890210193463619, 40.505853318294349 ] } },
{ "type": "Feature", "properties": { "substation_name": "3553", "provincia": "Alicante/Alacant", "municipio": "Alacant/Alicante", "latitude": 38.356941468202351, "longitude": -0.51608067665624047, "available_capacity_mw": 0.0, "distributor_network": "i-DE", "voltage_kv": 132.0, "grid_status": "Congested", "is_friction": true }, "geometry": { "type": "Point", "coordinates": [ -0.51608067665624, 38.356941468202351 ] } },
{ "type": "Feature", "properties": { "substation_name": "3556", "provincia": "Cuenca", "municipio": "Huelves", "latitude": 40.058697152731945, "longitude": -2.939369910015988, "available_capacity_mw": 0.0, "distributor_network": "i-DE", "voltage_kv": 66.0, "grid_status": "Congested", "is_friction": true }, "geometry": { "type": "Point", "coordinates": [ -2.939369910015988, 40.058697152731945 ] } },
{ "type": "Feature", "properties": { "substation_name": "3557", "provincia": "Castellón/Castelló", "municipio": "Benicàssim/Benicasim", "latitude": 40.060887042169377, "longitude": 0.072015898064236999, "available_capacity_mw": 0.0, "distributor_network": "i-DE", "voltage_kv": 132.0, "grid_status": "Congested", "is_friction": true }, "geometry": { "type": "Point", "coordinates": [ 0.072015898064237, 40.060887042169377 ] } },
{ "type": "Feature", "properties": { "substation_name": "3558", "provincia": "Madrid", "municipio": "Majadahonda", "latitude": 40.448786332601031, "longitude": -3.8838318383611607, "available_capacity_mw": 0.0, "distributor_network": "i-DE", "voltage_kv": 132.0, "grid_status": "Congested", "is_friction": true }, "geometry": { "type": "Point", "coordinates": [ -3.883831838361161, 40.448786332601031 ] } },
{ "type": "Feature", "properties": { "substation_name": "3559", "provincia": "Albacete", "municipio": "Villarrobledo", "latitude": 39.284639519367303, "longitude": -2.5987061597329859, "available_capacity_mw": 0.0, "distributor_network": "i-DE", "voltage_kv": 132.0, "grid_status": "Congested", "is_friction": true }, "geometry": { "type": "Point", "coordinates": [ -2.598706159732986, 39.284639519367303 ] } },
{ "type": "Feature", "properties": { "substation_name": "3560", "provincia": "Madrid", "municipio": "Torrejón de Ardoz", "latitude": 40.442667562052677, "longitude": -3.4826703072360057, "available_capacity_mw": 0.0, "distributor_network": "i-DE", "voltage_kv": 132.0, "grid_status": "Congested", "is_friction": true }, "geometry": { "type": "Point", "coordinates": [ -3.482670307236006, 40.442667562052677 ] } },
{ "type": "Feature", "properties": { "substation_name": "3561", "provincia": "Toledo", "municipio": "Pepino", "latitude": 40.002936626755655, "longitude": -4.8220307656879697, "available_capacity_mw": 0.0, "distributor_network": "i-DE", "voltage_kv": 45.0, "grid_status": "Congested", "is_friction": true }, "geometry": { "type": "Point", "coordinates": [ -4.82203076568797, 40.002936626755655 ] } },
{ "type": "Feature", "properties": { "substation_name": "3562", "provincia": "Alicante/Alacant", "municipio": "el Verger", "latitude": 38.850418732195614, "longitude": 0.0038575947351781, "available_capacity_mw": 0.0, "distributor_network": "i-DE", "voltage_kv": 132.0, "grid_status": "Congested", "is_friction": true }, "geometry": { "type": "Point", "coordinates": [ 0.003857594735178, 38.850418732195614 ] } },
{ "type": "Feature", "properties": { "substation_name": "3563", "provincia": "Valencia/València", "municipio": "Paterna", "latitude": 39.51658080535789, "longitude": -0.47721852426652128, "available_capacity_mw": 0.0, "distributor_network": "i-DE", "voltage_kv": 132.0, "grid_status": "Congested", "is_friction": true }, "geometry": { "type": "Point", "coordinates": [ -0.477218524266521, 39.51658080535789 ] } },
{ "type": "Feature", "properties": { "substation_name": "3564", "provincia": "Valencia/València", "municipio": "València", "latitude": 39.456255720854038, "longitude": -0.33243578091030929, "available_capacity_mw": 0.0, "distributor_network": "i-DE", "voltage_kv": 132.0, "grid_status": "Congested", "is_friction": true }, "geometry": { "type": "Point", "coordinates": [ -0.332435780910309, 39.456255720854038 ] } },
{ "type": "Feature", "properties": { "substation_name": "3565", "provincia": "Valencia/València", "municipio": "Silla", "latitude": 39.359468775642171, "longitude": -0.40381247063319531, "available_capacity_mw": 0.0, "distributor_network": "i-DE", "voltage_kv": 132.0, "grid_status": "Congested", "is_friction": true }, "geometry": { "type": "Point", "coordinates": [ -0.403812470633195, 39.359468775642171 ] } },
{ "type": "Feature", "properties": { "substation_name": "3566", "provincia": "Valencia/València", "municipio": "Oliva", "latitude": 38.92859055982445, "longitude": -0.1090032395689247, "available_capacity_mw": 0.0, "distributor_network": "i-DE", "voltage_kv": 132.0, "grid_status": "Congested", "is_friction": true }, "geometry": { "type": "Point", "coordinates": [ -0.109003239568925, 38.92859055982445 ] } },
{ "type": "Feature", "properties": { "substation_name": "3567", "provincia": "Valencia/València", "municipio": "Catadau", "latitude": 39.250874603641037, "longitude": -0.56066317191472193, "available_capacity_mw": 50.36, "distributor_network": "i-DE", "voltage_kv": 132.0, "grid_status": "Sufficient", "is_friction": false }, "geometry": { "type": "Point", "coordinates": [ -0.560663171914722, 39.250874603641037 ] } },
{ "type": "Feature", "properties": { "substation_name": "3568", "provincia": "Valencia/València", "municipio": "Chiva", "latitude": 39.474275557309483, "longitude": -0.67965049284446433, "available_capacity_mw": 0.0, "distributor_network": "i-DE", "voltage_kv": 132.0, "grid_status": "Congested", "is_friction": true }, "geometry": { "type": "Point", "coordinates": [ -0.679650492844464, 39.474275557309483 ] } },
{ "type": "Feature", "properties": { "substation_name": "3569", "provincia": "Cuenca", "municipio": "San Clemente", "latitude": 39.415382362546772, "longitude": -2.4174835594473847, "available_capacity_mw": 0.0, "distributor_network": "i-DE", "voltage_kv": 132.0, "grid_status": "Congested", "is_friction": true }, "geometry": { "type": "Point", "coordinates": [ -2.417483559447385, 39.415382362546772 ] } },
{ "type": "Feature", "properties": { "substation_name": "3570", "provincia": "Madrid", "municipio": "Tres Cantos", "latitude": 40.616993350847615, "longitude": -3.7054510738155759, "available_capacity_mw": 0.0, "distributor_network": "i-DE", "voltage_kv": 66.0, "grid_status": "Congested", "is_friction": true }, "geometry": { "type": "Point", "coordinates": [ -3.705451073815576, 40.616993350847615 ] } },
{ "type": "Feature", "properties": { "substation_name": "3571", "provincia": "Murcia", "municipio": "Molina de Segura", "latitude": 38.077360326627911, "longitude": -1.1987821096830911, "available_capacity_mw": 0.0, "distributor_network": "i-DE", "voltage_kv": 132.0, "grid_status": "Congested", "is_friction": true }, "geometry": { "type": "Point", "coordinates": [ -1.198782109683091, 38.077360326627911 ] } },
{ "type": "Feature", "properties": { "substation_name": "3572", "provincia": "Valencia/València", "municipio": "Vilamarxant", "latitude": 39.555393409209223, "longitude": -0.59342122043449141, "available_capacity_mw": 0.0, "distributor_network": "i-DE", "voltage_kv": 132.0, "grid_status": "Congested", "is_friction": true }, "geometry": { "type": "Point", "coordinates": [ -0.593421220434491, 39.555393409209223 ] } },
{ "type": "Feature", "properties": { "substation_name": "3573", "provincia": "Alicante/Alacant", "municipio": "Petrer", "latitude": 38.43870463238148, "longitude": -0.7821048074941267, "available_capacity_mw": 25.55, "distributor_network": "i-DE", "voltage_kv": 66.0, "grid_status": "Sufficient", "is_friction": false }, "geometry": { "type": "Point", "coordinates": [ -0.782104807494127, 38.43870463238148 ] } },
{ "type": "Feature", "properties": { "substation_name": "3574", "provincia": "Alicante/Alacant", "municipio": "Pilar de la Horadada", "latitude": 37.907252729236831, "longitude": -0.78359300639738239, "available_capacity_mw": 7.91, "distributor_network": "i-DE", "voltage_kv": 66.0, "grid_status": "Sufficient", "is_friction": false }, "geometry": { "type": "Point", "coordinates": [ -0.783593006397382, 37.907252729236831 ] } },
{ "type": "Feature", "properties": { "substation_name": "3575", "provincia": "Valencia/València", "municipio": "Ontinyent", "latitude": 38.805015993288286, "longitude": -0.61240061303408844, "available_capacity_mw": 62.9, "distributor_network": "i-DE", "voltage_kv": 132.0, "grid_status": "Sufficient", "is_friction": false }, "geometry": { "type": "Point", "coordinates": [ -0.612400613034088, 38.805015993288286 ] } },
{ "type": "Feature", "properties": { "substation_name": "3576", "provincia": "Albacete", "municipio": "Almansa", "latitude": 38.852199664694368, "longitude": -1.0871458303654156, "available_capacity_mw": 0.0, "distributor_network": "i-DE", "voltage_kv": 132.0, "grid_status": "Congested", "is_friction": true }, "geometry": { "type": "Point", "coordinates": [ -1.087145830365416, 38.852199664694368 ] } },
{ "type": "Feature", "properties": { "substation_name": "3577", "provincia": "Valencia/València", "municipio": "Massanassa", "latitude": 39.403419445935747, "longitude": -0.37605983725584757, "available_capacity_mw": 0.0, "distributor_network": "i-DE", "voltage_kv": 132.0, "grid_status": "Congested", "is_friction": true }, "geometry": { "type": "Point", "coordinates": [ -0.376059837255848, 39.403419445935747 ] } },
{ "type": "Feature", "properties": { "substation_name": "3578", "provincia": "Valencia/València", "municipio": "Carlet", "latitude": 39.236298577253024, "longitude": -0.50325989916328007, "available_capacity_mw": 41.0, "distributor_network": "i-DE", "voltage_kv": 132.0, "grid_status": "Sufficient", "is_friction": false }, "geometry": { "type": "Point", "coordinates": [ -0.50325989916328, 39.236298577253024 ] } },
{ "type": "Feature", "properties": { "substation_name": "3579", "provincia": "Castellón/Castelló", "municipio": "Onda", "latitude": 40.013224984110529, "longitude": -0.18821821849606429, "available_capacity_mw": 0.0, "distributor_network": "i-DE", "voltage_kv": 132.0, "grid_status": "Congested", "is_friction": true }, "geometry": { "type": "Point", "coordinates": [ -0.188218218496064, 40.013224984110529 ] } },
{ "type": "Feature", "properties": { "substation_name": "3580", "provincia": "Albacete", "municipio": "Yeste", "latitude": 38.39911999823876, "longitude": -2.2254250233938557, "available_capacity_mw": 0.0, "distributor_network": "i-DE", "voltage_kv": 132.0, "grid_status": "Congested", "is_friction": true }, "geometry": { "type": "Point", "coordinates": [ -2.225425023393856, 38.39911999823876 ] } },
{ "type": "Feature", "properties": { "substation_name": "3581", "provincia": "Valencia/València", "municipio": "l'Olleria", "latitude": 38.902652459443466, "longitude": -0.52535490840969667, "available_capacity_mw": 28.8, "distributor_network": "i-DE", "voltage_kv": 132.0, "grid_status": "Sufficient", "is_friction": false }, "geometry": { "type": "Point", "coordinates": [ -0.525354908409697, 38.902652459443466 ] } },
{ "type": "Feature", "properties": { "substation_name": "3582", "provincia": "Valencia/València", "municipio": "València", "latitude": 39.483249380638426, "longitude": -0.33835099521513368, "available_capacity_mw": 0.0, "distributor_network": "i-DE", "voltage_kv": 132.0, "grid_status": "Congested", "is_friction": true }, "geometry": { "type": "Point", "coordinates": [ -0.338350995215134, 39.483249380638426 ] } },
{ "type": "Feature", "properties": { "substation_name": "3583", "provincia": "Madrid", "municipio": "Madrid", "latitude": 40.45129940688404, "longitude": -3.7084723824746431, "available_capacity_mw": 0.0, "distributor_network": "i-DE", "voltage_kv": 132.0, "grid_status": "Congested", "is_friction": true }, "geometry": { "type": "Point", "coordinates": [ -3.708472382474643, 40.45129940688404 ] } },
{ "type": "Feature", "properties": { "substation_name": "3584", "provincia": "Murcia", "municipio": "Blanca", "latitude": 38.189931545570879, "longitude": -1.3361107654165807, "available_capacity_mw": 0.0, "distributor_network": "i-DE", "voltage_kv": 132.0, "grid_status": "Congested", "is_friction": true }, "geometry": { "type": "Point", "coordinates": [ -1.336110765416581, 38.189931545570879 ] } },
{ "type": "Feature", "properties": { "substation_name": "3585", "provincia": "Castellón/Castelló", "municipio": "Segorbe", "latitude": 39.827530522731251, "longitude": -0.45647801026642981, "available_capacity_mw": 7.91, "distributor_network": "i-DE", "voltage_kv": 66.0, "grid_status": "Sufficient", "is_friction": false }, "geometry": { "type": "Point", "coordinates": [ -0.45647801026643, 39.827530522731251 ] } },
{ "type": "Feature", "properties": { "substation_name": "3586", "provincia": "Castellón/Castelló", "municipio": "la Vall d'Uixó", "latitude": 39.793449335724532, "longitude": -0.22114002691628859, "available_capacity_mw": 0.0, "distributor_network": "i-DE", "voltage_kv": 20.0, "grid_status": "Congested", "is_friction": true }, "geometry": { "type": "Point", "coordinates": [ -0.221140026916289, 39.793449335724532 ] } },
{ "type": "Feature", "properties": { "substation_name": "3587", "provincia": "Valencia/València", "municipio": "Cortes de Pallás", "latitude": 39.262630465239731, "longitude": -0.93007676181135202, "available_capacity_mw": 0.0, "distributor_network": "i-DE", "voltage_kv": 132.0, "grid_status": "Congested", "is_friction": true }, "geometry": { "type": "Point", "coordinates": [ -0.930076761811352, 39.262630465239731 ] } },
{ "type": "Feature", "properties": { "substation_name": "3588", "provincia": "Murcia", "municipio": "Murcia", "latitude": 38.017317486800671, "longitude": -1.1046070168777862, "available_capacity_mw": 0.0, "distributor_network": "i-DE", "voltage_kv": 132.0, "grid_status": "Congested", "is_friction": true }, "geometry": { "type": "Point", "coordinates": [ -1.104607016877786, 38.017317486800671 ] } },
{ "type": "Feature", "properties": { "substation_name": "3589", "provincia": "Alicante/Alacant", "municipio": "la Nucia", "latitude": 38.608863289102338, "longitude": -0.083202546967247298, "available_capacity_mw": 0.0, "distributor_network": "i-DE", "voltage_kv": 132.0, "grid_status": "Congested", "is_friction": true }, "geometry": { "type": "Point", "coordinates": [ -0.083202546967247, 38.608863289102338 ] } },
{ "type": "Feature", "properties": { "substation_name": "3590", "provincia": "Albacete", "municipio": "Barrax", "latitude": 39.038773133059181, "longitude": -2.1574778686366645, "available_capacity_mw": 0.0, "distributor_network": "i-DE", "voltage_kv": 132.0, "grid_status": "Congested", "is_friction": true }, "geometry": { "type": "Point", "coordinates": [ -2.157477868636664, 39.038773133059181 ] } },
{ "type": "Feature", "properties": { "substation_name": "3591", "provincia": "Albacete", "municipio": "El Bonillo", "latitude": 38.949933755129315, "longitude": -2.5271311355014614, "available_capacity_mw": 0.0, "distributor_network": "i-DE", "voltage_kv": 132.0, "grid_status": "Congested", "is_friction": true }, "geometry": { "type": "Point", "coordinates": [ -2.527131135501461, 38.949933755129315 ] } },
{ "type": "Feature", "properties": { "substation_name": "3592", "provincia": "Valencia/València", "municipio": "Sagunt/Sagunto", "latitude": 39.653062921309406, "longitude": -0.22382368736913641, "available_capacity_mw": 0.0, "distributor_network": "i-DE", "voltage_kv": 132.0, "grid_status": "Congested", "is_friction": true }, "geometry": { "type": "Point", "coordinates": [ -0.223823687369136, 39.653062921309406 ] } },
{ "type": "Feature", "properties": { "substation_name": "3600", "provincia": "Alicante/Alacant", "municipio": "Granja de Rocamora", "latitude": 38.14787343192291, "longitude": -0.94618413420072078, "available_capacity_mw": 0.0, "distributor_network": "i-DE", "voltage_kv": 132.0, "grid_status": "Congested", "is_friction": true }, "geometry": { "type": "Point", "coordinates": [ -0.946184134200721, 38.14787343192291 ] } },
{ "type": "Feature", "properties": { "substation_name": "3601", "provincia": "Alicante/Alacant", "municipio": "Elx/Elche", "latitude": 38.281855769390063, "longitude": -0.71607721864185903, "available_capacity_mw": 0.0, "distributor_network": "i-DE", "voltage_kv": 132.0, "grid_status": "Congested", "is_friction": true }, "geometry": { "type": "Point", "coordinates": [ -0.716077218641859, 38.281855769390063 ] } },
{ "type": "Feature", "properties": { "substation_name": "3602", "provincia": "Albacete", "municipio": "Hellín", "latitude": 38.529701200616422, "longitude": -1.7014117699140072, "available_capacity_mw": 0.0, "distributor_network": "i-DE", "voltage_kv": 132.0, "grid_status": "Congested", "is_friction": true }, "geometry": { "type": "Point", "coordinates": [ -1.701411769914007, 38.529701200616422 ] } },
{ "type": "Feature", "properties": { "substation_name": "3603", "provincia": "Alicante/Alacant", "municipio": "Alacant/Alicante", "latitude": 38.390041186031858, "longitude": -0.4603265577872715, "available_capacity_mw": 0.0, "distributor_network": "i-DE", "voltage_kv": 132.0, "grid_status": "Congested", "is_friction": true }, "geometry": { "type": "Point", "coordinates": [ -0.460326557787271, 38.390041186031858 ] } },
{ "type": "Feature", "properties": { "substation_name": "3604", "provincia": "Valencia/València", "municipio": "Utiel", "latitude": 39.560610800298619, "longitude": -1.2184217776482584, "available_capacity_mw": 0.0, "distributor_network": "i-DE", "voltage_kv": 132.0, "grid_status": "Congested", "is_friction": true }, "geometry": { "type": "Point", "coordinates": [ -1.218421777648258, 39.560610800298619 ] } },
{ "type": "Feature", "properties": { "substation_name": "3605", "provincia": "Albacete", "municipio": "Albacete", "latitude": 39.043202618677043, "longitude": -1.8008130115232319, "available_capacity_mw": 0.0, "distributor_network": "i-DE", "voltage_kv": 132.0, "grid_status": "Congested", "is_friction": true }, "geometry": { "type": "Point", "coordinates": [ -1.800813011523232, 39.043202618677043 ] } },
{ "type": "Feature", "properties": { "substation_name": "3606", "provincia": "Albacete", "municipio": "Mahora", "latitude": 39.21935327193578, "longitude": -1.75225153296546, "available_capacity_mw": 0.0, "distributor_network": "i-DE", "voltage_kv": 132.0, "grid_status": "Congested", "is_friction": true }, "geometry": { "type": "Point", "coordinates": [ -1.75225153296546, 39.21935327193578 ] } },
{ "type": "Feature", "properties": { "substation_name": "3607", "provincia": "Castellón/Castelló", "municipio": "Vila-real", "latitude": 39.91901071813038, "longitude": -0.10649140886198211, "available_capacity_mw": 0.0, "distributor_network": "i-DE", "voltage_kv": 132.0, "grid_status": "Congested", "is_friction": true }, "geometry": { "type": "Point", "coordinates": [ -0.106491408861982, 39.91901071813038 ] } },
{ "type": "Feature", "properties": { "substation_name": "3608", "provincia": "Valencia/València", "municipio": "València", "latitude": 39.500978775932957, "longitude": -0.37948857419512338, "available_capacity_mw": 0.0, "distributor_network": "i-DE", "voltage_kv": 132.0, "grid_status": "Congested", "is_friction": true }, "geometry": { "type": "Point", "coordinates": [ -0.379488574195123, 39.500978775932957 ] } },
{ "type": "Feature", "properties": { "substation_name": "3610", "provincia": "Albacete", "municipio": "Pozohondo", "latitude": 38.73545904940201, "longitude": -1.9076143155155405, "available_capacity_mw": 0.0, "distributor_network": "i-DE", "voltage_kv": 132.0, "grid_status": "Congested", "is_friction": true }, "geometry": { "type": "Point", "coordinates": [ -1.907614315515541, 38.73545904940201 ] } },
{ "type": "Feature", "properties": { "substation_name": "3611", "provincia": "Murcia", "municipio": "Cartagena", "latitude": 37.614115484190577, "longitude": -0.99464932011162899, "available_capacity_mw": 22.06, "distributor_network": "i-DE", "voltage_kv": 132.0, "grid_status": "Sufficient", "is_friction": false }, "geometry": { "type": "Point", "coordinates": [ -0.994649320111629, 37.614115484190577 ] } },
{ "type": "Feature", "properties": { "substation_name": "3612", "provincia": "Alicante/Alacant", "municipio": "Xàbia/Jávea", "latitude": 38.778247403019186, "longitude": 0.13038253215190829, "available_capacity_mw": 0.0, "distributor_network": "i-DE", "voltage_kv": 132.0, "grid_status": "Congested", "is_friction": true }, "geometry": { "type": "Point", "coordinates": [ 0.130382532151908, 38.778247403019186 ] } },
{ "type": "Feature", "properties": { "substation_name": "3613", "provincia": "Murcia", "municipio": "Los Alcázares", "latitude": 37.741496383632544, "longitude": -0.87440286140260892, "available_capacity_mw": 0.0, "distributor_network": "i-DE", "voltage_kv": 66.0, "grid_status": "Congested", "is_friction": true }, "geometry": { "type": "Point", "coordinates": [ -0.874402861402609, 37.741496383632544 ] } },
{ "type": "Feature", "properties": { "substation_name": "3614", "provincia": "Murcia", "municipio": "Mazarrón", "latitude": 37.591884952209959, "longitude": -1.2206722148755622, "available_capacity_mw": 22.42, "distributor_network": "i-DE", "voltage_kv": 132.0, "grid_status": "Sufficient", "is_friction": false }, "geometry": { "type": "Point", "coordinates": [ -1.220672214875562, 37.591884952209959 ] } },
{ "type": "Feature", "properties": { "substation_name": "3615", "provincia": "Castellón/Castelló", "municipio": "Sant Joan de Moró", "latitude": 40.057971540289003, "longitude": -0.12762227643996449, "available_capacity_mw": 0.0, "distributor_network": "i-DE", "voltage_kv": 132.0, "grid_status": "Congested", "is_friction": true }, "geometry": { "type": "Point", "coordinates": [ -0.127622276439964, 40.057971540289003 ] } },
{ "type": "Feature", "properties": { "substation_name": "3616", "provincia": "Valencia/València", "municipio": "Castelló", "latitude": 39.061041736819277, "longitude": -0.52102403522073892, "available_capacity_mw": 0.0, "distributor_network": "i-DE", "voltage_kv": 20.0, "grid_status": "Congested", "is_friction": true }, "geometry": { "type": "Point", "coordinates": [ -0.521024035220739, 39.061041736819277 ] } },
{ "type": "Feature", "properties": { "substation_name": "3617", "provincia": "Murcia", "municipio": "Alhama de Murcia", "latitude": 37.81047895833747, "longitude": -1.388832678739975, "available_capacity_mw": 0.0, "distributor_network": "i-DE", "voltage_kv": 132.0, "grid_status": "Congested", "is_friction": true }, "geometry": { "type": "Point", "coordinates": [ -1.388832678739975, 37.81047895833747 ] } },
{ "type": "Feature", "properties": { "substation_name": "3618", "provincia": "Madrid", "municipio": "Madrid", "latitude": 40.464614819766595, "longitude": -3.8062418832669191, "available_capacity_mw": 7.66, "distributor_network": "i-DE", "voltage_kv": 20.0, "grid_status": "Sufficient", "is_friction": false }, "geometry": { "type": "Point", "coordinates": [ -3.806241883266919, 40.464614819766595 ] } },
{ "type": "Feature", "properties": { "substation_name": "3619", "provincia": "Guadalajara", "municipio": "Alovera", "latitude": 40.58352864966912, "longitude": -3.2437638969772244, "available_capacity_mw": 0.0, "distributor_network": "i-DE", "voltage_kv": 132.0, "grid_status": "Congested", "is_friction": true }, "geometry": { "type": "Point", "coordinates": [ -3.243763896977224, 40.58352864966912 ] } },
{ "type": "Feature", "properties": { "substation_name": "3620", "provincia": "Castellón/Castelló", "municipio": "la Vall d'Uixó", "latitude": 39.838761801479009, "longitude": -0.1841348356550174, "available_capacity_mw": 0.0, "distributor_network": "i-DE", "voltage_kv": 132.0, "grid_status": "Congested", "is_friction": true }, "geometry": { "type": "Point", "coordinates": [ -0.184134835655017, 39.838761801479009 ] } },
{ "type": "Feature", "properties": { "substation_name": "3621", "provincia": "Alicante/Alacant", "municipio": "Benidorm", "latitude": 38.568525981324896, "longitude": -0.1100484615700142, "available_capacity_mw": 0.0, "distributor_network": "i-DE", "voltage_kv": 132.0, "grid_status": "Congested", "is_friction": true }, "geometry": { "type": "Point", "coordinates": [ -0.110048461570014, 38.568525981324896 ] } },
{ "type": "Feature", "properties": { "substation_name": "3623", "provincia": "Valencia/València", "municipio": "Riba-roja de Túria", "latitude": 39.480581178076115, "longitude": -0.52718412450432006, "available_capacity_mw": 0.0, "distributor_network": "i-DE", "voltage_kv": 132.0, "grid_status": "Congested", "is_friction": true }, "geometry": { "type": "Point", "coordinates": [ -0.52718412450432, 39.480581178076115 ] } },
{ "type": "Feature", "properties": { "substation_name": "3624", "provincia": "Valencia/València", "municipio": "Alzira", "latitude": 39.125908091065973, "longitude": -0.64122111180039409, "available_capacity_mw": 0.0, "distributor_network": "i-DE", "voltage_kv": 132.0, "grid_status": "Congested", "is_friction": true }, "geometry": { "type": "Point", "coordinates": [ -0.641221111800394, 39.125908091065973 ] } },
{ "type": "Feature", "properties": { "substation_name": "3626", "provincia": "Murcia", "municipio": "Torre-Pacheco", "latitude": 37.735365523537823, "longitude": -1.0289487513701447, "available_capacity_mw": 0.0, "distributor_network": "i-DE", "voltage_kv": 132.0, "grid_status": "Congested", "is_friction": true }, "geometry": { "type": "Point", "coordinates": [ -1.028948751370145, 37.735365523537823 ] } },
{ "type": "Feature", "properties": { "substation_name": "3627", "provincia": "Valencia/València", "municipio": "Tavernes de la Valldigna", "latitude": 39.060921002717542, "longitude": -0.27916716974400779, "available_capacity_mw": 6.37, "distributor_network": "i-DE", "voltage_kv": 20.0, "grid_status": "Sufficient", "is_friction": false }, "geometry": { "type": "Point", "coordinates": [ -0.279167169744008, 39.060921002717542 ] } },
{ "type": "Feature", "properties": { "substation_name": "3628", "provincia": "Toledo", "municipio": "Torrijos", "latitude": 39.99935969583052, "longitude": -4.2691312108574575, "available_capacity_mw": 0.0, "distributor_network": "i-DE", "voltage_kv": 45.0, "grid_status": "Congested", "is_friction": true }, "geometry": { "type": "Point", "coordinates": [ -4.269131210857458, 39.99935969583052 ] } },
{ "type": "Feature", "properties": { "substation_name": "3629", "provincia": "Toledo", "municipio": "Bargas", "latitude": 39.912005436533583, "longitude": -4.0860600740984605, "available_capacity_mw": 0.0, "distributor_network": "i-DE", "voltage_kv": 132.0, "grid_status": "Congested", "is_friction": true }, "geometry": { "type": "Point", "coordinates": [ -4.086060074098461, 39.912005436533583 ] } },
{ "type": "Feature", "properties": { "substation_name": "3630", "provincia": "Valencia/València", "municipio": "Museros", "latitude": 39.571665168124049, "longitude": -0.3577310183827499, "available_capacity_mw": 0.0, "distributor_network": "i-DE", "voltage_kv": 132.0, "grid_status": "Congested", "is_friction": true }, "geometry": { "type": "Point", "coordinates": [ -0.35773101838275, 39.571665168124049 ] } },
{ "type": "Feature", "properties": { "substation_name": "3631", "provincia": "Madrid", "municipio": "Alcobendas", "latitude": 40.536688987384544, "longitude": -3.5964381018069762, "available_capacity_mw": 5.23, "distributor_network": "i-DE", "voltage_kv": 20.0, "grid_status": "Sufficient", "is_friction": false }, "geometry": { "type": "Point", "coordinates": [ -3.596438101806976, 40.536688987384544 ] } },
{ "type": "Feature", "properties": { "substation_name": "3632", "provincia": "Madrid", "municipio": "Madrid", "latitude": 40.460958018992862, "longitude": -3.6684101477883639, "available_capacity_mw": 0.0, "distributor_network": "i-DE", "voltage_kv": 132.0, "grid_status": "Congested", "is_friction": true }, "geometry": { "type": "Point", "coordinates": [ -3.668410147788364, 40.460958018992862 ] } },
{ "type": "Feature", "properties": { "substation_name": "3633", "provincia": "Valencia/València", "municipio": "València", "latitude": 39.439193677974792, "longitude": -0.34160856582083171, "available_capacity_mw": 0.0, "distributor_network": "i-DE", "voltage_kv": 132.0, "grid_status": "Congested", "is_friction": true }, "geometry": { "type": "Point", "coordinates": [ -0.341608565820832, 39.439193677974792 ] } },
{ "type": "Feature", "properties": { "substation_name": "3634", "provincia": "Valencia/València", "municipio": "Picanya", "latitude": 39.445479024008172, "longitude": -0.44989254531609402, "available_capacity_mw": 19.24, "distributor_network": "i-DE", "voltage_kv": 132.0, "grid_status": "Sufficient", "is_friction": false }, "geometry": { "type": "Point", "coordinates": [ -0.449892545316094, 39.445479024008172 ] } },
{ "type": "Feature", "properties": { "substation_name": "3636", "provincia": "Alicante/Alacant", "municipio": "Ibi", "latitude": 38.612419330147326, "longitude": -0.58782574827697542, "available_capacity_mw": 0.0, "distributor_network": "i-DE", "voltage_kv": 132.0, "grid_status": "Congested", "is_friction": true }, "geometry": { "type": "Point", "coordinates": [ -0.587825748276975, 38.612419330147326 ] } },
{ "type": "Feature", "properties": { "substation_name": "3637", "provincia": "Madrid", "municipio": "Alcalá de Henares", "latitude": 40.50068383755783, "longitude": -3.3761464591879995, "available_capacity_mw": 0.0, "distributor_network": "i-DE", "voltage_kv": 132.0, "grid_status": "Congested", "is_friction": true }, "geometry": { "type": "Point", "coordinates": [ -3.376146459187999, 40.50068383755783 ] } },
{ "type": "Feature", "properties": { "substation_name": "3639", "provincia": "Alicante/Alacant", "municipio": "Rojales", "latitude": 38.056154951105285, "longitude": -0.73649987485832769, "available_capacity_mw": 6.63, "distributor_network": "i-DE", "voltage_kv": 20.0, "grid_status": "Sufficient", "is_friction": false }, "geometry": { "type": "Point", "coordinates": [ -0.736499874858328, 38.056154951105285 ] } },
{ "type": "Feature", "properties": { "substation_name": "3640", "provincia": "Albacete", "municipio": "Albacete", "latitude": 38.940045494157189, "longitude": -1.9941459140187625, "available_capacity_mw": 0.0, "distributor_network": "i-DE", "voltage_kv": 132.0, "grid_status": "Congested", "is_friction": true }, "geometry": { "type": "Point", "coordinates": [ -1.994145914018763, 38.940045494157189 ] } },
{ "type": "Feature", "properties": { "substation_name": "3642", "provincia": "Toledo", "municipio": "Los Navalmorales", "latitude": 39.733175749874171, "longitude": -4.6416927600977829, "available_capacity_mw": 0.0, "distributor_network": "i-DE", "voltage_kv": 132.0, "grid_status": "Congested", "is_friction": true }, "geometry": { "type": "Point", "coordinates": [ -4.641692760097783, 39.733175749874171 ] } },
{ "type": "Feature", "properties": { "substation_name": "3644", "provincia": "Murcia", "municipio": "Murcia", "latitude": 37.840738437365729, "longitude": -1.1085030979050448, "available_capacity_mw": 0.0, "distributor_network": "i-DE", "voltage_kv": 132.0, "grid_status": "Congested", "is_friction": true }, "geometry": { "type": "Point", "coordinates": [ -1.108503097905045, 37.840738437365729 ] } },
{ "type": "Feature", "properties": { "substation_name": "3645", "provincia": "Murcia", "municipio": "Cieza", "latitude": 38.247934247988219, "longitude": -1.4077762866371148, "available_capacity_mw": 0.0, "distributor_network": "i-DE", "voltage_kv": 132.0, "grid_status": "Congested", "is_friction": true }, "geometry": { "type": "Point", "coordinates": [ -1.407776286637115, 38.247934247988219 ] } },
{ "type": "Feature", "properties": { "substation_name": "3647", "provincia": "Murcia", "municipio": "San Pedro del Pinatar", "latitude": 37.859366443525225, "longitude": -0.81462724262206787, "available_capacity_mw": 15.36, "distributor_network": "i-DE", "voltage_kv": 66.0, "grid_status": "Sufficient", "is_friction": false }, "geometry": { "type": "Point", "coordinates": [ -0.814627242622068, 37.859366443525225 ] } },
{ "type": "Feature", "properties": { "substation_name": "3648", "provincia": "Murcia", "municipio": "Las Torres de Cotillas", "latitude": 38.034564281992587, "longitude": -1.2838615491164798, "available_capacity_mw": 0.0, "distributor_network": "i-DE", "voltage_kv": 132.0, "grid_status": "Congested", "is_friction": true }, "geometry": { "type": "Point", "coordinates": [ -1.28386154911648, 38.034564281992587 ] } },
{ "type": "Feature", "properties": { "substation_name": "3649", "provincia": "Alicante/Alacant", "municipio": "Alcoi/Alcoy", "latitude": 38.681852519075072, "longitude": -0.49360850492660618, "available_capacity_mw": 20.14, "distributor_network": "i-DE", "voltage_kv": 132.0, "grid_status": "Sufficient", "is_friction": false }, "geometry": { "type": "Point", "coordinates": [ -0.493608504926606, 38.681852519075072 ] } },
{ "type": "Feature", "properties": { "substation_name": "3650", "provincia": "Toledo", "municipio": "La Puebla de Montalbán", "latitude": 39.878363585324628, "longitude": -4.3701976702106045, "available_capacity_mw": 0.0, "distributor_network": "i-DE", "voltage_kv": 132.0, "grid_status": "Congested", "is_friction": true }, "geometry": { "type": "Point", "coordinates": [ -4.370197670210604, 39.878363585324628 ] } },
{ "type": "Feature", "properties": { "substation_name": "3652", "provincia": "Murcia", "municipio": "Jumilla", "latitude": 38.463460367078255, "longitude": -1.3294413069164639, "available_capacity_mw": 0.0, "distributor_network": "i-DE", "voltage_kv": 132.0, "grid_status": "Congested", "is_friction": true }, "geometry": { "type": "Point", "coordinates": [ -1.329441306916464, 38.463460367078255 ] } },
{ "type": "Feature", "properties": { "substation_name": "3653", "provincia": "Madrid", "municipio": "Fuenlabrada", "latitude": 40.276616849846995, "longitude": -3.7817804677499183, "available_capacity_mw": 0.0, "distributor_network": "i-DE", "voltage_kv": 15.0, "grid_status": "Congested", "is_friction": true }, "geometry": { "type": "Point", "coordinates": [ -3.781780467749918, 40.276616849846995 ] } },
{ "type": "Feature", "properties": { "substation_name": "3656", "provincia": "Guadalajara", "municipio": "Galápagos", "latitude": 40.696859840336934, "longitude": -3.3996888102601397, "available_capacity_mw": 0.0, "distributor_network": "i-DE", "voltage_kv": 132.0, "grid_status": "Congested", "is_friction": true }, "geometry": { "type": "Point", "coordinates": [ -3.39968881026014, 40.696859840336934 ] } },
{ "type": "Feature", "properties": { "substation_name": "3658", "provincia": "Murcia", "municipio": "Cartagena", "latitude": 37.564493755607486, "longitude": -0.94948901847959799, "available_capacity_mw": 0.0, "distributor_network": "i-DE", "voltage_kv": 132.0, "grid_status": "Congested", "is_friction": true }, "geometry": { "type": "Point", "coordinates": [ -0.949489018479598, 37.564493755607486 ] } },
{ "type": "Feature", "properties": { "substation_name": "3660", "provincia": "Valencia/València", "municipio": "Benifaió", "latitude": 39.280056849534688, "longitude": -0.44047187485306949, "available_capacity_mw": 0.0, "distributor_network": "i-DE", "voltage_kv": 132.0, "grid_status": "Congested", "is_friction": true }, "geometry": { "type": "Point", "coordinates": [ -0.440471874853069, 39.280056849534688 ] } },
{ "type": "Feature", "properties": { "substation_name": "3661", "provincia": "Castellón/Castelló", "municipio": "Castelló de la Plana", "latitude": 40.003660693546514, "longitude": -0.086304608940899794, "available_capacity_mw": 0.0, "distributor_network": "i-DE", "voltage_kv": 20.0, "grid_status": "Congested", "is_friction": true }, "geometry": { "type": "Point", "coordinates": [ -0.0863046089409, 40.003660693546514 ] } },
{ "type": "Feature", "properties": { "substation_name": "3662", "provincia": "Valencia/València", "municipio": "València", "latitude": 39.502616350002867, "longitude": -0.42720357279061821, "available_capacity_mw": 0.0, "distributor_network": "i-DE", "voltage_kv": 20.0, "grid_status": "Congested", "is_friction": true }, "geometry": { "type": "Point", "coordinates": [ -0.427203572790618, 39.502616350002867 ] } },
{ "type": "Feature", "properties": { "substation_name": "3663", "provincia": "Valencia/València", "municipio": "València", "latitude": 39.455698085293605, "longitude": -0.391920950992727, "available_capacity_mw": 0.0, "distributor_network": "i-DE", "voltage_kv": 20.0, "grid_status": "Congested", "is_friction": true }, "geometry": { "type": "Point", "coordinates": [ -0.391920950992727, 39.455698085293605 ] } },
{ "type": "Feature", "properties": { "substation_name": "3666", "provincia": "Murcia", "municipio": "Totana", "latitude": 37.765341003713608, "longitude": -1.4468260212132735, "available_capacity_mw": 0.0, "distributor_network": "i-DE", "voltage_kv": 132.0, "grid_status": "Congested", "is_friction": true }, "geometry": { "type": "Point", "coordinates": [ -1.446826021213274, 37.765341003713608 ] } },
{ "type": "Feature", "properties": { "substation_name": "3667", "provincia": "Madrid", "municipio": "Villanueva del Pardillo", "latitude": 40.50269727126485, "longitude": -3.9741531851798282, "available_capacity_mw": 0.0, "distributor_network": "i-DE", "voltage_kv": 132.0, "grid_status": "Congested", "is_friction": true }, "geometry": { "type": "Point", "coordinates": [ -3.974153185179828, 40.50269727126485 ] } },
{ "type": "Feature", "properties": { "substation_name": "3678", "provincia": "Alicante/Alacant", "municipio": "Dénia", "latitude": 38.848578789116267, "longitude": 0.049367889715145302, "available_capacity_mw": 0.0, "distributor_network": "i-DE", "voltage_kv": 132.0, "grid_status": "Congested", "is_friction": true }, "geometry": { "type": "Point", "coordinates": [ 0.049367889715145, 38.848578789116267 ] } },
{ "type": "Feature", "properties": { "substation_name": "3679", "provincia": "Alicante/Alacant", "municipio": "Sant Joan d'Alacant", "latitude": 38.424430201929873, "longitude": -0.42056115139076178, "available_capacity_mw": 0.0, "distributor_network": "i-DE", "voltage_kv": 20.0, "grid_status": "Congested", "is_friction": true }, "geometry": { "type": "Point", "coordinates": [ -0.420561151390762, 38.424430201929873 ] } },
{ "type": "Feature", "properties": { "substation_name": "3680", "provincia": "Castellón/Castelló", "municipio": "Orpesa/Oropesa del Mar", "latitude": 40.121699983742083, "longitude": 0.15183675275761749, "available_capacity_mw": 0.0, "distributor_network": "i-DE", "voltage_kv": 132.0, "grid_status": "Congested", "is_friction": true }, "geometry": { "type": "Point", "coordinates": [ 0.151836752757617, 40.121699983742083 ] } },
{ "type": "Feature", "properties": { "substation_name": "3681", "provincia": "Valencia/València", "municipio": "València", "latitude": 39.456304416021652, "longitude": -0.3474164190136555, "available_capacity_mw": 5.29, "distributor_network": "i-DE", "voltage_kv": 132.0, "grid_status": "Sufficient", "is_friction": false }, "geometry": { "type": "Point", "coordinates": [ -0.347416419013655, 39.456304416021652 ] } },
{ "type": "Feature", "properties": { "substation_name": "3682", "provincia": "Valencia/València", "municipio": "Albal", "latitude": 39.397706340628559, "longitude": -0.4452735542060548, "available_capacity_mw": 0.0, "distributor_network": "i-DE", "voltage_kv": 20.0, "grid_status": "Congested", "is_friction": true }, "geometry": { "type": "Point", "coordinates": [ -0.445273554206055, 39.397706340628559 ] } },
{ "type": "Feature", "properties": { "substation_name": "3684", "provincia": "Murcia", "municipio": "Lorca", "latitude": 37.665271145278851, "longitude": -1.713067753595148, "available_capacity_mw": 17.81, "distributor_network": "i-DE", "voltage_kv": 132.0, "grid_status": "Sufficient", "is_friction": false }, "geometry": { "type": "Point", "coordinates": [ -1.713067753595148, 37.665271145278851 ] } },
{ "type": "Feature", "properties": { "substation_name": "3685", "provincia": "Castellón/Castelló", "municipio": "Castelló de la Plana", "latitude": 39.95822541312247, "longitude": -0.004468296886, "available_capacity_mw": 0.0, "distributor_network": "i-DE", "voltage_kv": 66.0, "grid_status": "Congested", "is_friction": true }, "geometry": { "type": "Point", "coordinates": [ -0.004468296886, 39.95822541312247 ] } },
{ "type": "Feature", "properties": { "substation_name": "3688", "provincia": "Valencia/València", "municipio": "Gandia", "latitude": 38.970493511365056, "longitude": -0.16722236368963769, "available_capacity_mw": 0.0, "distributor_network": "i-DE", "voltage_kv": 20.0, "grid_status": "Congested", "is_friction": true }, "geometry": { "type": "Point", "coordinates": [ -0.167222363689638, 38.970493511365056 ] } },
{ "type": "Feature", "properties": { "substation_name": "3689", "provincia": "Murcia", "municipio": "Caravaca de la Cruz", "latitude": 38.1212567112537, "longitude": -1.8317212856376148, "available_capacity_mw": 0.0, "distributor_network": "i-DE", "voltage_kv": 132.0, "grid_status": "Congested", "is_friction": true }, "geometry": { "type": "Point", "coordinates": [ -1.831721285637615, 38.1212567112537 ] } },
{ "type": "Feature", "properties": { "substation_name": "3694", "provincia": "Valencia/València", "municipio": "Llíria", "latitude": 39.644975807421176, "longitude": -0.62553582830088006, "available_capacity_mw": 0.0, "distributor_network": "i-DE", "voltage_kv": 66.0, "grid_status": "Congested", "is_friction": true }, "geometry": { "type": "Point", "coordinates": [ -0.62553582830088, 39.644975807421176 ] } },
{ "type": "Feature", "properties": { "substation_name": "3696", "provincia": "Valencia/València", "municipio": "Moixent/Mogente", "latitude": 38.888805851602577, "longitude": -0.75270400758602884, "available_capacity_mw": 47.78, "distributor_network": "i-DE", "voltage_kv": 132.0, "grid_status": "Sufficient", "is_friction": false }, "geometry": { "type": "Point", "coordinates": [ -0.752704007586029, 38.888805851602577 ] } },
{ "type": "Feature", "properties": { "substation_name": "3697", "provincia": "Alicante/Alacant", "municipio": "Torrevieja", "latitude": 37.974117779471513, "longitude": -0.69987664685329998, "available_capacity_mw": 3.99, "distributor_network": "i-DE", "voltage_kv": 20.0, "grid_status": "Moderate", "is_friction": true }, "geometry": { "type": "Point", "coordinates": [ -0.6998766468533, 37.974117779471513 ] } },
{ "type": "Feature", "properties": { "substation_name": "3702", "provincia": "Cuenca", "municipio": "Enguídanos", "latitude": 39.705642856829691, "longitude": -1.6260374772888162, "available_capacity_mw": 0.0, "distributor_network": "i-DE", "voltage_kv": 132.0, "grid_status": "Congested", "is_friction": true }, "geometry": { "type": "Point", "coordinates": [ -1.626037477288816, 39.705642856829691 ] } },
{ "type": "Feature", "properties": { "substation_name": "3704", "provincia": "Albacete", "municipio": "Casas de Ves", "latitude": 39.205257519852701, "longitude": -1.3077821324944805, "available_capacity_mw": 0.0, "distributor_network": "i-DE", "voltage_kv": 66.0, "grid_status": "Congested", "is_friction": true }, "geometry": { "type": "Point", "coordinates": [ -1.30778213249448, 39.205257519852701 ] } },
{ "type": "Feature", "properties": { "substation_name": "3705", "provincia": "Valencia/València", "municipio": "Millares", "latitude": 39.22409469359517, "longitude": -0.71846246892837107, "available_capacity_mw": 38.17, "distributor_network": "i-DE", "voltage_kv": 132.0, "grid_status": "Sufficient", "is_friction": false }, "geometry": { "type": "Point", "coordinates": [ -0.718462468928371, 39.22409469359517 ] } },
{ "type": "Feature", "properties": { "substation_name": "3706", "provincia": "Valencia/València", "municipio": "Cofrentes", "latitude": 39.247764180843433, "longitude": -1.094052135453373, "available_capacity_mw": 0.0, "distributor_network": "i-DE", "voltage_kv": 132.0, "grid_status": "Congested", "is_friction": true }, "geometry": { "type": "Point", "coordinates": [ -1.094052135453373, 39.247764180843433 ] } },
{ "type": "Feature", "properties": { "substation_name": "3707", "provincia": "Cuenca", "municipio": "Tébar", "latitude": 39.483325588688814, "longitude": -2.0695581303550892, "available_capacity_mw": 0.0, "distributor_network": "i-DE", "voltage_kv": 132.0, "grid_status": "Congested", "is_friction": true }, "geometry": { "type": "Point", "coordinates": [ -2.069558130355089, 39.483325588688814 ] } },
{ "type": "Feature", "properties": { "substation_name": "3710", "provincia": "Murcia", "municipio": "Cieza", "latitude": 38.236909982177117, "longitude": -1.5584902887049481, "available_capacity_mw": 0.0, "distributor_network": "i-DE", "voltage_kv": 132.0, "grid_status": "Congested", "is_friction": true }, "geometry": { "type": "Point", "coordinates": [ -1.558490288704948, 38.236909982177117 ] } },
{ "type": "Feature", "properties": { "substation_name": "3715", "provincia": "Murcia", "municipio": "Águilas", "latitude": 37.421769673936218, "longitude": -1.5966755755005246, "available_capacity_mw": 25.28, "distributor_network": "i-DE", "voltage_kv": 132.0, "grid_status": "Sufficient", "is_friction": false }, "geometry": { "type": "Point", "coordinates": [ -1.596675575500525, 37.421769673936218 ] } },
{ "type": "Feature", "properties": { "substation_name": "3716", "provincia": "Jaén", "municipio": "Santiago-Pontones", "latitude": 38.220482302182994, "longitude": -2.4612671217873254, "available_capacity_mw": 0.0, "distributor_network": "i-DE", "voltage_kv": 132.0, "grid_status": "Congested", "is_friction": true }, "geometry": { "type": "Point", "coordinates": [ -2.461267121787325, 38.220482302182994 ] } },
{ "type": "Feature", "properties": { "substation_name": "3717", "provincia": "Murcia", "municipio": "Lorca", "latitude": 37.43722039366844, "longitude": -1.720014496153818, "available_capacity_mw": 24.12, "distributor_network": "i-DE", "voltage_kv": 132.0, "grid_status": "Sufficient", "is_friction": false }, "geometry": { "type": "Point", "coordinates": [ -1.720014496153818, 37.43722039366844 ] } },
{ "type": "Feature", "properties": { "substation_name": "3718", "provincia": "Murcia", "municipio": "Lorca", "latitude": 37.545379508595772, "longitude": -1.752432885984927, "available_capacity_mw": 22.41, "distributor_network": "i-DE", "voltage_kv": 132.0, "grid_status": "Sufficient", "is_friction": false }, "geometry": { "type": "Point", "coordinates": [ -1.752432885984927, 37.545379508595772 ] } },
{ "type": "Feature", "properties": { "substation_name": "3731", "provincia": "Murcia", "municipio": "Cartagena", "latitude": 37.653436959604605, "longitude": -1.0259239728420932, "available_capacity_mw": 23.13, "distributor_network": "i-DE", "voltage_kv": 132.0, "grid_status": "Sufficient", "is_friction": false }, "geometry": { "type": "Point", "coordinates": [ -1.025923972842093, 37.653436959604605 ] } },
{ "type": "Feature", "properties": { "substation_name": "3732", "provincia": "Castellón/Castelló", "municipio": "Cirat", "latitude": 40.058587798082151, "longitude": -0.44954521270343217, "available_capacity_mw": 0.0, "distributor_network": "i-DE", "voltage_kv": 132.0, "grid_status": "Congested", "is_friction": true }, "geometry": { "type": "Point", "coordinates": [ -0.449545212703432, 40.058587798082151 ] } },
{ "type": "Feature", "properties": { "substation_name": "3736", "provincia": "Valencia/València", "municipio": "Villargordo del Cabriel", "latitude": 39.540623822063154, "longitude": -1.5034492611082957, "available_capacity_mw": 0.0, "distributor_network": "i-DE", "voltage_kv": 132.0, "grid_status": "Congested", "is_friction": true }, "geometry": { "type": "Point", "coordinates": [ -1.503449261108296, 39.540623822063154 ] } },
{ "type": "Feature", "properties": { "substation_name": "3737", "provincia": "Alicante/Alacant", "municipio": "Crevillent", "latitude": 38.231504914950442, "longitude": -0.78460429204118409, "available_capacity_mw": 0.0, "distributor_network": "i-DE", "voltage_kv": 132.0, "grid_status": "Congested", "is_friction": true }, "geometry": { "type": "Point", "coordinates": [ -0.784604292041184, 38.231504914950442 ] } },
{ "type": "Feature", "properties": { "substation_name": "3742", "provincia": "Murcia", "municipio": "Murcia", "latitude": 37.853551729666201, "longitude": -1.1328060248180205, "available_capacity_mw": 0.0, "distributor_network": "i-DE", "voltage_kv": 132.0, "grid_status": "Congested", "is_friction": true }, "geometry": { "type": "Point", "coordinates": [ -1.132806024818021, 37.853551729666201 ] } },
{ "type": "Feature", "properties": { "substation_name": "3746", "provincia": "Castellón/Castelló", "municipio": "Vallat", "latitude": 40.029094765077168, "longitude": -0.33060674399563073, "available_capacity_mw": 0.0, "distributor_network": "i-DE", "voltage_kv": 132.0, "grid_status": "Congested", "is_friction": true }, "geometry": { "type": "Point", "coordinates": [ -0.330606743995631, 40.029094765077168 ] } },
{ "type": "Feature", "properties": { "substation_name": "3747", "provincia": "Toledo", "municipio": "Albarreal de Tajo", "latitude": 39.893876167078851, "longitude": -4.2636697113701532, "available_capacity_mw": 0.0, "distributor_network": "i-DE", "voltage_kv": 132.0, "grid_status": "Congested", "is_friction": true }, "geometry": { "type": "Point", "coordinates": [ -4.263669711370153, 39.893876167078851 ] } },
{ "type": "Feature", "properties": { "substation_name": "3750", "provincia": "Palencia", "municipio": "Dueñas", "latitude": 41.845375594170491, "longitude": -4.5545583880877025, "available_capacity_mw": 0.0, "distributor_network": "i-DE", "voltage_kv": 132.0, "grid_status": "Congested", "is_friction": true }, "geometry": { "type": "Point", "coordinates": [ -4.554558388087703, 41.845375594170491 ] } },
{ "type": "Feature", "properties": { "substation_name": "3754", "provincia": "Murcia", "municipio": "Calasparra", "latitude": 38.263991407528131, "longitude": -1.6773666020566724, "available_capacity_mw": 0.0, "distributor_network": "i-DE", "voltage_kv": 132.0, "grid_status": "Congested", "is_friction": true }, "geometry": { "type": "Point", "coordinates": [ -1.677366602056672, 38.263991407528131 ] } },
{ "type": "Feature", "properties": { "substation_name": "3755", "provincia": "Cáceres", "municipio": "Alcántara", "latitude": 39.724643533583219, "longitude": -6.8757224013202816, "available_capacity_mw": 26.0, "distributor_network": "i-DE", "voltage_kv": 45.0, "grid_status": "Sufficient", "is_friction": false }, "geometry": { "type": "Point", "coordinates": [ -6.875722401320282, 39.724643533583219 ] } },
{ "type": "Feature", "properties": { "substation_name": "3760", "provincia": "Cáceres", "municipio": "Valdeobispo", "latitude": 40.098106458345995, "longitude": -6.250453916503063, "available_capacity_mw": 0.0, "distributor_network": "i-DE", "voltage_kv": 132.0, "grid_status": "Congested", "is_friction": true }, "geometry": { "type": "Point", "coordinates": [ -6.250453916503063, 40.098106458345995 ] } },
{ "type": "Feature", "properties": { "substation_name": "3761", "provincia": "Murcia", "municipio": "Fuente Álamo de Murcia", "latitude": 37.681664755690669, "longitude": -1.1729890263620295, "available_capacity_mw": 22.85, "distributor_network": "i-DE", "voltage_kv": 132.0, "grid_status": "Sufficient", "is_friction": false }, "geometry": { "type": "Point", "coordinates": [ -1.17298902636203, 37.681664755690669 ] } },
{ "type": "Feature", "properties": { "substation_name": "3766", "provincia": "Castellón/Castelló", "municipio": "Vilanova d'Alcolea", "latitude": 40.213424201576807, "longitude": 0.062479060785426498, "available_capacity_mw": 0.0, "distributor_network": "i-DE", "voltage_kv": 132.0, "grid_status": "Congested", "is_friction": true }, "geometry": { "type": "Point", "coordinates": [ 0.062479060785426, 40.213424201576807 ] } },
{ "type": "Feature", "properties": { "substation_name": "3767", "provincia": "Murcia", "municipio": "Alhama de Murcia", "latitude": 37.724397505476261, "longitude": -1.3667016980057909, "available_capacity_mw": 22.23, "distributor_network": "i-DE", "voltage_kv": 132.0, "grid_status": "Sufficient", "is_friction": false }, "geometry": { "type": "Point", "coordinates": [ -1.366701698005791, 37.724397505476261 ] } },
{ "type": "Feature", "properties": { "substation_name": "3774", "provincia": "Murcia", "municipio": "Calasparra", "latitude": 38.288026591787222, "longitude": -1.603345969857173, "available_capacity_mw": 0.0, "distributor_network": "i-DE", "voltage_kv": 132.0, "grid_status": "Congested", "is_friction": true }, "geometry": { "type": "Point", "coordinates": [ -1.603345969857173, 38.288026591787222 ] } },
{ "type": "Feature", "properties": { "substation_name": "3781", "provincia": "Madrid", "municipio": "Madrid", "latitude": 40.424364303864323, "longitude": -3.7159298539620251, "available_capacity_mw": 0.0, "distributor_network": "i-DE", "voltage_kv": 132.0, "grid_status": "Congested", "is_friction": true }, "geometry": { "type": "Point", "coordinates": [ -3.715929853962025, 40.424364303864323 ] } },
{ "type": "Feature", "properties": { "substation_name": "3797", "provincia": "León", "municipio": "Villadangos del Páramo", "latitude": 42.527259311688297, "longitude": -5.7448480025127511, "available_capacity_mw": 0.0, "distributor_network": "i-DE", "voltage_kv": 132.0, "grid_status": "Congested", "is_friction": true }, "geometry": { "type": "Point", "coordinates": [ -5.744848002512751, 42.527259311688297 ] } },
{ "type": "Feature", "properties": { "substation_name": "3798", "provincia": "Palencia", "municipio": "Soto de Cerrato", "latitude": 41.948628492462959, "longitude": -4.406868092642708, "available_capacity_mw": 0.0, "distributor_network": "i-DE", "voltage_kv": 132.0, "grid_status": "Congested", "is_friction": true }, "geometry": { "type": "Point", "coordinates": [ -4.406868092642708, 41.948628492462959 ] } },
{ "type": "Feature", "properties": { "substation_name": "3805", "provincia": "Toledo", "municipio": "Villaseca de la Sagra", "latitude": 39.941824294052253, "longitude": -3.8580385678443503, "available_capacity_mw": 0.0, "distributor_network": "i-DE", "voltage_kv": 132.0, "grid_status": "Congested", "is_friction": true }, "geometry": { "type": "Point", "coordinates": [ -3.85803856784435, 39.941824294052253 ] } },
{ "type": "Feature", "properties": { "substation_name": "3813", "provincia": "Guadalajara", "municipio": "Galápagos", "latitude": 40.708621837082113, "longitude": -3.3400701762221936, "available_capacity_mw": 0.0, "distributor_network": "i-DE", "voltage_kv": 132.0, "grid_status": "Congested", "is_friction": true }, "geometry": { "type": "Point", "coordinates": [ -3.340070176222194, 40.708621837082113 ] } },
{ "type": "Feature", "properties": { "substation_name": "3822", "provincia": "Navarra", "municipio": "Oteiza", "latitude": 42.633842029615288, "longitude": -1.9508216027223932, "available_capacity_mw": 0.0, "distributor_network": "i-DE", "voltage_kv": 66.0, "grid_status": "Congested", "is_friction": true }, "geometry": { "type": "Point", "coordinates": [ -1.950821602722393, 42.633842029615288 ] } },
{ "type": "Feature", "properties": { "substation_name": "3844", "provincia": "Asturias", "municipio": "Langreo", "latitude": 43.307508929255626, "longitude": -5.6987925240242419, "available_capacity_mw": 0.0, "distributor_network": "i-DE", "voltage_kv": 132.0, "grid_status": "Congested", "is_friction": true }, "geometry": { "type": "Point", "coordinates": [ -5.698792524024242, 43.307508929255626 ] } },
{ "type": "Feature", "properties": { "substation_name": "3854", "provincia": "Alicante/Alacant", "municipio": "Cocentaina", "latitude": 38.751492170400603, "longitude": -0.44582161639267431, "available_capacity_mw": 19.89, "distributor_network": "i-DE", "voltage_kv": 132.0, "grid_status": "Sufficient", "is_friction": false }, "geometry": { "type": "Point", "coordinates": [ -0.445821616392674, 38.751492170400603 ] } },
{ "type": "Feature", "properties": { "substation_name": "3856", "provincia": "Madrid", "municipio": "Torrejón de Ardoz", "latitude": 40.479500652014522, "longitude": -3.4299867303738392, "available_capacity_mw": 0.0, "distributor_network": "i-DE", "voltage_kv": 132.0, "grid_status": "Congested", "is_friction": true }, "geometry": { "type": "Point", "coordinates": [ -3.429986730373839, 40.479500652014522 ] } },
{ "type": "Feature", "properties": { "substation_name": "3888", "provincia": "Murcia", "municipio": "Cartagena", "latitude": 37.704695599689117, "longitude": -1.0950007622822515, "available_capacity_mw": 21.73, "distributor_network": "i-DE", "voltage_kv": 132.0, "grid_status": "Sufficient", "is_friction": false }, "geometry": { "type": "Point", "coordinates": [ -1.095000762282252, 37.704695599689117 ] } },
{ "type": "Feature", "properties": { "substation_name": "3891", "provincia": "Valencia/València", "municipio": "Picassent", "latitude": 39.32341321475797, "longitude": -0.43308130890417129, "available_capacity_mw": 0.0, "distributor_network": "i-DE", "voltage_kv": 132.0, "grid_status": "Congested", "is_friction": true }, "geometry": { "type": "Point", "coordinates": [ -0.433081308904171, 39.32341321475797 ] } },
{ "type": "Feature", "properties": { "substation_name": "3893", "provincia": "Madrid", "municipio": "Las Rozas de Madrid", "latitude": 40.510269513921983, "longitude": -3.8663227753581748, "available_capacity_mw": 0.0, "distributor_network": "i-DE", "voltage_kv": 132.0, "grid_status": "Congested", "is_friction": true }, "geometry": { "type": "Point", "coordinates": [ -3.866322775358175, 40.510269513921983 ] } },
{ "type": "Feature", "properties": { "substation_name": "3894", "provincia": "Badajoz", "municipio": "Valdecaballeros", "latitude": 39.290200299350147, "longitude": -5.1826825860587249, "available_capacity_mw": 0.0, "distributor_network": "i-DE", "voltage_kv": 132.0, "grid_status": "Congested", "is_friction": true }, "geometry": { "type": "Point", "coordinates": [ -5.182682586058725, 39.290200299350147 ] } },
{ "type": "Feature", "properties": { "substation_name": "3896", "provincia": "Madrid", "municipio": "Madrid", "latitude": 40.364927543114518, "longitude": -3.7484285532294952, "available_capacity_mw": 0.0, "distributor_network": "i-DE", "voltage_kv": 15.0, "grid_status": "Congested", "is_friction": true }, "geometry": { "type": "Point", "coordinates": [ -3.748428553229495, 40.364927543114518 ] } },
{ "type": "Feature", "properties": { "substation_name": "3897", "provincia": "Madrid", "municipio": "Boadilla del Monte", "latitude": 40.40818840528874, "longitude": -3.9088970487708985, "available_capacity_mw": 0.0, "distributor_network": "i-DE", "voltage_kv": 20.0, "grid_status": "Congested", "is_friction": true }, "geometry": { "type": "Point", "coordinates": [ -3.908897048770898, 40.40818840528874 ] } },
{ "type": "Feature", "properties": { "substation_name": "3898", "provincia": "Murcia", "municipio": "Murcia", "latitude": 37.732755059765381, "longitude": -1.0542367233844725, "available_capacity_mw": 0.0, "distributor_network": "i-DE", "voltage_kv": 132.0, "grid_status": "Congested", "is_friction": true }, "geometry": { "type": "Point", "coordinates": [ -1.054236723384472, 37.732755059765381 ] } },
{ "type": "Feature", "properties": { "substation_name": "3899", "provincia": "Murcia", "municipio": "Murcia", "latitude": 37.984570544998576, "longitude": -1.1067816268121276, "available_capacity_mw": 0.0, "distributor_network": "i-DE", "voltage_kv": 132.0, "grid_status": "Congested", "is_friction": true }, "geometry": { "type": "Point", "coordinates": [ -1.106781626812128, 37.984570544998576 ] } },
{ "type": "Feature", "properties": { "substation_name": "4001", "provincia": "Castellón/Castelló", "municipio": "Benassal", "latitude": 40.377449196913652, "longitude": -0.13742898565584599, "available_capacity_mw": 0.0, "distributor_network": "i-DE", "voltage_kv": 66.0, "grid_status": "Congested", "is_friction": true }, "geometry": { "type": "Point", "coordinates": [ -0.137428985655846, 40.377449196913652 ] } },
{ "type": "Feature", "properties": { "substation_name": "4002", "provincia": "Alicante/Alacant", "municipio": "Elx/Elche", "latitude": 38.276209822892859, "longitude": -0.66772121031350029, "available_capacity_mw": 0.0, "distributor_network": "i-DE", "voltage_kv": 66.0, "grid_status": "Congested", "is_friction": true }, "geometry": { "type": "Point", "coordinates": [ -0.6677212103135, 38.276209822892859 ] } },
{ "type": "Feature", "properties": { "substation_name": "4003", "provincia": "Alicante/Alacant", "municipio": "Redován", "latitude": 38.136281346540933, "longitude": -0.93129233200219363, "available_capacity_mw": 0.0, "distributor_network": "i-DE", "voltage_kv": 66.0, "grid_status": "Congested", "is_friction": true }, "geometry": { "type": "Point", "coordinates": [ -0.931292332002194, 38.136281346540933 ] } },
{ "type": "Feature", "properties": { "substation_name": "4004", "provincia": "Alicante/Alacant", "municipio": "Novelda", "latitude": 38.37453300651854, "longitude": -0.75700640899640481, "available_capacity_mw": 10.45, "distributor_network": "i-DE", "voltage_kv": 20.0, "grid_status": "Sufficient", "is_friction": false }, "geometry": { "type": "Point", "coordinates": [ -0.757006408996405, 38.37453300651854 ] } },
{ "type": "Feature", "properties": { "substation_name": "4006", "provincia": "Murcia", "municipio": "Caravaca de la Cruz", "latitude": 38.114249251643834, "longitude": -1.8683180211453485, "available_capacity_mw": 0.0, "distributor_network": "i-DE", "voltage_kv": 66.0, "grid_status": "Congested", "is_friction": true }, "geometry": { "type": "Point", "coordinates": [ -1.868318021145349, 38.114249251643834 ] } },
{ "type": "Feature", "properties": { "substation_name": "4007", "provincia": "Albacete", "municipio": "Albacete", "latitude": 38.982420554617761, "longitude": -1.8693758805659604, "available_capacity_mw": 0.0, "distributor_network": "i-DE", "voltage_kv": 66.0, "grid_status": "Congested", "is_friction": true }, "geometry": { "type": "Point", "coordinates": [ -1.86937588056596, 38.982420554617761 ] } },
{ "type": "Feature", "properties": { "substation_name": "4009", "provincia": "Castellón/Castelló", "municipio": "Borriana/Burriana", "latitude": 39.890037251927502, "longitude": -0.097655541052339701, "available_capacity_mw": 0.0, "distributor_network": "i-DE", "voltage_kv": 66.0, "grid_status": "Congested", "is_friction": true }, "geometry": { "type": "Point", "coordinates": [ -0.09765554105234, 39.890037251927502 ] } },
{ "type": "Feature", "properties": { "substation_name": "4012", "provincia": "Murcia", "municipio": "La Unión", "latitude": 37.621793819124107, "longitude": -0.87836584651909977, "available_capacity_mw": 0.0, "distributor_network": "i-DE", "voltage_kv": 66.0, "grid_status": "Congested", "is_friction": true }, "geometry": { "type": "Point", "coordinates": [ -0.8783658465191, 37.621793819124107 ] } },
{ "type": "Feature", "properties": { "substation_name": "4013", "provincia": "Madrid", "municipio": "Colmenar Viejo", "latitude": 40.668565711904272, "longitude": -3.7573927855998361, "available_capacity_mw": 0.0, "distributor_network": "i-DE", "voltage_kv": 66.0, "grid_status": "Congested", "is_friction": true }, "geometry": { "type": "Point", "coordinates": [ -3.757392785599836, 40.668565711904272 ] } },
{ "type": "Feature", "properties": { "substation_name": "4016", "provincia": "Cáceres", "municipio": "Malpartida de Cáceres", "latitude": 39.464021867834106, "longitude": -6.5070400117376694, "available_capacity_mw": 0.0, "distributor_network": "i-DE", "voltage_kv": 45.0, "grid_status": "Congested", "is_friction": true }, "geometry": { "type": "Point", "coordinates": [ -6.507040011737669, 39.464021867834106 ] } },
{ "type": "Feature", "properties": { "substation_name": "4017", "provincia": "Valencia/València", "municipio": "Llíria", "latitude": 39.635138868200499, "longitude": -0.58817737335458098, "available_capacity_mw": 0.0, "distributor_network": "i-DE", "voltage_kv": 66.0, "grid_status": "Congested", "is_friction": true }, "geometry": { "type": "Point", "coordinates": [ -0.588177373354581, 39.635138868200499 ] } },
{ "type": "Feature", "properties": { "substation_name": "4019", "provincia": "Madrid", "municipio": "Pinto", "latitude": 40.257839413518823, "longitude": -3.7035140320122282, "available_capacity_mw": 0.0, "distributor_network": "i-DE", "voltage_kv": 45.0, "grid_status": "Congested", "is_friction": true }, "geometry": { "type": "Point", "coordinates": [ -3.703514032012228, 40.257839413518823 ] } },
{ "type": "Feature", "properties": { "substation_name": "4021", "provincia": "Valencia/València", "municipio": "Xàtiva", "latitude": 38.992357124533598, "longitude": -0.53289791281141474, "available_capacity_mw": 5.09, "distributor_network": "i-DE", "voltage_kv": 66.0, "grid_status": "Sufficient", "is_friction": false }, "geometry": { "type": "Point", "coordinates": [ -0.532897912811415, 38.992357124533598 ] } },
{ "type": "Feature", "properties": { "substation_name": "4023", "provincia": "Madrid", "municipio": "Getafe", "latitude": 40.308415389799265, "longitude": -3.6943297392418741, "available_capacity_mw": 0.0, "distributor_network": "i-DE", "voltage_kv": 45.0, "grid_status": "Congested", "is_friction": true }, "geometry": { "type": "Point", "coordinates": [ -3.694329739241874, 40.308415389799265 ] } },
{ "type": "Feature", "properties": { "substation_name": "4024", "provincia": "Valencia/València", "municipio": "Almussafes", "latitude": 39.291280704684723, "longitude": -0.41791315501387649, "available_capacity_mw": 5.1, "distributor_network": "i-DE", "voltage_kv": 66.0, "grid_status": "Sufficient", "is_friction": false }, "geometry": { "type": "Point", "coordinates": [ -0.417913155013876, 39.291280704684723 ] } },
{ "type": "Feature", "properties": { "substation_name": "4025", "provincia": "Castellón/Castelló", "municipio": "Nules", "latitude": 39.815058789962691, "longitude": -0.16286159689155261, "available_capacity_mw": 0.0, "distributor_network": "i-DE", "voltage_kv": 66.0, "grid_status": "Congested", "is_friction": true }, "geometry": { "type": "Point", "coordinates": [ -0.162861596891553, 39.815058789962691 ] } },
{ "type": "Feature", "properties": { "substation_name": "4026", "provincia": "Albacete", "municipio": "La Recueja", "latitude": 39.135540722149486, "longitude": -1.4537103265906015, "available_capacity_mw": 0.0, "distributor_network": "i-DE", "voltage_kv": 66.0, "grid_status": "Congested", "is_friction": true }, "geometry": { "type": "Point", "coordinates": [ -1.453710326590602, 39.135540722149486 ] } },
{ "type": "Feature", "properties": { "substation_name": "4027", "provincia": "Madrid", "municipio": "El Escorial", "latitude": 40.605738672066778, "longitude": -4.1159113549784818, "available_capacity_mw": 0.0, "distributor_network": "i-DE", "voltage_kv": 66.0, "grid_status": "Congested", "is_friction": true }, "geometry": { "type": "Point", "coordinates": [ -4.115911354978482, 40.605738672066778 ] } },
{ "type": "Feature", "properties": { "substation_name": "4028", "provincia": "Alicante/Alacant", "municipio": "Los Montesinos", "latitude": 38.030927960486409, "longitude": -0.74446103599096825, "available_capacity_mw": 0.0, "distributor_network": "i-DE", "voltage_kv": 66.0, "grid_status": "Congested", "is_friction": true }, "geometry": { "type": "Point", "coordinates": [ -0.744461035990968, 38.030927960486409 ] } },
{ "type": "Feature", "properties": { "substation_name": "4029", "provincia": "Toledo", "municipio": "Polán", "latitude": 39.865183351189188, "longitude": -4.1935139642377433, "available_capacity_mw": 0.0, "distributor_network": "i-DE", "voltage_kv": 45.0, "grid_status": "Congested", "is_friction": true }, "geometry": { "type": "Point", "coordinates": [ -4.193513964237743, 39.865183351189188 ] } },
{ "type": "Feature", "properties": { "substation_name": "4030", "provincia": "Madrid", "municipio": "Getafe", "latitude": 40.303704053247237, "longitude": -3.7016028912573309, "available_capacity_mw": 0.0, "distributor_network": "i-DE", "voltage_kv": 45.0, "grid_status": "Congested", "is_friction": true }, "geometry": { "type": "Point", "coordinates": [ -3.701602891257331, 40.303704053247237 ] } },
{ "type": "Feature", "properties": { "substation_name": "4031", "provincia": "Badajoz", "municipio": "Valdecaballeros", "latitude": 39.288938976137999, "longitude": -5.1981992227437646, "available_capacity_mw": 0.0, "distributor_network": "i-DE", "voltage_kv": 45.0, "grid_status": "Congested", "is_friction": true }, "geometry": { "type": "Point", "coordinates": [ -5.198199222743765, 39.288938976137999 ] } },
{ "type": "Feature", "properties": { "substation_name": "4032", "provincia": "Cáceres", "municipio": "Cáceres", "latitude": 39.474733924630051, "longitude": -6.327703340249391, "available_capacity_mw": 0.0, "distributor_network": "i-DE", "voltage_kv": 45.0, "grid_status": "Congested", "is_friction": true }, "geometry": { "type": "Point", "coordinates": [ -6.327703340249391, 39.474733924630051 ] } },
{ "type": "Feature", "properties": { "substation_name": "4033", "provincia": "Rioja, La", "municipio": "Briones", "latitude": 42.546699338330022, "longitude": -2.8018658622603514, "available_capacity_mw": 0.0, "distributor_network": "i-DE", "voltage_kv": 66.0, "grid_status": "Congested", "is_friction": true }, "geometry": { "type": "Point", "coordinates": [ -2.801865862260351, 42.546699338330022 ] } },
{ "type": "Feature", "properties": { "substation_name": "4034", "provincia": "Murcia", "municipio": "Totana", "latitude": 37.757425204000086, "longitude": -1.4821865364814899, "available_capacity_mw": 0.0, "distributor_network": "i-DE", "voltage_kv": 66.0, "grid_status": "Congested", "is_friction": true }, "geometry": { "type": "Point", "coordinates": [ -1.48218653648149, 37.757425204000086 ] } },
{ "type": "Feature", "properties": { "substation_name": "4035", "provincia": "Madrid", "municipio": "Madrid", "latitude": 40.403553084746896, "longitude": -3.702754948130524, "available_capacity_mw": 0.0, "distributor_network": "i-DE", "voltage_kv": 45.0, "grid_status": "Congested", "is_friction": true }, "geometry": { "type": "Point", "coordinates": [ -3.702754948130524, 40.403553084746896 ] } },
{ "type": "Feature", "properties": { "substation_name": "4037", "provincia": "Murcia", "municipio": "Águilas", "latitude": 37.411097355190059, "longitude": -1.5931251378798097, "available_capacity_mw": 0.0, "distributor_network": "i-DE", "voltage_kv": 66.0, "grid_status": "Congested", "is_friction": true }, "geometry": { "type": "Point", "coordinates": [ -1.59312513787981, 37.411097355190059 ] } },
{ "type": "Feature", "properties": { "substation_name": "4039", "provincia": "Cuenca", "municipio": "Saelices", "latitude": 39.915017888493018, "longitude": -2.8240727717397895, "available_capacity_mw": 0.0, "distributor_network": "i-DE", "voltage_kv": 66.0, "grid_status": "Congested", "is_friction": true }, "geometry": { "type": "Point", "coordinates": [ -2.82407277173979, 39.915017888493018 ] } },
{ "type": "Feature", "properties": { "substation_name": "4040", "provincia": "Alicante/Alacant", "municipio": "Alacant/Alicante", "latitude": 38.328650462341905, "longitude": -0.51929392090692716, "available_capacity_mw": 0.0, "distributor_network": "i-DE", "voltage_kv": 20.0, "grid_status": "Congested", "is_friction": true }, "geometry": { "type": "Point", "coordinates": [ -0.519293920906927, 38.328650462341905 ] } },
{ "type": "Feature", "properties": { "substation_name": "4043", "provincia": "Castellón/Castelló", "municipio": "Torreblanca", "latitude": 40.205007836300418, "longitude": 0.1794348616799934, "available_capacity_mw": 0.0, "distributor_network": "i-DE", "voltage_kv": 66.0, "grid_status": "Congested", "is_friction": true }, "geometry": { "type": "Point", "coordinates": [ 0.179434861679993, 40.205007836300418 ] } },
{ "type": "Feature", "properties": { "substation_name": "4044", "provincia": "Castellón/Castelló", "municipio": "Vila-real", "latitude": 39.94352477239299, "longitude": -0.11522489681731669, "available_capacity_mw": 0.0, "distributor_network": "i-DE", "voltage_kv": 66.0, "grid_status": "Congested", "is_friction": true }, "geometry": { "type": "Point", "coordinates": [ -0.115224896817317, 39.94352477239299 ] } },
{ "type": "Feature", "properties": { "substation_name": "4045", "provincia": "Valencia/València", "municipio": "València", "latitude": 39.471497837732016, "longitude": -0.39433772652621779, "available_capacity_mw": 0.0, "distributor_network": "i-DE", "voltage_kv": 66.0, "grid_status": "Congested", "is_friction": true }, "geometry": { "type": "Point", "coordinates": [ -0.394337726526218, 39.471497837732016 ] } },
{ "type": "Feature", "properties": { "substation_name": "4046", "provincia": "Madrid", "municipio": "Collado Villalba", "latitude": 40.631976753907011, "longitude": -4.017118115123365, "available_capacity_mw": 0.0, "distributor_network": "i-DE", "voltage_kv": 66.0, "grid_status": "Congested", "is_friction": true }, "geometry": { "type": "Point", "coordinates": [ -4.017118115123365, 40.631976753907011 ] } },
{ "type": "Feature", "properties": { "substation_name": "4047", "provincia": "Toledo", "municipio": "Talavera de la Reina", "latitude": 39.947044950623635, "longitude": -4.8467666625255008, "available_capacity_mw": 0.0, "distributor_network": "i-DE", "voltage_kv": 45.0, "grid_status": "Congested", "is_friction": true }, "geometry": { "type": "Point", "coordinates": [ -4.846766662525501, 39.947044950623635 ] } },
{ "type": "Feature", "properties": { "substation_name": "4048", "provincia": "Guadalajara", "municipio": "Alarilla", "latitude": 40.83383480699122, "longitude": -3.1132396499784583, "available_capacity_mw": 0.0, "distributor_network": "i-DE", "voltage_kv": 66.0, "grid_status": "Congested", "is_friction": true }, "geometry": { "type": "Point", "coordinates": [ -3.113239649978458, 40.83383480699122 ] } },
{ "type": "Feature", "properties": { "substation_name": "4049", "provincia": "Alicante/Alacant", "municipio": "Petrer", "latitude": 38.500002772145628, "longitude": -0.79076462021596383, "available_capacity_mw": 0.0, "distributor_network": "i-DE", "voltage_kv": 66.0, "grid_status": "Congested", "is_friction": true }, "geometry": { "type": "Point", "coordinates": [ -0.790764620215964, 38.500002772145628 ] } },
{ "type": "Feature", "properties": { "substation_name": "4051", "provincia": "Valencia/València", "municipio": "Sueca", "latitude": 39.251405785384328, "longitude": -0.26455776169523321, "available_capacity_mw": 0.0, "distributor_network": "i-DE", "voltage_kv": 66.0, "grid_status": "Congested", "is_friction": true }, "geometry": { "type": "Point", "coordinates": [ -0.264557761695233, 39.251405785384328 ] } },
{ "type": "Feature", "properties": { "substation_name": "4053", "provincia": "Castellón/Castelló", "municipio": "Vinaròs", "latitude": 40.477451242520019, "longitude": 0.46855148709807731, "available_capacity_mw": 0.0, "distributor_network": "i-DE", "voltage_kv": 66.0, "grid_status": "Congested", "is_friction": true }, "geometry": { "type": "Point", "coordinates": [ 0.468551487098077, 40.477451242520019 ] } },
{ "type": "Feature", "properties": { "substation_name": "4054", "provincia": "Murcia", "municipio": "Yecla", "latitude": 38.616575797042771, "longitude": -1.0845258610767696, "available_capacity_mw": 19.85, "distributor_network": "i-DE", "voltage_kv": 132.0, "grid_status": "Sufficient", "is_friction": false }, "geometry": { "type": "Point", "coordinates": [ -1.08452586107677, 38.616575797042771 ] } },
{ "type": "Feature", "properties": { "substation_name": "4055", "provincia": "Castellón/Castelló", "municipio": "Onda", "latitude": 39.975479303327987, "longitude": -0.2306640980095056, "available_capacity_mw": 0.0, "distributor_network": "i-DE", "voltage_kv": 66.0, "grid_status": "Congested", "is_friction": true }, "geometry": { "type": "Point", "coordinates": [ -0.230664098009506, 39.975479303327987 ] } },
{ "type": "Feature", "properties": { "substation_name": "4056", "provincia": "Valencia/València", "municipio": "Cullera", "latitude": 39.180812348630809, "longitude": -0.26535009162398338, "available_capacity_mw": 0.0, "distributor_network": "i-DE", "voltage_kv": 66.0, "grid_status": "Congested", "is_friction": true }, "geometry": { "type": "Point", "coordinates": [ -0.265350091623983, 39.180812348630809 ] } },
{ "type": "Feature", "properties": { "substation_name": "4057", "provincia": "Valencia/València", "municipio": "Puçol", "latitude": 39.623439926933969, "longitude": -0.32061982323077409, "available_capacity_mw": 0.0, "distributor_network": "i-DE", "voltage_kv": 66.0, "grid_status": "Congested", "is_friction": true }, "geometry": { "type": "Point", "coordinates": [ -0.320619823230774, 39.623439926933969 ] } },
{ "type": "Feature", "properties": { "substation_name": "4059", "provincia": "Guadalajara", "municipio": "Sigüenza", "latitude": 41.058435025865144, "longitude": -2.6445958928369784, "available_capacity_mw": 0.0, "distributor_network": "i-DE", "voltage_kv": 66.0, "grid_status": "Congested", "is_friction": true }, "geometry": { "type": "Point", "coordinates": [ -2.644595892836978, 41.058435025865144 ] } },
{ "type": "Feature", "properties": { "substation_name": "4060", "provincia": "Toledo", "municipio": "Oropesa", "latitude": 39.925770075806909, "longitude": -5.1857946042640242, "available_capacity_mw": 0.0, "distributor_network": "i-DE", "voltage_kv": 45.0, "grid_status": "Congested", "is_friction": true }, "geometry": { "type": "Point", "coordinates": [ -5.185794604264024, 39.925770075806909 ] } },
{ "type": "Feature", "properties": { "substation_name": "4061", "provincia": "Valencia/València", "municipio": "Castelló de Rugat", "latitude": 38.868158565705073, "longitude": -0.39139699983124998, "available_capacity_mw": 4.84, "distributor_network": "i-DE", "voltage_kv": 66.0, "grid_status": "Moderate", "is_friction": true }, "geometry": { "type": "Point", "coordinates": [ -0.39139699983125, 38.868158565705073 ] } },
{ "type": "Feature", "properties": { "substation_name": "4063", "provincia": "Valencia/València", "municipio": "Massalfassar", "latitude": 39.548366276678834, "longitude": -0.30778457027417611, "available_capacity_mw": 0.0, "distributor_network": "i-DE", "voltage_kv": 66.0, "grid_status": "Congested", "is_friction": true }, "geometry": { "type": "Point", "coordinates": [ -0.307784570274176, 39.548366276678834 ] } },
{ "type": "Feature", "properties": { "substation_name": "4064", "provincia": "Cáceres", "municipio": "Casatejada", "latitude": 39.878756005165911, "longitude": -5.6775464421652213, "available_capacity_mw": 0.0, "distributor_network": "i-DE", "voltage_kv": 45.0, "grid_status": "Congested", "is_friction": true }, "geometry": { "type": "Point", "coordinates": [ -5.677546442165221, 39.878756005165911 ] } },
{ "type": "Feature", "properties": { "substation_name": "4065", "provincia": "Murcia", "municipio": "Mazarrón", "latitude": 37.632859456562848, "longitude": -1.3419395421730571, "available_capacity_mw": 0.0, "distributor_network": "i-DE", "voltage_kv": 66.0, "grid_status": "Congested", "is_friction": true }, "geometry": { "type": "Point", "coordinates": [ -1.341939542173057, 37.632859456562848 ] } },
{ "type": "Feature", "properties": { "substation_name": "4066", "provincia": "Valencia/València", "municipio": "València", "latitude": 39.483044183566193, "longitude": -0.36874623001086348, "available_capacity_mw": 0.0, "distributor_network": "i-DE", "voltage_kv": 66.0, "grid_status": "Congested", "is_friction": true }, "geometry": { "type": "Point", "coordinates": [ -0.368746230010863, 39.483044183566193 ] } },
{ "type": "Feature", "properties": { "substation_name": "4067", "provincia": "Cáceres", "municipio": "Coria", "latitude": 39.958472747499037, "longitude": -6.5131817083090766, "available_capacity_mw": 0.0, "distributor_network": "i-DE", "voltage_kv": 45.0, "grid_status": "Congested", "is_friction": true }, "geometry": { "type": "Point", "coordinates": [ -6.513181708309077, 39.958472747499037 ] } },
{ "type": "Feature", "properties": { "substation_name": "4068", "provincia": "Toledo", "municipio": "Orgaz", "latitude": 39.685105218211483, "longitude": -3.9711219341270469, "available_capacity_mw": 0.0, "distributor_network": "i-DE", "voltage_kv": 45.0, "grid_status": "Congested", "is_friction": true }, "geometry": { "type": "Point", "coordinates": [ -3.971121934127047, 39.685105218211483 ] } },
{ "type": "Feature", "properties": { "substation_name": "4070", "provincia": "Albacete", "municipio": "Pozohondo", "latitude": 38.716781076357691, "longitude": -1.9102846452046085, "available_capacity_mw": 0.0, "distributor_network": "i-DE", "voltage_kv": 66.0, "grid_status": "Congested", "is_friction": true }, "geometry": { "type": "Point", "coordinates": [ -1.910284645204609, 38.716781076357691 ] } },
{ "type": "Feature", "properties": { "substation_name": "4072", "provincia": "Toledo", "municipio": "Talavera de la Reina", "latitude": 39.943121463755766, "longitude": -4.9512957840507319, "available_capacity_mw": 0.0, "distributor_network": "i-DE", "voltage_kv": 45.0, "grid_status": "Congested", "is_friction": true }, "geometry": { "type": "Point", "coordinates": [ -4.951295784050732, 39.943121463755766 ] } },
{ "type": "Feature", "properties": { "substation_name": "4073", "provincia": "Valencia/València", "municipio": "Rocafort", "latitude": 39.545502037109706, "longitude": -0.42292759532291252, "available_capacity_mw": 0.0, "distributor_network": "i-DE", "voltage_kv": 66.0, "grid_status": "Congested", "is_friction": true }, "geometry": { "type": "Point", "coordinates": [ -0.422927595322913, 39.545502037109706 ] } },
{ "type": "Feature", "properties": { "substation_name": "4074", "provincia": "Valencia/València", "municipio": "Quart de Poblet", "latitude": 39.472127362155341, "longitude": -0.5201126540611033, "available_capacity_mw": 0.0, "distributor_network": "i-DE", "voltage_kv": 66.0, "grid_status": "Congested", "is_friction": true }, "geometry": { "type": "Point", "coordinates": [ -0.520112654061103, 39.472127362155341 ] } },
{ "type": "Feature", "properties": { "substation_name": "4075", "provincia": "Alicante/Alacant", "municipio": "el Pinós/Pinoso", "latitude": 38.406613267644119, "longitude": -1.0243114448252693, "available_capacity_mw": 0.0, "distributor_network": "i-DE", "voltage_kv": 66.0, "grid_status": "Congested", "is_friction": true }, "geometry": { "type": "Point", "coordinates": [ -1.024311444825269, 38.406613267644119 ] } },
{ "type": "Feature", "properties": { "substation_name": "4077", "provincia": "Castellón/Castelló", "municipio": "la Vall d'Uixó", "latitude": 39.812019697351573, "longitude": -0.2249302366379379, "available_capacity_mw": 0.0, "distributor_network": "i-DE", "voltage_kv": 66.0, "grid_status": "Congested", "is_friction": true }, "geometry": { "type": "Point", "coordinates": [ -0.224930236637938, 39.812019697351573 ] } },
{ "type": "Feature", "properties": { "substation_name": "4078", "provincia": "Alicante/Alacant", "municipio": "Crevillent", "latitude": 38.224082952235278, "longitude": -0.78057473375331443, "available_capacity_mw": 0.0, "distributor_network": "i-DE", "voltage_kv": 66.0, "grid_status": "Congested", "is_friction": true }, "geometry": { "type": "Point", "coordinates": [ -0.780574733753314, 38.224082952235278 ] } },
{ "type": "Feature", "properties": { "substation_name": "4079", "provincia": "Bizkaia", "municipio": "Ea", "latitude": 43.371001434283421, "longitude": -2.580630314591529, "available_capacity_mw": 0.0, "distributor_network": "i-DE", "voltage_kv": 30.0, "grid_status": "Congested", "is_friction": true }, "geometry": { "type": "Point", "coordinates": [ -2.580630314591529, 43.371001434283421 ] } },
{ "type": "Feature", "properties": { "substation_name": "4080", "provincia": "Cuenca", "municipio": "Tarancón", "latitude": 40.012690257909597, "longitude": -3.0225095985319475, "available_capacity_mw": 0.0, "distributor_network": "i-DE", "voltage_kv": 66.0, "grid_status": "Congested", "is_friction": true }, "geometry": { "type": "Point", "coordinates": [ -3.022509598531947, 40.012690257909597 ] } },
{ "type": "Feature", "properties": { "substation_name": "4081", "provincia": "Cáceres", "municipio": "Navalmoral de la Mata", "latitude": 39.89105374754287, "longitude": -5.5110590972977205, "available_capacity_mw": 0.0, "distributor_network": "i-DE", "voltage_kv": 45.0, "grid_status": "Congested", "is_friction": true }, "geometry": { "type": "Point", "coordinates": [ -5.51105909729772, 39.89105374754287 ] } },
{ "type": "Feature", "properties": { "substation_name": "4083", "provincia": "Castellón/Castelló", "municipio": "l'Alcora", "latitude": 40.071967857736901, "longitude": -0.2081366455804784, "available_capacity_mw": 0.0, "distributor_network": "i-DE", "voltage_kv": 66.0, "grid_status": "Congested", "is_friction": true }, "geometry": { "type": "Point", "coordinates": [ -0.208136645580478, 40.071967857736901 ] } },
{ "type": "Feature", "properties": { "substation_name": "4084", "provincia": "Alicante/Alacant", "municipio": "Santa Pola", "latitude": 38.218686559028505, "longitude": -0.55507951471926431, "available_capacity_mw": 0.0, "distributor_network": "i-DE", "voltage_kv": 66.0, "grid_status": "Congested", "is_friction": true }, "geometry": { "type": "Point", "coordinates": [ -0.555079514719264, 38.218686559028505 ] } },
{ "type": "Feature", "properties": { "substation_name": "4085", "provincia": "Toledo", "municipio": "Cebolla", "latitude": 39.905690414168326, "longitude": -4.5303539808852458, "available_capacity_mw": 0.0, "distributor_network": "i-DE", "voltage_kv": 45.0, "grid_status": "Congested", "is_friction": true }, "geometry": { "type": "Point", "coordinates": [ -4.530353980885246, 39.905690414168326 ] } },
{ "type": "Feature", "properties": { "substation_name": "4086", "provincia": "Murcia", "municipio": "Cartagena", "latitude": 37.628006371353699, "longitude": -0.71325336188997868, "available_capacity_mw": 0.0, "distributor_network": "i-DE", "voltage_kv": 66.0, "grid_status": "Congested", "is_friction": true }, "geometry": { "type": "Point", "coordinates": [ -0.713253361889979, 37.628006371353699 ] } },
{ "type": "Feature", "properties": { "substation_name": "4087", "provincia": "Valencia/València", "municipio": "Losa del Obispo", "latitude": 39.693213450845491, "longitude": -0.86738931930030794, "available_capacity_mw": 0.0, "distributor_network": "i-DE", "voltage_kv": 66.0, "grid_status": "Congested", "is_friction": true }, "geometry": { "type": "Point", "coordinates": [ -0.867389319300308, 39.693213450845491 ] } },
{ "type": "Feature", "properties": { "substation_name": "4089", "provincia": "Madrid", "municipio": "Cercedilla", "latitude": 40.734348865345432, "longitude": -4.0426517472713819, "available_capacity_mw": 0.0, "distributor_network": "i-DE", "voltage_kv": 66.0, "grid_status": "Congested", "is_friction": true }, "geometry": { "type": "Point", "coordinates": [ -4.042651747271382, 40.734348865345432 ] } },
{ "type": "Feature", "properties": { "substation_name": "4091", "provincia": "Madrid", "municipio": "San Agustín del Guadalix", "latitude": 40.669657775748114, "longitude": -3.616699205853565, "available_capacity_mw": 0.0, "distributor_network": "i-DE", "voltage_kv": 66.0, "grid_status": "Congested", "is_friction": true }, "geometry": { "type": "Point", "coordinates": [ -3.616699205853565, 40.669657775748114 ] } },
{ "type": "Feature", "properties": { "substation_name": "4092", "provincia": "Madrid", "municipio": "Cabanillas de la Sierra", "latitude": 40.820291048210159, "longitude": -3.6284659530757519, "available_capacity_mw": 0.0, "distributor_network": "i-DE", "voltage_kv": 66.0, "grid_status": "Congested", "is_friction": true }, "geometry": { "type": "Point", "coordinates": [ -3.628465953075752, 40.820291048210159 ] } },
{ "type": "Feature", "properties": { "substation_name": "4093", "provincia": "Toledo", "municipio": "Quintanar de la Orden", "latitude": 39.600130243488998, "longitude": -3.0355251601158182, "available_capacity_mw": 0.0, "distributor_network": "i-DE", "voltage_kv": 66.0, "grid_status": "Congested", "is_friction": true }, "geometry": { "type": "Point", "coordinates": [ -3.035525160115818, 39.600130243488998 ] } },
{ "type": "Feature", "properties": { "substation_name": "4094", "provincia": "Alicante/Alacant", "municipio": "Muro de Alcoy", "latitude": 38.79287301745498, "longitude": -0.42347856915735138, "available_capacity_mw": 0.0, "distributor_network": "i-DE", "voltage_kv": 66.0, "grid_status": "Congested", "is_friction": true }, "geometry": { "type": "Point", "coordinates": [ -0.423478569157351, 38.79287301745498 ] } },
{ "type": "Feature", "properties": { "substation_name": "4095", "provincia": "Cuenca", "municipio": "Villares del Saz", "latitude": 39.861736069811315, "longitude": -2.5701045471067441, "available_capacity_mw": 0.0, "distributor_network": "i-DE", "voltage_kv": 66.0, "grid_status": "Congested", "is_friction": true }, "geometry": { "type": "Point", "coordinates": [ -2.570104547106744, 39.861736069811315 ] } },
{ "type": "Feature", "properties": { "substation_name": "4096", "provincia": "Madrid", "municipio": "Buitrago del Lozoya", "latitude": 41.005683341141186, "longitude": -3.6313067308552291, "available_capacity_mw": 0.0, "distributor_network": "i-DE", "voltage_kv": 66.0, "grid_status": "Congested", "is_friction": true }, "geometry": { "type": "Point", "coordinates": [ -3.631306730855229, 41.005683341141186 ] } },
{ "type": "Feature", "properties": { "substation_name": "4097", "provincia": "Murcia", "municipio": "Mula", "latitude": 38.027565041488835, "longitude": -1.4975620386976702, "available_capacity_mw": 0.0, "distributor_network": "i-DE", "voltage_kv": 66.0, "grid_status": "Congested", "is_friction": true }, "geometry": { "type": "Point", "coordinates": [ -1.49756203869767, 38.027565041488835 ] } },
{ "type": "Feature", "properties": { "substation_name": "4098", "provincia": "Salamanca", "municipio": "Huerta", "latitude": 40.97208573663432, "longitude": -5.4540045948544069, "available_capacity_mw": 0.0, "distributor_network": "i-DE", "voltage_kv": 45.0, "grid_status": "Congested", "is_friction": true }, "geometry": { "type": "Point", "coordinates": [ -5.454004594854407, 40.97208573663432 ] } },
{ "type": "Feature", "properties": { "substation_name": "4101", "provincia": "Rioja, La", "municipio": "Alfaro", "latitude": 42.156109083714291, "longitude": -1.7284830327082117, "available_capacity_mw": 0.0, "distributor_network": "i-DE", "voltage_kv": 66.0, "grid_status": "Congested", "is_friction": true }, "geometry": { "type": "Point", "coordinates": [ -1.728483032708212, 42.156109083714291 ] } },
{ "type": "Feature", "properties": { "substation_name": "4102", "provincia": "Rioja, La", "municipio": "Arnedo", "latitude": 42.283933986786785, "longitude": -2.0247436993309216, "available_capacity_mw": 0.0, "distributor_network": "i-DE", "voltage_kv": 66.0, "grid_status": "Congested", "is_friction": true }, "geometry": { "type": "Point", "coordinates": [ -2.024743699330922, 42.283933986786785 ] } },
{ "type": "Feature", "properties": { "substation_name": "4104", "provincia": "Castellón/Castelló", "municipio": "Atzeneta del Maestrat", "latitude": 40.218284880746687, "longitude": -0.17420615334602019, "available_capacity_mw": 0.0, "distributor_network": "i-DE", "voltage_kv": 66.0, "grid_status": "Congested", "is_friction": true }, "geometry": { "type": "Point", "coordinates": [ -0.17420615334602, 40.218284880746687 ] } },
{ "type": "Feature", "properties": { "substation_name": "4105", "provincia": "Cuenca", "municipio": "El Pedernoso", "latitude": 39.480992191957029, "longitude": -2.7423321481315406, "available_capacity_mw": 0.0, "distributor_network": "i-DE", "voltage_kv": 66.0, "grid_status": "Congested", "is_friction": true }, "geometry": { "type": "Point", "coordinates": [ -2.742332148131541, 39.480992191957029 ] } },
{ "type": "Feature", "properties": { "substation_name": "4107", "provincia": "Castellón/Castelló", "municipio": "Ribesalbes", "latitude": 40.016904572061677, "longitude": -0.27781110364850298, "available_capacity_mw": 0.0, "distributor_network": "i-DE", "voltage_kv": 66.0, "grid_status": "Congested", "is_friction": true }, "geometry": { "type": "Point", "coordinates": [ -0.277811103648503, 40.016904572061677 ] } },
{ "type": "Feature", "properties": { "substation_name": "4108", "provincia": "Valencia/València", "municipio": "València", "latitude": 39.35002833267648, "longitude": -0.3232328044022369, "available_capacity_mw": 0.0, "distributor_network": "i-DE", "voltage_kv": 66.0, "grid_status": "Congested", "is_friction": true }, "geometry": { "type": "Point", "coordinates": [ -0.323232804402237, 39.35002833267648 ] } },
{ "type": "Feature", "properties": { "substation_name": "4115", "provincia": "Murcia", "municipio": "Cehegín", "latitude": 38.092378283818931, "longitude": -1.7773474991969096, "available_capacity_mw": 0.0, "distributor_network": "i-DE", "voltage_kv": 66.0, "grid_status": "Congested", "is_friction": true }, "geometry": { "type": "Point", "coordinates": [ -1.77734749919691, 38.092378283818931 ] } },
{ "type": "Feature", "properties": { "substation_name": "4116", "provincia": "Murcia", "municipio": "San Javier", "latitude": 37.797799872933652, "longitude": -0.84521768221233495, "available_capacity_mw": 0.0, "distributor_network": "i-DE", "voltage_kv": 66.0, "grid_status": "Congested", "is_friction": true }, "geometry": { "type": "Point", "coordinates": [ -0.845217682212335, 37.797799872933652 ] } },
{ "type": "Feature", "properties": { "substation_name": "4117", "provincia": "Valencia/València", "municipio": "Cofrentes", "latitude": 39.231031912675142, "longitude": -1.0933723913679512, "available_capacity_mw": 0.0, "distributor_network": "i-DE", "voltage_kv": 66.0, "grid_status": "Congested", "is_friction": true }, "geometry": { "type": "Point", "coordinates": [ -1.093372391367951, 39.231031912675142 ] } },
{ "type": "Feature", "properties": { "substation_name": "4118", "provincia": "Albacete", "municipio": "Casas-Ibáñez", "latitude": 39.274190383812289, "longitude": -1.4712686379949518, "available_capacity_mw": 0.0, "distributor_network": "i-DE", "voltage_kv": 132.0, "grid_status": "Congested", "is_friction": true }, "geometry": { "type": "Point", "coordinates": [ -1.471268637994952, 39.274190383812289 ] } },
{ "type": "Feature", "properties": { "substation_name": "4119", "provincia": "Murcia", "municipio": "Lorca", "latitude": 37.588515588438433, "longitude": -1.6494234522514304, "available_capacity_mw": 0.0, "distributor_network": "i-DE", "voltage_kv": 66.0, "grid_status": "Congested", "is_friction": true }, "geometry": { "type": "Point", "coordinates": [ -1.64942345225143, 37.588515588438433 ] } },
{ "type": "Feature", "properties": { "substation_name": "4120", "provincia": "Navarra", "municipio": "Fontellas", "latitude": 42.01162801319618, "longitude": -1.5661900477759807, "available_capacity_mw": 23.0, "distributor_network": "i-DE", "voltage_kv": 66.0, "grid_status": "Sufficient", "is_friction": false }, "geometry": { "type": "Point", "coordinates": [ -1.566190047775981, 42.01162801319618 ] } },
{ "type": "Feature", "properties": { "substation_name": "4122", "provincia": "Albacete", "municipio": "Pozo Cañada", "latitude": 38.811153155270347, "longitude": -1.7399182052971047, "available_capacity_mw": 0.0, "distributor_network": "i-DE", "voltage_kv": 66.0, "grid_status": "Congested", "is_friction": true }, "geometry": { "type": "Point", "coordinates": [ -1.739918205297105, 38.811153155270347 ] } },
{ "type": "Feature", "properties": { "substation_name": "4123", "provincia": "Albacete", "municipio": "Bonete", "latitude": 38.885125871915854, "longitude": -1.3504169673901327, "available_capacity_mw": 0.0, "distributor_network": "i-DE", "voltage_kv": 66.0, "grid_status": "Congested", "is_friction": true }, "geometry": { "type": "Point", "coordinates": [ -1.350416967390133, 38.885125871915854 ] } },
{ "type": "Feature", "properties": { "substation_name": "4125", "provincia": "Madrid", "municipio": "San Sebastián de los Reyes", "latitude": 40.576746566461708, "longitude": -3.5749139162836703, "available_capacity_mw": 0.0, "distributor_network": "i-DE", "voltage_kv": 66.0, "grid_status": "Congested", "is_friction": true }, "geometry": { "type": "Point", "coordinates": [ -3.57491391628367, 40.576746566461708 ] } },
{ "type": "Feature", "properties": { "substation_name": "4126", "provincia": "Albacete", "municipio": "Albacete", "latitude": 38.873345379827811, "longitude": -1.9204313147151819, "available_capacity_mw": 0.0, "distributor_network": "i-DE", "voltage_kv": 66.0, "grid_status": "Congested", "is_friction": true }, "geometry": { "type": "Point", "coordinates": [ -1.920431314715182, 38.873345379827811 ] } },
{ "type": "Feature", "properties": { "substation_name": "4127", "provincia": "Murcia", "municipio": "Mazarrón", "latitude": 37.55368909120903, "longitude": -1.410782473366172, "available_capacity_mw": 0.0, "distributor_network": "i-DE", "voltage_kv": 66.0, "grid_status": "Congested", "is_friction": true }, "geometry": { "type": "Point", "coordinates": [ -1.410782473366172, 37.55368909120903 ] } },
{ "type": "Feature", "properties": { "substation_name": "4128", "provincia": "Toledo", "municipio": "Alcolea de Tajo", "latitude": 39.78165275206117, "longitude": -5.0880973051211456, "available_capacity_mw": 0.0, "distributor_network": "i-DE", "voltage_kv": 45.0, "grid_status": "Congested", "is_friction": true }, "geometry": { "type": "Point", "coordinates": [ -5.088097305121146, 39.78165275206117 ] } },
{ "type": "Feature", "properties": { "substation_name": "4129", "provincia": "Valencia/València", "municipio": "Cortes de Pallás", "latitude": 39.257745327324066, "longitude": -0.94571390172002601, "available_capacity_mw": 0.0, "distributor_network": "i-DE", "voltage_kv": 66.0, "grid_status": "Congested", "is_friction": true }, "geometry": { "type": "Point", "coordinates": [ -0.945713901720026, 39.257745327324066 ] } },
{ "type": "Feature", "properties": { "substation_name": "4130", "provincia": "Alicante/Alacant", "municipio": "Orihuela", "latitude": 38.06841075872164, "longitude": -0.85122827817031255, "available_capacity_mw": 0.0, "distributor_network": "i-DE", "voltage_kv": 66.0, "grid_status": "Congested", "is_friction": true }, "geometry": { "type": "Point", "coordinates": [ -0.851228278170313, 38.06841075872164 ] } },
{ "type": "Feature", "properties": { "substation_name": "4131", "provincia": "Cáceres", "municipio": "Alcántara", "latitude": 39.73807203290356, "longitude": -6.8879131988420959, "available_capacity_mw": 2.0, "distributor_network": "i-DE", "voltage_kv": 45.0, "grid_status": "Moderate", "is_friction": true }, "geometry": { "type": "Point", "coordinates": [ -6.887913198842096, 39.73807203290356 ] } },
{ "type": "Feature", "properties": { "substation_name": "4133", "provincia": "Cáceres", "municipio": "Cedillo", "latitude": 39.663884027606215, "longitude": -7.5314604765931437, "available_capacity_mw": 0.0, "distributor_network": "i-DE", "voltage_kv": 45.0, "grid_status": "Congested", "is_friction": true }, "geometry": { "type": "Point", "coordinates": [ -7.531460476593144, 39.663884027606215 ] } },
{ "type": "Feature", "properties": { "substation_name": "4134", "provincia": "Madrid", "municipio": "Navalagamella", "latitude": 40.457419278814335, "longitude": -4.1133282343201918, "available_capacity_mw": 0.0, "distributor_network": "i-DE", "voltage_kv": 66.0, "grid_status": "Congested", "is_friction": true }, "geometry": { "type": "Point", "coordinates": [ -4.113328234320192, 40.457419278814335 ] } },
{ "type": "Feature", "properties": { "substation_name": "4135", "provincia": "Madrid", "municipio": "Miraflores de la Sierra", "latitude": 40.775662685987776, "longitude": -3.7741809834009143, "available_capacity_mw": 0.0, "distributor_network": "i-DE", "voltage_kv": 66.0, "grid_status": "Congested", "is_friction": true }, "geometry": { "type": "Point", "coordinates": [ -3.774180983400914, 40.775662685987776 ] } },
{ "type": "Feature", "properties": { "substation_name": "4138", "provincia": "Gipuzkoa", "municipio": "Ordizia", "latitude": 43.058075174807762, "longitude": -2.1733736351072106, "available_capacity_mw": 0.0, "distributor_network": "i-DE", "voltage_kv": 30.0, "grid_status": "Congested", "is_friction": true }, "geometry": { "type": "Point", "coordinates": [ -2.173373635107211, 43.058075174807762 ] } },
{ "type": "Feature", "properties": { "substation_name": "4140", "provincia": "Albacete", "municipio": "Caudete", "latitude": 38.711778636071507, "longitude": -0.96027674972650179, "available_capacity_mw": 0.0, "distributor_network": "i-DE", "voltage_kv": 66.0, "grid_status": "Congested", "is_friction": true }, "geometry": { "type": "Point", "coordinates": [ -0.960276749726502, 38.711778636071507 ] } },
{ "type": "Feature", "properties": { "substation_name": "4142", "provincia": "Badajoz", "municipio": "La Roca de la Sierra", "latitude": 39.110563887139662, "longitude": -6.697016847133197, "available_capacity_mw": 0.0, "distributor_network": "i-DE", "voltage_kv": 45.0, "grid_status": "Congested", "is_friction": true }, "geometry": { "type": "Point", "coordinates": [ -6.697016847133197, 39.110563887139662 ] } },
{ "type": "Feature", "properties": { "substation_name": "4143", "provincia": "Badajoz", "municipio": "San Vicente de Alcántara", "latitude": 39.371536516217439, "longitude": -7.1186987617344242, "available_capacity_mw": 0.0, "distributor_network": "i-DE", "voltage_kv": 45.0, "grid_status": "Congested", "is_friction": true }, "geometry": { "type": "Point", "coordinates": [ -7.118698761734424, 39.371536516217439 ] } },
{ "type": "Feature", "properties": { "substation_name": "4144", "provincia": "Badajoz", "municipio": "Zalamea de la Serena", "latitude": 38.672446044627165, "longitude": -5.6605205361020001, "available_capacity_mw": 0.0, "distributor_network": "i-DE", "voltage_kv": 45.0, "grid_status": "Congested", "is_friction": true }, "geometry": { "type": "Point", "coordinates": [ -5.660520536102, 38.672446044627165 ] } },
{ "type": "Feature", "properties": { "substation_name": "4145", "provincia": "Madrid", "municipio": "Tres Cantos", "latitude": 40.612998746213741, "longitude": -3.6951312843121857, "available_capacity_mw": 0.0, "distributor_network": "i-DE", "voltage_kv": 66.0, "grid_status": "Congested", "is_friction": true }, "geometry": { "type": "Point", "coordinates": [ -3.695131284312186, 40.612998746213741 ] } },
{ "type": "Feature", "properties": { "substation_name": "4147", "provincia": "Guadalajara", "municipio": "Jadraque", "latitude": 40.932391234368389, "longitude": -2.9234174960648298, "available_capacity_mw": 0.0, "distributor_network": "i-DE", "voltage_kv": 66.0, "grid_status": "Congested", "is_friction": true }, "geometry": { "type": "Point", "coordinates": [ -2.92341749606483, 40.932391234368389 ] } },
{ "type": "Feature", "properties": { "substation_name": "4148", "provincia": "Burgos", "municipio": "Burgos", "latitude": 42.374607158682416, "longitude": -3.7191689165398474, "available_capacity_mw": 0.0, "distributor_network": "i-DE", "voltage_kv": 45.0, "grid_status": "Congested", "is_friction": true }, "geometry": { "type": "Point", "coordinates": [ -3.719168916539847, 42.374607158682416 ] } },
{ "type": "Feature", "properties": { "substation_name": "4150", "provincia": "León", "municipio": "Valverde de la Virgen", "latitude": 42.56770051236105, "longitude": -5.7273646784562144, "available_capacity_mw": 0.0, "distributor_network": "i-DE", "voltage_kv": 45.0, "grid_status": "Congested", "is_friction": true }, "geometry": { "type": "Point", "coordinates": [ -5.727364678456214, 42.56770051236105 ] } },
{ "type": "Feature", "properties": { "substation_name": "4151", "provincia": "Murcia", "municipio": "Águilas", "latitude": 37.457979134973513, "longitude": -1.4951339983918071, "available_capacity_mw": 0.0, "distributor_network": "i-DE", "voltage_kv": 66.0, "grid_status": "Congested", "is_friction": true }, "geometry": { "type": "Point", "coordinates": [ -1.495133998391807, 37.457979134973513 ] } },
{ "type": "Feature", "properties": { "substation_name": "4152", "provincia": "Araba/Álava", "municipio": "Laguardia", "latitude": 42.493334767135018, "longitude": -2.4873410585352231, "available_capacity_mw": 0.0, "distributor_network": "i-DE", "voltage_kv": 66.0, "grid_status": "Congested", "is_friction": true }, "geometry": { "type": "Point", "coordinates": [ -2.487341058535223, 42.493334767135018 ] } },
{ "type": "Feature", "properties": { "substation_name": "4153", "provincia": "Cáceres", "municipio": "Ceclavín", "latitude": 39.833914217275208, "longitude": -6.7470307140322001, "available_capacity_mw": 3.0, "distributor_network": "i-DE", "voltage_kv": 45.0, "grid_status": "Moderate", "is_friction": true }, "geometry": { "type": "Point", "coordinates": [ -6.7470307140322, 39.833914217275208 ] } },
{ "type": "Feature", "properties": { "substation_name": "4162", "provincia": "Rioja, La", "municipio": "Albelda de Iregua", "latitude": 42.367295844852144, "longitude": -2.483355475154283, "available_capacity_mw": 0.0, "distributor_network": "i-DE", "voltage_kv": 66.0, "grid_status": "Congested", "is_friction": true }, "geometry": { "type": "Point", "coordinates": [ -2.483355475154283, 42.367295844852144 ] } },
{ "type": "Feature", "properties": { "substation_name": "4164", "provincia": "Cáceres", "municipio": "Arroyo de la Luz", "latitude": 39.47446574535617, "longitude": -6.5713900457112304, "available_capacity_mw": 0.0, "distributor_network": "i-DE", "voltage_kv": 45.0, "grid_status": "Congested", "is_friction": true }, "geometry": { "type": "Point", "coordinates": [ -6.57139004571123, 39.47446574535617 ] } },
{ "type": "Feature", "properties": { "substation_name": "4165", "provincia": "Gipuzkoa", "municipio": "Zarautz", "latitude": 43.280517139359077, "longitude": -2.1806938863413032, "available_capacity_mw": 0.0, "distributor_network": "i-DE", "voltage_kv": 30.0, "grid_status": "Congested", "is_friction": true }, "geometry": { "type": "Point", "coordinates": [ -2.180693886341303, 43.280517139359077 ] } },
{ "type": "Feature", "properties": { "substation_name": "4169", "provincia": "Madrid", "municipio": "Griñón", "latitude": 40.204965831989313, "longitude": -3.8583885602151553, "available_capacity_mw": 0.0, "distributor_network": "i-DE", "voltage_kv": 45.0, "grid_status": "Congested", "is_friction": true }, "geometry": { "type": "Point", "coordinates": [ -3.858388560215155, 40.204965831989313 ] } },
{ "type": "Feature", "properties": { "substation_name": "4170", "provincia": "Cuenca", "municipio": "Villamayor de Santiago", "latitude": 39.748036616948873, "longitude": -2.9327497199172088, "available_capacity_mw": 0.0, "distributor_network": "i-DE", "voltage_kv": 66.0, "grid_status": "Congested", "is_friction": true }, "geometry": { "type": "Point", "coordinates": [ -2.932749719917209, 39.748036616948873 ] } },
{ "type": "Feature", "properties": { "substation_name": "4183", "provincia": "Navarra", "municipio": "Zizur Mayor/Zizur Nagusia", "latitude": 42.794267960047549, "longitude": -1.6899265099001066, "available_capacity_mw": 0.0, "distributor_network": "i-DE", "voltage_kv": 66.0, "grid_status": "Congested", "is_friction": true }, "geometry": { "type": "Point", "coordinates": [ -1.689926509900107, 42.794267960047549 ] } },
{ "type": "Feature", "properties": { "substation_name": "4184", "provincia": "Valladolid", "municipio": "Valladolid", "latitude": 41.600713499661175, "longitude": -4.6973403995131084, "available_capacity_mw": 0.0, "distributor_network": "i-DE", "voltage_kv": 45.0, "grid_status": "Congested", "is_friction": true }, "geometry": { "type": "Point", "coordinates": [ -4.697340399513108, 41.600713499661175 ] } },
{ "type": "Feature", "properties": { "substation_name": "4186", "provincia": "Valladolid", "municipio": "Peñafiel", "latitude": 41.614388715516462, "longitude": -4.1053923189018784, "available_capacity_mw": 0.0, "distributor_network": "i-DE", "voltage_kv": 45.0, "grid_status": "Congested", "is_friction": true }, "geometry": { "type": "Point", "coordinates": [ -4.105392318901878, 41.614388715516462 ] } },
{ "type": "Feature", "properties": { "substation_name": "4187", "provincia": "Rioja, La", "municipio": "Navarrete", "latitude": 42.439181295928066, "longitude": -2.5767567790909545, "available_capacity_mw": 0.0, "distributor_network": "i-DE", "voltage_kv": 66.0, "grid_status": "Congested", "is_friction": true }, "geometry": { "type": "Point", "coordinates": [ -2.576756779090954, 42.439181295928066 ] } },
{ "type": "Feature", "properties": { "substation_name": "4188", "provincia": "Rioja, La", "municipio": "Calahorra", "latitude": 42.280207327807851, "longitude": -1.9311658376117191, "available_capacity_mw": 0.0, "distributor_network": "i-DE", "voltage_kv": 66.0, "grid_status": "Congested", "is_friction": true }, "geometry": { "type": "Point", "coordinates": [ -1.931165837611719, 42.280207327807851 ] } },
{ "type": "Feature", "properties": { "substation_name": "4190", "provincia": "Navarra", "municipio": "Olite/Erriberri", "latitude": 42.487446383813271, "longitude": -1.644627703231144, "available_capacity_mw": 1.0, "distributor_network": "i-DE", "voltage_kv": 66.0, "grid_status": "Moderate", "is_friction": true }, "geometry": { "type": "Point", "coordinates": [ -1.644627703231144, 42.487446383813271 ] } },
{ "type": "Feature", "properties": { "substation_name": "4191", "provincia": "Valencia/València", "municipio": "Tuéjar", "latitude": 39.776049821940191, "longitude": -1.0569181892301651, "available_capacity_mw": 0.0, "distributor_network": "i-DE", "voltage_kv": 66.0, "grid_status": "Congested", "is_friction": true }, "geometry": { "type": "Point", "coordinates": [ -1.056918189230165, 39.776049821940191 ] } },
{ "type": "Feature", "properties": { "substation_name": "4192", "provincia": "Soria", "municipio": "Golmayo", "latitude": 41.754361039690899, "longitude": -2.5654416299804437, "available_capacity_mw": 0.0, "distributor_network": "i-DE", "voltage_kv": 45.0, "grid_status": "Congested", "is_friction": true }, "geometry": { "type": "Point", "coordinates": [ -2.565441629980444, 41.754361039690899 ] } },
{ "type": "Feature", "properties": { "substation_name": "4193", "provincia": "Rioja, La", "municipio": "Cirueña", "latitude": 42.415501431657589, "longitude": -2.8962218761566745, "available_capacity_mw": 0.0, "distributor_network": "i-DE", "voltage_kv": 66.0, "grid_status": "Congested", "is_friction": true }, "geometry": { "type": "Point", "coordinates": [ -2.896221876156674, 42.415501431657589 ] } },
{ "type": "Feature", "properties": { "substation_name": "4195", "provincia": "Guadalajara", "municipio": "Yunquera de Henares", "latitude": 40.778643190473893, "longitude": -3.179462993709802, "available_capacity_mw": 0.0, "distributor_network": "i-DE", "voltage_kv": 66.0, "grid_status": "Congested", "is_friction": true }, "geometry": { "type": "Point", "coordinates": [ -3.179462993709802, 40.778643190473893 ] } },
{ "type": "Feature", "properties": { "substation_name": "4196", "provincia": "Madrid", "municipio": "Colmenar Viejo", "latitude": 40.653473028089408, "longitude": -3.789437722251543, "available_capacity_mw": 0.0, "distributor_network": "i-DE", "voltage_kv": 66.0, "grid_status": "Congested", "is_friction": true }, "geometry": { "type": "Point", "coordinates": [ -3.789437722251543, 40.653473028089408 ] } },
{ "type": "Feature", "properties": { "substation_name": "4197", "provincia": "Navarra", "municipio": "Cárcar", "latitude": 42.403111933064288, "longitude": -1.9707929832664783, "available_capacity_mw": 0.0, "distributor_network": "i-DE", "voltage_kv": 66.0, "grid_status": "Congested", "is_friction": true }, "geometry": { "type": "Point", "coordinates": [ -1.970792983266478, 42.403111933064288 ] } },
{ "type": "Feature", "properties": { "substation_name": "4198", "provincia": "Toledo", "municipio": "Ajofrín", "latitude": 39.744008598169557, "longitude": -3.9780534869701509, "available_capacity_mw": 0.0, "distributor_network": "i-DE", "voltage_kv": 45.0, "grid_status": "Congested", "is_friction": true }, "geometry": { "type": "Point", "coordinates": [ -3.978053486970151, 39.744008598169557 ] } },
{ "type": "Feature", "properties": { "substation_name": "4199", "provincia": "Burgos", "municipio": "Aranda de Duero", "latitude": 41.660920846912944, "longitude": -3.7162992870948446, "available_capacity_mw": 0.0, "distributor_network": "i-DE", "voltage_kv": 45.0, "grid_status": "Congested", "is_friction": true }, "geometry": { "type": "Point", "coordinates": [ -3.716299287094845, 41.660920846912944 ] } },
{ "type": "Feature", "properties": { "substation_name": "4201", "provincia": "Murcia", "municipio": "Lorca", "latitude": 37.714774408008509, "longitude": -1.7166292446447964, "available_capacity_mw": 0.0, "distributor_network": "i-DE", "voltage_kv": 66.0, "grid_status": "Congested", "is_friction": true }, "geometry": { "type": "Point", "coordinates": [ -1.716629244644796, 37.714774408008509 ] } },
{ "type": "Feature", "properties": { "substation_name": "4202", "provincia": "Albacete", "municipio": "Chinchilla de Monte-Aragón", "latitude": 38.947061361103096, "longitude": -1.7669490199389115, "available_capacity_mw": 0.0, "distributor_network": "i-DE", "voltage_kv": 66.0, "grid_status": "Congested", "is_friction": true }, "geometry": { "type": "Point", "coordinates": [ -1.766949019938912, 38.947061361103096 ] } },
{ "type": "Feature", "properties": { "substation_name": "4203", "provincia": "Cuenca", "municipio": "Osa de la Vega", "latitude": 39.662768108406816, "longitude": -2.8025169840867168, "available_capacity_mw": 0.0, "distributor_network": "i-DE", "voltage_kv": 66.0, "grid_status": "Congested", "is_friction": true }, "geometry": { "type": "Point", "coordinates": [ -2.802516984086717, 39.662768108406816 ] } },
{ "type": "Feature", "properties": { "substation_name": "4204", "provincia": "Burgos", "municipio": "Buniel", "latitude": 42.318386544608515, "longitude": -3.8170725630355569, "available_capacity_mw": 0.0, "distributor_network": "i-DE", "voltage_kv": 45.0, "grid_status": "Congested", "is_friction": true }, "geometry": { "type": "Point", "coordinates": [ -3.817072563035557, 42.318386544608515 ] } },
{ "type": "Feature", "properties": { "substation_name": "4211", "provincia": "Ávila", "municipio": "Ávila", "latitude": 40.636780718361031, "longitude": -4.6946262565988324, "available_capacity_mw": 0.0, "distributor_network": "i-DE", "voltage_kv": 45.0, "grid_status": "Congested", "is_friction": true }, "geometry": { "type": "Point", "coordinates": [ -4.694626256598832, 40.636780718361031 ] } },
{ "type": "Feature", "properties": { "substation_name": "4213", "provincia": "Valladolid", "municipio": "Valladolid", "latitude": 41.628180250564526, "longitude": -4.7110674609011669, "available_capacity_mw": 0.0, "distributor_network": "i-DE", "voltage_kv": 45.0, "grid_status": "Congested", "is_friction": true }, "geometry": { "type": "Point", "coordinates": [ -4.711067460901167, 41.628180250564526 ] } },
{ "type": "Feature", "properties": { "substation_name": "4215", "provincia": "Navarra", "municipio": "Esteribar", "latitude": 42.838123678821731, "longitude": -1.592367743614747, "available_capacity_mw": 0.0, "distributor_network": "i-DE", "voltage_kv": 66.0, "grid_status": "Congested", "is_friction": true }, "geometry": { "type": "Point", "coordinates": [ -1.592367743614747, 42.838123678821731 ] } },
{ "type": "Feature", "properties": { "substation_name": "4218", "provincia": "Badajoz", "municipio": "La Coronada", "latitude": 38.919899153721026, "longitude": -5.6848859576708808, "available_capacity_mw": 0.0, "distributor_network": "i-DE", "voltage_kv": 45.0, "grid_status": "Congested", "is_friction": true }, "geometry": { "type": "Point", "coordinates": [ -5.684885957670881, 38.919899153721026 ] } },
{ "type": "Feature", "properties": { "substation_name": "4221", "provincia": "Badajoz", "municipio": "Casas de Don Pedro", "latitude": 39.117814170291965, "longitude": -5.3365909708099206, "available_capacity_mw": 0.0, "distributor_network": "i-DE", "voltage_kv": 45.0, "grid_status": "Congested", "is_friction": true }, "geometry": { "type": "Point", "coordinates": [ -5.336590970809921, 39.117814170291965 ] } },
{ "type": "Feature", "properties": { "substation_name": "4223", "provincia": "Rioja, La", "municipio": "Alfaro", "latitude": 42.218394615137491, "longitude": -1.8297925450172037, "available_capacity_mw": 0.0, "distributor_network": "i-DE", "voltage_kv": 66.0, "grid_status": "Congested", "is_friction": true }, "geometry": { "type": "Point", "coordinates": [ -1.829792545017204, 42.218394615137491 ] } },
{ "type": "Feature", "properties": { "substation_name": "4226", "provincia": "Madrid", "municipio": "Madrid", "latitude": 40.387085008533553, "longitude": -3.7613126350517119, "available_capacity_mw": 0.0, "distributor_network": "i-DE", "voltage_kv": 45.0, "grid_status": "Congested", "is_friction": true }, "geometry": { "type": "Point", "coordinates": [ -3.761312635051712, 40.387085008533553 ] } },
{ "type": "Feature", "properties": { "substation_name": "4227", "provincia": "Madrid", "municipio": "Madrid", "latitude": 40.338958138632158, "longitude": -3.7015209388767052, "available_capacity_mw": 0.0, "distributor_network": "i-DE", "voltage_kv": 45.0, "grid_status": "Congested", "is_friction": true }, "geometry": { "type": "Point", "coordinates": [ -3.701520938876705, 40.338958138632158 ] } },
{ "type": "Feature", "properties": { "substation_name": "4228", "provincia": "Madrid", "municipio": "Madrid", "latitude": 40.358900989194623, "longitude": -3.6996055010010398, "available_capacity_mw": 0.0, "distributor_network": "i-DE", "voltage_kv": 45.0, "grid_status": "Congested", "is_friction": true }, "geometry": { "type": "Point", "coordinates": [ -3.69960550100104, 40.358900989194623 ] } },
{ "type": "Feature", "properties": { "substation_name": "4230", "provincia": "Navarra", "municipio": "Lumbier", "latitude": 42.643433745544726, "longitude": -1.3419118441096438, "available_capacity_mw": 0.0, "distributor_network": "i-DE", "voltage_kv": 66.0, "grid_status": "Congested", "is_friction": true }, "geometry": { "type": "Point", "coordinates": [ -1.341911844109644, 42.643433745544726 ] } },
{ "type": "Feature", "properties": { "substation_name": "4231", "provincia": "Rioja, La", "municipio": "Logroño", "latitude": 42.437502043709522, "longitude": -2.4675378271925927, "available_capacity_mw": 0.0, "distributor_network": "i-DE", "voltage_kv": 66.0, "grid_status": "Congested", "is_friction": true }, "geometry": { "type": "Point", "coordinates": [ -2.467537827192593, 42.437502043709522 ] } },
{ "type": "Feature", "properties": { "substation_name": "4232", "provincia": "Navarra", "municipio": "Marcilla", "latitude": 42.311367573176213, "longitude": -1.7231661958202089, "available_capacity_mw": 1.0, "distributor_network": "i-DE", "voltage_kv": 66.0, "grid_status": "Moderate", "is_friction": true }, "geometry": { "type": "Point", "coordinates": [ -1.723166195820209, 42.311367573176213 ] } },
{ "type": "Feature", "properties": { "substation_name": "4233", "provincia": "Valladolid", "municipio": "Tordesillas", "latitude": 41.519249732647104, "longitude": -5.0137841015109093, "available_capacity_mw": 0.0, "distributor_network": "i-DE", "voltage_kv": 45.0, "grid_status": "Congested", "is_friction": true }, "geometry": { "type": "Point", "coordinates": [ -5.013784101510909, 41.519249732647104 ] } },
{ "type": "Feature", "properties": { "substation_name": "4235", "provincia": "León", "municipio": "Puebla de Lillo", "latitude": 43.064746835243497, "longitude": -5.367411574678993, "available_capacity_mw": 0.0, "distributor_network": "i-DE", "voltage_kv": 45.0, "grid_status": "Congested", "is_friction": true }, "geometry": { "type": "Point", "coordinates": [ -5.367411574678993, 43.064746835243497 ] } },
{ "type": "Feature", "properties": { "substation_name": "4236", "provincia": "Rioja, La", "municipio": "Logroño", "latitude": 42.48262693799051, "longitude": -2.4255669943960716, "available_capacity_mw": 0.0, "distributor_network": "i-DE", "voltage_kv": 66.0, "grid_status": "Congested", "is_friction": true }, "geometry": { "type": "Point", "coordinates": [ -2.425566994396072, 42.48262693799051 ] } },
{ "type": "Feature", "properties": { "substation_name": "4237", "provincia": "Zamora", "municipio": "Villabrázaro", "latitude": 42.057766443116869, "longitude": -5.6890734742133731, "available_capacity_mw": 0.0, "distributor_network": "i-DE", "voltage_kv": 45.0, "grid_status": "Congested", "is_friction": true }, "geometry": { "type": "Point", "coordinates": [ -5.689073474213373, 42.057766443116869 ] } },
{ "type": "Feature", "properties": { "substation_name": "4239", "provincia": "Gipuzkoa", "municipio": "Irun", "latitude": 43.331365379744312, "longitude": -1.7923000574426704, "available_capacity_mw": 0.0, "distributor_network": "i-DE", "voltage_kv": 30.0, "grid_status": "Congested", "is_friction": true }, "geometry": { "type": "Point", "coordinates": [ -1.79230005744267, 43.331365379744312 ] } },
{ "type": "Feature", "properties": { "substation_name": "4243", "provincia": "Albacete", "municipio": "Alpera", "latitude": 38.939936338974697, "longitude": -1.2523777545988251, "available_capacity_mw": 0.0, "distributor_network": "i-DE", "voltage_kv": 66.0, "grid_status": "Congested", "is_friction": true }, "geometry": { "type": "Point", "coordinates": [ -1.252377754598825, 38.939936338974697 ] } },
{ "type": "Feature", "properties": { "substation_name": "4244", "provincia": "Madrid", "municipio": "Valdemoro", "latitude": 40.181035294130666, "longitude": -3.7053662354754415, "available_capacity_mw": 0.0, "distributor_network": "i-DE", "voltage_kv": 45.0, "grid_status": "Congested", "is_friction": true }, "geometry": { "type": "Point", "coordinates": [ -3.705366235475442, 40.181035294130666 ] } },
{ "type": "Feature", "properties": { "substation_name": "4246", "provincia": "Bizkaia", "municipio": "Aulesti", "latitude": 43.295214651525335, "longitude": -2.5711023647732887, "available_capacity_mw": 0.0, "distributor_network": "i-DE", "voltage_kv": 30.0, "grid_status": "Congested", "is_friction": true }, "geometry": { "type": "Point", "coordinates": [ -2.571102364773289, 43.295214651525335 ] } },
{ "type": "Feature", "properties": { "substation_name": "4249", "provincia": "Toledo", "municipio": "Gálvez", "latitude": 39.689691325390172, "longitude": -4.269483005773381, "available_capacity_mw": 0.0, "distributor_network": "i-DE", "voltage_kv": 45.0, "grid_status": "Congested", "is_friction": true }, "geometry": { "type": "Point", "coordinates": [ -4.269483005773381, 39.689691325390172 ] } },
{ "type": "Feature", "properties": { "substation_name": "4251", "provincia": "Cáceres", "municipio": "Cáceres", "latitude": 39.478720805071504, "longitude": -6.344469913271733, "available_capacity_mw": 0.0, "distributor_network": "i-DE", "voltage_kv": 45.0, "grid_status": "Congested", "is_friction": true }, "geometry": { "type": "Point", "coordinates": [ -6.344469913271733, 39.478720805071504 ] } },
{ "type": "Feature", "properties": { "substation_name": "4252", "provincia": "Valencia/València", "municipio": "Manises", "latitude": 39.51866319025325, "longitude": -0.50639693303965339, "available_capacity_mw": 0.0, "distributor_network": "i-DE", "voltage_kv": 66.0, "grid_status": "Congested", "is_friction": true }, "geometry": { "type": "Point", "coordinates": [ -0.506396933039653, 39.51866319025325 ] } },
{ "type": "Feature", "properties": { "substation_name": "4255", "provincia": "Murcia", "municipio": "Cartagena", "latitude": 37.578438178742786, "longitude": -0.92373845960898682, "available_capacity_mw": 0.0, "distributor_network": "i-DE", "voltage_kv": 66.0, "grid_status": "Congested", "is_friction": true }, "geometry": { "type": "Point", "coordinates": [ -0.923738459608987, 37.578438178742786 ] } },
{ "type": "Feature", "properties": { "substation_name": "4256", "provincia": "Soria", "municipio": "Soria", "latitude": 41.760804151790531, "longitude": -2.4196778058149766, "available_capacity_mw": 0.0, "distributor_network": "i-DE", "voltage_kv": 45.0, "grid_status": "Congested", "is_friction": true }, "geometry": { "type": "Point", "coordinates": [ -2.419677805814977, 41.760804151790531 ] } },
{ "type": "Feature", "properties": { "substation_name": "4259", "provincia": "Navarra", "municipio": "Cortes", "latitude": 41.928540771786942, "longitude": -1.4599730581737109, "available_capacity_mw": 21.0, "distributor_network": "i-DE", "voltage_kv": 66.0, "grid_status": "Sufficient", "is_friction": false }, "geometry": { "type": "Point", "coordinates": [ -1.459973058173711, 41.928540771786942 ] } },
{ "type": "Feature", "properties": { "substation_name": "4262", "provincia": "Albacete", "municipio": "Almansa", "latitude": 38.867130874923589, "longitude": -1.1194082591133516, "available_capacity_mw": 0.0, "distributor_network": "i-DE", "voltage_kv": 66.0, "grid_status": "Congested", "is_friction": true }, "geometry": { "type": "Point", "coordinates": [ -1.119408259113352, 38.867130874923589 ] } },
{ "type": "Feature", "properties": { "substation_name": "4268", "provincia": "Palencia", "municipio": "Magaz de Pisuerga", "latitude": 41.979255750497018, "longitude": -4.4604147935701866, "available_capacity_mw": 0.0, "distributor_network": "i-DE", "voltage_kv": 45.0, "grid_status": "Congested", "is_friction": true }, "geometry": { "type": "Point", "coordinates": [ -4.460414793570187, 41.979255750497018 ] } },
{ "type": "Feature", "properties": { "substation_name": "4273", "provincia": "Bizkaia", "municipio": "Ispaster", "latitude": 43.368251437431745, "longitude": -2.5148971043865576, "available_capacity_mw": 0.0, "distributor_network": "i-DE", "voltage_kv": 30.0, "grid_status": "Congested", "is_friction": true }, "geometry": { "type": "Point", "coordinates": [ -2.514897104386558, 43.368251437431745 ] } },
{ "type": "Feature", "properties": { "substation_name": "4276", "provincia": "Burgos", "municipio": "Villarcayo de Merindad de Castilla la Vieja", "latitude": 42.920756540660527, "longitude": -3.5753216045821108, "available_capacity_mw": 0.0, "distributor_network": "i-DE", "voltage_kv": 45.0, "grid_status": "Congested", "is_friction": true }, "geometry": { "type": "Point", "coordinates": [ -3.575321604582111, 42.920756540660527 ] } },
{ "type": "Feature", "properties": { "substation_name": "4279", "provincia": "Murcia", "municipio": "Cartagena", "latitude": 37.585647346557096, "longitude": -0.91443343148727363, "available_capacity_mw": 0.0, "distributor_network": "i-DE", "voltage_kv": 66.0, "grid_status": "Congested", "is_friction": true }, "geometry": { "type": "Point", "coordinates": [ -0.914433431487274, 37.585647346557096 ] } },
{ "type": "Feature", "properties": { "substation_name": "4291", "provincia": "Navarra", "municipio": "Corella", "latitude": 42.106961870561157, "longitude": -1.7707694152475215, "available_capacity_mw": 23.0, "distributor_network": "i-DE", "voltage_kv": 66.0, "grid_status": "Sufficient", "is_friction": false }, "geometry": { "type": "Point", "coordinates": [ -1.770769415247522, 42.106961870561157 ] } },
{ "type": "Feature", "properties": { "substation_name": "4298", "provincia": "Gipuzkoa", "municipio": "Andoain", "latitude": 43.224413834266556, "longitude": -2.0198865306027418, "available_capacity_mw": 0.0, "distributor_network": "i-DE", "voltage_kv": 30.0, "grid_status": "Congested", "is_friction": true }, "geometry": { "type": "Point", "coordinates": [ -2.019886530602742, 43.224413834266556 ] } },
{ "type": "Feature", "properties": { "substation_name": "4304", "provincia": "Castellón/Castelló", "municipio": "Moncofa", "latitude": 39.792120573417854, "longitude": -0.1734803835022036, "available_capacity_mw": 0.0, "distributor_network": "i-DE", "voltage_kv": 66.0, "grid_status": "Congested", "is_friction": true }, "geometry": { "type": "Point", "coordinates": [ -0.173480383502204, 39.792120573417854 ] } },
{ "type": "Feature", "properties": { "substation_name": "4423", "provincia": "Soria", "municipio": "Garray", "latitude": 41.822855243432791, "longitude": -2.4972326460932122, "available_capacity_mw": 0.0, "distributor_network": "i-DE", "voltage_kv": 45.0, "grid_status": "Congested", "is_friction": true }, "geometry": { "type": "Point", "coordinates": [ -2.497232646093212, 41.822855243432791 ] } },
{ "type": "Feature", "properties": { "substation_name": "4446", "provincia": "Madrid", "municipio": "Algete", "latitude": 40.592663478059869, "longitude": -3.5511453560004917, "available_capacity_mw": 0.0, "distributor_network": "i-DE", "voltage_kv": 66.0, "grid_status": "Congested", "is_friction": true }, "geometry": { "type": "Point", "coordinates": [ -3.551145356000492, 40.592663478059869 ] } },
{ "type": "Feature", "properties": { "substation_name": "4457", "provincia": "Madrid", "municipio": "Alcobendas", "latitude": 40.534136992180613, "longitude": -3.6617615612681407, "available_capacity_mw": 0.0, "distributor_network": "i-DE", "voltage_kv": 66.0, "grid_status": "Congested", "is_friction": true }, "geometry": { "type": "Point", "coordinates": [ -3.661761561268141, 40.534136992180613 ] } },
{ "type": "Feature", "properties": { "substation_name": "4494", "provincia": "Guadalajara", "municipio": "Fontanar", "latitude": 40.741151367788447, "longitude": -3.1849630694182101, "available_capacity_mw": 0.0, "distributor_network": "i-DE", "voltage_kv": 66.0, "grid_status": "Congested", "is_friction": true }, "geometry": { "type": "Point", "coordinates": [ -3.18496306941821, 40.741151367788447 ] } },
{ "type": "Feature", "properties": { "substation_name": "4495", "provincia": "Rioja, La", "municipio": "Cervera del Río Alhama", "latitude": 42.051746246379523, "longitude": -1.9232007166816789, "available_capacity_mw": 21.0, "distributor_network": "i-DE", "voltage_kv": 66.0, "grid_status": "Sufficient", "is_friction": false }, "geometry": { "type": "Point", "coordinates": [ -1.923200716681679, 42.051746246379523 ] } },
{ "type": "Feature", "properties": { "substation_name": "4496", "provincia": "Valladolid", "municipio": "Arroyo de la Encomienda", "latitude": 41.6109252818869, "longitude": -4.8098245358987954, "available_capacity_mw": 0.0, "distributor_network": "i-DE", "voltage_kv": 45.0, "grid_status": "Congested", "is_friction": true }, "geometry": { "type": "Point", "coordinates": [ -4.809824535898795, 41.6109252818869 ] } },
{ "type": "Feature", "properties": { "substation_name": "4498", "provincia": "Valencia/València", "municipio": "Buñol", "latitude": 39.440159973982539, "longitude": -0.77399128916855409, "available_capacity_mw": 0.0, "distributor_network": "i-DE", "voltage_kv": 66.0, "grid_status": "Congested", "is_friction": true }, "geometry": { "type": "Point", "coordinates": [ -0.773991289168554, 39.440159973982539 ] } },
{ "type": "Feature", "properties": { "substation_name": "4500", "provincia": "Madrid", "municipio": "Arroyomolinos", "latitude": 40.302070784850578, "longitude": -3.9183418998403905, "available_capacity_mw": 0.0, "distributor_network": "i-DE", "voltage_kv": 45.0, "grid_status": "Congested", "is_friction": true }, "geometry": { "type": "Point", "coordinates": [ -3.91834189984039, 40.302070784850578 ] } },
{ "type": "Feature", "properties": { "substation_name": "4501", "provincia": "Bizkaia", "municipio": "Bedia", "latitude": 43.207312240224617, "longitude": -2.7986474534162156, "available_capacity_mw": 0.0, "distributor_network": "i-DE", "voltage_kv": 30.0, "grid_status": "Congested", "is_friction": true }, "geometry": { "type": "Point", "coordinates": [ -2.798647453416216, 43.207312240224617 ] } },
{ "type": "Feature", "properties": { "substation_name": "4502", "provincia": "Bizkaia", "municipio": "Amorebieta-Etxano", "latitude": 43.210838654188535, "longitude": -2.7253866762978274, "available_capacity_mw": 0.0, "distributor_network": "i-DE", "voltage_kv": 30.0, "grid_status": "Congested", "is_friction": true }, "geometry": { "type": "Point", "coordinates": [ -2.725386676297827, 43.210838654188535 ] } },
{ "type": "Feature", "properties": { "substation_name": "4503", "provincia": "Bizkaia", "municipio": "Igorre", "latitude": 43.165420531427422, "longitude": -2.7710673372044083, "available_capacity_mw": 0.0, "distributor_network": "i-DE", "voltage_kv": 30.0, "grid_status": "Congested", "is_friction": true }, "geometry": { "type": "Point", "coordinates": [ -2.771067337204408, 43.165420531427422 ] } },
{ "type": "Feature", "properties": { "substation_name": "4504", "provincia": "Bizkaia", "municipio": "Iurreta", "latitude": 43.178545155435252, "longitude": -2.6341360747924027, "available_capacity_mw": 0.0, "distributor_network": "i-DE", "voltage_kv": 30.0, "grid_status": "Congested", "is_friction": true }, "geometry": { "type": "Point", "coordinates": [ -2.634136074792403, 43.178545155435252 ] } },
{ "type": "Feature", "properties": { "substation_name": "4505", "provincia": "Bizkaia", "municipio": "Ermua", "latitude": 43.186376821984595, "longitude": -2.4998776756300005, "available_capacity_mw": 0.0, "distributor_network": "i-DE", "voltage_kv": 30.0, "grid_status": "Congested", "is_friction": true }, "geometry": { "type": "Point", "coordinates": [ -2.499877675630001, 43.186376821984595 ] } },
{ "type": "Feature", "properties": { "substation_name": "4506", "provincia": "Bizkaia", "municipio": "Elorrio", "latitude": 43.124662003251657, "longitude": -2.54504511002474, "available_capacity_mw": 0.0, "distributor_network": "i-DE", "voltage_kv": 30.0, "grid_status": "Congested", "is_friction": true }, "geometry": { "type": "Point", "coordinates": [ -2.54504511002474, 43.124662003251657 ] } },
{ "type": "Feature", "properties": { "substation_name": "4507", "provincia": "Bizkaia", "municipio": "Durango", "latitude": 43.160202018168121, "longitude": -2.6273228242347981, "available_capacity_mw": 0.0, "distributor_network": "i-DE", "voltage_kv": 30.0, "grid_status": "Congested", "is_friction": true }, "geometry": { "type": "Point", "coordinates": [ -2.627322824234798, 43.160202018168121 ] } },
{ "type": "Feature", "properties": { "substation_name": "4508", "provincia": "Bizkaia", "municipio": "Berriz", "latitude": 43.170309180090506, "longitude": -2.5682011304388226, "available_capacity_mw": 0.0, "distributor_network": "i-DE", "voltage_kv": 30.0, "grid_status": "Congested", "is_friction": true }, "geometry": { "type": "Point", "coordinates": [ -2.568201130438823, 43.170309180090506 ] } },
{ "type": "Feature", "properties": { "substation_name": "4509", "provincia": "Bizkaia", "municipio": "Ondarroa", "latitude": 43.320109554228978, "longitude": -2.4458922878983893, "available_capacity_mw": 0.0, "distributor_network": "i-DE", "voltage_kv": 30.0, "grid_status": "Congested", "is_friction": true }, "geometry": { "type": "Point", "coordinates": [ -2.445892287898389, 43.320109554228978 ] } },
{ "type": "Feature", "properties": { "substation_name": "4510", "provincia": "Bizkaia", "municipio": "Markina-Xemein", "latitude": 43.276007248678773, "longitude": -2.496958890462778, "available_capacity_mw": 0.0, "distributor_network": "i-DE", "voltage_kv": 30.0, "grid_status": "Congested", "is_friction": true }, "geometry": { "type": "Point", "coordinates": [ -2.496958890462778, 43.276007248678773 ] } },
{ "type": "Feature", "properties": { "substation_name": "4512", "provincia": "Navarra", "municipio": "Biurrun-Olcoz", "latitude": 42.690760546505032, "longitude": -1.6533902453595497, "available_capacity_mw": 1.0, "distributor_network": "i-DE", "voltage_kv": 66.0, "grid_status": "Moderate", "is_friction": true }, "geometry": { "type": "Point", "coordinates": [ -1.65339024535955, 42.690760546505032 ] } },
{ "type": "Feature", "properties": { "substation_name": "4513", "provincia": "Bizkaia", "municipio": "Ermua", "latitude": 43.184910133155867, "longitude": -2.5182386890816759, "available_capacity_mw": 0.0, "distributor_network": "i-DE", "voltage_kv": 30.0, "grid_status": "Congested", "is_friction": true }, "geometry": { "type": "Point", "coordinates": [ -2.518238689081676, 43.184910133155867 ] } },
{ "type": "Feature", "properties": { "substation_name": "4514", "provincia": "Bizkaia", "municipio": "Barakaldo", "latitude": 43.290554041402679, "longitude": -2.9865183626268945, "available_capacity_mw": 0.0, "distributor_network": "i-DE", "voltage_kv": 30.0, "grid_status": "Congested", "is_friction": true }, "geometry": { "type": "Point", "coordinates": [ -2.986518362626895, 43.290554041402679 ] } },
{ "type": "Feature", "properties": { "substation_name": "4516", "provincia": "Bizkaia", "municipio": "Barakaldo", "latitude": 43.268121721021132, "longitude": -2.976126484481699, "available_capacity_mw": 0.0, "distributor_network": "i-DE", "voltage_kv": 30.0, "grid_status": "Congested", "is_friction": true }, "geometry": { "type": "Point", "coordinates": [ -2.976126484481699, 43.268121721021132 ] } },
{ "type": "Feature", "properties": { "substation_name": "4518", "provincia": "Bizkaia", "municipio": "Güeñes", "latitude": 43.204972826415307, "longitude": -3.0933272648850441, "available_capacity_mw": 0.0, "distributor_network": "i-DE", "voltage_kv": 30.0, "grid_status": "Congested", "is_friction": true }, "geometry": { "type": "Point", "coordinates": [ -3.093327264885044, 43.204972826415307 ] } },
{ "type": "Feature", "properties": { "substation_name": "4519", "provincia": "Bizkaia", "municipio": "Balmaseda", "latitude": 43.185019848748212, "longitude": -3.2030154752708175, "available_capacity_mw": 0.0, "distributor_network": "i-DE", "voltage_kv": 30.0, "grid_status": "Congested", "is_friction": true }, "geometry": { "type": "Point", "coordinates": [ -3.203015475270818, 43.185019848748212 ] } },
{ "type": "Feature", "properties": { "substation_name": "4520", "provincia": "Araba/Álava", "municipio": "Artziniega", "latitude": 43.125913150750222, "longitude": -3.1215479148452157, "available_capacity_mw": 0.0, "distributor_network": "i-DE", "voltage_kv": 30.0, "grid_status": "Congested", "is_friction": true }, "geometry": { "type": "Point", "coordinates": [ -3.121547914845216, 43.125913150750222 ] } },
{ "type": "Feature", "properties": { "substation_name": "4521", "provincia": "Bizkaia", "municipio": "Gordexola", "latitude": 43.188878835092453, "longitude": -3.0571591231946371, "available_capacity_mw": 0.0, "distributor_network": "i-DE", "voltage_kv": 30.0, "grid_status": "Congested", "is_friction": true }, "geometry": { "type": "Point", "coordinates": [ -3.057159123194637, 43.188878835092453 ] } },
{ "type": "Feature", "properties": { "substation_name": "4522", "provincia": "Bizkaia", "municipio": "Artzentales", "latitude": 43.242649936955168, "longitude": -3.2546529801816284, "available_capacity_mw": 0.0, "distributor_network": "i-DE", "voltage_kv": 30.0, "grid_status": "Congested", "is_friction": true }, "geometry": { "type": "Point", "coordinates": [ -3.254652980181628, 43.242649936955168 ] } },
{ "type": "Feature", "properties": { "substation_name": "4523", "provincia": "Bizkaia", "municipio": "Sopuerta", "latitude": 43.269788854463414, "longitude": -3.1511400957026514, "available_capacity_mw": 0.0, "distributor_network": "i-DE", "voltage_kv": 30.0, "grid_status": "Congested", "is_friction": true }, "geometry": { "type": "Point", "coordinates": [ -3.151140095702651, 43.269788854463414 ] } },
{ "type": "Feature", "properties": { "substation_name": "4525", "provincia": "Bizkaia", "municipio": "Karrantza Harana/Valle de Carranza", "latitude": 43.240098872617018, "longitude": -3.349929430921867, "available_capacity_mw": 0.0, "distributor_network": "i-DE", "voltage_kv": 30.0, "grid_status": "Congested", "is_friction": true }, "geometry": { "type": "Point", "coordinates": [ -3.349929430921867, 43.240098872617018 ] } },
{ "type": "Feature", "properties": { "substation_name": "4526", "provincia": "Bizkaia", "municipio": "Bilbao", "latitude": 43.256872385404982, "longitude": -2.9533555210957543, "available_capacity_mw": 0.0, "distributor_network": "i-DE", "voltage_kv": 30.0, "grid_status": "Congested", "is_friction": true }, "geometry": { "type": "Point", "coordinates": [ -2.953355521095754, 43.256872385404982 ] } },
{ "type": "Feature", "properties": { "substation_name": "4527", "provincia": "Bizkaia", "municipio": "Galdakao", "latitude": 43.253739128145789, "longitude": -2.8622096599531148, "available_capacity_mw": 0.0, "distributor_network": "i-DE", "voltage_kv": 30.0, "grid_status": "Congested", "is_friction": true }, "geometry": { "type": "Point", "coordinates": [ -2.862209659953115, 43.253739128145789 ] } },
{ "type": "Feature", "properties": { "substation_name": "4528", "provincia": "Bizkaia", "municipio": "Galdakao", "latitude": 43.235439104144199, "longitude": -2.8498144202351159, "available_capacity_mw": 0.0, "distributor_network": "i-DE", "voltage_kv": 30.0, "grid_status": "Congested", "is_friction": true }, "geometry": { "type": "Point", "coordinates": [ -2.849814420235116, 43.235439104144199 ] } },
{ "type": "Feature", "properties": { "substation_name": "4529", "provincia": "Bizkaia", "municipio": "Basauri", "latitude": 43.216901944414403, "longitude": -2.8874354139634968, "available_capacity_mw": 0.0, "distributor_network": "i-DE", "voltage_kv": 30.0, "grid_status": "Congested", "is_friction": true }, "geometry": { "type": "Point", "coordinates": [ -2.887435413963497, 43.216901944414403 ] } },
{ "type": "Feature", "properties": { "substation_name": "4530", "provincia": "Bizkaia", "municipio": "Ugao-Miraballes", "latitude": 43.179534258133117, "longitude": -2.9087661331069432, "available_capacity_mw": 0.0, "distributor_network": "i-DE", "voltage_kv": 30.0, "grid_status": "Congested", "is_friction": true }, "geometry": { "type": "Point", "coordinates": [ -2.908766133106943, 43.179534258133117 ] } },
{ "type": "Feature", "properties": { "substation_name": "4532", "provincia": "Bizkaia", "municipio": "Basauri", "latitude": 43.239962956277729, "longitude": -2.8773714392576473, "available_capacity_mw": 0.0, "distributor_network": "i-DE", "voltage_kv": 30.0, "grid_status": "Congested", "is_friction": true }, "geometry": { "type": "Point", "coordinates": [ -2.877371439257647, 43.239962956277729 ] } },
{ "type": "Feature", "properties": { "substation_name": "4534", "provincia": "Bizkaia", "municipio": "Basauri", "latitude": 43.232396989833816, "longitude": -2.8832189760719982, "available_capacity_mw": 0.0, "distributor_network": "i-DE", "voltage_kv": 30.0, "grid_status": "Congested", "is_friction": true }, "geometry": { "type": "Point", "coordinates": [ -2.883218976071998, 43.232396989833816 ] } },
{ "type": "Feature", "properties": { "substation_name": "4536", "provincia": "Bizkaia", "municipio": "Urduña/Orduña", "latitude": 42.989750055234744, "longitude": -3.0196189841611454, "available_capacity_mw": 0.0, "distributor_network": "i-DE", "voltage_kv": 30.0, "grid_status": "Congested", "is_friction": true }, "geometry": { "type": "Point", "coordinates": [ -3.019618984161145, 42.989750055234744 ] } },
{ "type": "Feature", "properties": { "substation_name": "4537", "provincia": "Araba/Álava", "municipio": "Amurrio", "latitude": 43.055937560590287, "longitude": -3.0045913472585495, "available_capacity_mw": 0.0, "distributor_network": "i-DE", "voltage_kv": 30.0, "grid_status": "Congested", "is_friction": true }, "geometry": { "type": "Point", "coordinates": [ -3.004591347258549, 43.055937560590287 ] } },
{ "type": "Feature", "properties": { "substation_name": "4538", "provincia": "Bizkaia", "municipio": "Berango", "latitude": 43.361244023841678, "longitude": -2.9987302237828044, "available_capacity_mw": 0.0, "distributor_network": "i-DE", "voltage_kv": 30.0, "grid_status": "Congested", "is_friction": true }, "geometry": { "type": "Point", "coordinates": [ -2.998730223782804, 43.361244023841678 ] } },
{ "type": "Feature", "properties": { "substation_name": "4539", "provincia": "Bizkaia", "municipio": "Sopela", "latitude": 43.378861465218854, "longitude": -2.9733187384859763, "available_capacity_mw": 0.0, "distributor_network": "i-DE", "voltage_kv": 30.0, "grid_status": "Congested", "is_friction": true }, "geometry": { "type": "Point", "coordinates": [ -2.973318738485976, 43.378861465218854 ] } },
{ "type": "Feature", "properties": { "substation_name": "4540", "provincia": "Bizkaia", "municipio": "Gorliz", "latitude": 43.404671815223523, "longitude": -2.9373434986393736, "available_capacity_mw": 0.0, "distributor_network": "i-DE", "voltage_kv": 30.0, "grid_status": "Congested", "is_friction": true }, "geometry": { "type": "Point", "coordinates": [ -2.937343498639374, 43.404671815223523 ] } },
{ "type": "Feature", "properties": { "substation_name": "4541", "provincia": "Bizkaia", "municipio": "Leioa", "latitude": 43.32573291154381, "longitude": -3.0065608001472781, "available_capacity_mw": 0.0, "distributor_network": "i-DE", "voltage_kv": 30.0, "grid_status": "Congested", "is_friction": true }, "geometry": { "type": "Point", "coordinates": [ -3.006560800147278, 43.32573291154381 ] } },
{ "type": "Feature", "properties": { "substation_name": "4542", "provincia": "Bizkaia", "municipio": "Lemoiz", "latitude": 43.429310868441057, "longitude": -2.879095649441318, "available_capacity_mw": 0.0, "distributor_network": "i-DE", "voltage_kv": 30.0, "grid_status": "Congested", "is_friction": true }, "geometry": { "type": "Point", "coordinates": [ -2.879095649441318, 43.429310868441057 ] } },
{ "type": "Feature", "properties": { "substation_name": "4543", "provincia": "Bizkaia", "municipio": "Leioa", "latitude": 43.33061804655182, "longitude": -2.9749023812974813, "available_capacity_mw": 0.0, "distributor_network": "i-DE", "voltage_kv": 30.0, "grid_status": "Congested", "is_friction": true }, "geometry": { "type": "Point", "coordinates": [ -2.974902381297481, 43.33061804655182 ] } },
{ "type": "Feature", "properties": { "substation_name": "4544", "provincia": "Bizkaia", "municipio": "Derio", "latitude": 43.287805990784555, "longitude": -2.8846352408447924, "available_capacity_mw": 0.0, "distributor_network": "i-DE", "voltage_kv": 30.0, "grid_status": "Congested", "is_friction": true }, "geometry": { "type": "Point", "coordinates": [ -2.884635240844792, 43.287805990784555 ] } },
{ "type": "Feature", "properties": { "substation_name": "4546", "provincia": "Bizkaia", "municipio": "Bakio", "latitude": 43.408253895951063, "longitude": -2.8138077488887547, "available_capacity_mw": 0.0, "distributor_network": "i-DE", "voltage_kv": 30.0, "grid_status": "Congested", "is_friction": true }, "geometry": { "type": "Point", "coordinates": [ -2.813807748888755, 43.408253895951063 ] } },
{ "type": "Feature", "properties": { "substation_name": "4547", "provincia": "Bizkaia", "municipio": "Mungia", "latitude": 43.35871600258838, "longitude": -2.8298261093325352, "available_capacity_mw": 0.0, "distributor_network": "i-DE", "voltage_kv": 30.0, "grid_status": "Congested", "is_friction": true }, "geometry": { "type": "Point", "coordinates": [ -2.829826109332535, 43.35871600258838 ] } },
{ "type": "Feature", "properties": { "substation_name": "4548", "provincia": "Bizkaia", "municipio": "Bermeo", "latitude": 43.414386369910737, "longitude": -2.7293652419857142, "available_capacity_mw": 0.0, "distributor_network": "i-DE", "voltage_kv": 30.0, "grid_status": "Congested", "is_friction": true }, "geometry": { "type": "Point", "coordinates": [ -2.729365241985714, 43.414386369910737 ] } },
{ "type": "Feature", "properties": { "substation_name": "4549", "provincia": "Bizkaia", "municipio": "Ajangiz", "latitude": 43.317162671859549, "longitude": -2.6688533596084061, "available_capacity_mw": 0.0, "distributor_network": "i-DE", "voltage_kv": 30.0, "grid_status": "Congested", "is_friction": true }, "geometry": { "type": "Point", "coordinates": [ -2.668853359608406, 43.317162671859549 ] } },
{ "type": "Feature", "properties": { "substation_name": "4550", "provincia": "Bizkaia", "municipio": "Lezama", "latitude": 43.265459707121977, "longitude": -2.820017801965788, "available_capacity_mw": 0.0, "distributor_network": "i-DE", "voltage_kv": 30.0, "grid_status": "Congested", "is_friction": true }, "geometry": { "type": "Point", "coordinates": [ -2.820017801965788, 43.265459707121977 ] } },
{ "type": "Feature", "properties": { "substation_name": "4552", "provincia": "Bizkaia", "municipio": "Bilbao", "latitude": 43.273407965457459, "longitude": -2.9638337018830327, "available_capacity_mw": 0.0, "distributor_network": "i-DE", "voltage_kv": 30.0, "grid_status": "Congested", "is_friction": true }, "geometry": { "type": "Point", "coordinates": [ -2.963833701883033, 43.273407965457459 ] } },
{ "type": "Feature", "properties": { "substation_name": "4553", "provincia": "Bizkaia", "municipio": "Barakaldo", "latitude": 43.302133962242472, "longitude": -2.9981439301930575, "available_capacity_mw": 0.0, "distributor_network": "i-DE", "voltage_kv": 30.0, "grid_status": "Congested", "is_friction": true }, "geometry": { "type": "Point", "coordinates": [ -2.998143930193057, 43.302133962242472 ] } },
{ "type": "Feature", "properties": { "substation_name": "4554", "provincia": "Bizkaia", "municipio": "Sestao", "latitude": 43.312189141954022, "longitude": -3.0123079162752178, "available_capacity_mw": 0.0, "distributor_network": "i-DE", "voltage_kv": 30.0, "grid_status": "Congested", "is_friction": true }, "geometry": { "type": "Point", "coordinates": [ -3.012307916275218, 43.312189141954022 ] } },
{ "type": "Feature", "properties": { "substation_name": "4555", "provincia": "Bizkaia", "municipio": "Muskiz", "latitude": 43.327726662773323, "longitude": -3.1205314028639863, "available_capacity_mw": 0.0, "distributor_network": "i-DE", "voltage_kv": 30.0, "grid_status": "Congested", "is_friction": true }, "geometry": { "type": "Point", "coordinates": [ -3.120531402863986, 43.327726662773323 ] } },
{ "type": "Feature", "properties": { "substation_name": "4556", "provincia": "Bizkaia", "municipio": "Abanto y Ciérvana-Abanto Zierbena", "latitude": 43.315361373543929, "longitude": -3.0805011320702222, "available_capacity_mw": 0.0, "distributor_network": "i-DE", "voltage_kv": 30.0, "grid_status": "Congested", "is_friction": true }, "geometry": { "type": "Point", "coordinates": [ -3.080501132070222, 43.315361373543929 ] } },
{ "type": "Feature", "properties": { "substation_name": "4557", "provincia": "Bizkaia", "municipio": "Santurtzi", "latitude": 43.328751445930479, "longitude": -3.0392544410547342, "available_capacity_mw": 0.0, "distributor_network": "i-DE", "voltage_kv": 30.0, "grid_status": "Congested", "is_friction": true }, "geometry": { "type": "Point", "coordinates": [ -3.039254441054734, 43.328751445930479 ] } },
{ "type": "Feature", "properties": { "substation_name": "4558", "provincia": "Bizkaia", "municipio": "Santurtzi", "latitude": 43.338532392617211, "longitude": -3.0546553481486343, "available_capacity_mw": 0.0, "distributor_network": "i-DE", "voltage_kv": 30.0, "grid_status": "Congested", "is_friction": true }, "geometry": { "type": "Point", "coordinates": [ -3.054655348148634, 43.338532392617211 ] } },
{ "type": "Feature", "properties": { "substation_name": "4559", "provincia": "Cantabria", "municipio": "Castro-Urdiales", "latitude": 43.366756941891595, "longitude": -3.2139268106638332, "available_capacity_mw": 0.0, "distributor_network": "i-DE", "voltage_kv": 30.0, "grid_status": "Congested", "is_friction": true }, "geometry": { "type": "Point", "coordinates": [ -3.213926810663833, 43.366756941891595 ] } },
{ "type": "Feature", "properties": { "substation_name": "4560", "provincia": "Cantabria", "municipio": "Castro-Urdiales", "latitude": 43.355349782823758, "longitude": -3.1758639592824283, "available_capacity_mw": 0.0, "distributor_network": "i-DE", "voltage_kv": 30.0, "grid_status": "Congested", "is_friction": true }, "geometry": { "type": "Point", "coordinates": [ -3.175863959282428, 43.355349782823758 ] } },
{ "type": "Feature", "properties": { "substation_name": "4561", "provincia": "Cantabria", "municipio": "Guriezo", "latitude": 43.330891536223128, "longitude": -3.3118149518898869, "available_capacity_mw": 0.0, "distributor_network": "i-DE", "voltage_kv": 30.0, "grid_status": "Congested", "is_friction": true }, "geometry": { "type": "Point", "coordinates": [ -3.311814951889887, 43.330891536223128 ] } },
{ "type": "Feature", "properties": { "substation_name": "4562", "provincia": "Cantabria", "municipio": "Castro-Urdiales", "latitude": 43.373364286951329, "longitude": -3.2203779764432854, "available_capacity_mw": 0.0, "distributor_network": "i-DE", "voltage_kv": 30.0, "grid_status": "Congested", "is_friction": true }, "geometry": { "type": "Point", "coordinates": [ -3.220377976443285, 43.373364286951329 ] } },
{ "type": "Feature", "properties": { "substation_name": "4563", "provincia": "Gipuzkoa", "municipio": "Donostia/San Sebastián", "latitude": 43.301527916621055, "longitude": -2.0246648835184455, "available_capacity_mw": 0.0, "distributor_network": "i-DE", "voltage_kv": 30.0, "grid_status": "Congested", "is_friction": true }, "geometry": { "type": "Point", "coordinates": [ -2.024664883518446, 43.301527916621055 ] } },
{ "type": "Feature", "properties": { "substation_name": "4565", "provincia": "Gipuzkoa", "municipio": "Villabona", "latitude": 43.181732285492565, "longitude": -2.0492088155441439, "available_capacity_mw": 0.0, "distributor_network": "i-DE", "voltage_kv": 30.0, "grid_status": "Congested", "is_friction": true }, "geometry": { "type": "Point", "coordinates": [ -2.049208815544144, 43.181732285492565 ] } },
{ "type": "Feature", "properties": { "substation_name": "4566", "provincia": "Gipuzkoa", "municipio": "Hernani", "latitude": 43.270939321214549, "longitude": -1.9637594086865853, "available_capacity_mw": 0.0, "distributor_network": "i-DE", "voltage_kv": 30.0, "grid_status": "Congested", "is_friction": true }, "geometry": { "type": "Point", "coordinates": [ -1.963759408686585, 43.270939321214549 ] } },
{ "type": "Feature", "properties": { "substation_name": "4567", "provincia": "Gipuzkoa", "municipio": "Lasarte-Oria", "latitude": 43.272878492620869, "longitude": -2.0095950544853149, "available_capacity_mw": 0.0, "distributor_network": "i-DE", "voltage_kv": 30.0, "grid_status": "Congested", "is_friction": true }, "geometry": { "type": "Point", "coordinates": [ -2.009595054485315, 43.272878492620869 ] } },
{ "type": "Feature", "properties": { "substation_name": "4568", "provincia": "Gipuzkoa", "municipio": "Usurbil", "latitude": 43.27149776365939, "longitude": -2.0391981195146598, "available_capacity_mw": 0.0, "distributor_network": "i-DE", "voltage_kv": 30.0, "grid_status": "Congested", "is_friction": true }, "geometry": { "type": "Point", "coordinates": [ -2.03919811951466, 43.27149776365939 ] } },
{ "type": "Feature", "properties": { "substation_name": "4569", "provincia": "Gipuzkoa", "municipio": "Aia", "latitude": 43.273082845450375, "longitude": -2.1273562741591574, "available_capacity_mw": 0.0, "distributor_network": "i-DE", "voltage_kv": 30.0, "grid_status": "Congested", "is_friction": true }, "geometry": { "type": "Point", "coordinates": [ -2.127356274159157, 43.273082845450375 ] } },
{ "type": "Feature", "properties": { "substation_name": "4570", "provincia": "Gipuzkoa", "municipio": "Zarautz", "latitude": 43.273248961077407, "longitude": -2.1692671678198936, "available_capacity_mw": 0.0, "distributor_network": "i-DE", "voltage_kv": 30.0, "grid_status": "Congested", "is_friction": true }, "geometry": { "type": "Point", "coordinates": [ -2.169267167819894, 43.273248961077407 ] } },
{ "type": "Feature", "properties": { "substation_name": "4572", "provincia": "Gipuzkoa", "municipio": "Zestoa", "latitude": 43.239319943271489, "longitude": -2.2611108781219031, "available_capacity_mw": 0.0, "distributor_network": "i-DE", "voltage_kv": 30.0, "grid_status": "Congested", "is_friction": true }, "geometry": { "type": "Point", "coordinates": [ -2.261110878121903, 43.239319943271489 ] } },
{ "type": "Feature", "properties": { "substation_name": "4573", "provincia": "Gipuzkoa", "municipio": "Azpeitia", "latitude": 43.178526641505357, "longitude": -2.282299710363215, "available_capacity_mw": 0.0, "distributor_network": "i-DE", "voltage_kv": 30.0, "grid_status": "Congested", "is_friction": true }, "geometry": { "type": "Point", "coordinates": [ -2.282299710363215, 43.178526641505357 ] } },
{ "type": "Feature", "properties": { "substation_name": "4574", "provincia": "Gipuzkoa", "municipio": "Azpeitia", "latitude": 43.170935084930107, "longitude": -2.2555991651806022, "available_capacity_mw": 0.0, "distributor_network": "i-DE", "voltage_kv": 30.0, "grid_status": "Congested", "is_friction": true }, "geometry": { "type": "Point", "coordinates": [ -2.255599165180602, 43.170935084930107 ] } },
{ "type": "Feature", "properties": { "substation_name": "4575", "provincia": "Gipuzkoa", "municipio": "Mendaro", "latitude": 43.255874264460992, "longitude": -2.3903300302200385, "available_capacity_mw": 0.0, "distributor_network": "i-DE", "voltage_kv": 30.0, "grid_status": "Congested", "is_friction": true }, "geometry": { "type": "Point", "coordinates": [ -2.390330030220039, 43.255874264460992 ] } },
{ "type": "Feature", "properties": { "substation_name": "4576", "provincia": "Gipuzkoa", "municipio": "Elgoibar", "latitude": 43.226266104698489, "longitude": -2.404534715461677, "available_capacity_mw": 0.0, "distributor_network": "i-DE", "voltage_kv": 30.0, "grid_status": "Congested", "is_friction": true }, "geometry": { "type": "Point", "coordinates": [ -2.404534715461677, 43.226266104698489 ] } },
{ "type": "Feature", "properties": { "substation_name": "4577", "provincia": "Gipuzkoa", "municipio": "Eibar", "latitude": 43.188443787106223, "longitude": -2.4684940564174287, "available_capacity_mw": 0.0, "distributor_network": "i-DE", "voltage_kv": 30.0, "grid_status": "Congested", "is_friction": true }, "geometry": { "type": "Point", "coordinates": [ -2.468494056417429, 43.188443787106223 ] } },
{ "type": "Feature", "properties": { "substation_name": "4578", "provincia": "Gipuzkoa", "municipio": "Eibar", "latitude": 43.182117093026115, "longitude": -2.4811145801606722, "available_capacity_mw": 0.0, "distributor_network": "i-DE", "voltage_kv": 30.0, "grid_status": "Congested", "is_friction": true }, "geometry": { "type": "Point", "coordinates": [ -2.481114580160672, 43.182117093026115 ] } },
{ "type": "Feature", "properties": { "substation_name": "4579", "provincia": "Gipuzkoa", "municipio": "Soraluze-Placencia de las Armas", "latitude": 43.182015983317363, "longitude": -2.4259587442281467, "available_capacity_mw": 0.0, "distributor_network": "i-DE", "voltage_kv": 30.0, "grid_status": "Congested", "is_friction": true }, "geometry": { "type": "Point", "coordinates": [ -2.425958744228147, 43.182015983317363 ] } },
{ "type": "Feature", "properties": { "substation_name": "4580", "provincia": "Gipuzkoa", "municipio": "Mutriku", "latitude": 43.303047238815893, "longitude": -2.3880463422885048, "available_capacity_mw": 0.0, "distributor_network": "i-DE", "voltage_kv": 30.0, "grid_status": "Congested", "is_friction": true }, "geometry": { "type": "Point", "coordinates": [ -2.388046342288505, 43.303047238815893 ] } },
{ "type": "Feature", "properties": { "substation_name": "4581", "provincia": "Gipuzkoa", "municipio": "Deba", "latitude": 43.290788336409904, "longitude": -2.3640480739968748, "available_capacity_mw": 0.0, "distributor_network": "i-DE", "voltage_kv": 30.0, "grid_status": "Congested", "is_friction": true }, "geometry": { "type": "Point", "coordinates": [ -2.364048073996875, 43.290788336409904 ] } },
{ "type": "Feature", "properties": { "substation_name": "4582", "provincia": "Gipuzkoa", "municipio": "Bidania-Goiatz", "latitude": 43.139220167047093, "longitude": -2.1569934721302615, "available_capacity_mw": 0.0, "distributor_network": "i-DE", "voltage_kv": 30.0, "grid_status": "Congested", "is_friction": true }, "geometry": { "type": "Point", "coordinates": [ -2.156993472130261, 43.139220167047093 ] } },
{ "type": "Feature", "properties": { "substation_name": "4583", "provincia": "Gipuzkoa", "municipio": "Tolosa", "latitude": 43.127498340632641, "longitude": -2.0743844446115962, "available_capacity_mw": 0.0, "distributor_network": "i-DE", "voltage_kv": 30.0, "grid_status": "Congested", "is_friction": true }, "geometry": { "type": "Point", "coordinates": [ -2.074384444611596, 43.127498340632641 ] } },
{ "type": "Feature", "properties": { "substation_name": "4585", "provincia": "Gipuzkoa", "municipio": "Lazkao", "latitude": 43.035590208424111, "longitude": -2.1897268986874976, "available_capacity_mw": 0.0, "distributor_network": "i-DE", "voltage_kv": 30.0, "grid_status": "Congested", "is_friction": true }, "geometry": { "type": "Point", "coordinates": [ -2.189726898687498, 43.035590208424111 ] } },
{ "type": "Feature", "properties": { "substation_name": "4587", "provincia": "Gipuzkoa", "municipio": "Legazpi", "latitude": 43.042384461014969, "longitude": -2.3366439416159728, "available_capacity_mw": 0.0, "distributor_network": "i-DE", "voltage_kv": 30.0, "grid_status": "Congested", "is_friction": true }, "geometry": { "type": "Point", "coordinates": [ -2.336643941615973, 43.042384461014969 ] } },
{ "type": "Feature", "properties": { "substation_name": "4588", "provincia": "Gipuzkoa", "municipio": "Urretxu", "latitude": 43.092325869576413, "longitude": -2.319263968846208, "available_capacity_mw": 0.0, "distributor_network": "i-DE", "voltage_kv": 30.0, "grid_status": "Congested", "is_friction": true }, "geometry": { "type": "Point", "coordinates": [ -2.319263968846208, 43.092325869576413 ] } },
{ "type": "Feature", "properties": { "substation_name": "4589", "provincia": "Gipuzkoa", "municipio": "Segura", "latitude": 43.005992776824378, "longitude": -2.2628038731824502, "available_capacity_mw": 0.0, "distributor_network": "i-DE", "voltage_kv": 30.0, "grid_status": "Congested", "is_friction": true }, "geometry": { "type": "Point", "coordinates": [ -2.26280387318245, 43.005992776824378 ] } },
{ "type": "Feature", "properties": { "substation_name": "4590", "provincia": "Gipuzkoa", "municipio": "Alegia", "latitude": 43.097050700661178, "longitude": -2.0965786320205382, "available_capacity_mw": 0.0, "distributor_network": "i-DE", "voltage_kv": 30.0, "grid_status": "Congested", "is_friction": true }, "geometry": { "type": "Point", "coordinates": [ -2.096578632020538, 43.097050700661178 ] } },
{ "type": "Feature", "properties": { "substation_name": "4592", "provincia": "Gipuzkoa", "municipio": "Bergara", "latitude": 43.111001629559347, "longitude": -2.4163243973712167, "available_capacity_mw": 0.0, "distributor_network": "i-DE", "voltage_kv": 30.0, "grid_status": "Congested", "is_friction": true }, "geometry": { "type": "Point", "coordinates": [ -2.416324397371217, 43.111001629559347 ] } },
{ "type": "Feature", "properties": { "substation_name": "4593", "provincia": "Gipuzkoa", "municipio": "Arrasate/Mondragón", "latitude": 43.061821234320043, "longitude": -2.499205716875788, "available_capacity_mw": 0.0, "distributor_network": "i-DE", "voltage_kv": 30.0, "grid_status": "Congested", "is_friction": true }, "geometry": { "type": "Point", "coordinates": [ -2.499205716875788, 43.061821234320043 ] } },
{ "type": "Feature", "properties": { "substation_name": "4594", "provincia": "Gipuzkoa", "municipio": "Elgeta", "latitude": 43.13460982564078, "longitude": -2.488770718645763, "available_capacity_mw": 0.0, "distributor_network": "i-DE", "voltage_kv": 30.0, "grid_status": "Congested", "is_friction": true }, "geometry": { "type": "Point", "coordinates": [ -2.488770718645763, 43.13460982564078 ] } },
{ "type": "Feature", "properties": { "substation_name": "4595", "provincia": "Gipuzkoa", "municipio": "Eskoriatza", "latitude": 43.023873869627657, "longitude": -2.5161486839673608, "available_capacity_mw": 0.0, "distributor_network": "i-DE", "voltage_kv": 30.0, "grid_status": "Congested", "is_friction": true }, "geometry": { "type": "Point", "coordinates": [ -2.516148683967361, 43.023873869627657 ] } },
{ "type": "Feature", "properties": { "substation_name": "4596", "provincia": "Gipuzkoa", "municipio": "Oñati", "latitude": 43.03217022535582, "longitude": -2.4175895150578288, "available_capacity_mw": 0.0, "distributor_network": "i-DE", "voltage_kv": 30.0, "grid_status": "Congested", "is_friction": true }, "geometry": { "type": "Point", "coordinates": [ -2.417589515057829, 43.03217022535582 ] } },
{ "type": "Feature", "properties": { "substation_name": "4597", "provincia": "Navarra", "municipio": "Leitza", "latitude": 43.089254957828899, "longitude": -1.9219922502381648, "available_capacity_mw": 0.0, "distributor_network": "i-DE", "voltage_kv": 30.0, "grid_status": "Congested", "is_friction": true }, "geometry": { "type": "Point", "coordinates": [ -1.921992250238165, 43.089254957828899 ] } },
{ "type": "Feature", "properties": { "substation_name": "4598", "provincia": "Gipuzkoa", "municipio": "Ezkio-Itsaso", "latitude": 43.08478867760946, "longitude": -2.2960862186003963, "available_capacity_mw": 0.0, "distributor_network": "i-DE", "voltage_kv": 30.0, "grid_status": "Congested", "is_friction": true }, "geometry": { "type": "Point", "coordinates": [ -2.296086218600396, 43.08478867760946 ] } },
{ "type": "Feature", "properties": { "substation_name": "4599", "provincia": "Navarra", "municipio": "Aoiz/Agoitz", "latitude": 42.782752253625766, "longitude": -1.3812492681722688, "available_capacity_mw": 0.0, "distributor_network": "i-DE", "voltage_kv": 66.0, "grid_status": "Congested", "is_friction": true }, "geometry": { "type": "Point", "coordinates": [ -1.381249268172269, 42.782752253625766 ] } },
{ "type": "Feature", "properties": { "substation_name": "4600", "provincia": "Gipuzkoa", "municipio": "Lezo", "latitude": 43.320570836393827, "longitude": -1.8926394191994609, "available_capacity_mw": 0.0, "distributor_network": "i-DE", "voltage_kv": 30.0, "grid_status": "Congested", "is_friction": true }, "geometry": { "type": "Point", "coordinates": [ -1.892639419199461, 43.320570836393827 ] } },
{ "type": "Feature", "properties": { "substation_name": "4601", "provincia": "Gipuzkoa", "municipio": "Oiartzun", "latitude": 43.30390185353216, "longitude": -1.8787719019697864, "available_capacity_mw": 0.0, "distributor_network": "i-DE", "voltage_kv": 30.0, "grid_status": "Congested", "is_friction": true }, "geometry": { "type": "Point", "coordinates": [ -1.878771901969786, 43.30390185353216 ] } },
{ "type": "Feature", "properties": { "substation_name": "4602", "provincia": "Gipuzkoa", "municipio": "Errenteria", "latitude": 43.308501230542554, "longitude": -1.9048423147422109, "available_capacity_mw": 0.0, "distributor_network": "i-DE", "voltage_kv": 30.0, "grid_status": "Congested", "is_friction": true }, "geometry": { "type": "Point", "coordinates": [ -1.904842314742211, 43.308501230542554 ] } },
{ "type": "Feature", "properties": { "substation_name": "4603", "provincia": "Gipuzkoa", "municipio": "Donostia/San Sebastián", "latitude": 43.324068187193632, "longitude": -1.9415185431986941, "available_capacity_mw": 0.0, "distributor_network": "i-DE", "voltage_kv": 30.0, "grid_status": "Congested", "is_friction": true }, "geometry": { "type": "Point", "coordinates": [ -1.941518543198694, 43.324068187193632 ] } },
{ "type": "Feature", "properties": { "substation_name": "4604", "provincia": "Gipuzkoa", "municipio": "Donostia/San Sebastián", "latitude": 43.316241534339014, "longitude": -1.9279386458166452, "available_capacity_mw": 0.0, "distributor_network": "i-DE", "voltage_kv": 30.0, "grid_status": "Congested", "is_friction": true }, "geometry": { "type": "Point", "coordinates": [ -1.927938645816645, 43.316241534339014 ] } },
{ "type": "Feature", "properties": { "substation_name": "4607", "provincia": "Gipuzkoa", "municipio": "Hondarribia", "latitude": 43.36107457905932, "longitude": -1.7986417477542438, "available_capacity_mw": 0.0, "distributor_network": "i-DE", "voltage_kv": 30.0, "grid_status": "Congested", "is_friction": true }, "geometry": { "type": "Point", "coordinates": [ -1.798641747754244, 43.36107457905932 ] } },
{ "type": "Feature", "properties": { "substation_name": "4608", "provincia": "Navarra", "municipio": "Lesaka", "latitude": 43.276390747312583, "longitude": -1.7057447306749822, "available_capacity_mw": 0.0, "distributor_network": "i-DE", "voltage_kv": 30.0, "grid_status": "Congested", "is_friction": true }, "geometry": { "type": "Point", "coordinates": [ -1.705744730674982, 43.276390747312583 ] } },
{ "type": "Feature", "properties": { "substation_name": "4609", "provincia": "Navarra", "municipio": "Lesaka", "latitude": 43.244091973421838, "longitude": -1.7009703920415808, "available_capacity_mw": 0.0, "distributor_network": "i-DE", "voltage_kv": 30.0, "grid_status": "Congested", "is_friction": true }, "geometry": { "type": "Point", "coordinates": [ -1.700970392041581, 43.244091973421838 ] } },
{ "type": "Feature", "properties": { "substation_name": "4610", "provincia": "Navarra", "municipio": "Igantzi", "latitude": 43.229112150746296, "longitude": -1.6759141437629961, "available_capacity_mw": 0.0, "distributor_network": "i-DE", "voltage_kv": 30.0, "grid_status": "Congested", "is_friction": true }, "geometry": { "type": "Point", "coordinates": [ -1.675914143762996, 43.229112150746296 ] } },
{ "type": "Feature", "properties": { "substation_name": "4611", "provincia": "Navarra", "municipio": "Bertizarana", "latitude": 43.130914863700731, "longitude": -1.6364309005714677, "available_capacity_mw": 0.0, "distributor_network": "i-DE", "voltage_kv": 30.0, "grid_status": "Congested", "is_friction": true }, "geometry": { "type": "Point", "coordinates": [ -1.636430900571468, 43.130914863700731 ] } },
{ "type": "Feature", "properties": { "substation_name": "4612", "provincia": "Navarra", "municipio": "Saldías", "latitude": 43.094383791708957, "longitude": -1.787098594807542, "available_capacity_mw": 0.0, "distributor_network": "i-DE", "voltage_kv": 30.0, "grid_status": "Congested", "is_friction": true }, "geometry": { "type": "Point", "coordinates": [ -1.787098594807542, 43.094383791708957 ] } },
{ "type": "Feature", "properties": { "substation_name": "4613", "provincia": "Navarra", "municipio": "Oiz", "latitude": 43.107613362287601, "longitude": -1.6861695809049584, "available_capacity_mw": 0.0, "distributor_network": "i-DE", "voltage_kv": 30.0, "grid_status": "Congested", "is_friction": true }, "geometry": { "type": "Point", "coordinates": [ -1.686169580904958, 43.107613362287601 ] } },
{ "type": "Feature", "properties": { "substation_name": "4614", "provincia": "Navarra", "municipio": "Baztan", "latitude": 43.148431357572548, "longitude": -1.5237714461951146, "available_capacity_mw": 0.0, "distributor_network": "i-DE", "voltage_kv": 30.0, "grid_status": "Congested", "is_friction": true }, "geometry": { "type": "Point", "coordinates": [ -1.523771446195115, 43.148431357572548 ] } },
{ "type": "Feature", "properties": { "substation_name": "4615", "provincia": "Gipuzkoa", "municipio": "Donostia/San Sebastián", "latitude": 43.315986160713997, "longitude": -1.9729049305183075, "available_capacity_mw": 0.0, "distributor_network": "i-DE", "voltage_kv": 30.0, "grid_status": "Congested", "is_friction": true }, "geometry": { "type": "Point", "coordinates": [ -1.972904930518308, 43.315986160713997 ] } },
{ "type": "Feature", "properties": { "substation_name": "4616", "provincia": "Navarra", "municipio": "Villafranca", "latitude": 42.288434472108392, "longitude": -1.7390298663913104, "available_capacity_mw": 1.0, "distributor_network": "i-DE", "voltage_kv": 66.0, "grid_status": "Moderate", "is_friction": true }, "geometry": { "type": "Point", "coordinates": [ -1.73902986639131, 42.288434472108392 ] } },
{ "type": "Feature", "properties": { "substation_name": "4617", "provincia": "Rioja, La", "municipio": "Logroño", "latitude": 42.474729274026792, "longitude": -2.4145985957054048, "available_capacity_mw": 0.0, "distributor_network": "i-DE", "voltage_kv": 66.0, "grid_status": "Congested", "is_friction": true }, "geometry": { "type": "Point", "coordinates": [ -2.414598595705405, 42.474729274026792 ] } },
{ "type": "Feature", "properties": { "substation_name": "4618", "provincia": "Rioja, La", "municipio": "Logroño", "latitude": 42.456917209519169, "longitude": -2.4135300700726536, "available_capacity_mw": 0.0, "distributor_network": "i-DE", "voltage_kv": 66.0, "grid_status": "Congested", "is_friction": true }, "geometry": { "type": "Point", "coordinates": [ -2.413530070072654, 42.456917209519169 ] } },
{ "type": "Feature", "properties": { "substation_name": "4619", "provincia": "Rioja, La", "municipio": "Logroño", "latitude": 42.45687753413057, "longitude": -2.4422713722381348, "available_capacity_mw": 0.0, "distributor_network": "i-DE", "voltage_kv": 66.0, "grid_status": "Congested", "is_friction": true }, "geometry": { "type": "Point", "coordinates": [ -2.442271372238135, 42.45687753413057 ] } },
{ "type": "Feature", "properties": { "substation_name": "4620", "provincia": "Rioja, La", "municipio": "Logroño", "latitude": 42.491781043071271, "longitude": -2.4423932806668605, "available_capacity_mw": 0.0, "distributor_network": "i-DE", "voltage_kv": 66.0, "grid_status": "Congested", "is_friction": true }, "geometry": { "type": "Point", "coordinates": [ -2.44239328066686, 42.491781043071271 ] } },
{ "type": "Feature", "properties": { "substation_name": "4621", "provincia": "Rioja, La", "municipio": "Haro", "latitude": 42.581487874609323, "longitude": -2.8558388141806557, "available_capacity_mw": 0.0, "distributor_network": "i-DE", "voltage_kv": 66.0, "grid_status": "Congested", "is_friction": true }, "geometry": { "type": "Point", "coordinates": [ -2.855838814180656, 42.581487874609323 ] } },
{ "type": "Feature", "properties": { "substation_name": "4622", "provincia": "Rioja, La", "municipio": "Santo Domingo de la Calzada", "latitude": 42.446592066784739, "longitude": -2.9499107200139703, "available_capacity_mw": 0.0, "distributor_network": "i-DE", "voltage_kv": 66.0, "grid_status": "Congested", "is_friction": true }, "geometry": { "type": "Point", "coordinates": [ -2.94991072001397, 42.446592066784739 ] } },
{ "type": "Feature", "properties": { "substation_name": "4623", "provincia": "Rioja, La", "municipio": "Nájera", "latitude": 42.424913780900113, "longitude": -2.7212555617243783, "available_capacity_mw": 0.0, "distributor_network": "i-DE", "voltage_kv": 66.0, "grid_status": "Congested", "is_friction": true }, "geometry": { "type": "Point", "coordinates": [ -2.721255561724378, 42.424913780900113 ] } },
{ "type": "Feature", "properties": { "substation_name": "4624", "provincia": "Rioja, La", "municipio": "Baños de Río Tobía", "latitude": 42.339352787024133, "longitude": -2.7624253371907233, "available_capacity_mw": 0.0, "distributor_network": "i-DE", "voltage_kv": 66.0, "grid_status": "Congested", "is_friction": true }, "geometry": { "type": "Point", "coordinates": [ -2.762425337190723, 42.339352787024133 ] } },
{ "type": "Feature", "properties": { "substation_name": "4625", "provincia": "Navarra", "municipio": "Viana", "latitude": 42.507245573442624, "longitude": -2.3675730307522631, "available_capacity_mw": 0.0, "distributor_network": "i-DE", "voltage_kv": 66.0, "grid_status": "Congested", "is_friction": true }, "geometry": { "type": "Point", "coordinates": [ -2.367573030752263, 42.507245573442624 ] } },
{ "type": "Feature", "properties": { "substation_name": "4626", "provincia": "Rioja, La", "municipio": "Cenicero", "latitude": 42.483357653608671, "longitude": -2.6305734282549538, "available_capacity_mw": 0.0, "distributor_network": "i-DE", "voltage_kv": 66.0, "grid_status": "Congested", "is_friction": true }, "geometry": { "type": "Point", "coordinates": [ -2.630573428254954, 42.483357653608671 ] } },
{ "type": "Feature", "properties": { "substation_name": "4627", "provincia": "Rioja, La", "municipio": "Viguera", "latitude": 42.29578091529158, "longitude": -2.562879381430843, "available_capacity_mw": 0.0, "distributor_network": "i-DE", "voltage_kv": 66.0, "grid_status": "Congested", "is_friction": true }, "geometry": { "type": "Point", "coordinates": [ -2.562879381430843, 42.29578091529158 ] } },
{ "type": "Feature", "properties": { "substation_name": "4628", "provincia": "Rioja, La", "municipio": "Rincón de Soto", "latitude": 42.229214533489021, "longitude": -1.8590617097946545, "available_capacity_mw": 0.0, "distributor_network": "i-DE", "voltage_kv": 66.0, "grid_status": "Congested", "is_friction": true }, "geometry": { "type": "Point", "coordinates": [ -1.859061709794654, 42.229214533489021 ] } },
{ "type": "Feature", "properties": { "substation_name": "4629", "provincia": "Rioja, La", "municipio": "Calahorra", "latitude": 42.303091813791994, "longitude": -1.9783946496255529, "available_capacity_mw": 0.0, "distributor_network": "i-DE", "voltage_kv": 66.0, "grid_status": "Congested", "is_friction": true }, "geometry": { "type": "Point", "coordinates": [ -1.978394649625553, 42.303091813791994 ] } },
{ "type": "Feature", "properties": { "substation_name": "4630", "provincia": "Rioja, La", "municipio": "Arnedo", "latitude": 42.228895885713868, "longitude": -2.0907863384903131, "available_capacity_mw": 0.0, "distributor_network": "i-DE", "voltage_kv": 66.0, "grid_status": "Congested", "is_friction": true }, "geometry": { "type": "Point", "coordinates": [ -2.090786338490313, 42.228895885713868 ] } },
{ "type": "Feature", "properties": { "substation_name": "4631", "provincia": "Rioja, La", "municipio": "Calahorra", "latitude": 42.321813056208299, "longitude": -1.9607178637851408, "available_capacity_mw": 0.0, "distributor_network": "i-DE", "voltage_kv": 66.0, "grid_status": "Congested", "is_friction": true }, "geometry": { "type": "Point", "coordinates": [ -1.960717863785141, 42.321813056208299 ] } },
{ "type": "Feature", "properties": { "substation_name": "4632", "provincia": "Navarra", "municipio": "Lodosa", "latitude": 42.426878253211065, "longitude": -2.0891789819371622, "available_capacity_mw": 0.0, "distributor_network": "i-DE", "voltage_kv": 66.0, "grid_status": "Congested", "is_friction": true }, "geometry": { "type": "Point", "coordinates": [ -2.089178981937162, 42.426878253211065 ] } },
{ "type": "Feature", "properties": { "substation_name": "4633", "provincia": "Navarra", "municipio": "Caparroso", "latitude": 42.342344120282775, "longitude": -1.6433960779975625, "available_capacity_mw": 1.0, "distributor_network": "i-DE", "voltage_kv": 66.0, "grid_status": "Moderate", "is_friction": true }, "geometry": { "type": "Point", "coordinates": [ -1.643396077997562, 42.342344120282775 ] } },
{ "type": "Feature", "properties": { "substation_name": "4634", "provincia": "Navarra", "municipio": "Carcastillo", "latitude": 42.371227825356243, "longitude": -1.4427035688443697, "available_capacity_mw": 1.0, "distributor_network": "i-DE", "voltage_kv": 66.0, "grid_status": "Moderate", "is_friction": true }, "geometry": { "type": "Point", "coordinates": [ -1.44270356884437, 42.371227825356243 ] } },
{ "type": "Feature", "properties": { "substation_name": "4635", "provincia": "Navarra", "municipio": "Peralta/Azkoien", "latitude": 42.342001092551179, "longitude": -1.8105746209763227, "available_capacity_mw": 1.0, "distributor_network": "i-DE", "voltage_kv": 66.0, "grid_status": "Moderate", "is_friction": true }, "geometry": { "type": "Point", "coordinates": [ -1.810574620976323, 42.342001092551179 ] } },
{ "type": "Feature", "properties": { "substation_name": "4636", "provincia": "Navarra", "municipio": "Marcilla", "latitude": 42.332807299481772, "longitude": -1.7241873876551066, "available_capacity_mw": 1.0, "distributor_network": "i-DE", "voltage_kv": 66.0, "grid_status": "Moderate", "is_friction": true }, "geometry": { "type": "Point", "coordinates": [ -1.724187387655107, 42.332807299481772 ] } },
{ "type": "Feature", "properties": { "substation_name": "4637", "provincia": "Rioja, La", "municipio": "Alfaro", "latitude": 42.176174232269858, "longitude": -1.7623678156654166, "available_capacity_mw": 0.0, "distributor_network": "i-DE", "voltage_kv": 66.0, "grid_status": "Congested", "is_friction": true }, "geometry": { "type": "Point", "coordinates": [ -1.762367815665417, 42.176174232269858 ] } },
{ "type": "Feature", "properties": { "substation_name": "4638", "provincia": "Navarra", "municipio": "Cascante", "latitude": 41.990283559767107, "longitude": -1.6766822558794767, "available_capacity_mw": 0.0, "distributor_network": "i-DE", "voltage_kv": 66.0, "grid_status": "Congested", "is_friction": true }, "geometry": { "type": "Point", "coordinates": [ -1.676682255879477, 41.990283559767107 ] } },
{ "type": "Feature", "properties": { "substation_name": "4639", "provincia": "Navarra", "municipio": "Corella", "latitude": 42.108580227104483, "longitude": -1.7696622812333891, "available_capacity_mw": 23.0, "distributor_network": "i-DE", "voltage_kv": 66.0, "grid_status": "Sufficient", "is_friction": false }, "geometry": { "type": "Point", "coordinates": [ -1.769662281233389, 42.108580227104483 ] } },
{ "type": "Feature", "properties": { "substation_name": "4640", "provincia": "Navarra", "municipio": "Cortes", "latitude": 41.916830694752655, "longitude": -1.4408954023200411, "available_capacity_mw": 20.0, "distributor_network": "i-DE", "voltage_kv": 66.0, "grid_status": "Sufficient", "is_friction": false }, "geometry": { "type": "Point", "coordinates": [ -1.440895402320041, 41.916830694752655 ] } },
{ "type": "Feature", "properties": { "substation_name": "4642", "provincia": "Navarra", "municipio": "Ribaforada", "latitude": 41.980453563830451, "longitude": -1.5214540420574341, "available_capacity_mw": 12.0, "distributor_network": "i-DE", "voltage_kv": 66.0, "grid_status": "Sufficient", "is_friction": false }, "geometry": { "type": "Point", "coordinates": [ -1.521454042057434, 41.980453563830451 ] } },
{ "type": "Feature", "properties": { "substation_name": "4644", "provincia": "Navarra", "municipio": "Tudela", "latitude": 42.057665381710258, "longitude": -1.6064959269139885, "available_capacity_mw": 14.4, "distributor_network": "i-DE", "voltage_kv": 66.0, "grid_status": "Sufficient", "is_friction": false }, "geometry": { "type": "Point", "coordinates": [ -1.606495926913988, 42.057665381710258 ] } },
{ "type": "Feature", "properties": { "substation_name": "4645", "provincia": "Navarra", "municipio": "Valtierra", "latitude": 42.207752301709114, "longitude": -1.6613270301790288, "available_capacity_mw": 0.0, "distributor_network": "i-DE", "voltage_kv": 66.0, "grid_status": "Congested", "is_friction": true }, "geometry": { "type": "Point", "coordinates": [ -1.661327030179029, 42.207752301709114 ] } },
{ "type": "Feature", "properties": { "substation_name": "4646", "provincia": "Navarra", "municipio": "Tudela", "latitude": 42.055373947341771, "longitude": -1.5927904355763822, "available_capacity_mw": 23.0, "distributor_network": "i-DE", "voltage_kv": 66.0, "grid_status": "Sufficient", "is_friction": false }, "geometry": { "type": "Point", "coordinates": [ -1.592790435576382, 42.055373947341771 ] } },
{ "type": "Feature", "properties": { "substation_name": "4650", "provincia": "Araba/Álava", "municipio": "Vitoria-Gasteiz", "latitude": 42.870056695514108, "longitude": -2.6585650321520795, "available_capacity_mw": 0.0, "distributor_network": "i-DE", "voltage_kv": 30.0, "grid_status": "Congested", "is_friction": true }, "geometry": { "type": "Point", "coordinates": [ -2.65856503215208, 42.870056695514108 ] } },
{ "type": "Feature", "properties": { "substation_name": "4652", "provincia": "Araba/Álava", "municipio": "Agurain/Salvatierra", "latitude": 42.844907259101326, "longitude": -2.3937585891140527, "available_capacity_mw": 0.0, "distributor_network": "i-DE", "voltage_kv": 30.0, "grid_status": "Congested", "is_friction": true }, "geometry": { "type": "Point", "coordinates": [ -2.393758589114053, 42.844907259101326 ] } },
{ "type": "Feature", "properties": { "substation_name": "4653", "provincia": "Araba/Álava", "municipio": "Iruña Oka/Iruña de Oca", "latitude": 42.817193853961435, "longitude": -2.7879338518492509, "available_capacity_mw": 0.0, "distributor_network": "i-DE", "voltage_kv": 30.0, "grid_status": "Congested", "is_friction": true }, "geometry": { "type": "Point", "coordinates": [ -2.787933851849251, 42.817193853961435 ] } },
{ "type": "Feature", "properties": { "substation_name": "4654", "provincia": "Araba/Álava", "municipio": "Vitoria-Gasteiz", "latitude": 42.825029750807381, "longitude": -2.6652475962061097, "available_capacity_mw": 0.0, "distributor_network": "i-DE", "voltage_kv": 30.0, "grid_status": "Congested", "is_friction": true }, "geometry": { "type": "Point", "coordinates": [ -2.66524759620611, 42.825029750807381 ] } },
{ "type": "Feature", "properties": { "substation_name": "4655", "provincia": "Araba/Álava", "municipio": "Asparrena", "latitude": 42.874778548131218, "longitude": -2.3130552417133439, "available_capacity_mw": 0.0, "distributor_network": "i-DE", "voltage_kv": 30.0, "grid_status": "Congested", "is_friction": true }, "geometry": { "type": "Point", "coordinates": [ -2.313055241713344, 42.874778548131218 ] } },
{ "type": "Feature", "properties": { "substation_name": "4656", "provincia": "Araba/Álava", "municipio": "Legutio", "latitude": 42.973537913953045, "longitude": -2.6405112500809249, "available_capacity_mw": 0.0, "distributor_network": "i-DE", "voltage_kv": 30.0, "grid_status": "Congested", "is_friction": true }, "geometry": { "type": "Point", "coordinates": [ -2.640511250080925, 42.973537913953045 ] } },
{ "type": "Feature", "properties": { "substation_name": "4657", "provincia": "Araba/Álava", "municipio": "Campezo/Kanpezu", "latitude": 42.675386504922457, "longitude": -2.3898505737874398, "available_capacity_mw": 0.0, "distributor_network": "i-DE", "voltage_kv": 30.0, "grid_status": "Congested", "is_friction": true }, "geometry": { "type": "Point", "coordinates": [ -2.38985057378744, 42.675386504922457 ] } },
{ "type": "Feature", "properties": { "substation_name": "4658", "provincia": "Araba/Álava", "municipio": "Vitoria-Gasteiz", "latitude": 42.847832689696332, "longitude": -2.6563621350812272, "available_capacity_mw": 0.0, "distributor_network": "i-DE", "voltage_kv": 30.0, "grid_status": "Congested", "is_friction": true }, "geometry": { "type": "Point", "coordinates": [ -2.656362135081227, 42.847832689696332 ] } },
{ "type": "Feature", "properties": { "substation_name": "4659", "provincia": "Bizkaia", "municipio": "Otxandio", "latitude": 43.041547488876041, "longitude": -2.6591637225274387, "available_capacity_mw": 0.0, "distributor_network": "i-DE", "voltage_kv": 30.0, "grid_status": "Congested", "is_friction": true }, "geometry": { "type": "Point", "coordinates": [ -2.659163722527439, 43.041547488876041 ] } },
{ "type": "Feature", "properties": { "substation_name": "4660", "provincia": "Araba/Álava", "municipio": "Zuia", "latitude": 42.96020153321939, "longitude": -2.8749546234316861, "available_capacity_mw": 0.0, "distributor_network": "i-DE", "voltage_kv": 30.0, "grid_status": "Congested", "is_friction": true }, "geometry": { "type": "Point", "coordinates": [ -2.874954623431686, 42.96020153321939 ] } },
{ "type": "Feature", "properties": { "substation_name": "4661", "provincia": "Navarra", "municipio": "Eratsun", "latitude": 43.072482861053786, "longitude": -1.7906412089719397, "available_capacity_mw": 0.0, "distributor_network": "i-DE", "voltage_kv": 30.0, "grid_status": "Congested", "is_friction": true }, "geometry": { "type": "Point", "coordinates": [ -1.79064120897194, 43.072482861053786 ] } },
{ "type": "Feature", "properties": { "substation_name": "4662", "provincia": "Navarra", "municipio": "Pamplona/Iruña", "latitude": 42.817361523405552, "longitude": -1.6366594727180803, "available_capacity_mw": 0.0, "distributor_network": "i-DE", "voltage_kv": 66.0, "grid_status": "Congested", "is_friction": true }, "geometry": { "type": "Point", "coordinates": [ -1.63665947271808, 42.817361523405552 ] } },
{ "type": "Feature", "properties": { "substation_name": "4663", "provincia": "Navarra", "municipio": "Pamplona/Iruña", "latitude": 42.808564744361085, "longitude": -1.6877171058721374, "available_capacity_mw": 0.0, "distributor_network": "i-DE", "voltage_kv": 66.0, "grid_status": "Congested", "is_friction": true }, "geometry": { "type": "Point", "coordinates": [ -1.687717105872137, 42.808564744361085 ] } },
{ "type": "Feature", "properties": { "substation_name": "4664", "provincia": "Navarra", "municipio": "Pamplona/Iruña", "latitude": 42.826795557304088, "longitude": -1.6733607669256516, "available_capacity_mw": 0.0, "distributor_network": "i-DE", "voltage_kv": 66.0, "grid_status": "Congested", "is_friction": true }, "geometry": { "type": "Point", "coordinates": [ -1.673360766925652, 42.826795557304088 ] } },
{ "type": "Feature", "properties": { "substation_name": "4665", "provincia": "Navarra", "municipio": "Pamplona/Iruña", "latitude": 42.83744457951186, "longitude": -1.6254438621623604, "available_capacity_mw": 0.0, "distributor_network": "i-DE", "voltage_kv": 66.0, "grid_status": "Congested", "is_friction": true }, "geometry": { "type": "Point", "coordinates": [ -1.62544386216236, 42.83744457951186 ] } },
{ "type": "Feature", "properties": { "substation_name": "4666", "provincia": "Navarra", "municipio": "Pamplona/Iruña", "latitude": 42.797029338145755, "longitude": -1.6522691428322829, "available_capacity_mw": 0.0, "distributor_network": "i-DE", "voltage_kv": 66.0, "grid_status": "Congested", "is_friction": true }, "geometry": { "type": "Point", "coordinates": [ -1.652269142832283, 42.797029338145755 ] } },
{ "type": "Feature", "properties": { "substation_name": "4667", "provincia": "Navarra", "municipio": "Galar", "latitude": 42.763886309288111, "longitude": -1.6596291091458415, "available_capacity_mw": 0.0, "distributor_network": "i-DE", "voltage_kv": 66.0, "grid_status": "Congested", "is_friction": true }, "geometry": { "type": "Point", "coordinates": [ -1.659629109145841, 42.763886309288111 ] } },
{ "type": "Feature", "properties": { "substation_name": "4668", "provincia": "Navarra", "municipio": "Irurtzun", "latitude": 42.913605312893537, "longitude": -1.8283325324674895, "available_capacity_mw": 0.0, "distributor_network": "i-DE", "voltage_kv": 66.0, "grid_status": "Congested", "is_friction": true }, "geometry": { "type": "Point", "coordinates": [ -1.82833253246749, 42.913605312893537 ] } },
{ "type": "Feature", "properties": { "substation_name": "4669", "provincia": "Navarra", "municipio": "Monreal/Elo", "latitude": 42.705949381147889, "longitude": -1.5033822759144293, "available_capacity_mw": 0.0, "distributor_network": "i-DE", "voltage_kv": 66.0, "grid_status": "Congested", "is_friction": true }, "geometry": { "type": "Point", "coordinates": [ -1.503382275914429, 42.705949381147889 ] } },
{ "type": "Feature", "properties": { "substation_name": "4670", "provincia": "Navarra", "municipio": "Lekunberri", "latitude": 43.003034260546315, "longitude": -1.9104938271892189, "available_capacity_mw": 0.0, "distributor_network": "i-DE", "voltage_kv": 66.0, "grid_status": "Congested", "is_friction": true }, "geometry": { "type": "Point", "coordinates": [ -1.910493827189219, 43.003034260546315 ] } },
{ "type": "Feature", "properties": { "substation_name": "4672", "provincia": "Navarra", "municipio": "Esteribar", "latitude": 42.923960144443519, "longitude": -1.5060071814633369, "available_capacity_mw": 0.0, "distributor_network": "i-DE", "voltage_kv": 66.0, "grid_status": "Congested", "is_friction": true }, "geometry": { "type": "Point", "coordinates": [ -1.506007181463337, 42.923960144443519 ] } },
{ "type": "Feature", "properties": { "substation_name": "4673", "provincia": "Navarra", "municipio": "Ultzama", "latitude": 42.983278036855445, "longitude": -1.678435437708923, "available_capacity_mw": 0.0, "distributor_network": "i-DE", "voltage_kv": 66.0, "grid_status": "Congested", "is_friction": true }, "geometry": { "type": "Point", "coordinates": [ -1.678435437708923, 42.983278036855445 ] } },
{ "type": "Feature", "properties": { "substation_name": "4675", "provincia": "Navarra", "municipio": "Sangüesa/Zangoza", "latitude": 42.579750395056003, "longitude": -1.2738166555721822, "available_capacity_mw": 15.41, "distributor_network": "i-DE", "voltage_kv": 66.0, "grid_status": "Sufficient", "is_friction": false }, "geometry": { "type": "Point", "coordinates": [ -1.273816655572182, 42.579750395056003 ] } },
{ "type": "Feature", "properties": { "substation_name": "4676", "provincia": "Navarra", "municipio": "Navascués/Nabaskoze", "latitude": 42.75946962467669, "longitude": -1.1009479148076649, "available_capacity_mw": 0.0, "distributor_network": "i-DE", "voltage_kv": 66.0, "grid_status": "Congested", "is_friction": true }, "geometry": { "type": "Point", "coordinates": [ -1.100947914807665, 42.75946962467669 ] } },
{ "type": "Feature", "properties": { "substation_name": "4677", "provincia": "Navarra", "municipio": "Tafalla", "latitude": 42.527636708460314, "longitude": -1.6844733490179211, "available_capacity_mw": 1.0, "distributor_network": "i-DE", "voltage_kv": 66.0, "grid_status": "Moderate", "is_friction": true }, "geometry": { "type": "Point", "coordinates": [ -1.684473349017921, 42.527636708460314 ] } },
{ "type": "Feature", "properties": { "substation_name": "4678", "provincia": "Navarra", "municipio": "Mendigorria", "latitude": 42.625045707935399, "longitude": -1.8362687133915696, "available_capacity_mw": 1.0, "distributor_network": "i-DE", "voltage_kv": 66.0, "grid_status": "Moderate", "is_friction": true }, "geometry": { "type": "Point", "coordinates": [ -1.83626871339157, 42.625045707935399 ] } },
{ "type": "Feature", "properties": { "substation_name": "4679", "provincia": "Navarra", "municipio": "Guesálaz/Gesalatz", "latitude": 42.704354928085479, "longitude": -1.9417063910774093, "available_capacity_mw": 0.0, "distributor_network": "i-DE", "voltage_kv": 66.0, "grid_status": "Congested", "is_friction": true }, "geometry": { "type": "Point", "coordinates": [ -1.941706391077409, 42.704354928085479 ] } },
{ "type": "Feature", "properties": { "substation_name": "4680", "provincia": "Navarra", "municipio": "Estella-Lizarra", "latitude": 42.668881326736823, "longitude": -2.0275530415477467, "available_capacity_mw": 1.0, "distributor_network": "i-DE", "voltage_kv": 66.0, "grid_status": "Moderate", "is_friction": true }, "geometry": { "type": "Point", "coordinates": [ -2.027553041547747, 42.668881326736823 ] } },
{ "type": "Feature", "properties": { "substation_name": "4681", "provincia": "Navarra", "municipio": "Murieta", "latitude": 42.657198055472932, "longitude": -2.1415035239264344, "available_capacity_mw": 0.0, "distributor_network": "i-DE", "voltage_kv": 66.0, "grid_status": "Congested", "is_friction": true }, "geometry": { "type": "Point", "coordinates": [ -2.141503523926434, 42.657198055472932 ] } },
{ "type": "Feature", "properties": { "substation_name": "4683", "provincia": "León", "municipio": "León", "latitude": 42.588983921831257, "longitude": -5.5340452101581272, "available_capacity_mw": 0.0, "distributor_network": "i-DE", "voltage_kv": 45.0, "grid_status": "Congested", "is_friction": true }, "geometry": { "type": "Point", "coordinates": [ -5.534045210158127, 42.588983921831257 ] } },
{ "type": "Feature", "properties": { "substation_name": "4684", "provincia": "León", "municipio": "Villamanín", "latitude": 42.991861548410633, "longitude": -5.7519717187302639, "available_capacity_mw": 0.0, "distributor_network": "i-DE", "voltage_kv": 45.0, "grid_status": "Congested", "is_friction": true }, "geometry": { "type": "Point", "coordinates": [ -5.751971718730264, 42.991861548410633 ] } },
{ "type": "Feature", "properties": { "substation_name": "4685", "provincia": "León", "municipio": "Boñar", "latitude": 42.866461682843045, "longitude": -5.3148237781965291, "available_capacity_mw": 0.0, "distributor_network": "i-DE", "voltage_kv": 45.0, "grid_status": "Congested", "is_friction": true }, "geometry": { "type": "Point", "coordinates": [ -5.314823778196529, 42.866461682843045 ] } },
{ "type": "Feature", "properties": { "substation_name": "4686", "provincia": "León", "municipio": "León", "latitude": 42.596353200751125, "longitude": -5.5788697398542046, "available_capacity_mw": 0.0, "distributor_network": "i-DE", "voltage_kv": 45.0, "grid_status": "Congested", "is_friction": true }, "geometry": { "type": "Point", "coordinates": [ -5.578869739854205, 42.596353200751125 ] } },
{ "type": "Feature", "properties": { "substation_name": "4687", "provincia": "León", "municipio": "Onzonilla", "latitude": 42.537177312125742, "longitude": -5.5793379170717499, "available_capacity_mw": 0.0, "distributor_network": "i-DE", "voltage_kv": 45.0, "grid_status": "Congested", "is_friction": true }, "geometry": { "type": "Point", "coordinates": [ -5.57933791707175, 42.537177312125742 ] } },
{ "type": "Feature", "properties": { "substation_name": "4688", "provincia": "León", "municipio": "Sahagún", "latitude": 42.36743958934737, "longitude": -5.0350859132673884, "available_capacity_mw": 0.0, "distributor_network": "i-DE", "voltage_kv": 45.0, "grid_status": "Congested", "is_friction": true }, "geometry": { "type": "Point", "coordinates": [ -5.035085913267388, 42.36743958934737 ] } },
{ "type": "Feature", "properties": { "substation_name": "4689", "provincia": "León", "municipio": "Crémenes", "latitude": 42.931427474435331, "longitude": -5.1125316910352359, "available_capacity_mw": 2.4, "distributor_network": "i-DE", "voltage_kv": 45.0, "grid_status": "Moderate", "is_friction": true }, "geometry": { "type": "Point", "coordinates": [ -5.112531691035236, 42.931427474435331 ] } },
{ "type": "Feature", "properties": { "substation_name": "4690", "provincia": "León", "municipio": "Santas Martas", "latitude": 42.436994636129263, "longitude": -5.3698004684034508, "available_capacity_mw": 0.0, "distributor_network": "i-DE", "voltage_kv": 45.0, "grid_status": "Congested", "is_friction": true }, "geometry": { "type": "Point", "coordinates": [ -5.369800468403451, 42.436994636129263 ] } },
{ "type": "Feature", "properties": { "substation_name": "4691", "provincia": "León", "municipio": "La Pola de Gordón", "latitude": 42.903059288947851, "longitude": -5.6448403785274728, "available_capacity_mw": 0.0, "distributor_network": "i-DE", "voltage_kv": 45.0, "grid_status": "Congested", "is_friction": true }, "geometry": { "type": "Point", "coordinates": [ -5.644840378527473, 42.903059288947851 ] } },
{ "type": "Feature", "properties": { "substation_name": "4692", "provincia": "León", "municipio": "La Robla", "latitude": 42.80163796999539, "longitude": -5.6122762715711572, "available_capacity_mw": 0.0, "distributor_network": "i-DE", "voltage_kv": 45.0, "grid_status": "Congested", "is_friction": true }, "geometry": { "type": "Point", "coordinates": [ -5.612276271571157, 42.80163796999539 ] } },
{ "type": "Feature", "properties": { "substation_name": "4693", "provincia": "León", "municipio": "Villamanín", "latitude": 42.940441348738155, "longitude": -5.6608816886904334, "available_capacity_mw": 0.0, "distributor_network": "i-DE", "voltage_kv": 45.0, "grid_status": "Congested", "is_friction": true }, "geometry": { "type": "Point", "coordinates": [ -5.660881688690433, 42.940441348738155 ] } },
{ "type": "Feature", "properties": { "substation_name": "4694", "provincia": "León", "municipio": "Villamañán", "latitude": 42.318011181851034, "longitude": -5.5793059337156157, "available_capacity_mw": 0.0, "distributor_network": "i-DE", "voltage_kv": 45.0, "grid_status": "Congested", "is_friction": true }, "geometry": { "type": "Point", "coordinates": [ -5.579305933715616, 42.318011181851034 ] } },
{ "type": "Feature", "properties": { "substation_name": "4695", "provincia": "León", "municipio": "Santa Colomba de Curueño", "latitude": 42.723188521999532, "longitude": -5.3666155770582922, "available_capacity_mw": 0.0, "distributor_network": "i-DE", "voltage_kv": 45.0, "grid_status": "Congested", "is_friction": true }, "geometry": { "type": "Point", "coordinates": [ -5.366615577058292, 42.723188521999532 ] } },
{ "type": "Feature", "properties": { "substation_name": "4696", "provincia": "León", "municipio": "Valderrueda", "latitude": 42.787388214129486, "longitude": -4.9776350877787214, "available_capacity_mw": 2.4, "distributor_network": "i-DE", "voltage_kv": 45.0, "grid_status": "Moderate", "is_friction": true }, "geometry": { "type": "Point", "coordinates": [ -4.977635087778721, 42.787388214129486 ] } },
{ "type": "Feature", "properties": { "substation_name": "4699", "provincia": "León", "municipio": "Valencia de Don Juan", "latitude": 42.277019708042445, "longitude": -5.5163477831563767, "available_capacity_mw": 0.0, "distributor_network": "i-DE", "voltage_kv": 45.0, "grid_status": "Congested", "is_friction": true }, "geometry": { "type": "Point", "coordinates": [ -5.516347783156377, 42.277019708042445 ] } },
{ "type": "Feature", "properties": { "substation_name": "4700", "provincia": "León", "municipio": "León", "latitude": 42.573693317366654, "longitude": -5.5449458397039182, "available_capacity_mw": 0.0, "distributor_network": "i-DE", "voltage_kv": 45.0, "grid_status": "Congested", "is_friction": true }, "geometry": { "type": "Point", "coordinates": [ -5.544945839703918, 42.573693317366654 ] } },
{ "type": "Feature", "properties": { "substation_name": "4701", "provincia": "León", "municipio": "León", "latitude": 42.612962675029067, "longitude": -5.5916293373977917, "available_capacity_mw": 0.0, "distributor_network": "i-DE", "voltage_kv": 132.0, "grid_status": "Congested", "is_friction": true }, "geometry": { "type": "Point", "coordinates": [ -5.591629337397792, 42.612962675029067 ] } },
{ "type": "Feature", "properties": { "substation_name": "4703", "provincia": "Palencia", "municipio": "Guardo", "latitude": 42.786550063491674, "longitude": -4.8625564392901151, "available_capacity_mw": 2.4, "distributor_network": "i-DE", "voltage_kv": 45.0, "grid_status": "Moderate", "is_friction": true }, "geometry": { "type": "Point", "coordinates": [ -4.862556439290115, 42.786550063491674 ] } },
{ "type": "Feature", "properties": { "substation_name": "4704", "provincia": "Palencia", "municipio": "Saldaña", "latitude": 42.522128020302105, "longitude": -4.7333826314478236, "available_capacity_mw": 2.4, "distributor_network": "i-DE", "voltage_kv": 45.0, "grid_status": "Moderate", "is_friction": true }, "geometry": { "type": "Point", "coordinates": [ -4.733382631447824, 42.522128020302105 ] } },
{ "type": "Feature", "properties": { "substation_name": "4705", "provincia": "Palencia", "municipio": "Santibáñez de la Peña", "latitude": 42.803856233726307, "longitude": -4.7382537705500303, "available_capacity_mw": 2.4, "distributor_network": "i-DE", "voltage_kv": 45.0, "grid_status": "Moderate", "is_friction": true }, "geometry": { "type": "Point", "coordinates": [ -4.73825377055003, 42.803856233726307 ] } },
{ "type": "Feature", "properties": { "substation_name": "4706", "provincia": "Zamora", "municipio": "Santibáñez de Tera", "latitude": 42.005325239034967, "longitude": -5.9130966814993977, "available_capacity_mw": 0.0, "distributor_network": "i-DE", "voltage_kv": 45.0, "grid_status": "Congested", "is_friction": true }, "geometry": { "type": "Point", "coordinates": [ -5.913096681499398, 42.005325239034967 ] } },
{ "type": "Feature", "properties": { "substation_name": "4707", "provincia": "Zamora", "municipio": "Villalpando", "latitude": 41.874924424573905, "longitude": -5.4443752045394254, "available_capacity_mw": 0.0, "distributor_network": "i-DE", "voltage_kv": 45.0, "grid_status": "Congested", "is_friction": true }, "geometry": { "type": "Point", "coordinates": [ -5.444375204539425, 41.874924424573905 ] } },
{ "type": "Feature", "properties": { "substation_name": "4709", "provincia": "Navarra", "municipio": "Valle de Yerri/Deierri", "latitude": 42.668277700278502, "longitude": -1.9559630794556269, "available_capacity_mw": 1.0, "distributor_network": "i-DE", "voltage_kv": 66.0, "grid_status": "Moderate", "is_friction": true }, "geometry": { "type": "Point", "coordinates": [ -1.955963079455627, 42.668277700278502 ] } },
{ "type": "Feature", "properties": { "substation_name": "4710", "provincia": "Navarra", "municipio": "Huarte/Uharte", "latitude": 42.837394324848567, "longitude": -1.6020533398688133, "available_capacity_mw": 0.0, "distributor_network": "i-DE", "voltage_kv": 66.0, "grid_status": "Congested", "is_friction": true }, "geometry": { "type": "Point", "coordinates": [ -1.602053339868813, 42.837394324848567 ] } },
{ "type": "Feature", "properties": { "substation_name": "4711", "provincia": "Navarra", "municipio": "Lumbier", "latitude": 42.632621574310441, "longitude": -1.3242069740131552, "available_capacity_mw": 0.0, "distributor_network": "i-DE", "voltage_kv": 66.0, "grid_status": "Congested", "is_friction": true }, "geometry": { "type": "Point", "coordinates": [ -1.324206974013155, 42.632621574310441 ] } },
{ "type": "Feature", "properties": { "substation_name": "4712", "provincia": "Rioja, La", "municipio": "Agoncillo", "latitude": 42.439505200460793, "longitude": -2.2874586142670843, "available_capacity_mw": 0.0, "distributor_network": "i-DE", "voltage_kv": 66.0, "grid_status": "Congested", "is_friction": true }, "geometry": { "type": "Point", "coordinates": [ -2.287458614267084, 42.439505200460793 ] } },
{ "type": "Feature", "properties": { "substation_name": "4713", "provincia": "León", "municipio": "Cistierna", "latitude": 42.79601274319166, "longitude": -5.1271070460259294, "available_capacity_mw": 2.4, "distributor_network": "i-DE", "voltage_kv": 45.0, "grid_status": "Moderate", "is_friction": true }, "geometry": { "type": "Point", "coordinates": [ -5.127107046025929, 42.79601274319166 ] } },
{ "type": "Feature", "properties": { "substation_name": "4714", "provincia": "León", "municipio": "Boca de Huérgano", "latitude": 42.9729865788713, "longitude": -4.928536389487495, "available_capacity_mw": 2.4, "distributor_network": "i-DE", "voltage_kv": 45.0, "grid_status": "Moderate", "is_friction": true }, "geometry": { "type": "Point", "coordinates": [ -4.928536389487495, 42.9729865788713 ] } },
{ "type": "Feature", "properties": { "substation_name": "4715", "provincia": "Valladolid", "municipio": "Valladolid", "latitude": 41.616711185104784, "longitude": -4.7529320766167009, "available_capacity_mw": 0.0, "distributor_network": "i-DE", "voltage_kv": 45.0, "grid_status": "Congested", "is_friction": true }, "geometry": { "type": "Point", "coordinates": [ -4.752932076616701, 41.616711185104784 ] } },
{ "type": "Feature", "properties": { "substation_name": "4716", "provincia": "Valladolid", "municipio": "Valladolid", "latitude": 41.637290787209601, "longitude": -4.7096259921211843, "available_capacity_mw": 0.0, "distributor_network": "i-DE", "voltage_kv": 45.0, "grid_status": "Congested", "is_friction": true }, "geometry": { "type": "Point", "coordinates": [ -4.709625992121184, 41.637290787209601 ] } },
{ "type": "Feature", "properties": { "substation_name": "4717", "provincia": "Valladolid", "municipio": "Valladolid", "latitude": 41.628618695828429, "longitude": -4.7274944377276196, "available_capacity_mw": 0.0, "distributor_network": "i-DE", "voltage_kv": 45.0, "grid_status": "Congested", "is_friction": true }, "geometry": { "type": "Point", "coordinates": [ -4.72749443772762, 41.628618695828429 ] } },
{ "type": "Feature", "properties": { "substation_name": "4718", "provincia": "Valladolid", "municipio": "Valladolid", "latitude": 41.681170818292358, "longitude": -4.7138638422213317, "available_capacity_mw": 0.0, "distributor_network": "i-DE", "voltage_kv": 45.0, "grid_status": "Congested", "is_friction": true }, "geometry": { "type": "Point", "coordinates": [ -4.713863842221332, 41.681170818292358 ] } },
{ "type": "Feature", "properties": { "substation_name": "4719", "provincia": "Valladolid", "municipio": "Valladolid", "latitude": 41.650094966533089, "longitude": -4.6938701325979473, "available_capacity_mw": 0.0, "distributor_network": "i-DE", "voltage_kv": 45.0, "grid_status": "Congested", "is_friction": true }, "geometry": { "type": "Point", "coordinates": [ -4.693870132597947, 41.650094966533089 ] } },
{ "type": "Feature", "properties": { "substation_name": "4720", "provincia": "Valladolid", "municipio": "Valladolid", "latitude": 41.630969151029547, "longitude": -4.7211811037665203, "available_capacity_mw": 0.0, "distributor_network": "i-DE", "voltage_kv": 45.0, "grid_status": "Congested", "is_friction": true }, "geometry": { "type": "Point", "coordinates": [ -4.72118110376652, 41.630969151029547 ] } },
{ "type": "Feature", "properties": { "substation_name": "4721", "provincia": "Valladolid", "municipio": "Valladolid", "latitude": 41.671461040833847, "longitude": -4.7032845171222242, "available_capacity_mw": 0.0, "distributor_network": "i-DE", "voltage_kv": 45.0, "grid_status": "Congested", "is_friction": true }, "geometry": { "type": "Point", "coordinates": [ -4.703284517122224, 41.671461040833847 ] } },
{ "type": "Feature", "properties": { "substation_name": "4722", "provincia": "Valladolid", "municipio": "Valladolid", "latitude": 41.632998011265165, "longitude": -4.7100116700772494, "available_capacity_mw": 0.0, "distributor_network": "i-DE", "voltage_kv": 45.0, "grid_status": "Congested", "is_friction": true }, "geometry": { "type": "Point", "coordinates": [ -4.710011670077249, 41.632998011265165 ] } },
{ "type": "Feature", "properties": { "substation_name": "4723", "provincia": "Valladolid", "municipio": "Valladolid", "latitude": 41.619156921602645, "longitude": -4.7342519723547429, "available_capacity_mw": 0.0, "distributor_network": "i-DE", "voltage_kv": 45.0, "grid_status": "Congested", "is_friction": true }, "geometry": { "type": "Point", "coordinates": [ -4.734251972354743, 41.619156921602645 ] } },
{ "type": "Feature", "properties": { "substation_name": "4724", "provincia": "Valladolid", "municipio": "Valladolid", "latitude": 41.656552822908502, "longitude": -4.7042810979887504, "available_capacity_mw": 0.0, "distributor_network": "i-DE", "voltage_kv": 45.0, "grid_status": "Congested", "is_friction": true }, "geometry": { "type": "Point", "coordinates": [ -4.70428109798875, 41.656552822908502 ] } },
{ "type": "Feature", "properties": { "substation_name": "4725", "provincia": "Palencia", "municipio": "Palencia", "latitude": 42.000948751697464, "longitude": -4.5073533680174309, "available_capacity_mw": 0.0, "distributor_network": "i-DE", "voltage_kv": 45.0, "grid_status": "Congested", "is_friction": true }, "geometry": { "type": "Point", "coordinates": [ -4.507353368017431, 42.000948751697464 ] } },
{ "type": "Feature", "properties": { "substation_name": "4726", "provincia": "Palencia", "municipio": "Palencia", "latitude": 42.026417921811692, "longitude": -4.5521334943075322, "available_capacity_mw": 0.0, "distributor_network": "i-DE", "voltage_kv": 45.0, "grid_status": "Congested", "is_friction": true }, "geometry": { "type": "Point", "coordinates": [ -4.552133494307532, 42.026417921811692 ] } },
{ "type": "Feature", "properties": { "substation_name": "4727", "provincia": "Valladolid", "municipio": "Medina de Rioseco", "latitude": 41.878765644309631, "longitude": -5.0405440544386773, "available_capacity_mw": 0.0, "distributor_network": "i-DE", "voltage_kv": 45.0, "grid_status": "Congested", "is_friction": true }, "geometry": { "type": "Point", "coordinates": [ -5.040544054438677, 41.878765644309631 ] } },
{ "type": "Feature", "properties": { "substation_name": "4728", "provincia": "Valladolid", "municipio": "La Mudarra", "latitude": 41.789358580600016, "longitude": -4.9429713947295397, "available_capacity_mw": 0.0, "distributor_network": "i-DE", "voltage_kv": 45.0, "grid_status": "Congested", "is_friction": true }, "geometry": { "type": "Point", "coordinates": [ -4.94297139472954, 41.789358580600016 ] } },
{ "type": "Feature", "properties": { "substation_name": "4729", "provincia": "Valladolid", "municipio": "Simancas", "latitude": 41.560407629878803, "longitude": -4.8515090861701609, "available_capacity_mw": 0.0, "distributor_network": "i-DE", "voltage_kv": 45.0, "grid_status": "Congested", "is_friction": true }, "geometry": { "type": "Point", "coordinates": [ -4.851509086170161, 41.560407629878803 ] } },
{ "type": "Feature", "properties": { "substation_name": "4730", "provincia": "Valladolid", "municipio": "Cabezón de Pisuerga", "latitude": 41.742132740346229, "longitude": -4.6627119540685946, "available_capacity_mw": 0.0, "distributor_network": "i-DE", "voltage_kv": 45.0, "grid_status": "Congested", "is_friction": true }, "geometry": { "type": "Point", "coordinates": [ -4.662711954068595, 41.742132740346229 ] } },
{ "type": "Feature", "properties": { "substation_name": "4731", "provincia": "Valladolid", "municipio": "Tudela de Duero", "latitude": 41.581802305365457, "longitude": -4.5708885623500786, "available_capacity_mw": 0.0, "distributor_network": "i-DE", "voltage_kv": 45.0, "grid_status": "Congested", "is_friction": true }, "geometry": { "type": "Point", "coordinates": [ -4.570888562350079, 41.581802305365457 ] } },
{ "type": "Feature", "properties": { "substation_name": "4732", "provincia": "Valladolid", "municipio": "Villalón de Campos", "latitude": 42.09908475965068, "longitude": -5.0415554468475348, "available_capacity_mw": 0.0, "distributor_network": "i-DE", "voltage_kv": 45.0, "grid_status": "Congested", "is_friction": true }, "geometry": { "type": "Point", "coordinates": [ -5.041555446847535, 42.09908475965068 ] } },
{ "type": "Feature", "properties": { "substation_name": "4733", "provincia": "Valladolid", "municipio": "Boecillo", "latitude": 41.541130278642868, "longitude": -4.6845141524751845, "available_capacity_mw": 0.0, "distributor_network": "i-DE", "voltage_kv": 45.0, "grid_status": "Congested", "is_friction": true }, "geometry": { "type": "Point", "coordinates": [ -4.684514152475185, 41.541130278642868 ] } },
{ "type": "Feature", "properties": { "substation_name": "4734", "provincia": "Valladolid", "municipio": "Becilla de Valderaduey", "latitude": 42.096864526552054, "longitude": -5.2077527103129047, "available_capacity_mw": 0.0, "distributor_network": "i-DE", "voltage_kv": 45.0, "grid_status": "Congested", "is_friction": true }, "geometry": { "type": "Point", "coordinates": [ -5.207752710312905, 42.096864526552054 ] } },
{ "type": "Feature", "properties": { "substation_name": "4735", "provincia": "Valladolid", "municipio": "Tordesillas", "latitude": 41.515825231272771, "longitude": -4.9432656204668897, "available_capacity_mw": 0.0, "distributor_network": "i-DE", "voltage_kv": 45.0, "grid_status": "Congested", "is_friction": true }, "geometry": { "type": "Point", "coordinates": [ -4.94326562046689, 41.515825231272771 ] } },
{ "type": "Feature", "properties": { "substation_name": "4736", "provincia": "Valladolid", "municipio": "Pedrosa del Rey", "latitude": 41.51374773122307, "longitude": -5.2060651368180846, "available_capacity_mw": 0.0, "distributor_network": "i-DE", "voltage_kv": 45.0, "grid_status": "Congested", "is_friction": true }, "geometry": { "type": "Point", "coordinates": [ -5.206065136818085, 41.51374773122307 ] } },
{ "type": "Feature", "properties": { "substation_name": "4737", "provincia": "Valladolid", "municipio": "Tordesillas", "latitude": 41.492455702725493, "longitude": -5.0021643926492807, "available_capacity_mw": 0.0, "distributor_network": "i-DE", "voltage_kv": 45.0, "grid_status": "Congested", "is_friction": true }, "geometry": { "type": "Point", "coordinates": [ -5.002164392649281, 41.492455702725493 ] } },
{ "type": "Feature", "properties": { "substation_name": "4738", "provincia": "Valladolid", "municipio": "Mota del Marqués", "latitude": 41.621700312575037, "longitude": -5.1698486604086789, "available_capacity_mw": 0.0, "distributor_network": "i-DE", "voltage_kv": 45.0, "grid_status": "Congested", "is_friction": true }, "geometry": { "type": "Point", "coordinates": [ -5.169848660408679, 41.621700312575037 ] } },
{ "type": "Feature", "properties": { "substation_name": "4739", "provincia": "Palencia", "municipio": "Venta de Baños", "latitude": 41.916282371224305, "longitude": -4.4849221445407954, "available_capacity_mw": 0.0, "distributor_network": "i-DE", "voltage_kv": 45.0, "grid_status": "Congested", "is_friction": true }, "geometry": { "type": "Point", "coordinates": [ -4.484922144540795, 41.916282371224305 ] } },
{ "type": "Feature", "properties": { "substation_name": "4740", "provincia": "Palencia", "municipio": "Fuentes de Nava", "latitude": 42.083652266543147, "longitude": -4.7900213435110262, "available_capacity_mw": 0.0, "distributor_network": "i-DE", "voltage_kv": 45.0, "grid_status": "Congested", "is_friction": true }, "geometry": { "type": "Point", "coordinates": [ -4.790021343511026, 42.083652266543147 ] } },
{ "type": "Feature", "properties": { "substation_name": "4741", "provincia": "Palencia", "municipio": "Becerril de Campos", "latitude": 42.113769326263892, "longitude": -4.6363337838024661, "available_capacity_mw": 0.0, "distributor_network": "i-DE", "voltage_kv": 45.0, "grid_status": "Congested", "is_friction": true }, "geometry": { "type": "Point", "coordinates": [ -4.636333783802466, 42.113769326263892 ] } },
{ "type": "Feature", "properties": { "substation_name": "4742", "provincia": "Palencia", "municipio": "Herrera de Valdecañas", "latitude": 42.067263017145045, "longitude": -4.2209979673370386, "available_capacity_mw": 0.0, "distributor_network": "i-DE", "voltage_kv": 45.0, "grid_status": "Congested", "is_friction": true }, "geometry": { "type": "Point", "coordinates": [ -4.220997967337039, 42.067263017145045 ] } },
{ "type": "Feature", "properties": { "substation_name": "4743", "provincia": "Palencia", "municipio": "Frómista", "latitude": 42.262102802943708, "longitude": -4.4075003310582135, "available_capacity_mw": 0.0, "distributor_network": "i-DE", "voltage_kv": 45.0, "grid_status": "Congested", "is_friction": true }, "geometry": { "type": "Point", "coordinates": [ -4.407500331058213, 42.262102802943708 ] } },
{ "type": "Feature", "properties": { "substation_name": "4745", "provincia": "Valladolid", "municipio": "Medina del Campo", "latitude": 41.291267574779575, "longitude": -4.9200633348524008, "available_capacity_mw": 0.0, "distributor_network": "i-DE", "voltage_kv": 45.0, "grid_status": "Congested", "is_friction": true }, "geometry": { "type": "Point", "coordinates": [ -4.920063334852401, 41.291267574779575 ] } },
{ "type": "Feature", "properties": { "substation_name": "4746", "provincia": "Valladolid", "municipio": "Matapozuelos", "latitude": 41.410332961869386, "longitude": -4.7799431892263904, "available_capacity_mw": 0.0, "distributor_network": "i-DE", "voltage_kv": 45.0, "grid_status": "Congested", "is_friction": true }, "geometry": { "type": "Point", "coordinates": [ -4.77994318922639, 41.410332961869386 ] } },
{ "type": "Feature", "properties": { "substation_name": "4747", "provincia": "Valladolid", "municipio": "Nava del Rey", "latitude": 41.325605459661176, "longitude": -5.0910372481441168, "available_capacity_mw": 0.0, "distributor_network": "i-DE", "voltage_kv": 45.0, "grid_status": "Congested", "is_friction": true }, "geometry": { "type": "Point", "coordinates": [ -5.091037248144117, 41.325605459661176 ] } },
{ "type": "Feature", "properties": { "substation_name": "4748", "provincia": "Valladolid", "municipio": "Fresno el Viejo", "latitude": 41.203592653200268, "longitude": -5.1405195531938492, "available_capacity_mw": 0.0, "distributor_network": "i-DE", "voltage_kv": 45.0, "grid_status": "Congested", "is_friction": true }, "geometry": { "type": "Point", "coordinates": [ -5.140519553193849, 41.203592653200268 ] } },
{ "type": "Feature", "properties": { "substation_name": "4749", "provincia": "Valladolid", "municipio": "Íscar", "latitude": 41.356851723799359, "longitude": -4.5494572618812121, "available_capacity_mw": 0.0, "distributor_network": "i-DE", "voltage_kv": 45.0, "grid_status": "Congested", "is_friction": true }, "geometry": { "type": "Point", "coordinates": [ -4.549457261881212, 41.356851723799359 ] } },
{ "type": "Feature", "properties": { "substation_name": "4750", "provincia": "Valladolid", "municipio": "Olmedo", "latitude": 41.291580860897326, "longitude": -4.6833295605350145, "available_capacity_mw": 0.0, "distributor_network": "i-DE", "voltage_kv": 45.0, "grid_status": "Congested", "is_friction": true }, "geometry": { "type": "Point", "coordinates": [ -4.683329560535014, 41.291580860897326 ] } },
{ "type": "Feature", "properties": { "substation_name": "4751", "provincia": "Valladolid", "municipio": "Serrada", "latitude": 41.462091356054422, "longitude": -4.8722204290707971, "available_capacity_mw": 0.0, "distributor_network": "i-DE", "voltage_kv": 45.0, "grid_status": "Congested", "is_friction": true }, "geometry": { "type": "Point", "coordinates": [ -4.872220429070797, 41.462091356054422 ] } },
{ "type": "Feature", "properties": { "substation_name": "4752", "provincia": "Valladolid", "municipio": "Quintanilla de Onésimo", "latitude": 41.624185423698613, "longitude": -4.3705452359726236, "available_capacity_mw": 0.0, "distributor_network": "i-DE", "voltage_kv": 45.0, "grid_status": "Congested", "is_friction": true }, "geometry": { "type": "Point", "coordinates": [ -4.370545235972624, 41.624185423698613 ] } },
{ "type": "Feature", "properties": { "substation_name": "4753", "provincia": "Valladolid", "municipio": "Peñafiel", "latitude": 41.591344700161294, "longitude": -4.1213415659032178, "available_capacity_mw": 0.0, "distributor_network": "i-DE", "voltage_kv": 45.0, "grid_status": "Congested", "is_friction": true }, "geometry": { "type": "Point", "coordinates": [ -4.121341565903218, 41.591344700161294 ] } },
{ "type": "Feature", "properties": { "substation_name": "4754", "provincia": "Valladolid", "municipio": "Villafuerte", "latitude": 41.736762930067009, "longitude": -4.3323307527225285, "available_capacity_mw": 0.0, "distributor_network": "i-DE", "voltage_kv": 45.0, "grid_status": "Congested", "is_friction": true }, "geometry": { "type": "Point", "coordinates": [ -4.332330752722529, 41.736762930067009 ] } },
{ "type": "Feature", "properties": { "substation_name": "4755", "provincia": "Burgos", "municipio": "Burgos", "latitude": 42.357788112547588, "longitude": -3.761442332872206, "available_capacity_mw": 0.0, "distributor_network": "i-DE", "voltage_kv": 45.0, "grid_status": "Congested", "is_friction": true }, "geometry": { "type": "Point", "coordinates": [ -3.761442332872206, 42.357788112547588 ] } },
{ "type": "Feature", "properties": { "substation_name": "4756", "provincia": "Burgos", "municipio": "Burgos", "latitude": 42.352661633081162, "longitude": -3.6530721316021495, "available_capacity_mw": 0.0, "distributor_network": "i-DE", "voltage_kv": 45.0, "grid_status": "Congested", "is_friction": true }, "geometry": { "type": "Point", "coordinates": [ -3.653072131602149, 42.352661633081162 ] } },
{ "type": "Feature", "properties": { "substation_name": "4757", "provincia": "Burgos", "municipio": "Burgos", "latitude": 42.336430100948675, "longitude": -3.681593330532857, "available_capacity_mw": 0.0, "distributor_network": "i-DE", "voltage_kv": 45.0, "grid_status": "Congested", "is_friction": true }, "geometry": { "type": "Point", "coordinates": [ -3.681593330532857, 42.336430100948675 ] } },
{ "type": "Feature", "properties": { "substation_name": "4758", "provincia": "Burgos", "municipio": "Burgos", "latitude": 42.352818429890078, "longitude": -3.6952847661806887, "available_capacity_mw": 0.0, "distributor_network": "i-DE", "voltage_kv": 45.0, "grid_status": "Congested", "is_friction": true }, "geometry": { "type": "Point", "coordinates": [ -3.695284766180689, 42.352818429890078 ] } },
{ "type": "Feature", "properties": { "substation_name": "4759", "provincia": "Burgos", "municipio": "Miranda de Ebro", "latitude": 42.6792578608989, "longitude": -2.9332954108500289, "available_capacity_mw": 0.0, "distributor_network": "i-DE", "voltage_kv": 30.0, "grid_status": "Congested", "is_friction": true }, "geometry": { "type": "Point", "coordinates": [ -2.933295410850029, 42.6792578608989 ] } },
{ "type": "Feature", "properties": { "substation_name": "4760", "provincia": "Araba/Álava", "municipio": "Lantarón", "latitude": 42.767525662729057, "longitude": -3.0486715667128403, "available_capacity_mw": 0.0, "distributor_network": "i-DE", "voltage_kv": 30.0, "grid_status": "Congested", "is_friction": true }, "geometry": { "type": "Point", "coordinates": [ -3.04867156671284, 42.767525662729057 ] } },
{ "type": "Feature", "properties": { "substation_name": "4761", "provincia": "Burgos", "municipio": "Miranda de Ebro", "latitude": 42.698280863613007, "longitude": -2.972963639923909, "available_capacity_mw": 0.0, "distributor_network": "i-DE", "voltage_kv": 30.0, "grid_status": "Congested", "is_friction": true }, "geometry": { "type": "Point", "coordinates": [ -2.972963639923909, 42.698280863613007 ] } },
{ "type": "Feature", "properties": { "substation_name": "4762", "provincia": "Burgos", "municipio": "Pancorbo", "latitude": 42.621124956468933, "longitude": -3.1002892366118489, "available_capacity_mw": 0.0, "distributor_network": "i-DE", "voltage_kv": 45.0, "grid_status": "Congested", "is_friction": true }, "geometry": { "type": "Point", "coordinates": [ -3.100289236611849, 42.621124956468933 ] } },
{ "type": "Feature", "properties": { "substation_name": "4763", "provincia": "Burgos", "municipio": "Villarcayo de Merindad de Castilla la Vieja", "latitude": 42.933672014952691, "longitude": -3.5771344827824678, "available_capacity_mw": 0.0, "distributor_network": "i-DE", "voltage_kv": 45.0, "grid_status": "Congested", "is_friction": true }, "geometry": { "type": "Point", "coordinates": [ -3.577134482782468, 42.933672014952691 ] } },
{ "type": "Feature", "properties": { "substation_name": "4765", "provincia": "Burgos", "municipio": "Trespaderne", "latitude": 42.796869203998391, "longitude": -3.3959486963531353, "available_capacity_mw": 0.0, "distributor_network": "i-DE", "voltage_kv": 45.0, "grid_status": "Congested", "is_friction": true }, "geometry": { "type": "Point", "coordinates": [ -3.395948696353135, 42.796869203998391 ] } },
{ "type": "Feature", "properties": { "substation_name": "4767", "provincia": "Burgos", "municipio": "La Vid y Barrios", "latitude": 41.633627090700273, "longitude": -3.4967861534863824, "available_capacity_mw": 0.0, "distributor_network": "i-DE", "voltage_kv": 45.0, "grid_status": "Congested", "is_friction": true }, "geometry": { "type": "Point", "coordinates": [ -3.496786153486382, 41.633627090700273 ] } },
{ "type": "Feature", "properties": { "substation_name": "4768", "provincia": "Burgos", "municipio": "Aranda de Duero", "latitude": 41.63921670305767, "longitude": -3.6963170569289279, "available_capacity_mw": 0.0, "distributor_network": "i-DE", "voltage_kv": 45.0, "grid_status": "Congested", "is_friction": true }, "geometry": { "type": "Point", "coordinates": [ -3.696317056928928, 41.63921670305767 ] } },
{ "type": "Feature", "properties": { "substation_name": "4769", "provincia": "Burgos", "municipio": "Fuentecén", "latitude": 41.630210699894974, "longitude": -3.8611380887748448, "available_capacity_mw": 0.0, "distributor_network": "i-DE", "voltage_kv": 45.0, "grid_status": "Congested", "is_friction": true }, "geometry": { "type": "Point", "coordinates": [ -3.861138088774845, 41.630210699894974 ] } },
{ "type": "Feature", "properties": { "substation_name": "4770", "provincia": "Burgos", "municipio": "Oquillas", "latitude": 41.827006412409261, "longitude": -3.7076434630092501, "available_capacity_mw": 0.0, "distributor_network": "i-DE", "voltage_kv": 45.0, "grid_status": "Congested", "is_friction": true }, "geometry": { "type": "Point", "coordinates": [ -3.70764346300925, 41.827006412409261 ] } },
{ "type": "Feature", "properties": { "substation_name": "4771", "provincia": "Burgos", "municipio": "Villafranca Montes de Oca", "latitude": 42.393571882501469, "longitude": -3.3045526172159652, "available_capacity_mw": 0.0, "distributor_network": "i-DE", "voltage_kv": 45.0, "grid_status": "Congested", "is_friction": true }, "geometry": { "type": "Point", "coordinates": [ -3.304552617215965, 42.393571882501469 ] } },
{ "type": "Feature", "properties": { "substation_name": "4772", "provincia": "Burgos", "municipio": "Quintanapalla", "latitude": 42.410778566820348, "longitude": -3.5311301830099757, "available_capacity_mw": 0.0, "distributor_network": "i-DE", "voltage_kv": 45.0, "grid_status": "Congested", "is_friction": true }, "geometry": { "type": "Point", "coordinates": [ -3.531130183009976, 42.410778566820348 ] } },
{ "type": "Feature", "properties": { "substation_name": "4773", "provincia": "Burgos", "municipio": "Briviesca", "latitude": 42.556621187406833, "longitude": -3.3279173328516811, "available_capacity_mw": 0.0, "distributor_network": "i-DE", "voltage_kv": 45.0, "grid_status": "Congested", "is_friction": true }, "geometry": { "type": "Point", "coordinates": [ -3.327917332851681, 42.556621187406833 ] } },
{ "type": "Feature", "properties": { "substation_name": "4774", "provincia": "Burgos", "municipio": "Briviesca", "latitude": 42.561314526391953, "longitude": -3.3177404974439249, "available_capacity_mw": 0.0, "distributor_network": "i-DE", "voltage_kv": 45.0, "grid_status": "Congested", "is_friction": true }, "geometry": { "type": "Point", "coordinates": [ -3.317740497443925, 42.561314526391953 ] } },
{ "type": "Feature", "properties": { "substation_name": "4775", "provincia": "Burgos", "municipio": "Cerezo de Río Tirón", "latitude": 42.489006098928527, "longitude": -3.148312218880267, "available_capacity_mw": 0.0, "distributor_network": "i-DE", "voltage_kv": 45.0, "grid_status": "Congested", "is_friction": true }, "geometry": { "type": "Point", "coordinates": [ -3.148312218880267, 42.489006098928527 ] } },
{ "type": "Feature", "properties": { "substation_name": "4776", "provincia": "Burgos", "municipio": "Villaquirán de los Infantes", "latitude": 42.217531258969949, "longitude": -4.0021542046077947, "available_capacity_mw": 0.0, "distributor_network": "i-DE", "voltage_kv": 45.0, "grid_status": "Congested", "is_friction": true }, "geometry": { "type": "Point", "coordinates": [ -4.002154204607795, 42.217531258969949 ] } },
{ "type": "Feature", "properties": { "substation_name": "4777", "provincia": "Burgos", "municipio": "Sarracín", "latitude": 42.248229597515618, "longitude": -3.7030919765327148, "available_capacity_mw": 0.0, "distributor_network": "i-DE", "voltage_kv": 45.0, "grid_status": "Congested", "is_friction": true }, "geometry": { "type": "Point", "coordinates": [ -3.703091976532715, 42.248229597515618 ] } },
{ "type": "Feature", "properties": { "substation_name": "4778", "provincia": "Burgos", "municipio": "Lerma", "latitude": 42.016468659973704, "longitude": -3.7482388704988487, "available_capacity_mw": 0.0, "distributor_network": "i-DE", "voltage_kv": 45.0, "grid_status": "Congested", "is_friction": true }, "geometry": { "type": "Point", "coordinates": [ -3.748238870498849, 42.016468659973704 ] } },
{ "type": "Feature", "properties": { "substation_name": "4779", "provincia": "Burgos", "municipio": "Salas de los Infantes", "latitude": 42.018181089933869, "longitude": -3.2764857992736971, "available_capacity_mw": 0.0, "distributor_network": "i-DE", "voltage_kv": 45.0, "grid_status": "Congested", "is_friction": true }, "geometry": { "type": "Point", "coordinates": [ -3.276485799273697, 42.018181089933869 ] } },
{ "type": "Feature", "properties": { "substation_name": "4780", "provincia": "Burgos", "municipio": "Quintanar de la Sierra", "latitude": 41.972105328379833, "longitude": -3.0412931773400076, "available_capacity_mw": 0.0, "distributor_network": "i-DE", "voltage_kv": 45.0, "grid_status": "Congested", "is_friction": true }, "geometry": { "type": "Point", "coordinates": [ -3.041293177340008, 41.972105328379833 ] } },
{ "type": "Feature", "properties": { "substation_name": "4781", "provincia": "Burgos", "municipio": "Regumiel de la Sierra", "latitude": 41.951241914652826, "longitude": -2.9934846732930143, "available_capacity_mw": 0.0, "distributor_network": "i-DE", "voltage_kv": 45.0, "grid_status": "Congested", "is_friction": true }, "geometry": { "type": "Point", "coordinates": [ -2.993484673293014, 41.951241914652826 ] } },
{ "type": "Feature", "properties": { "substation_name": "4782", "provincia": "Burgos", "municipio": "Ibeas de Juarros", "latitude": 42.330942888381443, "longitude": -3.528891060826191, "available_capacity_mw": 0.0, "distributor_network": "i-DE", "voltage_kv": 45.0, "grid_status": "Congested", "is_friction": true }, "geometry": { "type": "Point", "coordinates": [ -3.528891060826191, 42.330942888381443 ] } },
{ "type": "Feature", "properties": { "substation_name": "4783", "provincia": "Burgos", "municipio": "Valle de Sedano", "latitude": 42.708898797387789, "longitude": -3.7324415284329602, "available_capacity_mw": 0.0, "distributor_network": "i-DE", "voltage_kv": 45.0, "grid_status": "Congested", "is_friction": true }, "geometry": { "type": "Point", "coordinates": [ -3.73244152843296, 42.708898797387789 ] } },
{ "type": "Feature", "properties": { "substation_name": "4784", "provincia": "Burgos", "municipio": "Merindad de Río Ubierna", "latitude": 42.491697193546109, "longitude": -3.7010020985468017, "available_capacity_mw": 0.0, "distributor_network": "i-DE", "voltage_kv": 45.0, "grid_status": "Congested", "is_friction": true }, "geometry": { "type": "Point", "coordinates": [ -3.701002098546802, 42.491697193546109 ] } },
{ "type": "Feature", "properties": { "substation_name": "4785", "provincia": "Soria", "municipio": "Soria", "latitude": 41.772972580116175, "longitude": -2.4465243469795026, "available_capacity_mw": 0.0, "distributor_network": "i-DE", "voltage_kv": 45.0, "grid_status": "Congested", "is_friction": true }, "geometry": { "type": "Point", "coordinates": [ -2.446524346979503, 41.772972580116175 ] } },
{ "type": "Feature", "properties": { "substation_name": "4786", "provincia": "Soria", "municipio": "Burgo de Osma-Ciudad de Osma", "latitude": 41.58675650984852, "longitude": -3.0549602814722645, "available_capacity_mw": 0.0, "distributor_network": "i-DE", "voltage_kv": 45.0, "grid_status": "Congested", "is_friction": true }, "geometry": { "type": "Point", "coordinates": [ -3.054960281472265, 41.58675650984852 ] } },
{ "type": "Feature", "properties": { "substation_name": "4787", "provincia": "Soria", "municipio": "San Esteban de Gormaz", "latitude": 41.576117124347213, "longitude": -3.2117658539011966, "available_capacity_mw": 0.0, "distributor_network": "i-DE", "voltage_kv": 45.0, "grid_status": "Congested", "is_friction": true }, "geometry": { "type": "Point", "coordinates": [ -3.211765853901197, 41.576117124347213 ] } },
{ "type": "Feature", "properties": { "substation_name": "4788", "provincia": "Soria", "municipio": "Langa de Duero", "latitude": 41.606756699179378, "longitude": -3.3908250401961659, "available_capacity_mw": 0.0, "distributor_network": "i-DE", "voltage_kv": 45.0, "grid_status": "Congested", "is_friction": true }, "geometry": { "type": "Point", "coordinates": [ -3.390825040196166, 41.606756699179378 ] } },
{ "type": "Feature", "properties": { "substation_name": "4789", "provincia": "Soria", "municipio": "Berlanga de Duero", "latitude": 41.474641908713714, "longitude": -2.8607094404017492, "available_capacity_mw": 0.0, "distributor_network": "i-DE", "voltage_kv": 45.0, "grid_status": "Congested", "is_friction": true }, "geometry": { "type": "Point", "coordinates": [ -2.860709440401749, 41.474641908713714 ] } },
{ "type": "Feature", "properties": { "substation_name": "4790", "provincia": "Soria", "municipio": "Molinos de Duero", "latitude": 41.883605937836059, "longitude": -2.7851467461812951, "available_capacity_mw": 0.0, "distributor_network": "i-DE", "voltage_kv": 45.0, "grid_status": "Congested", "is_friction": true }, "geometry": { "type": "Point", "coordinates": [ -2.785146746181295, 41.883605937836059 ] } },
{ "type": "Feature", "properties": { "substation_name": "4791", "provincia": "Soria", "municipio": "Vinuesa", "latitude": 41.903586957430178, "longitude": -2.7664767320893309, "available_capacity_mw": 0.0, "distributor_network": "i-DE", "voltage_kv": 45.0, "grid_status": "Congested", "is_friction": true }, "geometry": { "type": "Point", "coordinates": [ -2.766476732089331, 41.903586957430178 ] } },
{ "type": "Feature", "properties": { "substation_name": "4792", "provincia": "Soria", "municipio": "Covaleda", "latitude": 41.942820272217894, "longitude": -2.8916773841036219, "available_capacity_mw": 0.0, "distributor_network": "i-DE", "voltage_kv": 45.0, "grid_status": "Congested", "is_friction": true }, "geometry": { "type": "Point", "coordinates": [ -2.891677384103622, 41.942820272217894 ] } },
{ "type": "Feature", "properties": { "substation_name": "4793", "provincia": "Soria", "municipio": "Duruelo de la Sierra", "latitude": 41.951383980303341, "longitude": -2.9214571031961123, "available_capacity_mw": 0.0, "distributor_network": "i-DE", "voltage_kv": 45.0, "grid_status": "Congested", "is_friction": true }, "geometry": { "type": "Point", "coordinates": [ -2.921457103196112, 41.951383980303341 ] } },
{ "type": "Feature", "properties": { "substation_name": "4794", "provincia": "Soria", "municipio": "Navaleno", "latitude": 41.836221090104893, "longitude": -3.0013415448286751, "available_capacity_mw": 0.0, "distributor_network": "i-DE", "voltage_kv": 45.0, "grid_status": "Congested", "is_friction": true }, "geometry": { "type": "Point", "coordinates": [ -3.001341544828675, 41.836221090104893 ] } },
{ "type": "Feature", "properties": { "substation_name": "4795", "provincia": "Soria", "municipio": "San Leonardo de Yagüe", "latitude": 41.821402668903573, "longitude": -3.0711875185864508, "available_capacity_mw": 0.0, "distributor_network": "i-DE", "voltage_kv": 45.0, "grid_status": "Congested", "is_friction": true }, "geometry": { "type": "Point", "coordinates": [ -3.071187518586451, 41.821402668903573 ] } },
{ "type": "Feature", "properties": { "substation_name": "4796", "provincia": "Segovia", "municipio": "Villacastín", "latitude": 40.689448108869477, "longitude": -4.4273288013171994, "available_capacity_mw": 0.0, "distributor_network": "i-DE", "voltage_kv": 45.0, "grid_status": "Congested", "is_friction": true }, "geometry": { "type": "Point", "coordinates": [ -4.427328801317199, 40.689448108869477 ] } },
{ "type": "Feature", "properties": { "substation_name": "4797", "provincia": "Ávila", "municipio": "Gotarrendura", "latitude": 40.826335096856774, "longitude": -4.7348162249671679, "available_capacity_mw": 0.0, "distributor_network": "i-DE", "voltage_kv": 45.0, "grid_status": "Congested", "is_friction": true }, "geometry": { "type": "Point", "coordinates": [ -4.734816224967168, 40.826335096856774 ] } },
{ "type": "Feature", "properties": { "substation_name": "4798", "provincia": "Ávila", "municipio": "Muñana", "latitude": 40.579299149517702, "longitude": -5.0106823569591423, "available_capacity_mw": 0.0, "distributor_network": "i-DE", "voltage_kv": 45.0, "grid_status": "Congested", "is_friction": true }, "geometry": { "type": "Point", "coordinates": [ -5.010682356959142, 40.579299149517702 ] } },
{ "type": "Feature", "properties": { "substation_name": "4799", "provincia": "Ávila", "municipio": "Navalperal de Pinares", "latitude": 40.593364651086105, "longitude": -4.4138237032747343, "available_capacity_mw": 0.0, "distributor_network": "i-DE", "voltage_kv": 45.0, "grid_status": "Congested", "is_friction": true }, "geometry": { "type": "Point", "coordinates": [ -4.413823703274734, 40.593364651086105 ] } },
{ "type": "Feature", "properties": { "substation_name": "4800", "provincia": "Ávila", "municipio": "Maello", "latitude": 40.858062512923205, "longitude": -4.5549414312817236, "available_capacity_mw": 0.0, "distributor_network": "i-DE", "voltage_kv": 45.0, "grid_status": "Congested", "is_friction": true }, "geometry": { "type": "Point", "coordinates": [ -4.554941431281724, 40.858062512923205 ] } },
{ "type": "Feature", "properties": { "substation_name": "4801", "provincia": "Ávila", "municipio": "Arévalo", "latitude": 41.051870208627584, "longitude": -4.7090161686344532, "available_capacity_mw": 0.0, "distributor_network": "i-DE", "voltage_kv": 45.0, "grid_status": "Congested", "is_friction": true }, "geometry": { "type": "Point", "coordinates": [ -4.709016168634453, 41.051870208627584 ] } },
{ "type": "Feature", "properties": { "substation_name": "4802", "provincia": "Ávila", "municipio": "Fontiveros", "latitude": 40.931870200410685, "longitude": -4.9704044379973551, "available_capacity_mw": 0.0, "distributor_network": "i-DE", "voltage_kv": 45.0, "grid_status": "Congested", "is_friction": true }, "geometry": { "type": "Point", "coordinates": [ -4.970404437997355, 40.931870200410685 ] } },
{ "type": "Feature", "properties": { "substation_name": "4803", "provincia": "Ávila", "municipio": "Madrigal de las Altas Torres", "latitude": 41.084057379030568, "longitude": -4.9985212995162875, "available_capacity_mw": 0.0, "distributor_network": "i-DE", "voltage_kv": 45.0, "grid_status": "Congested", "is_friction": true }, "geometry": { "type": "Point", "coordinates": [ -4.998521299516288, 41.084057379030568 ] } },
{ "type": "Feature", "properties": { "substation_name": "4804", "provincia": "Ávila", "municipio": "Arenas de San Pedro", "latitude": 40.178433438319175, "longitude": -5.0382626482262145, "available_capacity_mw": 0.0, "distributor_network": "i-DE", "voltage_kv": 45.0, "grid_status": "Congested", "is_friction": true }, "geometry": { "type": "Point", "coordinates": [ -5.038262648226215, 40.178433438319175 ] } },
{ "type": "Feature", "properties": { "substation_name": "4805", "provincia": "Ávila", "municipio": "Candeleda", "latitude": 40.150997627547447, "longitude": -5.2373952163525477, "available_capacity_mw": 0.0, "distributor_network": "i-DE", "voltage_kv": 45.0, "grid_status": "Congested", "is_friction": true }, "geometry": { "type": "Point", "coordinates": [ -5.237395216352548, 40.150997627547447 ] } },
{ "type": "Feature", "properties": { "substation_name": "4806", "provincia": "Ávila", "municipio": "El Barco de Ávila", "latitude": 40.361164163618987, "longitude": -5.5238226640332559, "available_capacity_mw": 0.0, "distributor_network": "i-DE", "voltage_kv": 45.0, "grid_status": "Congested", "is_friction": true }, "geometry": { "type": "Point", "coordinates": [ -5.523822664033256, 40.361164163618987 ] } },
{ "type": "Feature", "properties": { "substation_name": "4807", "provincia": "Ávila", "municipio": "Piedrahíta", "latitude": 40.457926556357229, "longitude": -5.3233699598251292, "available_capacity_mw": 0.0, "distributor_network": "i-DE", "voltage_kv": 45.0, "grid_status": "Congested", "is_friction": true }, "geometry": { "type": "Point", "coordinates": [ -5.323369959825129, 40.457926556357229 ] } },
{ "type": "Feature", "properties": { "substation_name": "4808", "provincia": "Salamanca", "municipio": "Villaseco de los Reyes", "latitude": 41.12018127403104, "longitude": -6.0785042836441772, "available_capacity_mw": 0.0, "distributor_network": "i-DE", "voltage_kv": 45.0, "grid_status": "Congested", "is_friction": true }, "geometry": { "type": "Point", "coordinates": [ -6.078504283644177, 41.12018127403104 ] } },
{ "type": "Feature", "properties": { "substation_name": "4809", "provincia": "Salamanca", "municipio": "Salamanca", "latitude": 40.944625040873021, "longitude": -5.6609888982823193, "available_capacity_mw": 0.0, "distributor_network": "i-DE", "voltage_kv": 45.0, "grid_status": "Congested", "is_friction": true }, "geometry": { "type": "Point", "coordinates": [ -5.660988898282319, 40.944625040873021 ] } },
{ "type": "Feature", "properties": { "substation_name": "4810", "provincia": "Salamanca", "municipio": "Salamanca", "latitude": 40.959629069220625, "longitude": -5.6478695472997771, "available_capacity_mw": 0.0, "distributor_network": "i-DE", "voltage_kv": 45.0, "grid_status": "Congested", "is_friction": true }, "geometry": { "type": "Point", "coordinates": [ -5.647869547299777, 40.959629069220625 ] } },
{ "type": "Feature", "properties": { "substation_name": "4811", "provincia": "Salamanca", "municipio": "Béjar", "latitude": 40.389175383903115, "longitude": -5.7536945164726019, "available_capacity_mw": 0.0, "distributor_network": "i-DE", "voltage_kv": 45.0, "grid_status": "Congested", "is_friction": true }, "geometry": { "type": "Point", "coordinates": [ -5.753694516472602, 40.389175383903115 ] } },
{ "type": "Feature", "properties": { "substation_name": "4812", "provincia": "Salamanca", "municipio": "Guijuelo", "latitude": 40.556817425107859, "longitude": -5.6501837949488642, "available_capacity_mw": 0.0, "distributor_network": "i-DE", "voltage_kv": 45.0, "grid_status": "Congested", "is_friction": true }, "geometry": { "type": "Point", "coordinates": [ -5.650183794948864, 40.556817425107859 ] } },
{ "type": "Feature", "properties": { "substation_name": "4813", "provincia": "Salamanca", "municipio": "Cespedosa de Tormes", "latitude": 40.547173428309357, "longitude": -5.5783395961332038, "available_capacity_mw": 0.0, "distributor_network": "i-DE", "voltage_kv": 45.0, "grid_status": "Congested", "is_friction": true }, "geometry": { "type": "Point", "coordinates": [ -5.578339596133204, 40.547173428309357 ] } },
{ "type": "Feature", "properties": { "substation_name": "4814", "provincia": "Salamanca", "municipio": "Mogarraz", "latitude": 40.502139785094634, "longitude": -6.0445260611040119, "available_capacity_mw": 0.0, "distributor_network": "i-DE", "voltage_kv": 45.0, "grid_status": "Congested", "is_friction": true }, "geometry": { "type": "Point", "coordinates": [ -6.044526061104012, 40.502139785094634 ] } },
{ "type": "Feature", "properties": { "substation_name": "4815", "provincia": "Salamanca", "municipio": "Béjar", "latitude": 40.393043267727485, "longitude": -5.7787104894440677, "available_capacity_mw": 0.0, "distributor_network": "i-DE", "voltage_kv": 45.0, "grid_status": "Congested", "is_friction": true }, "geometry": { "type": "Point", "coordinates": [ -5.778710489444068, 40.393043267727485 ] } },
{ "type": "Feature", "properties": { "substation_name": "4816", "provincia": "Salamanca", "municipio": "Ciudad Rodrigo", "latitude": 40.599243924743121, "longitude": -6.5184651366421589, "available_capacity_mw": 0.0, "distributor_network": "i-DE", "voltage_kv": 45.0, "grid_status": "Congested", "is_friction": true }, "geometry": { "type": "Point", "coordinates": [ -6.518465136642159, 40.599243924743121 ] } },
{ "type": "Feature", "properties": { "substation_name": "4817", "provincia": "Salamanca", "municipio": "Espeja", "latitude": 40.589908763633773, "longitude": -6.7044925290239679, "available_capacity_mw": 0.0, "distributor_network": "i-DE", "voltage_kv": 45.0, "grid_status": "Congested", "is_friction": true }, "geometry": { "type": "Point", "coordinates": [ -6.704492529023968, 40.589908763633773 ] } },
{ "type": "Feature", "properties": { "substation_name": "4818", "provincia": "Salamanca", "municipio": "Vitigudino", "latitude": 41.010831092677826, "longitude": -6.4530092127517928, "available_capacity_mw": 0.0, "distributor_network": "i-DE", "voltage_kv": 45.0, "grid_status": "Congested", "is_friction": true }, "geometry": { "type": "Point", "coordinates": [ -6.453009212751793, 41.010831092677826 ] } },
{ "type": "Feature", "properties": { "substation_name": "4819", "provincia": "Salamanca", "municipio": "Lumbrales", "latitude": 40.926862182188131, "longitude": -6.716145043908786, "available_capacity_mw": 0.0, "distributor_network": "i-DE", "voltage_kv": 45.0, "grid_status": "Congested", "is_friction": true }, "geometry": { "type": "Point", "coordinates": [ -6.716145043908786, 40.926862182188131 ] } },
{ "type": "Feature", "properties": { "substation_name": "4820", "provincia": "Salamanca", "municipio": "Barruecopardo", "latitude": 41.07746069027808, "longitude": -6.6670708745325689, "available_capacity_mw": 0.0, "distributor_network": "i-DE", "voltage_kv": 45.0, "grid_status": "Congested", "is_friction": true }, "geometry": { "type": "Point", "coordinates": [ -6.667070874532569, 41.07746069027808 ] } },
{ "type": "Feature", "properties": { "substation_name": "4821", "provincia": "Salamanca", "municipio": "Almenara de Tormes", "latitude": 41.064214855474134, "longitude": -5.8192170326422037, "available_capacity_mw": 0.0, "distributor_network": "i-DE", "voltage_kv": 45.0, "grid_status": "Congested", "is_friction": true }, "geometry": { "type": "Point", "coordinates": [ -5.819217032642204, 41.064214855474134 ] } },
{ "type": "Feature", "properties": { "substation_name": "4822", "provincia": "Salamanca", "municipio": "Pedrosillo el Ralo", "latitude": 41.058534520960237, "longitude": -5.5490266074885088, "available_capacity_mw": 0.0, "distributor_network": "i-DE", "voltage_kv": 45.0, "grid_status": "Congested", "is_friction": true }, "geometry": { "type": "Point", "coordinates": [ -5.549026607488509, 41.058534520960237 ] } },
{ "type": "Feature", "properties": { "substation_name": "4823", "provincia": "Salamanca", "municipio": "Zorita de la Frontera", "latitude": 41.010748413596914, "longitude": -5.1968815381495927, "available_capacity_mw": 0.0, "distributor_network": "i-DE", "voltage_kv": 45.0, "grid_status": "Congested", "is_friction": true }, "geometry": { "type": "Point", "coordinates": [ -5.196881538149593, 41.010748413596914 ] } },
{ "type": "Feature", "properties": { "substation_name": "4824", "provincia": "Salamanca", "municipio": "Peñaranda de Bracamonte", "latitude": 40.899920232134406, "longitude": -5.2112758833930242, "available_capacity_mw": 0.0, "distributor_network": "i-DE", "voltage_kv": 45.0, "grid_status": "Congested", "is_friction": true }, "geometry": { "type": "Point", "coordinates": [ -5.211275883393024, 40.899920232134406 ] } },
{ "type": "Feature", "properties": { "substation_name": "4825", "provincia": "Salamanca", "municipio": "Coca de Alba", "latitude": 40.872848425347279, "longitude": -5.3702356698894906, "available_capacity_mw": 0.0, "distributor_network": "i-DE", "voltage_kv": 45.0, "grid_status": "Congested", "is_friction": true }, "geometry": { "type": "Point", "coordinates": [ -5.370235669889491, 40.872848425347279 ] } },
{ "type": "Feature", "properties": { "substation_name": "4826", "provincia": "Salamanca", "municipio": "Alba de Tormes", "latitude": 40.816557324110896, "longitude": -5.5126111366302268, "available_capacity_mw": 0.0, "distributor_network": "i-DE", "voltage_kv": 45.0, "grid_status": "Congested", "is_friction": true }, "geometry": { "type": "Point", "coordinates": [ -5.512611136630227, 40.816557324110896 ] } },
{ "type": "Feature", "properties": { "substation_name": "4827", "provincia": "Salamanca", "municipio": "Sieteiglesias de Tormes", "latitude": 40.748963029668808, "longitude": -5.5661967628478877, "available_capacity_mw": 0.0, "distributor_network": "i-DE", "voltage_kv": 45.0, "grid_status": "Congested", "is_friction": true }, "geometry": { "type": "Point", "coordinates": [ -5.566196762847888, 40.748963029668808 ] } },
{ "type": "Feature", "properties": { "substation_name": "4828", "provincia": "Salamanca", "municipio": "Galindo y Perahuy", "latitude": 40.930968464027266, "longitude": -5.8034268362594945, "available_capacity_mw": 0.0, "distributor_network": "i-DE", "voltage_kv": 45.0, "grid_status": "Congested", "is_friction": true }, "geometry": { "type": "Point", "coordinates": [ -5.803426836259495, 40.930968464027266 ] } },
{ "type": "Feature", "properties": { "substation_name": "4829", "provincia": "Salamanca", "municipio": "Robliza de Cojos", "latitude": 40.874628592756018, "longitude": -5.978590208053995, "available_capacity_mw": 0.0, "distributor_network": "i-DE", "voltage_kv": 45.0, "grid_status": "Congested", "is_friction": true }, "geometry": { "type": "Point", "coordinates": [ -5.978590208053995, 40.874628592756018 ] } },
{ "type": "Feature", "properties": { "substation_name": "4830", "provincia": "Salamanca", "municipio": "La Fuente de San Esteban", "latitude": 40.788402205262003, "longitude": -6.2406438194038438, "available_capacity_mw": 0.0, "distributor_network": "i-DE", "voltage_kv": 45.0, "grid_status": "Congested", "is_friction": true }, "geometry": { "type": "Point", "coordinates": [ -6.240643819403844, 40.788402205262003 ] } },
{ "type": "Feature", "properties": { "substation_name": "4831", "provincia": "Salamanca", "municipio": "Arabayona de Mógica", "latitude": 41.053295415928559, "longitude": -5.3890490850455901, "available_capacity_mw": 0.0, "distributor_network": "i-DE", "voltage_kv": 45.0, "grid_status": "Congested", "is_friction": true }, "geometry": { "type": "Point", "coordinates": [ -5.38904908504559, 41.053295415928559 ] } },
{ "type": "Feature", "properties": { "substation_name": "4832", "provincia": "Salamanca", "municipio": "Castellanos de Villiquera", "latitude": 41.063010376635681, "longitude": -5.6870241165361186, "available_capacity_mw": 0.0, "distributor_network": "i-DE", "voltage_kv": 45.0, "grid_status": "Congested", "is_friction": true }, "geometry": { "type": "Point", "coordinates": [ -5.687024116536119, 41.063010376635681 ] } },
{ "type": "Feature", "properties": { "substation_name": "4833", "provincia": "Zamora", "municipio": "Zamora", "latitude": 41.501241763133223, "longitude": -5.7520666317072964, "available_capacity_mw": 0.0, "distributor_network": "i-DE", "voltage_kv": 45.0, "grid_status": "Congested", "is_friction": true }, "geometry": { "type": "Point", "coordinates": [ -5.752066631707296, 41.501241763133223 ] } },
{ "type": "Feature", "properties": { "substation_name": "4834", "provincia": "Zamora", "municipio": "Zamora", "latitude": 41.518660851440757, "longitude": -5.7307737080187104, "available_capacity_mw": 0.0, "distributor_network": "i-DE", "voltage_kv": 45.0, "grid_status": "Congested", "is_friction": true }, "geometry": { "type": "Point", "coordinates": [ -5.73077370801871, 41.518660851440757 ] } },
{ "type": "Feature", "properties": { "substation_name": "4835", "provincia": "Zamora", "municipio": "Zamora", "latitude": 41.488650074366461, "longitude": -5.7487300212234782, "available_capacity_mw": 0.0, "distributor_network": "i-DE", "voltage_kv": 45.0, "grid_status": "Congested", "is_friction": true }, "geometry": { "type": "Point", "coordinates": [ -5.748730021223478, 41.488650074366461 ] } },
{ "type": "Feature", "properties": { "substation_name": "4837", "provincia": "Zamora", "municipio": "Coreses", "latitude": 41.524188501547066, "longitude": -5.6100872473670149, "available_capacity_mw": 0.0, "distributor_network": "i-DE", "voltage_kv": 45.0, "grid_status": "Congested", "is_friction": true }, "geometry": { "type": "Point", "coordinates": [ -5.610087247367015, 41.524188501547066 ] } },
{ "type": "Feature", "properties": { "substation_name": "4838", "provincia": "Zamora", "municipio": "Pereruela", "latitude": 41.470505449349318, "longitude": -5.8805181272475986, "available_capacity_mw": 2.4, "distributor_network": "i-DE", "voltage_kv": 45.0, "grid_status": "Moderate", "is_friction": true }, "geometry": { "type": "Point", "coordinates": [ -5.880518127247599, 41.470505449349318 ] } },
{ "type": "Feature", "properties": { "substation_name": "4839", "provincia": "Zamora", "municipio": "Villar del Buey", "latitude": 41.320818943640639, "longitude": -6.2994438866602662, "available_capacity_mw": 0.0, "distributor_network": "i-DE", "voltage_kv": 45.0, "grid_status": "Congested", "is_friction": true }, "geometry": { "type": "Point", "coordinates": [ -6.299443886660266, 41.320818943640639 ] } },
{ "type": "Feature", "properties": { "substation_name": "4840", "provincia": "Zamora", "municipio": "Muelas del Pan", "latitude": 41.525067778975739, "longitude": -5.9856415678091661, "available_capacity_mw": 14.25, "distributor_network": "i-DE", "voltage_kv": 45.0, "grid_status": "Sufficient", "is_friction": false }, "geometry": { "type": "Point", "coordinates": [ -5.985641567809166, 41.525067778975739 ] } },
{ "type": "Feature", "properties": { "substation_name": "4841", "provincia": "Zamora", "municipio": "Fonfría", "latitude": 41.577230754634328, "longitude": -6.1882841529768609, "available_capacity_mw": 0.0, "distributor_network": "i-DE", "voltage_kv": 45.0, "grid_status": "Congested", "is_friction": true }, "geometry": { "type": "Point", "coordinates": [ -6.188284152976861, 41.577230754634328 ] } },
{ "type": "Feature", "properties": { "substation_name": "4842", "provincia": "Zamora", "municipio": "Corrales del Vino", "latitude": 41.366699064638865, "longitude": -5.727342537541622, "available_capacity_mw": 0.0, "distributor_network": "i-DE", "voltage_kv": 45.0, "grid_status": "Congested", "is_friction": true }, "geometry": { "type": "Point", "coordinates": [ -5.727342537541622, 41.366699064638865 ] } },
{ "type": "Feature", "properties": { "substation_name": "4843", "provincia": "Zamora", "municipio": "Losacio", "latitude": 41.714517019373368, "longitude": -6.0426871067547205, "available_capacity_mw": 0.0, "distributor_network": "i-DE", "voltage_kv": 45.0, "grid_status": "Congested", "is_friction": true }, "geometry": { "type": "Point", "coordinates": [ -6.042687106754721, 41.714517019373368 ] } },
{ "type": "Feature", "properties": { "substation_name": "4844", "provincia": "Zamora", "municipio": "Toro", "latitude": 41.528187002706339, "longitude": -5.3941371927153288, "available_capacity_mw": 0.0, "distributor_network": "i-DE", "voltage_kv": 45.0, "grid_status": "Congested", "is_friction": true }, "geometry": { "type": "Point", "coordinates": [ -5.394137192715329, 41.528187002706339 ] } },
{ "type": "Feature", "properties": { "substation_name": "4846", "provincia": "Badajoz", "municipio": "Alburquerque", "latitude": 39.232130875137791, "longitude": -6.9982645711567448, "available_capacity_mw": 0.0, "distributor_network": "i-DE", "voltage_kv": 45.0, "grid_status": "Congested", "is_friction": true }, "geometry": { "type": "Point", "coordinates": [ -6.998264571156745, 39.232130875137791 ] } },
{ "type": "Feature", "properties": { "substation_name": "4847", "provincia": "Cáceres", "municipio": "Aliseda", "latitude": 39.426858196153503, "longitude": -6.7020765525490162, "available_capacity_mw": 0.0, "distributor_network": "i-DE", "voltage_kv": 45.0, "grid_status": "Congested", "is_friction": true }, "geometry": { "type": "Point", "coordinates": [ -6.702076552549016, 39.426858196153503 ] } },
{ "type": "Feature", "properties": { "substation_name": "4849", "provincia": "Cáceres", "municipio": "Santibáñez el Alto", "latitude": 40.125358317697327, "longitude": -6.579717332636295, "available_capacity_mw": 0.0, "distributor_network": "i-DE", "voltage_kv": 45.0, "grid_status": "Congested", "is_friction": true }, "geometry": { "type": "Point", "coordinates": [ -6.579717332636295, 40.125358317697327 ] } },
{ "type": "Feature", "properties": { "substation_name": "4850", "provincia": "Cáceres", "municipio": "Caminomorisco", "latitude": 40.324732827644681, "longitude": -6.29125852859082, "available_capacity_mw": 0.0, "distributor_network": "i-DE", "voltage_kv": 45.0, "grid_status": "Congested", "is_friction": true }, "geometry": { "type": "Point", "coordinates": [ -6.29125852859082, 40.324732827644681 ] } },
{ "type": "Feature", "properties": { "substation_name": "4852", "provincia": "Cáceres", "municipio": "Casar de Cáceres", "latitude": 39.553071349247269, "longitude": -6.4334773093394819, "available_capacity_mw": 0.0, "distributor_network": "i-DE", "voltage_kv": 45.0, "grid_status": "Congested", "is_friction": true }, "geometry": { "type": "Point", "coordinates": [ -6.433477309339482, 39.553071349247269 ] } },
{ "type": "Feature", "properties": { "substation_name": "4853", "provincia": "Cáceres", "municipio": "Coria", "latitude": 39.979734620772888, "longitude": -6.5393091149440883, "available_capacity_mw": 0.0, "distributor_network": "i-DE", "voltage_kv": 45.0, "grid_status": "Congested", "is_friction": true }, "geometry": { "type": "Point", "coordinates": [ -6.539309114944088, 39.979734620772888 ] } },
{ "type": "Feature", "properties": { "substation_name": "4854", "provincia": "Cáceres", "municipio": "Galisteo", "latitude": 39.965658685494382, "longitude": -6.2796683592114277, "available_capacity_mw": 0.0, "distributor_network": "i-DE", "voltage_kv": 45.0, "grid_status": "Congested", "is_friction": true }, "geometry": { "type": "Point", "coordinates": [ -6.279668359211428, 39.965658685494382 ] } },
{ "type": "Feature", "properties": { "substation_name": "4855", "provincia": "Cáceres", "municipio": "Jaraicejo", "latitude": 39.659807366772093, "longitude": -5.8165639741900428, "available_capacity_mw": 0.0, "distributor_network": "i-DE", "voltage_kv": 45.0, "grid_status": "Congested", "is_friction": true }, "geometry": { "type": "Point", "coordinates": [ -5.816563974190043, 39.659807366772093 ] } },
{ "type": "Feature", "properties": { "substation_name": "4857", "provincia": "Cáceres", "municipio": "Membrío", "latitude": 39.521081145541991, "longitude": -7.048912410170006, "available_capacity_mw": 4.0, "distributor_network": "i-DE", "voltage_kv": 45.0, "grid_status": "Moderate", "is_friction": true }, "geometry": { "type": "Point", "coordinates": [ -7.048912410170006, 39.521081145541991 ] } },
{ "type": "Feature", "properties": { "substation_name": "4858", "provincia": "Cáceres", "municipio": "Montehermoso", "latitude": 40.09231532116371, "longitude": -6.3617174245851285, "available_capacity_mw": 0.0, "distributor_network": "i-DE", "voltage_kv": 45.0, "grid_status": "Congested", "is_friction": true }, "geometry": { "type": "Point", "coordinates": [ -6.361717424585128, 40.09231532116371 ] } },
{ "type": "Feature", "properties": { "substation_name": "4859", "provincia": "Cáceres", "municipio": "Moraleja", "latitude": 40.06971050864972, "longitude": -6.6693887146489921, "available_capacity_mw": 0.0, "distributor_network": "i-DE", "voltage_kv": 45.0, "grid_status": "Congested", "is_friction": true }, "geometry": { "type": "Point", "coordinates": [ -6.669388714648992, 40.06971050864972 ] } },
{ "type": "Feature", "properties": { "substation_name": "4860", "provincia": "Cáceres", "municipio": "Malpartida de Plasencia", "latitude": 39.953275136190733, "longitude": -5.9065268751057705, "available_capacity_mw": 6.0, "distributor_network": "i-DE", "voltage_kv": 45.0, "grid_status": "Sufficient", "is_friction": false }, "geometry": { "type": "Point", "coordinates": [ -5.90652687510577, 39.953275136190733 ] } },
{ "type": "Feature", "properties": { "substation_name": "4861", "provincia": "Cáceres", "municipio": "Plasencia", "latitude": 40.001468765675014, "longitude": -6.1153217449023787, "available_capacity_mw": 0.0, "distributor_network": "i-DE", "voltage_kv": 45.0, "grid_status": "Congested", "is_friction": true }, "geometry": { "type": "Point", "coordinates": [ -6.115321744902379, 40.001468765675014 ] } },
{ "type": "Feature", "properties": { "substation_name": "4862", "provincia": "Cáceres", "municipio": "Talayuela", "latitude": 40.022062002588306, "longitude": -5.6165271529184544, "available_capacity_mw": 4.0, "distributor_network": "i-DE", "voltage_kv": 45.0, "grid_status": "Moderate", "is_friction": true }, "geometry": { "type": "Point", "coordinates": [ -5.616527152918454, 40.022062002588306 ] } },
{ "type": "Feature", "properties": { "substation_name": "4863", "provincia": "Cáceres", "municipio": "Puerto de Santa Cruz", "latitude": 39.325011918725991, "longitude": -5.858833532890392, "available_capacity_mw": 0.0, "distributor_network": "i-DE", "voltage_kv": 45.0, "grid_status": "Congested", "is_friction": true }, "geometry": { "type": "Point", "coordinates": [ -5.858833532890392, 39.325011918725991 ] } },
{ "type": "Feature", "properties": { "substation_name": "4864", "provincia": "Cáceres", "municipio": "Losar de la Vera", "latitude": 40.079630219488138, "longitude": -5.536642126970901, "available_capacity_mw": 0.0, "distributor_network": "i-DE", "voltage_kv": 45.0, "grid_status": "Congested", "is_friction": true }, "geometry": { "type": "Point", "coordinates": [ -5.536642126970901, 40.079630219488138 ] } },
{ "type": "Feature", "properties": { "substation_name": "4866", "provincia": "Cáceres", "municipio": "Torre de Santa María", "latitude": 39.260602348930938, "longitude": -6.1043768435899741, "available_capacity_mw": 0.0, "distributor_network": "i-DE", "voltage_kv": 45.0, "grid_status": "Congested", "is_friction": true }, "geometry": { "type": "Point", "coordinates": [ -6.104376843589974, 39.260602348930938 ] } },
{ "type": "Feature", "properties": { "substation_name": "4867", "provincia": "Cáceres", "municipio": "Valencia de Alcántara", "latitude": 39.416687008404246, "longitude": -7.2273932249400374, "available_capacity_mw": 0.0, "distributor_network": "i-DE", "voltage_kv": 45.0, "grid_status": "Congested", "is_friction": true }, "geometry": { "type": "Point", "coordinates": [ -7.227393224940037, 39.416687008404246 ] } },
{ "type": "Feature", "properties": { "substation_name": "4868", "provincia": "Badajoz", "municipio": "Castuera", "latitude": 38.729987527973549, "longitude": -5.5383613244069743, "available_capacity_mw": 0.0, "distributor_network": "i-DE", "voltage_kv": 45.0, "grid_status": "Congested", "is_friction": true }, "geometry": { "type": "Point", "coordinates": [ -5.538361324406974, 38.729987527973549 ] } },
{ "type": "Feature", "properties": { "substation_name": "4869", "provincia": "Cáceres", "municipio": "Cañamero", "latitude": 39.373549699945833, "longitude": -5.3926272404108611, "available_capacity_mw": 0.0, "distributor_network": "i-DE", "voltage_kv": 45.0, "grid_status": "Congested", "is_friction": true }, "geometry": { "type": "Point", "coordinates": [ -5.392627240410861, 39.373549699945833 ] } },
{ "type": "Feature", "properties": { "substation_name": "4870", "provincia": "Badajoz", "municipio": "Don Benito", "latitude": 38.964487571219138, "longitude": -5.8710155490566862, "available_capacity_mw": 0.0, "distributor_network": "i-DE", "voltage_kv": 45.0, "grid_status": "Congested", "is_friction": true }, "geometry": { "type": "Point", "coordinates": [ -5.871015549056686, 38.964487571219138 ] } },
{ "type": "Feature", "properties": { "substation_name": "4871", "provincia": "Cáceres", "municipio": "Logrosán", "latitude": 39.331556154925181, "longitude": -5.4826454852320419, "available_capacity_mw": 0.0, "distributor_network": "i-DE", "voltage_kv": 45.0, "grid_status": "Congested", "is_friction": true }, "geometry": { "type": "Point", "coordinates": [ -5.482645485232042, 39.331556154925181 ] } },
{ "type": "Feature", "properties": { "substation_name": "4872", "provincia": "Cáceres", "municipio": "Madrigalejo", "latitude": 39.134882268191276, "longitude": -5.6177848302608862, "available_capacity_mw": 0.0, "distributor_network": "i-DE", "voltage_kv": 45.0, "grid_status": "Congested", "is_friction": true }, "geometry": { "type": "Point", "coordinates": [ -5.617784830260886, 39.134882268191276 ] } },
{ "type": "Feature", "properties": { "substation_name": "4873", "provincia": "Badajoz", "municipio": "Medellín", "latitude": 38.955708287120281, "longitude": -5.9638117098848502, "available_capacity_mw": 0.0, "distributor_network": "i-DE", "voltage_kv": 45.0, "grid_status": "Congested", "is_friction": true }, "geometry": { "type": "Point", "coordinates": [ -5.96381170988485, 38.955708287120281 ] } },
{ "type": "Feature", "properties": { "substation_name": "4874", "provincia": "Cáceres", "municipio": "Escurial", "latitude": 39.160150624787882, "longitude": -5.8947090281856012, "available_capacity_mw": 0.0, "distributor_network": "i-DE", "voltage_kv": 45.0, "grid_status": "Congested", "is_friction": true }, "geometry": { "type": "Point", "coordinates": [ -5.894709028185601, 39.160150624787882 ] } },
{ "type": "Feature", "properties": { "substation_name": "4875", "provincia": "Badajoz", "municipio": "Santa Amalia", "latitude": 39.009512123232845, "longitude": -6.0041591033180515, "available_capacity_mw": 0.0, "distributor_network": "i-DE", "voltage_kv": 45.0, "grid_status": "Congested", "is_friction": true }, "geometry": { "type": "Point", "coordinates": [ -6.004159103318051, 39.009512123232845 ] } },
{ "type": "Feature", "properties": { "substation_name": "4876", "provincia": "Badajoz", "municipio": "Talarrubias", "latitude": 39.043477830002885, "longitude": -5.2299083056035069, "available_capacity_mw": 0.0, "distributor_network": "i-DE", "voltage_kv": 45.0, "grid_status": "Congested", "is_friction": true }, "geometry": { "type": "Point", "coordinates": [ -5.229908305603507, 39.043477830002885 ] } },
{ "type": "Feature", "properties": { "substation_name": "4877", "provincia": "Badajoz", "municipio": "Valdecaballeros", "latitude": 39.252125267829371, "longitude": -5.1893300972930483, "available_capacity_mw": 4.0, "distributor_network": "i-DE", "voltage_kv": 45.0, "grid_status": "Moderate", "is_friction": true }, "geometry": { "type": "Point", "coordinates": [ -5.189330097293048, 39.252125267829371 ] } },
{ "type": "Feature", "properties": { "substation_name": "4878", "provincia": "Badajoz", "municipio": "Valdetorres", "latitude": 38.918640908050968, "longitude": -6.0833590573886962, "available_capacity_mw": 0.0, "distributor_network": "i-DE", "voltage_kv": 132.0, "grid_status": "Congested", "is_friction": true }, "geometry": { "type": "Point", "coordinates": [ -6.083359057388696, 38.918640908050968 ] } },
{ "type": "Feature", "properties": { "substation_name": "4879", "provincia": "Badajoz", "municipio": "Villanueva de la Serena", "latitude": 38.969116121751306, "longitude": -5.7757881314188388, "available_capacity_mw": 0.0, "distributor_network": "i-DE", "voltage_kv": 45.0, "grid_status": "Congested", "is_friction": true }, "geometry": { "type": "Point", "coordinates": [ -5.775788131418839, 38.969116121751306 ] } },
{ "type": "Feature", "properties": { "substation_name": "4880", "provincia": "Madrid", "municipio": "Leganés", "latitude": 40.325761508905209, "longitude": -3.7772321310299501, "available_capacity_mw": 0.0, "distributor_network": "i-DE", "voltage_kv": 45.0, "grid_status": "Congested", "is_friction": true }, "geometry": { "type": "Point", "coordinates": [ -3.77723213102995, 40.325761508905209 ] } },
{ "type": "Feature", "properties": { "substation_name": "4881", "provincia": "Madrid", "municipio": "Leganés", "latitude": 40.323847837844454, "longitude": -3.7571317240552018, "available_capacity_mw": 0.0, "distributor_network": "i-DE", "voltage_kv": 45.0, "grid_status": "Congested", "is_friction": true }, "geometry": { "type": "Point", "coordinates": [ -3.757131724055202, 40.323847837844454 ] } },
{ "type": "Feature", "properties": { "substation_name": "4882", "provincia": "Madrid", "municipio": "Leganés", "latitude": 40.340092196817707, "longitude": -3.7390943002980319, "available_capacity_mw": 0.0, "distributor_network": "i-DE", "voltage_kv": 45.0, "grid_status": "Congested", "is_friction": true }, "geometry": { "type": "Point", "coordinates": [ -3.739094300298032, 40.340092196817707 ] } },
{ "type": "Feature", "properties": { "substation_name": "4884", "provincia": "Madrid", "municipio": "Leganés", "latitude": 40.340021381428812, "longitude": -3.7551201572496424, "available_capacity_mw": 0.0, "distributor_network": "i-DE", "voltage_kv": 45.0, "grid_status": "Congested", "is_friction": true }, "geometry": { "type": "Point", "coordinates": [ -3.755120157249642, 40.340021381428812 ] } },
{ "type": "Feature", "properties": { "substation_name": "4885", "provincia": "Madrid", "municipio": "Alcorcón", "latitude": 40.340032079946525, "longitude": -3.802796518618214, "available_capacity_mw": 0.0, "distributor_network": "i-DE", "voltage_kv": 45.0, "grid_status": "Congested", "is_friction": true }, "geometry": { "type": "Point", "coordinates": [ -3.802796518618214, 40.340032079946525 ] } },
{ "type": "Feature", "properties": { "substation_name": "4887", "provincia": "Madrid", "municipio": "Alcorcón", "latitude": 40.343103603243293, "longitude": -3.8038569899094949, "available_capacity_mw": 0.0, "distributor_network": "i-DE", "voltage_kv": 45.0, "grid_status": "Congested", "is_friction": true }, "geometry": { "type": "Point", "coordinates": [ -3.803856989909495, 40.343103603243293 ] } },
{ "type": "Feature", "properties": { "substation_name": "4888", "provincia": "Madrid", "municipio": "Madrid", "latitude": 40.366275995169609, "longitude": -3.7664174183306218, "available_capacity_mw": 0.0, "distributor_network": "i-DE", "voltage_kv": 45.0, "grid_status": "Congested", "is_friction": true }, "geometry": { "type": "Point", "coordinates": [ -3.766417418330622, 40.366275995169609 ] } },
{ "type": "Feature", "properties": { "substation_name": "4890", "provincia": "Madrid", "municipio": "Alcorcón", "latitude": 40.357727401846162, "longitude": -3.8041484504873937, "available_capacity_mw": 0.0, "distributor_network": "i-DE", "voltage_kv": 45.0, "grid_status": "Congested", "is_friction": true }, "geometry": { "type": "Point", "coordinates": [ -3.804148450487394, 40.357727401846162 ] } },
{ "type": "Feature", "properties": { "substation_name": "4894", "provincia": "Madrid", "municipio": "Batres", "latitude": 40.244347476235447, "longitude": -3.9480687381610946, "available_capacity_mw": 0.0, "distributor_network": "i-DE", "voltage_kv": 45.0, "grid_status": "Congested", "is_friction": true }, "geometry": { "type": "Point", "coordinates": [ -3.948068738161095, 40.244347476235447 ] } },
{ "type": "Feature", "properties": { "substation_name": "4895", "provincia": "Madrid", "municipio": "Humanes de Madrid", "latitude": 40.238085839656449, "longitude": -3.8387539997201183, "available_capacity_mw": 0.0, "distributor_network": "i-DE", "voltage_kv": 45.0, "grid_status": "Congested", "is_friction": true }, "geometry": { "type": "Point", "coordinates": [ -3.838753999720118, 40.238085839656449 ] } },
{ "type": "Feature", "properties": { "substation_name": "4899", "provincia": "Madrid", "municipio": "Fuenlabrada", "latitude": 40.297903464014574, "longitude": -3.7996921271794282, "available_capacity_mw": 0.0, "distributor_network": "i-DE", "voltage_kv": 45.0, "grid_status": "Congested", "is_friction": true }, "geometry": { "type": "Point", "coordinates": [ -3.799692127179428, 40.297903464014574 ] } },
{ "type": "Feature", "properties": { "substation_name": "4900", "provincia": "Madrid", "municipio": "Navalcarnero", "latitude": 40.290847346977571, "longitude": -3.9460004206876063, "available_capacity_mw": 0.0, "distributor_network": "i-DE", "voltage_kv": 45.0, "grid_status": "Congested", "is_friction": true }, "geometry": { "type": "Point", "coordinates": [ -3.946000420687606, 40.290847346977571 ] } },
{ "type": "Feature", "properties": { "substation_name": "4903", "provincia": "Madrid", "municipio": "Móstoles", "latitude": 40.310176695097816, "longitude": -3.8864445024623793, "available_capacity_mw": 0.0, "distributor_network": "i-DE", "voltage_kv": 45.0, "grid_status": "Congested", "is_friction": true }, "geometry": { "type": "Point", "coordinates": [ -3.886444502462379, 40.310176695097816 ] } },
{ "type": "Feature", "properties": { "substation_name": "4904", "provincia": "Madrid", "municipio": "Navalcarnero", "latitude": 40.30298193736273, "longitude": -4.0083253325146888, "available_capacity_mw": 0.0, "distributor_network": "i-DE", "voltage_kv": 45.0, "grid_status": "Congested", "is_friction": true }, "geometry": { "type": "Point", "coordinates": [ -4.008325332514689, 40.30298193736273 ] } },
{ "type": "Feature", "properties": { "substation_name": "4905", "provincia": "Madrid", "municipio": "Móstoles", "latitude": 40.306674844589132, "longitude": -3.8759794294525673, "available_capacity_mw": 0.0, "distributor_network": "i-DE", "voltage_kv": 45.0, "grid_status": "Congested", "is_friction": true }, "geometry": { "type": "Point", "coordinates": [ -3.875979429452567, 40.306674844589132 ] } },
{ "type": "Feature", "properties": { "substation_name": "4906", "provincia": "Madrid", "municipio": "Móstoles", "latitude": 40.318443241475734, "longitude": -3.8663845033118993, "available_capacity_mw": 0.0, "distributor_network": "i-DE", "voltage_kv": 45.0, "grid_status": "Congested", "is_friction": true }, "geometry": { "type": "Point", "coordinates": [ -3.866384503311899, 40.318443241475734 ] } },
{ "type": "Feature", "properties": { "substation_name": "4907", "provincia": "Madrid", "municipio": "Móstoles", "latitude": 40.320089730088768, "longitude": -3.8473676073408858, "available_capacity_mw": 0.0, "distributor_network": "i-DE", "voltage_kv": 45.0, "grid_status": "Congested", "is_friction": true }, "geometry": { "type": "Point", "coordinates": [ -3.847367607340886, 40.320089730088768 ] } },
{ "type": "Feature", "properties": { "substation_name": "4908", "provincia": "Madrid", "municipio": "Móstoles", "latitude": 40.32755959725651, "longitude": -3.8511755189664023, "available_capacity_mw": 0.0, "distributor_network": "i-DE", "voltage_kv": 45.0, "grid_status": "Congested", "is_friction": true }, "geometry": { "type": "Point", "coordinates": [ -3.851175518966402, 40.32755959725651 ] } },
{ "type": "Feature", "properties": { "substation_name": "4909", "provincia": "Madrid", "municipio": "Aldea del Fresno", "latitude": 40.325327581988304, "longitude": -4.2048362202800869, "available_capacity_mw": 0.0, "distributor_network": "i-DE", "voltage_kv": 45.0, "grid_status": "Congested", "is_friction": true }, "geometry": { "type": "Point", "coordinates": [ -4.204836220280087, 40.325327581988304 ] } },
{ "type": "Feature", "properties": { "substation_name": "4910", "provincia": "Madrid", "municipio": "Leganés", "latitude": 40.344775194706109, "longitude": -3.7239290388419071, "available_capacity_mw": 0.0, "distributor_network": "i-DE", "voltage_kv": 45.0, "grid_status": "Congested", "is_friction": true }, "geometry": { "type": "Point", "coordinates": [ -3.723929038841907, 40.344775194706109 ] } },
{ "type": "Feature", "properties": { "substation_name": "4912", "provincia": "Madrid", "municipio": "Getafe", "latitude": 40.311261836283414, "longitude": -3.7436143688766168, "available_capacity_mw": 0.0, "distributor_network": "i-DE", "voltage_kv": 45.0, "grid_status": "Congested", "is_friction": true }, "geometry": { "type": "Point", "coordinates": [ -3.743614368876617, 40.311261836283414 ] } },
{ "type": "Feature", "properties": { "substation_name": "4913", "provincia": "Madrid", "municipio": "Getafe", "latitude": 40.312527108995027, "longitude": -3.7137155092282321, "available_capacity_mw": 0.0, "distributor_network": "i-DE", "voltage_kv": 45.0, "grid_status": "Congested", "is_friction": true }, "geometry": { "type": "Point", "coordinates": [ -3.713715509228232, 40.312527108995027 ] } },
{ "type": "Feature", "properties": { "substation_name": "4916", "provincia": "Madrid", "municipio": "Getafe", "latitude": 40.305558738854565, "longitude": -3.748225849583481, "available_capacity_mw": 0.0, "distributor_network": "i-DE", "voltage_kv": 15.0, "grid_status": "Congested", "is_friction": true }, "geometry": { "type": "Point", "coordinates": [ -3.748225849583481, 40.305558738854565 ] } },
{ "type": "Feature", "properties": { "substation_name": "4918", "provincia": "Madrid", "municipio": "Getafe", "latitude": 40.304094548320663, "longitude": -3.6929629028957378, "available_capacity_mw": 0.0, "distributor_network": "i-DE", "voltage_kv": 45.0, "grid_status": "Congested", "is_friction": true }, "geometry": { "type": "Point", "coordinates": [ -3.692962902895738, 40.304094548320663 ] } },
{ "type": "Feature", "properties": { "substation_name": "4919", "provincia": "Madrid", "municipio": "Getafe", "latitude": 40.295980801231892, "longitude": -3.7021062166991952, "available_capacity_mw": 0.0, "distributor_network": "i-DE", "voltage_kv": 45.0, "grid_status": "Congested", "is_friction": true }, "geometry": { "type": "Point", "coordinates": [ -3.702106216699195, 40.295980801231892 ] } },
{ "type": "Feature", "properties": { "substation_name": "4920", "provincia": "Madrid", "municipio": "Getafe", "latitude": 40.287891463879483, "longitude": -3.7566885025246406, "available_capacity_mw": 0.0, "distributor_network": "i-DE", "voltage_kv": 45.0, "grid_status": "Congested", "is_friction": true }, "geometry": { "type": "Point", "coordinates": [ -3.756688502524641, 40.287891463879483 ] } },
{ "type": "Feature", "properties": { "substation_name": "4921", "provincia": "Madrid", "municipio": "Fuenlabrada", "latitude": 40.2608843166093, "longitude": -3.7489392817580161, "available_capacity_mw": 0.0, "distributor_network": "i-DE", "voltage_kv": 45.0, "grid_status": "Congested", "is_friction": true }, "geometry": { "type": "Point", "coordinates": [ -3.748939281758016, 40.2608843166093 ] } },
{ "type": "Feature", "properties": { "substation_name": "4922", "provincia": "Madrid", "municipio": "Fuenlabrada", "latitude": 40.262079516661949, "longitude": -3.7679695092112393, "available_capacity_mw": 0.0, "distributor_network": "i-DE", "voltage_kv": 45.0, "grid_status": "Congested", "is_friction": true }, "geometry": { "type": "Point", "coordinates": [ -3.767969509211239, 40.262079516661949 ] } },
{ "type": "Feature", "properties": { "substation_name": "4923", "provincia": "Madrid", "municipio": "Pinto", "latitude": 40.245168582379861, "longitude": -3.7194070091844385, "available_capacity_mw": 0.0, "distributor_network": "i-DE", "voltage_kv": 45.0, "grid_status": "Congested", "is_friction": true }, "geometry": { "type": "Point", "coordinates": [ -3.719407009184438, 40.245168582379861 ] } },
{ "type": "Feature", "properties": { "substation_name": "4924", "provincia": "Madrid", "municipio": "Pinto", "latitude": 40.253002034421037, "longitude": -3.7092774946175662, "available_capacity_mw": 0.0, "distributor_network": "i-DE", "voltage_kv": 45.0, "grid_status": "Congested", "is_friction": true }, "geometry": { "type": "Point", "coordinates": [ -3.709277494617566, 40.253002034421037 ] } },
{ "type": "Feature", "properties": { "substation_name": "4925", "provincia": "Madrid", "municipio": "Parla", "latitude": 40.233156801371592, "longitude": -3.7617498428359033, "available_capacity_mw": 0.0, "distributor_network": "i-DE", "voltage_kv": 45.0, "grid_status": "Congested", "is_friction": true }, "geometry": { "type": "Point", "coordinates": [ -3.761749842835903, 40.233156801371592 ] } },
{ "type": "Feature", "properties": { "substation_name": "4926", "provincia": "Madrid", "municipio": "Parla", "latitude": 40.22292514614329, "longitude": -3.7766635104880391, "available_capacity_mw": 0.0, "distributor_network": "i-DE", "voltage_kv": 45.0, "grid_status": "Congested", "is_friction": true }, "geometry": { "type": "Point", "coordinates": [ -3.776663510488039, 40.22292514614329 ] } },
{ "type": "Feature", "properties": { "substation_name": "4928", "provincia": "Zamora", "municipio": "La Bóveda de Toro", "latitude": 41.350442514352878, "longitude": -5.4119512216188719, "available_capacity_mw": 0.0, "distributor_network": "i-DE", "voltage_kv": 45.0, "grid_status": "Congested", "is_friction": true }, "geometry": { "type": "Point", "coordinates": [ -5.411951221618872, 41.350442514352878 ] } },
{ "type": "Feature", "properties": { "substation_name": "4931", "provincia": "Cáceres", "municipio": "Cáceres", "latitude": 39.453762814540049, "longitude": -6.3938388948251124, "available_capacity_mw": 0.0, "distributor_network": "i-DE", "voltage_kv": 45.0, "grid_status": "Congested", "is_friction": true }, "geometry": { "type": "Point", "coordinates": [ -6.393838894825112, 39.453762814540049 ] } },
{ "type": "Feature", "properties": { "substation_name": "4932", "provincia": "Cáceres", "municipio": "Cáceres", "latitude": 39.473629843810606, "longitude": -6.3777257555825839, "available_capacity_mw": 0.0, "distributor_network": "i-DE", "voltage_kv": 45.0, "grid_status": "Congested", "is_friction": true }, "geometry": { "type": "Point", "coordinates": [ -6.377725755582584, 39.473629843810606 ] } },
{ "type": "Feature", "properties": { "substation_name": "4934", "provincia": "Madrid", "municipio": "Alcorcón", "latitude": 40.331819494994711, "longitude": -3.8164612644869629, "available_capacity_mw": 0.0, "distributor_network": "i-DE", "voltage_kv": 45.0, "grid_status": "Congested", "is_friction": true }, "geometry": { "type": "Point", "coordinates": [ -3.816461264486963, 40.331819494994711 ] } },
{ "type": "Feature", "properties": { "substation_name": "4936", "provincia": "Madrid", "municipio": "Alcorcón", "latitude": 40.352895395190188, "longitude": -3.8242997141594519, "available_capacity_mw": 0.0, "distributor_network": "i-DE", "voltage_kv": 45.0, "grid_status": "Congested", "is_friction": true }, "geometry": { "type": "Point", "coordinates": [ -3.824299714159452, 40.352895395190188 ] } },
{ "type": "Feature", "properties": { "substation_name": "4937", "provincia": "Ávila", "municipio": "Casavieja", "latitude": 40.266824966287814, "longitude": -4.7613387688996989, "available_capacity_mw": 0.0, "distributor_network": "i-DE", "voltage_kv": 45.0, "grid_status": "Congested", "is_friction": true }, "geometry": { "type": "Point", "coordinates": [ -4.761338768899699, 40.266824966287814 ] } },
{ "type": "Feature", "properties": { "substation_name": "4938", "provincia": "Ávila", "municipio": "San Martín del Pimpollar", "latitude": 40.37636418971924, "longitude": -5.0514210538724367, "available_capacity_mw": 0.0, "distributor_network": "i-DE", "voltage_kv": 45.0, "grid_status": "Congested", "is_friction": true }, "geometry": { "type": "Point", "coordinates": [ -5.051421053872437, 40.37636418971924 ] } },
{ "type": "Feature", "properties": { "substation_name": "4939", "provincia": "Salamanca", "municipio": "Narros de Matalayegua", "latitude": 40.666906245906397, "longitude": -5.8972964458654893, "available_capacity_mw": 0.0, "distributor_network": "i-DE", "voltage_kv": 45.0, "grid_status": "Congested", "is_friction": true }, "geometry": { "type": "Point", "coordinates": [ -5.897296445865489, 40.666906245906397 ] } },
{ "type": "Feature", "properties": { "substation_name": "4940", "provincia": "Salamanca", "municipio": "El Bodón", "latitude": 40.445176321594438, "longitude": -6.5898092095299239, "available_capacity_mw": 0.0, "distributor_network": "i-DE", "voltage_kv": 45.0, "grid_status": "Congested", "is_friction": true }, "geometry": { "type": "Point", "coordinates": [ -6.589809209529924, 40.445176321594438 ] } },
{ "type": "Feature", "properties": { "substation_name": "4941", "provincia": "Salamanca", "municipio": "Nava de Béjar", "latitude": 40.486729161458527, "longitude": -5.6760156060800186, "available_capacity_mw": 0.0, "distributor_network": "i-DE", "voltage_kv": 45.0, "grid_status": "Congested", "is_friction": true }, "geometry": { "type": "Point", "coordinates": [ -5.676015606080019, 40.486729161458527 ] } },
{ "type": "Feature", "properties": { "substation_name": "4942", "provincia": "Burgos", "municipio": "Burgos", "latitude": 42.361808044190212, "longitude": -3.6738008465160399, "available_capacity_mw": 0.0, "distributor_network": "i-DE", "voltage_kv": 45.0, "grid_status": "Congested", "is_friction": true }, "geometry": { "type": "Point", "coordinates": [ -3.67380084651604, 42.361808044190212 ] } },
{ "type": "Feature", "properties": { "substation_name": "4945", "provincia": "León", "municipio": "San Andrés del Rabanedo", "latitude": 42.597102826970684, "longitude": -5.6317896004588217, "available_capacity_mw": 0.0, "distributor_network": "i-DE", "voltage_kv": 45.0, "grid_status": "Congested", "is_friction": true }, "geometry": { "type": "Point", "coordinates": [ -5.631789600458822, 42.597102826970684 ] } },
{ "type": "Feature", "properties": { "substation_name": "4946", "provincia": "León", "municipio": "Santovenia de la Valdoncina", "latitude": 42.564470571499093, "longitude": -5.5851047830307614, "available_capacity_mw": 0.0, "distributor_network": "i-DE", "voltage_kv": 45.0, "grid_status": "Congested", "is_friction": true }, "geometry": { "type": "Point", "coordinates": [ -5.585104783030761, 42.564470571499093 ] } },
{ "type": "Feature", "properties": { "substation_name": "4947", "provincia": "León", "municipio": "León", "latitude": 42.616553613235915, "longitude": -5.5570890996034228, "available_capacity_mw": 0.0, "distributor_network": "i-DE", "voltage_kv": 45.0, "grid_status": "Congested", "is_friction": true }, "geometry": { "type": "Point", "coordinates": [ -5.557089099603423, 42.616553613235915 ] } },
{ "type": "Feature", "properties": { "substation_name": "4948", "provincia": "León", "municipio": "Garrafe de Torío", "latitude": 42.730106958079723, "longitude": -5.6113340980806043, "available_capacity_mw": 0.0, "distributor_network": "i-DE", "voltage_kv": 45.0, "grid_status": "Congested", "is_friction": true }, "geometry": { "type": "Point", "coordinates": [ -5.611334098080604, 42.730106958079723 ] } },
{ "type": "Feature", "properties": { "substation_name": "4949", "provincia": "León", "municipio": "León", "latitude": 42.575209119021949, "longitude": -5.5974860100790362, "available_capacity_mw": 0.0, "distributor_network": "i-DE", "voltage_kv": 45.0, "grid_status": "Congested", "is_friction": true }, "geometry": { "type": "Point", "coordinates": [ -5.597486010079036, 42.575209119021949 ] } },
{ "type": "Feature", "properties": { "substation_name": "4950", "provincia": "León", "municipio": "Villaquejida", "latitude": 42.139493119439045, "longitude": -5.6004031385513144, "available_capacity_mw": 0.0, "distributor_network": "i-DE", "voltage_kv": 45.0, "grid_status": "Congested", "is_friction": true }, "geometry": { "type": "Point", "coordinates": [ -5.600403138551314, 42.139493119439045 ] } },
{ "type": "Feature", "properties": { "substation_name": "4951", "provincia": "Palencia", "municipio": "Ampudia", "latitude": 41.919859078829006, "longitude": -4.7728541827492341, "available_capacity_mw": 0.0, "distributor_network": "i-DE", "voltage_kv": 45.0, "grid_status": "Congested", "is_friction": true }, "geometry": { "type": "Point", "coordinates": [ -4.772854182749234, 41.919859078829006 ] } },
{ "type": "Feature", "properties": { "substation_name": "4952", "provincia": "Valladolid", "municipio": "Ataquines", "latitude": 41.195330313434305, "longitude": -4.8235655841633625, "available_capacity_mw": 0.0, "distributor_network": "i-DE", "voltage_kv": 45.0, "grid_status": "Congested", "is_friction": true }, "geometry": { "type": "Point", "coordinates": [ -4.823565584163362, 41.195330313434305 ] } },
{ "type": "Feature", "properties": { "substation_name": "4953", "provincia": "Valladolid", "municipio": "Montemayor de Pililla", "latitude": 41.507227508668173, "longitude": -4.4690840986969418, "available_capacity_mw": 0.0, "distributor_network": "i-DE", "voltage_kv": 45.0, "grid_status": "Congested", "is_friction": true }, "geometry": { "type": "Point", "coordinates": [ -4.469084098696942, 41.507227508668173 ] } },
{ "type": "Feature", "properties": { "substation_name": "4954", "provincia": "Palencia", "municipio": "Villada", "latitude": 42.248854581463071, "longitude": -4.9570201717323874, "available_capacity_mw": 0.0, "distributor_network": "i-DE", "voltage_kv": 45.0, "grid_status": "Congested", "is_friction": true }, "geometry": { "type": "Point", "coordinates": [ -4.957020171732387, 42.248854581463071 ] } },
{ "type": "Feature", "properties": { "substation_name": "4955", "provincia": "Valladolid", "municipio": "Villardefrades", "latitude": 41.71743095067206, "longitude": -5.2591382567124816, "available_capacity_mw": 0.0, "distributor_network": "i-DE", "voltage_kv": 45.0, "grid_status": "Congested", "is_friction": true }, "geometry": { "type": "Point", "coordinates": [ -5.259138256712482, 41.71743095067206 ] } },
{ "type": "Feature", "properties": { "substation_name": "4956", "provincia": "Zamora", "municipio": "Fuentesaúco", "latitude": 41.239555203278492, "longitude": -5.489578871400159, "available_capacity_mw": 0.0, "distributor_network": "i-DE", "voltage_kv": 45.0, "grid_status": "Congested", "is_friction": true }, "geometry": { "type": "Point", "coordinates": [ -5.489578871400159, 41.239555203278492 ] } },
{ "type": "Feature", "properties": { "substation_name": "4957", "provincia": "Zamora", "municipio": "Benavente", "latitude": 41.98902166728093, "longitude": -5.6811803341824625, "available_capacity_mw": 0.0, "distributor_network": "i-DE", "voltage_kv": 45.0, "grid_status": "Congested", "is_friction": true }, "geometry": { "type": "Point", "coordinates": [ -5.681180334182462, 41.98902166728093 ] } },
{ "type": "Feature", "properties": { "substation_name": "4959", "provincia": "Navarra", "municipio": "Huarte/Uharte", "latitude": 42.822258224440858, "longitude": -1.6036574050630901, "available_capacity_mw": 0.0, "distributor_network": "i-DE", "voltage_kv": 66.0, "grid_status": "Congested", "is_friction": true }, "geometry": { "type": "Point", "coordinates": [ -1.60365740506309, 42.822258224440858 ] } },
{ "type": "Feature", "properties": { "substation_name": "4960", "provincia": "Navarra", "municipio": "Pamplona/Iruña", "latitude": 42.815551693874617, "longitude": -1.670942569279352, "available_capacity_mw": 0.0, "distributor_network": "i-DE", "voltage_kv": 66.0, "grid_status": "Congested", "is_friction": true }, "geometry": { "type": "Point", "coordinates": [ -1.670942569279352, 42.815551693874617 ] } },
{ "type": "Feature", "properties": { "substation_name": "4961", "provincia": "Madrid", "municipio": "San Martín de Valdeiglesias", "latitude": 40.335529251960054, "longitude": -4.3718877062000985, "available_capacity_mw": 0.0, "distributor_network": "i-DE", "voltage_kv": 45.0, "grid_status": "Congested", "is_friction": true }, "geometry": { "type": "Point", "coordinates": [ -4.371887706200098, 40.335529251960054 ] } },
{ "type": "Feature", "properties": { "substation_name": "4964", "provincia": "Gipuzkoa", "municipio": "Deba", "latitude": 43.27743060226382, "longitude": -2.3390179451136155, "available_capacity_mw": 0.0, "distributor_network": "i-DE", "voltage_kv": 30.0, "grid_status": "Congested", "is_friction": true }, "geometry": { "type": "Point", "coordinates": [ -2.339017945113615, 43.27743060226382 ] } },
{ "type": "Feature", "properties": { "substation_name": "4965", "provincia": "Gipuzkoa", "municipio": "Azkoitia", "latitude": 43.183374122575117, "longitude": -2.315550559635136, "available_capacity_mw": 0.0, "distributor_network": "i-DE", "voltage_kv": 30.0, "grid_status": "Congested", "is_friction": true }, "geometry": { "type": "Point", "coordinates": [ -2.315550559635136, 43.183374122575117 ] } },
{ "type": "Feature", "properties": { "substation_name": "4969", "provincia": "Burgos", "municipio": "Valle de Mena", "latitude": 43.092811579883509, "longitude": -3.2921643381723915, "available_capacity_mw": 0.0, "distributor_network": "i-DE", "voltage_kv": 30.0, "grid_status": "Congested", "is_friction": true }, "geometry": { "type": "Point", "coordinates": [ -3.292164338172392, 43.092811579883509 ] } },
{ "type": "Feature", "properties": { "substation_name": "4972", "provincia": "Araba/Álava", "municipio": "Laudio/Llodio", "latitude": 43.137506445174687, "longitude": -2.970220121780498, "available_capacity_mw": 0.0, "distributor_network": "i-DE", "voltage_kv": 30.0, "grid_status": "Congested", "is_friction": true }, "geometry": { "type": "Point", "coordinates": [ -2.970220121780498, 43.137506445174687 ] } },
{ "type": "Feature", "properties": { "substation_name": "4976", "provincia": "Rioja, La", "municipio": "Casalarreina", "latitude": 42.540091383128889, "longitude": -2.9096190504755288, "available_capacity_mw": 0.0, "distributor_network": "i-DE", "voltage_kv": 66.0, "grid_status": "Congested", "is_friction": true }, "geometry": { "type": "Point", "coordinates": [ -2.909619050475529, 42.540091383128889 ] } },
{ "type": "Feature", "properties": { "substation_name": "4977", "provincia": "Rioja, La", "municipio": "Pradejón", "latitude": 42.321941101675421, "longitude": -2.0367931193936784, "available_capacity_mw": 0.0, "distributor_network": "i-DE", "voltage_kv": 66.0, "grid_status": "Congested", "is_friction": true }, "geometry": { "type": "Point", "coordinates": [ -2.036793119393678, 42.321941101675421 ] } },
{ "type": "Feature", "properties": { "substation_name": "4979", "provincia": "Valladolid", "municipio": "Valladolid", "latitude": 41.613563519080898, "longitude": -4.768785018179976, "available_capacity_mw": 0.0, "distributor_network": "i-DE", "voltage_kv": 45.0, "grid_status": "Congested", "is_friction": true }, "geometry": { "type": "Point", "coordinates": [ -4.768785018179976, 41.613563519080898 ] } },
{ "type": "Feature", "properties": { "substation_name": "4985", "provincia": "Araba/Álava", "municipio": "Laguardia", "latitude": 42.554943771785112, "longitude": -2.5948912429845952, "available_capacity_mw": 0.0, "distributor_network": "i-DE", "voltage_kv": 66.0, "grid_status": "Congested", "is_friction": true }, "geometry": { "type": "Point", "coordinates": [ -2.594891242984595, 42.554943771785112 ] } },
{ "type": "Feature", "properties": { "substation_name": "4986", "provincia": "Madrid", "municipio": "Valdemorillo", "latitude": 40.507253758972283, "longitude": -4.073838615677599, "available_capacity_mw": 0.0, "distributor_network": "i-DE", "voltage_kv": 66.0, "grid_status": "Congested", "is_friction": true }, "geometry": { "type": "Point", "coordinates": [ -4.073838615677599, 40.507253758972283 ] } },
{ "type": "Feature", "properties": { "substation_name": "5001", "provincia": "Toledo", "municipio": "Burguillos de Toledo", "latitude": 39.809708718480529, "longitude": -4.0046866672812085, "available_capacity_mw": 0.0, "distributor_network": "i-DE", "voltage_kv": 45.0, "grid_status": "Congested", "is_friction": true }, "geometry": { "type": "Point", "coordinates": [ -4.004686667281208, 39.809708718480529 ] } },
{ "type": "Feature", "properties": { "substation_name": "5003", "provincia": "Salamanca", "municipio": "Doñinos de Salamanca", "latitude": 40.969246748779291, "longitude": -5.7310776536695283, "available_capacity_mw": 0.0, "distributor_network": "i-DE", "voltage_kv": 45.0, "grid_status": "Congested", "is_friction": true }, "geometry": { "type": "Point", "coordinates": [ -5.731077653669528, 40.969246748779291 ] } },
{ "type": "Feature", "properties": { "substation_name": "5005", "provincia": "Cuenca", "municipio": "Tarancón", "latitude": 39.975875100447091, "longitude": -2.9680239876336829, "available_capacity_mw": 0.0, "distributor_network": "i-DE", "voltage_kv": 66.0, "grid_status": "Congested", "is_friction": true }, "geometry": { "type": "Point", "coordinates": [ -2.968023987633683, 39.975875100447091 ] } },
{ "type": "Feature", "properties": { "substation_name": "5008", "provincia": "Valencia/València", "municipio": "Vilamarxant", "latitude": 39.604856113409518, "longitude": -0.67853319297838077, "available_capacity_mw": 0.0, "distributor_network": "i-DE", "voltage_kv": 66.0, "grid_status": "Congested", "is_friction": true }, "geometry": { "type": "Point", "coordinates": [ -0.678533192978381, 39.604856113409518 ] } },
{ "type": "Feature", "properties": { "substation_name": "5009", "provincia": "Valencia/València", "municipio": "Bugarra", "latitude": 39.605361849475479, "longitude": -0.78366824512639088, "available_capacity_mw": 0.0, "distributor_network": "i-DE", "voltage_kv": 66.0, "grid_status": "Congested", "is_friction": true }, "geometry": { "type": "Point", "coordinates": [ -0.783668245126391, 39.605361849475479 ] } },
{ "type": "Feature", "properties": { "substation_name": "5011", "provincia": "Valencia/València", "municipio": "Chulilla", "latitude": 39.636071316827142, "longitude": -0.87703117295921729, "available_capacity_mw": 0.0, "distributor_network": "i-DE", "voltage_kv": 66.0, "grid_status": "Congested", "is_friction": true }, "geometry": { "type": "Point", "coordinates": [ -0.877031172959217, 39.636071316827142 ] } },
{ "type": "Feature", "properties": { "substation_name": "5012", "provincia": "Castellón/Castelló", "municipio": "Ribesalbes", "latitude": 40.017184111292785, "longitude": -0.27828337913883261, "available_capacity_mw": 0.0, "distributor_network": "i-DE", "voltage_kv": 66.0, "grid_status": "Congested", "is_friction": true }, "geometry": { "type": "Point", "coordinates": [ -0.278283379138833, 40.017184111292785 ] } },
{ "type": "Feature", "properties": { "substation_name": "5013", "provincia": "Castellón/Castelló", "municipio": "Onda", "latitude": 39.997816611576162, "longitude": -0.2307116164335932, "available_capacity_mw": 0.0, "distributor_network": "i-DE", "voltage_kv": 66.0, "grid_status": "Congested", "is_friction": true }, "geometry": { "type": "Point", "coordinates": [ -0.230711616433593, 39.997816611576162 ] } },
{ "type": "Feature", "properties": { "substation_name": "5014", "provincia": "Castellón/Castelló", "municipio": "Puebla de Arenoso", "latitude": 40.118495216345657, "longitude": -0.60888397953229156, "available_capacity_mw": 0.0, "distributor_network": "i-DE", "voltage_kv": 66.0, "grid_status": "Congested", "is_friction": true }, "geometry": { "type": "Point", "coordinates": [ -0.608883979532292, 40.118495216345657 ] } },
{ "type": "Feature", "properties": { "substation_name": "5015", "provincia": "Teruel", "municipio": "Olba", "latitude": 40.129570325236664, "longitude": -0.65304383006260247, "available_capacity_mw": 0.0, "distributor_network": "i-DE", "voltage_kv": 66.0, "grid_status": "Congested", "is_friction": true }, "geometry": { "type": "Point", "coordinates": [ -0.653043830062602, 40.129570325236664 ] } },
{ "type": "Feature", "properties": { "substation_name": "5016", "provincia": "Rioja, La", "municipio": "Logroño", "latitude": 42.479739016943967, "longitude": -2.4608668071040376, "available_capacity_mw": 0.0, "distributor_network": "i-DE", "voltage_kv": 66.0, "grid_status": "Congested", "is_friction": true }, "geometry": { "type": "Point", "coordinates": [ -2.460866807104038, 42.479739016943967 ] } },
{ "type": "Feature", "properties": { "substation_name": "5021", "provincia": "Soria", "municipio": "Burgo de Osma-Ciudad de Osma", "latitude": 41.556150053508738, "longitude": -3.0854954538956449, "available_capacity_mw": 0.0, "distributor_network": "i-DE", "voltage_kv": 45.0, "grid_status": "Congested", "is_friction": true }, "geometry": { "type": "Point", "coordinates": [ -3.085495453895645, 41.556150053508738 ] } },
{ "type": "Feature", "properties": { "substation_name": "5022", "provincia": "Cáceres", "municipio": "Jaraíz de la Vera", "latitude": 40.054793016158477, "longitude": -5.7563251180520822, "available_capacity_mw": 6.0, "distributor_network": "i-DE", "voltage_kv": 45.0, "grid_status": "Sufficient", "is_friction": false }, "geometry": { "type": "Point", "coordinates": [ -5.756325118052082, 40.054793016158477 ] } },
{ "type": "Feature", "properties": { "substation_name": "5023", "provincia": "Toledo", "municipio": "Calzada de Oropesa", "latitude": 39.894113086419438, "longitude": -5.324598050461768, "available_capacity_mw": 0.0, "distributor_network": "i-DE", "voltage_kv": 45.0, "grid_status": "Congested", "is_friction": true }, "geometry": { "type": "Point", "coordinates": [ -5.324598050461768, 39.894113086419438 ] } },
{ "type": "Feature", "properties": { "substation_name": "5043", "provincia": "Navarra", "municipio": "Valle de Elorz/Elortzibar", "latitude": 42.722967470203912, "longitude": -1.6033507472754909, "available_capacity_mw": 0.0, "distributor_network": "i-DE", "voltage_kv": 66.0, "grid_status": "Congested", "is_friction": true }, "geometry": { "type": "Point", "coordinates": [ -1.603350747275491, 42.722967470203912 ] } },
{ "type": "Feature", "properties": { "substation_name": "5044", "provincia": "Navarra", "municipio": "Aranguren", "latitude": 42.77409961510039, "longitude": -1.6294695970137292, "available_capacity_mw": 0.0, "distributor_network": "i-DE", "voltage_kv": 66.0, "grid_status": "Congested", "is_friction": true }, "geometry": { "type": "Point", "coordinates": [ -1.629469597013729, 42.77409961510039 ] } },
{ "type": "Feature", "properties": { "substation_name": "5080", "provincia": "Albacete", "municipio": "Casas de Ves", "latitude": 39.204827218027681, "longitude": -1.3422148829496237, "available_capacity_mw": 0.0, "distributor_network": "i-DE", "voltage_kv": 66.0, "grid_status": "Congested", "is_friction": true }, "geometry": { "type": "Point", "coordinates": [ -1.342214882949624, 39.204827218027681 ] } },
{ "type": "Feature", "properties": { "substation_name": "5086", "provincia": "Albacete", "municipio": "Jorquera", "latitude": 39.158666087877023, "longitude": -1.6188161398314502, "available_capacity_mw": 0.0, "distributor_network": "i-DE", "voltage_kv": 66.0, "grid_status": "Congested", "is_friction": true }, "geometry": { "type": "Point", "coordinates": [ -1.61881613983145, 39.158666087877023 ] } },
{ "type": "Feature", "properties": { "substation_name": "5088", "provincia": "Albacete", "municipio": "Liétor", "latitude": 38.543618978261293, "longitude": -2.0287426358447656, "available_capacity_mw": 0.0, "distributor_network": "i-DE", "voltage_kv": 66.0, "grid_status": "Congested", "is_friction": true }, "geometry": { "type": "Point", "coordinates": [ -2.028742635844766, 38.543618978261293 ] } },
{ "type": "Feature", "properties": { "substation_name": "5093", "provincia": "Cáceres", "municipio": "Cáceres", "latitude": 39.48518562062543, "longitude": -6.4221539168402924, "available_capacity_mw": 0.0, "distributor_network": "i-DE", "voltage_kv": 45.0, "grid_status": "Congested", "is_friction": true }, "geometry": { "type": "Point", "coordinates": [ -6.422153916840292, 39.48518562062543 ] } },
{ "type": "Feature", "properties": { "substation_name": "5094", "provincia": "Badajoz", "municipio": "Benquerencia de la Serena", "latitude": 38.666124089013834, "longitude": -5.3637744174192798, "available_capacity_mw": 0.0, "distributor_network": "i-DE", "voltage_kv": 45.0, "grid_status": "Congested", "is_friction": true }, "geometry": { "type": "Point", "coordinates": [ -5.36377441741928, 38.666124089013834 ] } },
{ "type": "Feature", "properties": { "substation_name": "5095", "provincia": "Badajoz", "municipio": "Don Benito", "latitude": 38.961075979600231, "longitude": -5.827702330575196, "available_capacity_mw": 0.0, "distributor_network": "i-DE", "voltage_kv": 45.0, "grid_status": "Congested", "is_friction": true }, "geometry": { "type": "Point", "coordinates": [ -5.827702330575196, 38.961075979600231 ] } },
{ "type": "Feature", "properties": { "substation_name": "5096", "provincia": "Cáceres", "municipio": "Plasencia", "latitude": 40.046908560402791, "longitude": -6.0847607521222917, "available_capacity_mw": 0.0, "distributor_network": "i-DE", "voltage_kv": 45.0, "grid_status": "Congested", "is_friction": true }, "geometry": { "type": "Point", "coordinates": [ -6.084760752122292, 40.046908560402791 ] } },
{ "type": "Feature", "properties": { "substation_name": "5100", "provincia": "Cáceres", "municipio": "Madrigal de la Vera", "latitude": 40.135402712531032, "longitude": -5.3653889026607882, "available_capacity_mw": 0.0, "distributor_network": "i-DE", "voltage_kv": 45.0, "grid_status": "Congested", "is_friction": true }, "geometry": { "type": "Point", "coordinates": [ -5.365388902660788, 40.135402712531032 ] } },
{ "type": "Feature", "properties": { "substation_name": "5103", "provincia": "Badajoz", "municipio": "Siruela", "latitude": 38.97954575655185, "longitude": -5.0682985278647186, "available_capacity_mw": 0.0, "distributor_network": "i-DE", "voltage_kv": 45.0, "grid_status": "Congested", "is_friction": true }, "geometry": { "type": "Point", "coordinates": [ -5.068298527864719, 38.97954575655185 ] } },
{ "type": "Feature", "properties": { "substation_name": "5109", "provincia": "Madrid", "municipio": "Getafe", "latitude": 40.274362853348443, "longitude": -3.7037292608638239, "available_capacity_mw": 0.0, "distributor_network": "i-DE", "voltage_kv": 45.0, "grid_status": "Congested", "is_friction": true }, "geometry": { "type": "Point", "coordinates": [ -3.703729260863824, 40.274362853348443 ] } },
{ "type": "Feature", "properties": { "substation_name": "5111", "provincia": "Madrid", "municipio": "Fuenlabrada", "latitude": 40.29064358004814, "longitude": -3.840211857729058, "available_capacity_mw": 0.0, "distributor_network": "i-DE", "voltage_kv": 45.0, "grid_status": "Congested", "is_friction": true }, "geometry": { "type": "Point", "coordinates": [ -3.840211857729058, 40.29064358004814 ] } },
{ "type": "Feature", "properties": { "substation_name": "5114", "provincia": "Madrid", "municipio": "Alcorcón", "latitude": 40.352968281564408, "longitude": -3.8403481520640432, "available_capacity_mw": 0.0, "distributor_network": "i-DE", "voltage_kv": 45.0, "grid_status": "Congested", "is_friction": true }, "geometry": { "type": "Point", "coordinates": [ -3.840348152064043, 40.352968281564408 ] } },
{ "type": "Feature", "properties": { "substation_name": "5123", "provincia": "Valencia/València", "municipio": "Benagéber", "latitude": 39.725965015236262, "longitude": -1.0991513785054638, "available_capacity_mw": 0.0, "distributor_network": "i-DE", "voltage_kv": 66.0, "grid_status": "Congested", "is_friction": true }, "geometry": { "type": "Point", "coordinates": [ -1.099151378505464, 39.725965015236262 ] } },
{ "type": "Feature", "properties": { "substation_name": "5124", "provincia": "Valencia/València", "municipio": "Domeño", "latitude": 39.704279449555543, "longitude": -0.94779564345372735, "available_capacity_mw": 0.0, "distributor_network": "i-DE", "voltage_kv": 66.0, "grid_status": "Congested", "is_friction": true }, "geometry": { "type": "Point", "coordinates": [ -0.947795643453727, 39.704279449555543 ] } },
{ "type": "Feature", "properties": { "substation_name": "5125", "provincia": "Murcia", "municipio": "Archena", "latitude": 38.11551675654097, "longitude": -1.2931255750835036, "available_capacity_mw": 0.0, "distributor_network": "i-DE", "voltage_kv": 132.0, "grid_status": "Congested", "is_friction": true }, "geometry": { "type": "Point", "coordinates": [ -1.293125575083504, 38.11551675654097 ] } },
{ "type": "Feature", "properties": { "substation_name": "5135", "provincia": "Rioja, La", "municipio": "Ezcaray", "latitude": 42.312625633260701, "longitude": -3.0130116250764538, "available_capacity_mw": 0.0, "distributor_network": "i-DE", "voltage_kv": 66.0, "grid_status": "Congested", "is_friction": true }, "geometry": { "type": "Point", "coordinates": [ -3.013011625076454, 42.312625633260701 ] } },
{ "type": "Feature", "properties": { "substation_name": "5139", "provincia": "Navarra", "municipio": "Pamplona/Iruña", "latitude": 42.799886615655936, "longitude": -1.6252996572132214, "available_capacity_mw": 0.0, "distributor_network": "i-DE", "voltage_kv": 66.0, "grid_status": "Congested", "is_friction": true }, "geometry": { "type": "Point", "coordinates": [ -1.625299657213221, 42.799886615655936 ] } },
{ "type": "Feature", "properties": { "substation_name": "5140", "provincia": "Navarra", "municipio": "Milagro", "latitude": 42.251336876229274, "longitude": -1.7837370855558996, "available_capacity_mw": 0.0, "distributor_network": "i-DE", "voltage_kv": 66.0, "grid_status": "Congested", "is_friction": true }, "geometry": { "type": "Point", "coordinates": [ -1.7837370855559, 42.251336876229274 ] } },
{ "type": "Feature", "properties": { "substation_name": "5141", "provincia": "Navarra", "municipio": "Pamplona/Iruña", "latitude": 42.832635811875633, "longitude": -1.6531777885923706, "available_capacity_mw": 0.0, "distributor_network": "i-DE", "voltage_kv": 66.0, "grid_status": "Congested", "is_friction": true }, "geometry": { "type": "Point", "coordinates": [ -1.653177788592371, 42.832635811875633 ] } },
{ "type": "Feature", "properties": { "substation_name": "5142", "provincia": "Navarra", "municipio": "Tudela", "latitude": 42.075988937090621, "longitude": -1.6517018098148109, "available_capacity_mw": 0.0, "distributor_network": "i-DE", "voltage_kv": 66.0, "grid_status": "Congested", "is_friction": true }, "geometry": { "type": "Point", "coordinates": [ -1.651701809814811, 42.075988937090621 ] } },
{ "type": "Feature", "properties": { "substation_name": "5158", "provincia": "Salamanca", "municipio": "Calvarrasa de Arriba", "latitude": 40.899573297801709, "longitude": -5.5935777380114411, "available_capacity_mw": 0.0, "distributor_network": "i-DE", "voltage_kv": 45.0, "grid_status": "Congested", "is_friction": true }, "geometry": { "type": "Point", "coordinates": [ -5.593577738011441, 40.899573297801709 ] } },
{ "type": "Feature", "properties": { "substation_name": "5169", "provincia": "Valencia/València", "municipio": "Gestalgar", "latitude": 39.604672065275842, "longitude": -0.79554515656759806, "available_capacity_mw": 0.0, "distributor_network": "i-DE", "voltage_kv": 66.0, "grid_status": "Congested", "is_friction": true }, "geometry": { "type": "Point", "coordinates": [ -0.795545156567598, 39.604672065275842 ] } },
{ "type": "Feature", "properties": { "substation_name": "5217", "provincia": "Rioja, La", "municipio": "Mansilla de la Sierra", "latitude": 42.159326254941654, "longitude": -2.9116214616879423, "available_capacity_mw": 0.0, "distributor_network": "i-DE", "voltage_kv": 66.0, "grid_status": "Congested", "is_friction": true }, "geometry": { "type": "Point", "coordinates": [ -2.911621461687942, 42.159326254941654 ] } },
{ "type": "Feature", "properties": { "substation_name": "5222", "provincia": "Rioja, La", "municipio": "Villamediana de Iregua", "latitude": 42.43222288070362, "longitude": -2.420171480590986, "available_capacity_mw": 0.0, "distributor_network": "i-DE", "voltage_kv": 66.0, "grid_status": "Congested", "is_friction": true }, "geometry": { "type": "Point", "coordinates": [ -2.420171480590986, 42.43222288070362 ] } },
{ "type": "Feature", "properties": { "substation_name": "5230", "provincia": "Navarra", "municipio": "Aribe", "latitude": 42.942554270924482, "longitude": -1.2653898636356371, "available_capacity_mw": 0.0, "distributor_network": "i-DE", "voltage_kv": 66.0, "grid_status": "Congested", "is_friction": true }, "geometry": { "type": "Point", "coordinates": [ -1.265389863635637, 42.942554270924482 ] } },
{ "type": "Feature", "properties": { "substation_name": "5237", "provincia": "Badajoz", "municipio": "Villanueva de la Serena", "latitude": 39.043133107228577, "longitude": -5.694599757135502, "available_capacity_mw": 0.0, "distributor_network": "i-DE", "voltage_kv": 45.0, "grid_status": "Congested", "is_friction": true }, "geometry": { "type": "Point", "coordinates": [ -5.694599757135502, 39.043133107228577 ] } },
{ "type": "Feature", "properties": { "substation_name": "5238", "provincia": "Albacete", "municipio": "Caudete", "latitude": 38.713771150220786, "longitude": -0.95878263876298941, "available_capacity_mw": 0.0, "distributor_network": "i-DE", "voltage_kv": 66.0, "grid_status": "Congested", "is_friction": true }, "geometry": { "type": "Point", "coordinates": [ -0.958782638762989, 38.713771150220786 ] } },
{ "type": "Feature", "properties": { "substation_name": "5240", "provincia": "Madrid", "municipio": "Moralzarzal", "latitude": 40.702856202696545, "longitude": -3.9529876452503161, "available_capacity_mw": 0.0, "distributor_network": "i-DE", "voltage_kv": 66.0, "grid_status": "Congested", "is_friction": true }, "geometry": { "type": "Point", "coordinates": [ -3.952987645250316, 40.702856202696545 ] } },
{ "type": "Feature", "properties": { "substation_name": "5241", "provincia": "Murcia", "municipio": "Bullas", "latitude": 38.051888675460987, "longitude": -1.6920750789760028, "available_capacity_mw": 4.44, "distributor_network": "i-DE", "voltage_kv": 66.0, "grid_status": "Moderate", "is_friction": true }, "geometry": { "type": "Point", "coordinates": [ -1.692075078976003, 38.051888675460987 ] } },
{ "type": "Feature", "properties": { "substation_name": "5242", "provincia": "Murcia", "municipio": "Fuente Álamo de Murcia", "latitude": 37.706454301851714, "longitude": -1.1867324714481833, "available_capacity_mw": 0.0, "distributor_network": "i-DE", "voltage_kv": 66.0, "grid_status": "Congested", "is_friction": true }, "geometry": { "type": "Point", "coordinates": [ -1.186732471448183, 37.706454301851714 ] } },
{ "type": "Feature", "properties": { "substation_name": "5248", "provincia": "Zamora", "municipio": "Zamora", "latitude": 41.520965116916678, "longitude": -5.7593903827845194, "available_capacity_mw": 19.0, "distributor_network": "i-DE", "voltage_kv": 45.0, "grid_status": "Sufficient", "is_friction": false }, "geometry": { "type": "Point", "coordinates": [ -5.759390382784519, 41.520965116916678 ] } },
{ "type": "Feature", "properties": { "substation_name": "5250", "provincia": "Ávila", "municipio": "Ávila", "latitude": 40.667071463926028, "longitude": -4.6834554169740725, "available_capacity_mw": 0.0, "distributor_network": "i-DE", "voltage_kv": 45.0, "grid_status": "Congested", "is_friction": true }, "geometry": { "type": "Point", "coordinates": [ -4.683455416974073, 40.667071463926028 ] } },
{ "type": "Feature", "properties": { "substation_name": "5260", "provincia": "Murcia", "municipio": "Santomera", "latitude": 38.085327145141875, "longitude": -1.0568272120748436, "available_capacity_mw": 0.0, "distributor_network": "i-DE", "voltage_kv": 66.0, "grid_status": "Congested", "is_friction": true }, "geometry": { "type": "Point", "coordinates": [ -1.056827212074844, 38.085327145141875 ] } },
{ "type": "Feature", "properties": { "substation_name": "5284", "provincia": "Madrid", "municipio": "Torrejón de la Calzada", "latitude": 40.189061837770737, "longitude": -3.8035777245904674, "available_capacity_mw": 0.0, "distributor_network": "i-DE", "voltage_kv": 45.0, "grid_status": "Congested", "is_friction": true }, "geometry": { "type": "Point", "coordinates": [ -3.803577724590467, 40.189061837770737 ] } },
{ "type": "Feature", "properties": { "substation_name": "5285", "provincia": "Valencia/València", "municipio": "Requena", "latitude": 39.485004999759823, "longitude": -1.1433959021878359, "available_capacity_mw": 0.0, "distributor_network": "i-DE", "voltage_kv": 66.0, "grid_status": "Congested", "is_friction": true }, "geometry": { "type": "Point", "coordinates": [ -1.143395902187836, 39.485004999759823 ] } },
{ "type": "Feature", "properties": { "substation_name": "5301", "provincia": "Gipuzkoa", "municipio": "Zumaia", "latitude": 43.283443893580021, "longitude": -2.2556661228872259, "available_capacity_mw": 0.0, "distributor_network": "i-DE", "voltage_kv": 30.0, "grid_status": "Congested", "is_friction": true }, "geometry": { "type": "Point", "coordinates": [ -2.255666122887226, 43.283443893580021 ] } },
{ "type": "Feature", "properties": { "substation_name": "5307", "provincia": "Valencia/València", "municipio": "Vallada", "latitude": 38.90837739329406, "longitude": -0.69308903677758926, "available_capacity_mw": 7.78, "distributor_network": "i-DE", "voltage_kv": 66.0, "grid_status": "Sufficient", "is_friction": false }, "geometry": { "type": "Point", "coordinates": [ -0.693089036777589, 38.90837739329406 ] } },
{ "type": "Feature", "properties": { "substation_name": "5309", "provincia": "Madrid", "municipio": "Valdemoro", "latitude": 40.196291880525251, "longitude": -3.6927242128993698, "available_capacity_mw": 0.0, "distributor_network": "i-DE", "voltage_kv": 45.0, "grid_status": "Congested", "is_friction": true }, "geometry": { "type": "Point", "coordinates": [ -3.69272421289937, 40.196291880525251 ] } },
{ "type": "Feature", "properties": { "substation_name": "5310", "provincia": "Madrid", "municipio": "Madrid", "latitude": 40.382948828508141, "longitude": -3.746459814938218, "available_capacity_mw": 0.0, "distributor_network": "i-DE", "voltage_kv": 45.0, "grid_status": "Congested", "is_friction": true }, "geometry": { "type": "Point", "coordinates": [ -3.746459814938218, 40.382948828508141 ] } },
{ "type": "Feature", "properties": { "substation_name": "5499", "provincia": "Murcia", "municipio": "Pliego", "latitude": 37.955177223579838, "longitude": -1.482737923011926, "available_capacity_mw": 0.0, "distributor_network": "i-DE", "voltage_kv": 66.0, "grid_status": "Congested", "is_friction": true }, "geometry": { "type": "Point", "coordinates": [ -1.482737923011926, 37.955177223579838 ] } },
{ "type": "Feature", "properties": { "substation_name": "5977", "provincia": "Navarra", "municipio": "Tafalla", "latitude": 42.535174458719418, "longitude": -1.7560695067434702, "available_capacity_mw": 1.0, "distributor_network": "i-DE", "voltage_kv": 66.0, "grid_status": "Moderate", "is_friction": true }, "geometry": { "type": "Point", "coordinates": [ -1.75606950674347, 42.535174458719418 ] } },
{ "type": "Feature", "properties": { "substation_name": "7108", "provincia": "Albacete", "municipio": "Albacete", "latitude": 38.75656897179713, "longitude": -1.7570986576237859, "available_capacity_mw": 0.0, "distributor_network": "i-DE", "voltage_kv": 66.0, "grid_status": "Congested", "is_friction": true }, "geometry": { "type": "Point", "coordinates": [ -1.757098657623786, 38.75656897179713 ] } },
{ "type": "Feature", "properties": { "substation_name": "7133", "provincia": "Salamanca", "municipio": "Pedrosillo de los Aires", "latitude": 40.681824268505473, "longitude": -5.6266669207174163, "available_capacity_mw": 0.0, "distributor_network": "i-DE", "voltage_kv": 132.0, "grid_status": "Congested", "is_friction": true }, "geometry": { "type": "Point", "coordinates": [ -5.626666920717416, 40.681824268505473 ] } },
{ "type": "Feature", "properties": { "substation_name": "7146", "provincia": "Guadalajara", "municipio": "Cabanillas del Campo", "latitude": 40.611964806723357, "longitude": -3.244213776297697, "available_capacity_mw": 0.0, "distributor_network": "i-DE", "voltage_kv": 132.0, "grid_status": "Congested", "is_friction": true }, "geometry": { "type": "Point", "coordinates": [ -3.244213776297697, 40.611964806723357 ] } },
{ "type": "Feature", "properties": { "substation_name": "7193", "provincia": "León", "municipio": "El Burgo Ranero", "latitude": 42.471820726223974, "longitude": -5.203851428167261, "available_capacity_mw": 0.0, "distributor_network": "i-DE", "voltage_kv": 132.0, "grid_status": "Congested", "is_friction": true }, "geometry": { "type": "Point", "coordinates": [ -5.203851428167261, 42.471820726223974 ] } },
{ "type": "Feature", "properties": { "substation_name": "7202", "provincia": "Valencia/València", "municipio": "la Font de la Figuera", "latitude": 38.823552384619141, "longitude": -0.89485418788861515, "available_capacity_mw": 12.99, "distributor_network": "i-DE", "voltage_kv": 66.0, "grid_status": "Sufficient", "is_friction": false }, "geometry": { "type": "Point", "coordinates": [ -0.894854187888615, 38.823552384619141 ] } },
{ "type": "Feature", "properties": { "substation_name": "7209", "provincia": "Murcia", "municipio": "Jumilla", "latitude": 38.368817618021055, "longitude": -1.2695841107522172, "available_capacity_mw": 0.0, "distributor_network": "i-DE", "voltage_kv": 132.0, "grid_status": "Congested", "is_friction": true }, "geometry": { "type": "Point", "coordinates": [ -1.269584110752217, 38.368817618021055 ] } },
{ "type": "Feature", "properties": { "substation_name": "7210", "provincia": "Ávila", "municipio": "Nava de Arévalo", "latitude": 40.989880197710278, "longitude": -4.8193537945157345, "available_capacity_mw": 0.0, "distributor_network": "i-DE", "voltage_kv": 45.0, "grid_status": "Congested", "is_friction": true }, "geometry": { "type": "Point", "coordinates": [ -4.819353794515735, 40.989880197710278 ] } },
{ "type": "Feature", "properties": { "substation_name": "7287", "provincia": "Murcia", "municipio": "Murcia", "latitude": 37.842760692439803, "longitude": -1.1448511534748966, "available_capacity_mw": 0.0, "distributor_network": "i-DE", "voltage_kv": 132.0, "grid_status": "Congested", "is_friction": true }, "geometry": { "type": "Point", "coordinates": [ -1.144851153474897, 37.842760692439803 ] } },
{ "type": "Feature", "properties": { "substation_name": "8487", "provincia": "Navarra", "municipio": "Mendavia", "latitude": 42.468508859723109, "longitude": -2.2761735094158495, "available_capacity_mw": 0.0, "distributor_network": "i-DE", "voltage_kv": 66.0, "grid_status": "Congested", "is_friction": true }, "geometry": { "type": "Point", "coordinates": [ -2.27617350941585, 42.468508859723109 ] } },
{ "type": "Feature", "properties": { "substation_name": "9312", "provincia": "Rioja, La", "municipio": "Bañares", "latitude": 42.468738338038406, "longitude": -2.9310021590584459, "available_capacity_mw": 0.0, "distributor_network": "i-DE", "voltage_kv": 66.0, "grid_status": "Congested", "is_friction": true }, "geometry": { "type": "Point", "coordinates": [ -2.931002159058446, 42.468738338038406 ] } },
{ "type": "Feature", "properties": { "substation_name": "9665", "provincia": "Navarra", "municipio": "Murchante", "latitude": 42.058555219332405, "longitude": -1.6794715099919086, "available_capacity_mw": 27.0, "distributor_network": "i-DE", "voltage_kv": 66.0, "grid_status": "Sufficient", "is_friction": false }, "geometry": { "type": "Point", "coordinates": [ -1.679471509991909, 42.058555219332405 ] } },
{ "type": "Feature", "properties": { "substation_name": "9670", "provincia": "Navarra", "municipio": "Villafranca", "latitude": 42.26584698668163, "longitude": -1.6848459006285199, "available_capacity_mw": 0.0, "distributor_network": "i-DE", "voltage_kv": 66.0, "grid_status": "Congested", "is_friction": true }, "geometry": { "type": "Point", "coordinates": [ -1.68484590062852, 42.26584698668163 ] } },
{ "type": "Feature", "properties": { "substation_name": "9675", "provincia": "Navarra", "municipio": "Olite/Erriberri", "latitude": 42.425780263374627, "longitude": -1.6456334621674436, "available_capacity_mw": 1.0, "distributor_network": "i-DE", "voltage_kv": 66.0, "grid_status": "Moderate", "is_friction": true }, "geometry": { "type": "Point", "coordinates": [ -1.645633462167444, 42.425780263374627 ] } },
{ "type": "Feature", "properties": { "substation_name": "9678", "provincia": "Navarra", "municipio": "Tudela", "latitude": 42.081202713260367, "longitude": -1.6529318519496696, "available_capacity_mw": 0.0, "distributor_network": "i-DE", "voltage_kv": 66.0, "grid_status": "Congested", "is_friction": true }, "geometry": { "type": "Point", "coordinates": [ -1.65293185194967, 42.081202713260367 ] } },
{ "type": "Feature", "properties": { "substation_name": "9680", "provincia": "Navarra", "municipio": "Castejón", "latitude": 42.141658148675312, "longitude": -1.6782246949910944, "available_capacity_mw": 0.0, "distributor_network": "i-DE", "voltage_kv": 66.0, "grid_status": "Congested", "is_friction": true }, "geometry": { "type": "Point", "coordinates": [ -1.678224694991094, 42.141658148675312 ] } },
{ "type": "Feature", "properties": { "substation_name": "9693", "provincia": "Navarra", "municipio": "Valtierra", "latitude": 42.206935187306215, "longitude": -1.6617515643340113, "available_capacity_mw": 0.0, "distributor_network": "i-DE", "voltage_kv": 66.0, "grid_status": "Congested", "is_friction": true }, "geometry": { "type": "Point", "coordinates": [ -1.661751564334011, 42.206935187306215 ] } },
{ "type": "Feature", "properties": { "substation_name": "9749", "provincia": "Navarra", "municipio": "Torres del Río", "latitude": 42.547246613543997, "longitude": -2.2738762836081743, "available_capacity_mw": 0.0, "distributor_network": "i-DE", "voltage_kv": 66.0, "grid_status": "Congested", "is_friction": true }, "geometry": { "type": "Point", "coordinates": [ -2.273876283608174, 42.547246613543997 ] } },
{ "type": "Feature", "properties": { "substation_name": "9764", "provincia": "Navarra", "municipio": "Puente la Reina/Gares", "latitude": 42.682163362404303, "longitude": -1.8138558142920365, "available_capacity_mw": 0.0, "distributor_network": "i-DE", "voltage_kv": 66.0, "grid_status": "Congested", "is_friction": true }, "geometry": { "type": "Point", "coordinates": [ -1.813855814292036, 42.682163362404303 ] } },
{ "type": "Feature", "properties": { "substation_name": "9780", "provincia": "Navarra", "municipio": "Fontellas", "latitude": 42.0154695697208, "longitude": -1.5677762494387271, "available_capacity_mw": 15.3, "distributor_network": "i-DE", "voltage_kv": 66.0, "grid_status": "Sufficient", "is_friction": false }, "geometry": { "type": "Point", "coordinates": [ -1.567776249438727, 42.0154695697208 ] } },
{ "type": "Feature", "properties": { "substation_name": "ABADESSES", "provincia": "Girona", "municipio": "17167", "latitude": 42.238035538646201, "longitude": 2.2895460228807134, "available_capacity_mw": 6.44, "distributor_network": "Endesa", "voltage_kv": 45.0, "grid_status": "Sufficient", "is_friction": false }, "geometry": { "type": "Point", "coordinates": [ 2.289546022880713, 42.238035538646201 ] } },
{ "type": "Feature", "properties": { "substation_name": "ABDALAJI", "provincia": "Málaga", "municipio": "29012", "latitude": 36.900972071052649, "longitude": -4.7234360960651021, "available_capacity_mw": 0.0, "distributor_network": "Endesa", "voltage_kv": 66.0, "grid_status": "Congested", "is_friction": true }, "geometry": { "type": "Point", "coordinates": [ -4.723436096065102, 36.900972071052649 ] } },
{ "type": "Feature", "properties": { "substation_name": "ABELLO", "provincia": "Cádiz", "municipio": "11020", "latitude": 36.722010545850942, "longitude": -6.0851605002922096, "available_capacity_mw": 0.0, "distributor_network": "Endesa", "voltage_kv": 66.0, "grid_status": "Congested", "is_friction": true }, "geometry": { "type": "Point", "coordinates": [ -6.08516050029221, 36.722010545850942 ] } },
{ "type": "Feature", "properties": { "substation_name": "ABIERTAS", "provincia": "Cádiz", "municipio": "11020", "latitude": 36.698598100463869, "longitude": -6.0967543809116407, "available_capacity_mw": 0.0, "distributor_network": "Endesa", "voltage_kv": 66.0, "grid_status": "Congested", "is_friction": true }, "geometry": { "type": "Point", "coordinates": [ -6.096754380911641, 36.698598100463869 ] } },
{ "type": "Feature", "properties": { "substation_name": "ABRERA", "provincia": "Barcelona", "municipio": "8001", "latitude": 41.507660828544658, "longitude": 1.8944960990296065, "available_capacity_mw": 66.91, "distributor_network": "Endesa", "voltage_kv": 25.0, "grid_status": "Sufficient", "is_friction": false }, "geometry": { "type": "Point", "coordinates": [ 1.894496099029606, 41.507660828544658 ] } },
{ "type": "Feature", "properties": { "substation_name": "ACCITANA", "provincia": "Granada", "municipio": "18089", "latitude": 37.331178094813112, "longitude": -3.0894169369010833, "available_capacity_mw": 0.0, "distributor_network": "Endesa", "voltage_kv": 66.0, "grid_status": "Congested", "is_friction": true }, "geometry": { "type": "Point", "coordinates": [ -3.089416936901083, 37.331178094813112 ] } },
{ "type": "Feature", "properties": { "substation_name": "ACTUR", "provincia": "Zaragoza", "municipio": "50297", "latitude": 41.668493229039022, "longitude": -0.88826685414532325, "available_capacity_mw": 0.0, "distributor_network": "Endesa", "voltage_kv": 45.0, "grid_status": "Congested", "is_friction": true }, "geometry": { "type": "Point", "coordinates": [ -0.888266854145323, 41.668493229039022 ] } },
{ "type": "Feature", "properties": { "substation_name": "ADRALL", "provincia": "Lleida", "municipio": "25185", "latitude": 42.323840047942454, "longitude": 1.396039061729536, "available_capacity_mw": 0.0, "distributor_network": "Endesa", "voltage_kv": 110.0, "grid_status": "Congested", "is_friction": true }, "geometry": { "type": "Point", "coordinates": [ 1.396039061729536, 42.323840047942454 ] } },
{ "type": "Feature", "properties": { "substation_name": "AEROP-HU", "provincia": "Huesca", "municipio": "22015", "latitude": 42.084066995189879, "longitude": -0.32137881914893751, "available_capacity_mw": 0.0, "distributor_network": "Endesa", "voltage_kv": 45.0, "grid_status": "Congested", "is_friction": true }, "geometry": { "type": "Point", "coordinates": [ -0.321378819148938, 42.084066995189879 ] } },
{ "type": "Feature", "properties": { "substation_name": "AEROPORT", "provincia": "Barcelona", "municipio": "8169", "latitude": 41.314830550097803, "longitude": 2.1035536794598726, "available_capacity_mw": 55.34, "distributor_network": "Endesa", "voltage_kv": 25.0, "grid_status": "Sufficient", "is_friction": false }, "geometry": { "type": "Point", "coordinates": [ 2.103553679459873, 41.314830550097803 ] } },
{ "type": "Feature", "properties": { "substation_name": "AEROPUER", "provincia": "Sevilla", "municipio": "41081", "latitude": 37.440510345051891, "longitude": -5.8858032569356933, "available_capacity_mw": 0.0, "distributor_network": "Endesa", "voltage_kv": 132.0, "grid_status": "Congested", "is_friction": true }, "geometry": { "type": "Point", "coordinates": [ -5.885803256935693, 37.440510345051891 ] } },
{ "type": "Feature", "properties": { "substation_name": "AGREDA", "provincia": "Soria", "municipio": "42004", "latitude": 41.847077500681912, "longitude": -1.9213087033929104, "available_capacity_mw": 0.0, "distributor_network": "Endesa", "voltage_kv": 45.0, "grid_status": "Congested", "is_friction": true }, "geometry": { "type": "Point", "coordinates": [ -1.92130870339291, 41.847077500681912 ] } },
{ "type": "Feature", "properties": { "substation_name": "AGRIBETI", "provincia": "Sevilla", "municipio": "41018", "latitude": 37.540840040823653, "longitude": -5.884976492107171, "available_capacity_mw": 0.0, "distributor_network": "Endesa", "voltage_kv": 66.0, "grid_status": "Congested", "is_friction": true }, "geometry": { "type": "Point", "coordinates": [ -5.884976492107171, 37.540840040823653 ] } },
{ "type": "Feature", "properties": { "substation_name": "AGROALIM", "provincia": "Cádiz", "municipio": "11020", "latitude": 36.729228286196417, "longitude": -6.0903123815305094, "available_capacity_mw": 0.0, "distributor_network": "Endesa", "voltage_kv": 66.0, "grid_status": "Congested", "is_friction": true }, "geometry": { "type": "Point", "coordinates": [ -6.090312381530509, 36.729228286196417 ] } },
{ "type": "Feature", "properties": { "substation_name": "AGUADULC", "provincia": "Almería", "municipio": "4079", "latitude": 36.813530694530698, "longitude": -2.598941179120505, "available_capacity_mw": 0.0, "distributor_network": "Endesa", "voltage_kv": 66.0, "grid_status": "Congested", "is_friction": true }, "geometry": { "type": "Point", "coordinates": [ -2.598941179120505, 36.813530694530698 ] } },
{ "type": "Feature", "properties": { "substation_name": "AGUILA", "provincia": "Sevilla", "municipio": "41004", "latitude": 37.337181938819086, "longitude": -5.8230228814541345, "available_capacity_mw": 0.0, "distributor_network": "Endesa", "voltage_kv": 132.0, "grid_status": "Congested", "is_friction": true }, "geometry": { "type": "Point", "coordinates": [ -5.823022881454134, 37.337181938819086 ] } },
{ "type": "Feature", "properties": { "substation_name": "AGUILAR_P", "provincia": "Palencia", "municipio": "Aguilar de Campoo", "latitude": 42.783671876937056, "longitude": -4.2540444404552646, "available_capacity_mw": 2.0, "distributor_network": "Viesgo", "voltage_kv": 30.0, "grid_status": "Moderate", "is_friction": true }, "geometry": { "type": "Point", "coordinates": [ -4.254044440455265, 42.783671876937056 ] } },
{ "type": "Feature", "properties": { "substation_name": "AGUSTI", "provincia": "Balears, Illes", "municipio": "7040", "latitude": 39.553666891764898, "longitude": -3.4066205702538457, "available_capacity_mw": 2.55, "distributor_network": "Endesa", "voltage_kv": 15.0, "grid_status": "Moderate", "is_friction": true }, "geometry": { "type": "Point", "coordinates": [ -3.406620570253846, 39.553666891764898 ] } },
{ "type": "Feature", "properties": { "substation_name": "ALAMILLO", "provincia": "Sevilla", "municipio": "41091", "latitude": 37.410686925535437, "longitude": -5.9975954841838641, "available_capacity_mw": 0.0, "distributor_network": "Endesa", "voltage_kv": 66.0, "grid_status": "Congested", "is_friction": true }, "geometry": { "type": "Point", "coordinates": [ -5.997595484183864, 37.410686925535437 ] } },
{ "type": "Feature", "properties": { "substation_name": "ALBALATE", "provincia": "Teruel", "municipio": "44008", "latitude": 41.121861320953883, "longitude": -0.51634282769433992, "available_capacity_mw": 0.0, "distributor_network": "Endesa", "voltage_kv": 45.0, "grid_status": "Congested", "is_friction": true }, "geometry": { "type": "Point", "coordinates": [ -0.51634282769434, 41.121861320953883 ] } },
{ "type": "Feature", "properties": { "substation_name": "ALBATARREC", "provincia": "Lleida", "municipio": "25007", "latitude": 41.577397671363109, "longitude": 0.62231921802697188, "available_capacity_mw": 2.33, "distributor_network": "Endesa", "voltage_kv": 25.0, "grid_status": "Moderate", "is_friction": true }, "geometry": { "type": "Point", "coordinates": [ 0.622319218026972, 41.577397671363109 ] } },
{ "type": "Feature", "properties": { "substation_name": "ALBOX", "provincia": "Almería", "municipio": "4006", "latitude": 37.367600420041505, "longitude": -2.1427581196125174, "available_capacity_mw": 0.0, "distributor_network": "Endesa", "voltage_kv": 66.0, "grid_status": "Congested", "is_friction": true }, "geometry": { "type": "Point", "coordinates": [ -2.142758119612517, 37.367600420041505 ] } },
{ "type": "Feature", "properties": { "substation_name": "ALCAGUAD", "provincia": "Sevilla", "municipio": "41004", "latitude": 37.357048150398725, "longitude": -5.8721730060650614, "available_capacity_mw": 0.0, "distributor_network": "Endesa", "voltage_kv": 132.0, "grid_status": "Congested", "is_friction": true }, "geometry": { "type": "Point", "coordinates": [ -5.872173006065061, 37.357048150398725 ] } },
{ "type": "Feature", "properties": { "substation_name": "ALCAIDES", "provincia": "Cádiz", "municipio": "11033", "latitude": 36.242210159050053, "longitude": -5.3370155258279794, "available_capacity_mw": 0.0, "distributor_network": "Endesa", "voltage_kv": 66.0, "grid_status": "Congested", "is_friction": true }, "geometry": { "type": "Point", "coordinates": [ -5.337015525827979, 36.242210159050053 ] } },
{ "type": "Feature", "properties": { "substation_name": "ALCALRIO", "provincia": "Sevilla", "municipio": "41005", "latitude": 37.51738668111777, "longitude": -5.9746646707332358, "available_capacity_mw": 0.0, "distributor_network": "Endesa", "voltage_kv": 66.0, "grid_status": "Congested", "is_friction": true }, "geometry": { "type": "Point", "coordinates": [ -5.974664670733236, 37.51738668111777 ] } },
{ "type": "Feature", "properties": { "substation_name": "ALCANAR", "provincia": "Tarragona", "municipio": "43004", "latitude": 40.561908250783318, "longitude": 0.51483173119050496, "available_capacity_mw": 0.0, "distributor_network": "Endesa", "voltage_kv": 110.0, "grid_status": "Congested", "is_friction": true }, "geometry": { "type": "Point", "coordinates": [ 0.514831731190505, 40.561908250783318 ] } },
{ "type": "Feature", "properties": { "substation_name": "ALCAUDET", "provincia": "Jaén", "municipio": "23003", "latitude": 37.57475029019264, "longitude": -4.0820655517932272, "available_capacity_mw": 0.0, "distributor_network": "Endesa", "voltage_kv": 132.0, "grid_status": "Congested", "is_friction": true }, "geometry": { "type": "Point", "coordinates": [ -4.082065551793227, 37.57475029019264 ] } },
{ "type": "Feature", "properties": { "substation_name": "ALCA_SELVA", "provincia": "Teruel", "municipio": "44012", "latitude": 40.371938713613318, "longitude": -0.69581254573527185, "available_capacity_mw": 0.0, "distributor_network": "Endesa", "voltage_kv": 45.0, "grid_status": "Congested", "is_friction": true }, "geometry": { "type": "Point", "coordinates": [ -0.695812545735272, 40.371938713613318 ] } },
{ "type": "Feature", "properties": { "substation_name": "ALCAÑIZ", "provincia": "Teruel", "municipio": "44013", "latitude": 41.068797008623406, "longitude": -0.15294082315581281, "available_capacity_mw": 0.0, "distributor_network": "Endesa", "voltage_kv": 132.0, "grid_status": "Congested", "is_friction": true }, "geometry": { "type": "Point", "coordinates": [ -0.152940823155813, 41.068797008623406 ] } },
{ "type": "Feature", "properties": { "substation_name": "ALCOLEA", "provincia": "Almería", "municipio": "4007", "latitude": 36.969459339797986, "longitude": -2.9634034389203037, "available_capacity_mw": 0.0, "distributor_network": "Endesa", "voltage_kv": 66.0, "grid_status": "Congested", "is_friction": true }, "geometry": { "type": "Point", "coordinates": [ -2.963403438920304, 36.969459339797986 ] } },
{ "type": "Feature", "properties": { "substation_name": "ALCOLRIO", "provincia": "Sevilla", "municipio": "41006", "latitude": 37.622022030888537, "longitude": -5.6703332812394462, "available_capacity_mw": 0.0, "distributor_network": "Endesa", "voltage_kv": 132.0, "grid_status": "Congested", "is_friction": true }, "geometry": { "type": "Point", "coordinates": [ -5.670333281239446, 37.622022030888537 ] } },
{ "type": "Feature", "properties": { "substation_name": "ALCONCHE", "provincia": "Badajoz", "municipio": "6007", "latitude": 38.516920673095299, "longitude": -7.0619964502007369, "available_capacity_mw": 0.0, "distributor_network": "Endesa", "voltage_kv": 66.0, "grid_status": "Congested", "is_friction": true }, "geometry": { "type": "Point", "coordinates": [ -7.061996450200737, 38.516920673095299 ] } },
{ "type": "Feature", "properties": { "substation_name": "ALCONERA", "provincia": "Badajoz", "municipio": "6008", "latitude": 38.38033378918994, "longitude": -6.4872916164511185, "available_capacity_mw": 0.0, "distributor_network": "Endesa", "voltage_kv": 66.0, "grid_status": "Congested", "is_friction": true }, "geometry": { "type": "Point", "coordinates": [ -6.487291616451119, 38.38033378918994 ] } },
{ "type": "Feature", "properties": { "substation_name": "ALCORES", "provincia": "Sevilla", "municipio": "41004", "latitude": 37.3863698187889, "longitude": -5.8563796150839957, "available_capacity_mw": 0.0, "distributor_network": "Endesa", "voltage_kv": 132.0, "grid_status": "Congested", "is_friction": true }, "geometry": { "type": "Point", "coordinates": [ -5.856379615083996, 37.3863698187889 ] } },
{ "type": "Feature", "properties": { "substation_name": "ALCORISA", "provincia": "Teruel", "municipio": "44014", "latitude": 40.898253509692537, "longitude": -0.38355563891645611, "available_capacity_mw": 0.0, "distributor_network": "Endesa", "voltage_kv": 45.0, "grid_status": "Congested", "is_friction": true }, "geometry": { "type": "Point", "coordinates": [ -0.383555638916456, 40.898253509692537 ] } },
{ "type": "Feature", "properties": { "substation_name": "ALCUDIA", "provincia": "Balears, Illes", "municipio": "7003", "latitude": 39.836356267351931, "longitude": -2.8556413269226919, "available_capacity_mw": 39.26, "distributor_network": "Endesa", "voltage_kv": 15.0, "grid_status": "Sufficient", "is_friction": false }, "geometry": { "type": "Point", "coordinates": [ -2.855641326922692, 39.836356267351931 ] } },
{ "type": "Feature", "properties": { "substation_name": "ALC_REAL", "provincia": "Jaén", "municipio": "23002", "latitude": 37.452654374643153, "longitude": -3.9366120297824376, "available_capacity_mw": 0.0, "distributor_network": "Endesa", "voltage_kv": 66.0, "grid_status": "Congested", "is_friction": true }, "geometry": { "type": "Point", "coordinates": [ -3.936612029782438, 37.452654374643153 ] } },
{ "type": "Feature", "properties": { "substation_name": "ALDEIRE", "provincia": "Granada", "municipio": "18010", "latitude": 37.222064056867225, "longitude": -3.0682209009274675, "available_capacity_mw": 0.0, "distributor_network": "Endesa", "voltage_kv": 66.0, "grid_status": "Congested", "is_friction": true }, "geometry": { "type": "Point", "coordinates": [ -3.068220900927467, 37.222064056867225 ] } },
{ "type": "Feature", "properties": { "substation_name": "ALFAMEN", "provincia": "Zaragoza", "municipio": "50018", "latitude": 41.443258138713837, "longitude": -1.2383415563887681, "available_capacity_mw": 0.0, "distributor_network": "Endesa", "voltage_kv": 45.0, "grid_status": "Congested", "is_friction": true }, "geometry": { "type": "Point", "coordinates": [ -1.238341556388768, 41.443258138713837 ] } },
{ "type": "Feature", "properties": { "substation_name": "ALFARRAS", "provincia": "Lleida", "municipio": "25013", "latitude": 41.850902513313287, "longitude": 0.57426295826519258, "available_capacity_mw": 0.0, "distributor_network": "Endesa", "voltage_kv": 132.0, "grid_status": "Congested", "is_friction": true }, "geometry": { "type": "Point", "coordinates": [ 0.574262958265193, 41.850902513313287 ] } },
{ "type": "Feature", "properties": { "substation_name": "ALGAIDA", "provincia": "Málaga", "municipio": "29095", "latitude": 37.174866117397166, "longitude": -4.4576208479691131, "available_capacity_mw": 0.0, "distributor_network": "Endesa", "voltage_kv": 66.0, "grid_status": "Congested", "is_friction": true }, "geometry": { "type": "Point", "coordinates": [ -4.457620847969113, 37.174866117397166 ] } },
{ "type": "Feature", "properties": { "substation_name": "ALGECIRA", "provincia": "Cádiz", "municipio": "11033", "latitude": 36.182927450550231, "longitude": -5.389777061335713, "available_capacity_mw": 0.0, "distributor_network": "Endesa", "voltage_kv": 66.0, "grid_status": "Congested", "is_friction": true }, "geometry": { "type": "Point", "coordinates": [ -5.389777061335713, 36.182927450550231 ] } },
{ "type": "Feature", "properties": { "substation_name": "ALGODONA", "provincia": "Cádiz", "municipio": "11005", "latitude": 36.874398463830367, "longitude": -5.4161980335365154, "available_capacity_mw": 0.0, "distributor_network": "Endesa", "voltage_kv": 66.0, "grid_status": "Congested", "is_friction": true }, "geometry": { "type": "Point", "coordinates": [ -5.416198033536515, 36.874398463830367 ] } },
{ "type": "Feature", "properties": { "substation_name": "ALHAMA", "provincia": "Granada", "municipio": "18013", "latitude": 36.998681573391856, "longitude": -3.991244896449905, "available_capacity_mw": 0.0, "distributor_network": "Endesa", "voltage_kv": 66.0, "grid_status": "Congested", "is_friction": true }, "geometry": { "type": "Point", "coordinates": [ -3.991244896449905, 36.998681573391856 ] } },
{ "type": "Feature", "properties": { "substation_name": "ALHAURIN", "provincia": "Málaga", "municipio": "29007", "latitude": 36.656019796308755, "longitude": -4.5749238201286664, "available_capacity_mw": 47.3, "distributor_network": "Endesa", "voltage_kv": 66.0, "grid_status": "Sufficient", "is_friction": false }, "geometry": { "type": "Point", "coordinates": [ -4.574923820128666, 36.656019796308755 ] } },
{ "type": "Feature", "properties": { "substation_name": "ALIAGA", "provincia": "Teruel", "municipio": "44017", "latitude": 40.685915740555075, "longitude": -0.67902907561229908, "available_capacity_mw": 0.0, "distributor_network": "Endesa", "voltage_kv": 132.0, "grid_status": "Congested", "is_friction": true }, "geometry": { "type": "Point", "coordinates": [ -0.679029075612299, 40.685915740555075 ] } },
{ "type": "Feature", "properties": { "substation_name": "ALIJAR", "provincia": "Cádiz", "municipio": "11020", "latitude": 36.733315641275709, "longitude": -6.2947149666647482, "available_capacity_mw": 0.0, "distributor_network": "Endesa", "voltage_kv": 66.0, "grid_status": "Congested", "is_friction": true }, "geometry": { "type": "Point", "coordinates": [ -6.294714966664748, 36.733315641275709 ] } },
{ "type": "Feature", "properties": { "substation_name": "ALJARAFE", "provincia": "Sevilla", "municipio": "41016", "latitude": 37.344391131149941, "longitude": -6.0948542190778872, "available_capacity_mw": 13.69, "distributor_network": "Endesa", "voltage_kv": 66.0, "grid_status": "Sufficient", "is_friction": false }, "geometry": { "type": "Point", "coordinates": [ -6.094854219077887, 37.344391131149941 ] } },
{ "type": "Feature", "properties": { "substation_name": "ALMATRET", "provincia": "Lleida", "municipio": "25020", "latitude": 41.339812976033365, "longitude": 0.36580233048875938, "available_capacity_mw": 0.0, "distributor_network": "Endesa", "voltage_kv": 25.0, "grid_status": "Congested", "is_friction": true }, "geometry": { "type": "Point", "coordinates": [ 0.365802330488759, 41.339812976033365 ] } },
{ "type": "Feature", "properties": { "substation_name": "ALMAZAN", "provincia": "Soria", "municipio": "42020", "latitude": 41.493366101154429, "longitude": -2.510736328801126, "available_capacity_mw": 0.0, "distributor_network": "Endesa", "voltage_kv": 132.0, "grid_status": "Congested", "is_friction": true }, "geometry": { "type": "Point", "coordinates": [ -2.510736328801126, 41.493366101154429 ] } },
{ "type": "Feature", "properties": { "substation_name": "ALMENDRA", "provincia": "Badajoz", "municipio": "6011", "latitude": 38.695927453477168, "longitude": -6.3988293146799009, "available_capacity_mw": 0.0, "distributor_network": "Endesa", "voltage_kv": 66.0, "grid_status": "Congested", "is_friction": true }, "geometry": { "type": "Point", "coordinates": [ -6.398829314679901, 38.695927453477168 ] } },
{ "type": "Feature", "properties": { "substation_name": "ALMONTE", "provincia": "Huelva", "municipio": "21005", "latitude": 37.272694486162941, "longitude": -6.5435335293799666, "available_capacity_mw": 0.0, "distributor_network": "Endesa", "voltage_kv": 66.0, "grid_status": "Congested", "is_friction": true }, "geometry": { "type": "Point", "coordinates": [ -6.543533529379967, 37.272694486162941 ] } },
{ "type": "Feature", "properties": { "substation_name": "ALMUDEVAR", "provincia": "Huesca", "municipio": "22021", "latitude": 42.045666080938403, "longitude": -0.59944844897290661, "available_capacity_mw": 0.0, "distributor_network": "Endesa", "voltage_kv": 45.0, "grid_status": "Congested", "is_friction": true }, "geometry": { "type": "Point", "coordinates": [ -0.599448448972907, 42.045666080938403 ] } },
{ "type": "Feature", "properties": { "substation_name": "ALMUNECA", "provincia": "Granada", "municipio": "18017", "latitude": 36.763585675285753, "longitude": -3.6928853738467939, "available_capacity_mw": 0.0, "distributor_network": "Endesa", "voltage_kv": 66.0, "grid_status": "Congested", "is_friction": true }, "geometry": { "type": "Point", "coordinates": [ -3.692885373846794, 36.763585675285753 ] } },
{ "type": "Feature", "properties": { "substation_name": "ALMUÑA", "provincia": "Asturias", "municipio": "Valdés", "latitude": 43.531231496631712, "longitude": -6.5225811810069141, "available_capacity_mw": 30.0, "distributor_network": "Viesgo", "voltage_kv": 132.0, "grid_status": "Sufficient", "is_friction": false }, "geometry": { "type": "Point", "coordinates": [ -6.522581181006914, 43.531231496631712 ] } },
{ "type": "Feature", "properties": { "substation_name": "ALQUERIA", "provincia": "Huelva", "municipio": "21041", "latitude": 37.312175875684517, "longitude": -6.858186762631596, "available_capacity_mw": 0.0, "distributor_network": "Endesa", "voltage_kv": 66.0, "grid_status": "Congested", "is_friction": true }, "geometry": { "type": "Point", "coordinates": [ -6.858186762631596, 37.312175875684517 ] } },
{ "type": "Feature", "properties": { "substation_name": "ALTAFULLA", "provincia": "Tarragona", "municipio": "43012", "latitude": 41.154193790722495, "longitude": 1.3735501604950782, "available_capacity_mw": 58.65, "distributor_network": "Endesa", "voltage_kv": 110.0, "grid_status": "Sufficient", "is_friction": false }, "geometry": { "type": "Point", "coordinates": [ 1.373550160495078, 41.154193790722495 ] } },
{ "type": "Feature", "properties": { "substation_name": "ALTORRICON", "provincia": "Huesca", "municipio": "22025", "latitude": 41.785369765982445, "longitude": 0.41336088417851041, "available_capacity_mw": 0.0, "distributor_network": "Endesa", "voltage_kv": 66.0, "grid_status": "Congested", "is_friction": true }, "geometry": { "type": "Point", "coordinates": [ 0.41336088417851, 41.785369765982445 ] } },
{ "type": "Feature", "properties": { "substation_name": "ALTOSLUBIA", "provincia": "Soria", "municipio": "42071", "latitude": 41.610743630131417, "longitude": -2.5058107579593156, "available_capacity_mw": 0.0, "distributor_network": "Endesa", "voltage_kv": 45.0, "grid_status": "Congested", "is_friction": true }, "geometry": { "type": "Point", "coordinates": [ -2.505810757959316, 41.610743630131417 ] } },
{ "type": "Feature", "properties": { "substation_name": "ALTRON", "provincia": "Lleida", "municipio": "25209", "latitude": 42.442154779635864, "longitude": 1.1299708082787905, "available_capacity_mw": 0.0, "distributor_network": "Endesa", "voltage_kv": 110.0, "grid_status": "Congested", "is_friction": true }, "geometry": { "type": "Point", "coordinates": [ 1.12997080827879, 42.442154779635864 ] } },
{ "type": "Feature", "properties": { "substation_name": "ALUMALSA", "provincia": "Zaragoza", "municipio": "50297", "latitude": 41.607755557098159, "longitude": -0.83561371768018744, "available_capacity_mw": 0.0, "distributor_network": "Endesa", "voltage_kv": 45.0, "grid_status": "Congested", "is_friction": true }, "geometry": { "type": "Point", "coordinates": [ -0.835613717680187, 41.607755557098159 ] } },
{ "type": "Feature", "properties": { "substation_name": "ALVARADO", "provincia": "Badajoz", "municipio": "6015", "latitude": 38.787146844632296, "longitude": -6.7999872578771541, "available_capacity_mw": 0.0, "distributor_network": "Endesa", "voltage_kv": 66.0, "grid_status": "Congested", "is_friction": true }, "geometry": { "type": "Point", "coordinates": [ -6.799987257877154, 38.787146844632296 ] } },
{ "type": "Feature", "properties": { "substation_name": "AMATE", "provincia": "Sevilla", "municipio": "41091", "latitude": 37.386378452835643, "longitude": -5.9479872988639713, "available_capacity_mw": 0.0, "distributor_network": "Endesa", "voltage_kv": 66.0, "grid_status": "Congested", "is_friction": true }, "geometry": { "type": "Point", "coordinates": [ -5.947987298863971, 37.386378452835643 ] } },
{ "type": "Feature", "properties": { "substation_name": "AMBROSERO", "provincia": "Cantabria", "municipio": "Bárcena de Cicero", "latitude": 43.423219851992592, "longitude": -3.5331343346525448, "available_capacity_mw": 0.87, "distributor_network": "Viesgo", "voltage_kv": 55.0, "grid_status": "Congested", "is_friction": true }, "geometry": { "type": "Point", "coordinates": [ -3.533134334652545, 43.423219851992592 ] } },
{ "type": "Feature", "properties": { "substation_name": "AMPOLLA", "provincia": "Tarragona", "municipio": "43906", "latitude": 40.800360642004428, "longitude": 0.67145000668526678, "available_capacity_mw": 0.0, "distributor_network": "Endesa", "voltage_kv": 110.0, "grid_status": "Congested", "is_friction": true }, "geometry": { "type": "Point", "coordinates": [ 0.671450006685267, 40.800360642004428 ] } },
{ "type": "Feature", "properties": { "substation_name": "AMPOSTA", "provincia": "Tarragona", "municipio": "43014", "latitude": 40.70855730728605, "longitude": 0.56120353545044366, "available_capacity_mw": 0.0, "distributor_network": "Endesa", "voltage_kv": 110.0, "grid_status": "Congested", "is_friction": true }, "geometry": { "type": "Point", "coordinates": [ 0.561203535450444, 40.70855730728605 ] } },
{ "type": "Feature", "properties": { "substation_name": "ANDARAX", "provincia": "Almería", "municipio": "4013", "latitude": 36.839726867585298, "longitude": -2.4318436312253979, "available_capacity_mw": 0.0, "distributor_network": "Endesa", "voltage_kv": 132.0, "grid_status": "Congested", "is_friction": true }, "geometry": { "type": "Point", "coordinates": [ -2.431843631225398, 36.839726867585298 ] } },
{ "type": "Feature", "properties": { "substation_name": "ANDORRA", "provincia": "Teruel", "municipio": "44025", "latitude": 40.972036303596632, "longitude": -0.43346111649278318, "available_capacity_mw": 0.0, "distributor_network": "Endesa", "voltage_kv": 45.0, "grid_status": "Congested", "is_friction": true }, "geometry": { "type": "Point", "coordinates": [ -0.433461116492783, 40.972036303596632 ] } },
{ "type": "Feature", "properties": { "substation_name": "ANDRATX", "provincia": "Balears, Illes", "municipio": "7005", "latitude": 39.544498368006629, "longitude": -3.5772044524965918, "available_capacity_mw": 4.87, "distributor_network": "Endesa", "voltage_kv": 15.0, "grid_status": "Moderate", "is_friction": true }, "geometry": { "type": "Point", "coordinates": [ -3.577204452496592, 39.544498368006629 ] } },
{ "type": "Feature", "properties": { "substation_name": "ANDUJAR", "provincia": "Jaén", "municipio": "23005", "latitude": 38.043163375404269, "longitude": -3.9970296485182466, "available_capacity_mw": 0.0, "distributor_network": "Endesa", "voltage_kv": 132.0, "grid_status": "Congested", "is_friction": true }, "geometry": { "type": "Point", "coordinates": [ -3.997029648518247, 38.043163375404269 ] } },
{ "type": "Feature", "properties": { "substation_name": "ANOIA", "provincia": "Barcelona", "municipio": "8302", "latitude": 41.577063276131213, "longitude": 1.6671009971962556, "available_capacity_mw": 30.89, "distributor_network": "Endesa", "voltage_kv": 25.0, "grid_status": "Sufficient", "is_friction": false }, "geometry": { "type": "Point", "coordinates": [ 1.667100997196256, 41.577063276131213 ] } },
{ "type": "Feature", "properties": { "substation_name": "ANSO", "provincia": "Huesca", "municipio": "22028", "latitude": 42.750454118039812, "longitude": -0.82918566607571631, "available_capacity_mw": 0.0, "distributor_network": "Endesa", "voltage_kv": 45.0, "grid_status": "Congested", "is_friction": true }, "geometry": { "type": "Point", "coordinates": [ -0.829185666075716, 42.750454118039812 ] } },
{ "type": "Feature", "properties": { "substation_name": "ANTEQUER", "provincia": "Málaga", "municipio": "29015", "latitude": 37.052187603318629, "longitude": -4.5632030165711601, "available_capacity_mw": 0.0, "distributor_network": "Endesa", "voltage_kv": 66.0, "grid_status": "Congested", "is_friction": true }, "geometry": { "type": "Point", "coordinates": [ -4.56320301657116, 37.052187603318629 ] } },
{ "type": "Feature", "properties": { "substation_name": "ANZANIGO", "provincia": "Huesca", "municipio": "22072", "latitude": 42.406158596164268, "longitude": -0.64580694769940417, "available_capacity_mw": 0.0, "distributor_network": "Endesa", "voltage_kv": 45.0, "grid_status": "Congested", "is_friction": true }, "geometry": { "type": "Point", "coordinates": [ -0.645806947699404, 42.406158596164268 ] } },
{ "type": "Feature", "properties": { "substation_name": "ARAGONIA", "provincia": "Zaragoza", "municipio": "50297", "latitude": 41.640055551659607, "longitude": -0.90912043479503157, "available_capacity_mw": 0.0, "distributor_network": "Endesa", "voltage_kv": 45.0, "grid_status": "Congested", "is_friction": true }, "geometry": { "type": "Point", "coordinates": [ -0.909120434795032, 41.640055551659607 ] } },
{ "type": "Feature", "properties": { "substation_name": "ARAHAL", "provincia": "Sevilla", "municipio": "41071", "latitude": 37.27192340244298, "longitude": -5.546446175182651, "available_capacity_mw": 0.0, "distributor_network": "Endesa", "voltage_kv": 66.0, "grid_status": "Congested", "is_friction": true }, "geometry": { "type": "Point", "coordinates": [ -5.546446175182651, 37.27192340244298 ] } },
{ "type": "Feature", "properties": { "substation_name": "ARBON", "provincia": "Asturias", "municipio": "Coaña", "latitude": 43.478805368393296, "longitude": -6.7307853697576618, "available_capacity_mw": 30.0, "distributor_network": "Viesgo", "voltage_kv": 132.0, "grid_status": "Sufficient", "is_friction": false }, "geometry": { "type": "Point", "coordinates": [ -6.730785369757662, 43.478805368393296 ] } },
{ "type": "Feature", "properties": { "substation_name": "ARCHIDON", "provincia": "Málaga", "municipio": "29017", "latitude": 37.087146809305736, "longitude": -4.4412707274251906, "available_capacity_mw": 0.0, "distributor_network": "Endesa", "voltage_kv": 132.0, "grid_status": "Congested", "is_friction": true }, "geometry": { "type": "Point", "coordinates": [ -4.441270727425191, 37.087146809305736 ] } },
{ "type": "Feature", "properties": { "substation_name": "ARCOS", "provincia": "Cádiz", "municipio": "11006", "latitude": 36.748932935967417, "longitude": -5.8241245427516564, "available_capacity_mw": 0.0, "distributor_network": "Endesa", "voltage_kv": 66.0, "grid_status": "Congested", "is_friction": true }, "geometry": { "type": "Point", "coordinates": [ -5.824124542751656, 36.748932935967417 ] } },
{ "type": "Feature", "properties": { "substation_name": "ARCOSUR", "provincia": "Zaragoza", "municipio": "50297", "latitude": 41.636255224812714, "longitude": -0.96438305441430083, "available_capacity_mw": 0.0, "distributor_network": "Endesa", "voltage_kv": 132.0, "grid_status": "Congested", "is_friction": true }, "geometry": { "type": "Point", "coordinates": [ -0.964383054414301, 41.636255224812714 ] } },
{ "type": "Feature", "properties": { "substation_name": "AREASUR", "provincia": "Cádiz", "municipio": "11020", "latitude": 36.697974501984426, "longitude": -6.1603731997955089, "available_capacity_mw": 0.0, "distributor_network": "Endesa", "voltage_kv": 66.0, "grid_status": "Congested", "is_friction": true }, "geometry": { "type": "Point", "coordinates": [ -6.160373199795509, 36.697974501984426 ] } },
{ "type": "Feature", "properties": { "substation_name": "ARENAL", "provincia": "Balears, Illes", "municipio": "7040", "latitude": 39.526436113562603, "longitude": -3.22733183187799, "available_capacity_mw": 21.01, "distributor_network": "Endesa", "voltage_kv": 15.0, "grid_status": "Sufficient", "is_friction": false }, "geometry": { "type": "Point", "coordinates": [ -3.22733183187799, 39.526436113562603 ] } },
{ "type": "Feature", "properties": { "substation_name": "ARENAS", "provincia": "Asturias", "municipio": "Cabrales", "latitude": 43.300845469044788, "longitude": -4.8098324250208222, "available_capacity_mw": 3.0, "distributor_network": "Viesgo", "voltage_kv": 132.0, "grid_status": "Moderate", "is_friction": true }, "geometry": { "type": "Point", "coordinates": [ -4.809832425020822, 43.300845469044788 ] } },
{ "type": "Feature", "properties": { "substation_name": "ARENAS_IGUNA", "provincia": "Cantabria", "municipio": "Arenas de Iguña", "latitude": 43.174144391193209, "longitude": -4.0562502516422061, "available_capacity_mw": 1.13, "distributor_network": "Viesgo", "voltage_kv": 55.0, "grid_status": "Moderate", "is_friction": true }, "geometry": { "type": "Point", "coordinates": [ -4.056250251642206, 43.174144391193209 ] } },
{ "type": "Feature", "properties": { "substation_name": "ARENOSO", "provincia": "Córdoba", "municipio": "14043", "latitude": 38.019760007819748, "longitude": -4.4420616776662296, "available_capacity_mw": 0.0, "distributor_network": "Endesa", "voltage_kv": 66.0, "grid_status": "Congested", "is_friction": true }, "geometry": { "type": "Point", "coordinates": [ -4.44206167766623, 38.019760007819748 ] } },
{ "type": "Feature", "properties": { "substation_name": "ARGON", "provincia": "Sevilla", "municipio": "41004", "latitude": 37.359882052938879, "longitude": -5.8850925600520227, "available_capacity_mw": 0.0, "distributor_network": "Endesa", "voltage_kv": 66.0, "grid_status": "Congested", "is_friction": true }, "geometry": { "type": "Point", "coordinates": [ -5.885092560052023, 37.359882052938879 ] } },
{ "type": "Feature", "properties": { "substation_name": "ARGONE", "provincia": "Huesca", "municipio": "22111", "latitude": 42.429291189282424, "longitude": 0.38176399644833109, "available_capacity_mw": 0.0, "distributor_network": "Endesa", "voltage_kv": 110.0, "grid_status": "Congested", "is_friction": true }, "geometry": { "type": "Point", "coordinates": [ 0.381763996448331, 42.429291189282424 ] } },
{ "type": "Feature", "properties": { "substation_name": "ARGOÑOS", "provincia": "Cantabria", "municipio": "Escalante", "latitude": 43.449261218003215, "longitude": -3.4963735251050956, "available_capacity_mw": 0.88, "distributor_network": "Viesgo", "voltage_kv": 55.0, "grid_status": "Congested", "is_friction": true }, "geometry": { "type": "Point", "coordinates": [ -3.496373525105096, 43.449261218003215 ] } },
{ "type": "Feature", "properties": { "substation_name": "ARIJA", "provincia": "Burgos", "municipio": "Arija", "latitude": 42.988277529934138, "longitude": -3.9636252249402193, "available_capacity_mw": 0.0, "distributor_network": "Viesgo", "voltage_kv": 30.0, "grid_status": "Congested", "is_friction": true }, "geometry": { "type": "Point", "coordinates": [ -3.963625224940219, 42.988277529934138 ] } },
{ "type": "Feature", "properties": { "substation_name": "ARIZA", "provincia": "Zaragoza", "municipio": "50034", "latitude": 41.314209034442953, "longitude": -2.0447834478318208, "available_capacity_mw": 0.0, "distributor_network": "Endesa", "voltage_kv": 45.0, "grid_status": "Congested", "is_friction": true }, "geometry": { "type": "Point", "coordinates": [ -2.044783447831821, 41.314209034442953 ] } },
{ "type": "Feature", "properties": { "substation_name": "ARJONA", "provincia": "Sevilla", "municipio": "41091", "latitude": 37.387950300565159, "longitude": -6.0027409755161454, "available_capacity_mw": 0.0, "distributor_network": "Endesa", "voltage_kv": 66.0, "grid_status": "Congested", "is_friction": true }, "geometry": { "type": "Point", "coordinates": [ -6.002740975516145, 37.387950300565159 ] } },
{ "type": "Feature", "properties": { "substation_name": "ARMENTERA", "provincia": "Huesca", "municipio": "22158", "latitude": 41.926683334589342, "longitude": 0.14950310372685241, "available_capacity_mw": 0.0, "distributor_network": "Endesa", "voltage_kv": 132.0, "grid_status": "Congested", "is_friction": true }, "geometry": { "type": "Point", "coordinates": [ 0.149503103726852, 41.926683334589342 ] } },
{ "type": "Feature", "properties": { "substation_name": "ARROYO", "provincia": "Badajoz", "municipio": "6012", "latitude": 38.864876325636729, "longitude": -6.464652540890806, "available_capacity_mw": 0.0, "distributor_network": "Endesa", "voltage_kv": 66.0, "grid_status": "Congested", "is_friction": true }, "geometry": { "type": "Point", "coordinates": [ -6.464652540890806, 38.864876325636729 ] } },
{ "type": "Feature", "properties": { "substation_name": "ARTA", "provincia": "Balears, Illes", "municipio": "7006", "latitude": 39.681188226784656, "longitude": -2.656796357460387, "available_capacity_mw": 12.67, "distributor_network": "Endesa", "voltage_kv": 15.0, "grid_status": "Sufficient", "is_friction": false }, "geometry": { "type": "Point", "coordinates": [ -2.656796357460387, 39.681188226784656 ] } },
{ "type": "Feature", "properties": { "substation_name": "ARTIES", "provincia": "Lleida", "municipio": "25025", "latitude": 42.700628111201993, "longitude": 0.87705272032479298, "available_capacity_mw": 0.0, "distributor_network": "Endesa", "voltage_kv": 110.0, "grid_status": "Congested", "is_friction": true }, "geometry": { "type": "Point", "coordinates": [ 0.877052720324793, 42.700628111201993 ] } },
{ "type": "Feature", "properties": { "substation_name": "ARVINA", "provincia": "Cádiz", "municipio": "11030", "latitude": 36.640632161890075, "longitude": -6.3743279177907599, "available_capacity_mw": 41.47, "distributor_network": "Endesa", "voltage_kv": 66.0, "grid_status": "Sufficient", "is_friction": false }, "geometry": { "type": "Point", "coordinates": [ -6.37432791779076, 36.640632161890075 ] } },
{ "type": "Feature", "properties": { "substation_name": "ASCO", "provincia": "Tarragona", "municipio": "43019", "latitude": 41.199364060341651, "longitude": 0.56303119612917518, "available_capacity_mw": 0.0, "distributor_network": "Endesa", "voltage_kv": 110.0, "grid_status": "Congested", "is_friction": true }, "geometry": { "type": "Point", "coordinates": [ 0.563031196129175, 41.199364060341651 ] } },
{ "type": "Feature", "properties": { "substation_name": "ASLAND", "provincia": "Barcelona", "municipio": "8125", "latitude": 41.474481813996029, "longitude": 2.1784338107296883, "available_capacity_mw": 118.0, "distributor_network": "Endesa", "voltage_kv": 110.0, "grid_status": "Sufficient", "is_friction": false }, "geometry": { "type": "Point", "coordinates": [ 2.178433810729688, 41.474481813996029 ] } },
{ "type": "Feature", "properties": { "substation_name": "ASTILLERO", "provincia": "Cantabria", "municipio": "Astillero (El)", "latitude": 43.39608941063733, "longitude": -3.8267957491309441, "available_capacity_mw": 1.74, "distributor_network": "Viesgo", "voltage_kv": 55.0, "grid_status": "Moderate", "is_friction": true }, "geometry": { "type": "Point", "coordinates": [ -3.826795749130944, 43.39608941063733 ] } },
{ "type": "Feature", "properties": { "substation_name": "ATARFE", "provincia": "Granada", "municipio": "18022", "latitude": 37.22515257574856, "longitude": -3.6973209748842901, "available_capacity_mw": 0.0, "distributor_network": "Endesa", "voltage_kv": 66.0, "grid_status": "Congested", "is_friction": true }, "geometry": { "type": "Point", "coordinates": [ -3.69732097488429, 37.22515257574856 ] } },
{ "type": "Feature", "properties": { "substation_name": "ATECA", "provincia": "Zaragoza", "municipio": "50038", "latitude": 41.324344553119495, "longitude": -1.7916842190368747, "available_capacity_mw": 0.0, "distributor_network": "Endesa", "voltage_kv": 45.0, "grid_status": "Congested", "is_friction": true }, "geometry": { "type": "Point", "coordinates": [ -1.791684219036875, 41.324344553119495 ] } },
{ "type": "Feature", "properties": { "substation_name": "ATLANTER", "provincia": "Cádiz", "municipio": "11035", "latitude": 36.122406075895782, "longitude": -5.8245401297590407, "available_capacity_mw": 3.3, "distributor_network": "Endesa", "voltage_kv": 66.0, "grid_status": "Moderate", "is_friction": true }, "geometry": { "type": "Point", "coordinates": [ -5.824540129759041, 36.122406075895782 ] } },
{ "type": "Feature", "properties": { "substation_name": "AUBALS", "provincia": "Tarragona", "municipio": "43065", "latitude": 41.118370865625138, "longitude": 0.64171053132174527, "available_capacity_mw": 0.0, "distributor_network": "Endesa", "voltage_kv": 25.0, "grid_status": "Congested", "is_friction": true }, "geometry": { "type": "Point", "coordinates": [ 0.641710531321745, 41.118370865625138 ] } },
{ "type": "Feature", "properties": { "substation_name": "AUGUSTA", "provincia": "Zaragoza", "municipio": "50297", "latitude": 41.658812475055683, "longitude": -0.91614319036759184, "available_capacity_mw": 0.0, "distributor_network": "Endesa", "voltage_kv": 45.0, "grid_status": "Congested", "is_friction": true }, "geometry": { "type": "Point", "coordinates": [ -0.916143190367592, 41.658812475055683 ] } },
{ "type": "Feature", "properties": { "substation_name": "AXARQUIA", "provincia": "Málaga", "municipio": "29094", "latitude": 36.750488298926967, "longitude": -4.1108529770808415, "available_capacity_mw": 51.77, "distributor_network": "Endesa", "voltage_kv": 66.0, "grid_status": "Sufficient", "is_friction": false }, "geometry": { "type": "Point", "coordinates": [ -4.110852977080842, 36.750488298926967 ] } },
{ "type": "Feature", "properties": { "substation_name": "AYAMONTE", "provincia": "Huelva", "municipio": "21010", "latitude": 37.219521366609683, "longitude": -7.3800988983827098, "available_capacity_mw": 5.07, "distributor_network": "Endesa", "voltage_kv": 66.0, "grid_status": "Sufficient", "is_friction": false }, "geometry": { "type": "Point", "coordinates": [ -7.38009889838271, 37.219521366609683 ] } },
{ "type": "Feature", "properties": { "substation_name": "AZAILA", "provincia": "Teruel", "municipio": "44031", "latitude": 41.2865852633457, "longitude": -0.49332346895819179, "available_capacity_mw": 0.0, "distributor_network": "Endesa", "voltage_kv": 132.0, "grid_status": "Congested", "is_friction": true }, "geometry": { "type": "Point", "coordinates": [ -0.493323468958192, 41.2865852633457 ] } },
{ "type": "Feature", "properties": { "substation_name": "AZNALCOL", "provincia": "Sevilla", "municipio": "41013", "latitude": 37.509642409687217, "longitude": -6.2290402105285789, "available_capacity_mw": 0.0, "distributor_network": "Endesa", "voltage_kv": 132.0, "grid_status": "Congested", "is_friction": true }, "geometry": { "type": "Point", "coordinates": [ -6.229040210528579, 37.509642409687217 ] } },
{ "type": "Feature", "properties": { "substation_name": "AZUAGA", "provincia": "Badajoz", "municipio": "6014", "latitude": 38.264754068694479, "longitude": -5.6802833225799221, "available_capacity_mw": 0.0, "distributor_network": "Endesa", "voltage_kv": 66.0, "grid_status": "Congested", "is_friction": true }, "geometry": { "type": "Point", "coordinates": [ -5.680283322579922, 38.264754068694479 ] } },
{ "type": "Feature", "properties": { "substation_name": "BADAJOZ", "provincia": "Badajoz", "municipio": "6015", "latitude": 38.885935437091483, "longitude": -6.9271845765008431, "available_capacity_mw": 0.0, "distributor_network": "Endesa", "voltage_kv": 66.0, "grid_status": "Congested", "is_friction": true }, "geometry": { "type": "Point", "coordinates": [ -6.927184576500843, 38.885935437091483 ] } },
{ "type": "Feature", "properties": { "substation_name": "BADALONA", "provincia": "Barcelona", "municipio": "8194", "latitude": 41.42767207796031, "longitude": 2.2346466833282057, "available_capacity_mw": 98.19, "distributor_network": "Endesa", "voltage_kv": 25.0, "grid_status": "Sufficient", "is_friction": false }, "geometry": { "type": "Point", "coordinates": [ 2.234646683328206, 41.42767207796031 ] } },
{ "type": "Feature", "properties": { "substation_name": "BAENA", "provincia": "Córdoba", "municipio": "14007", "latitude": 37.614393747730681, "longitude": -4.3166370541354757, "available_capacity_mw": 0.0, "distributor_network": "Endesa", "voltage_kv": 132.0, "grid_status": "Congested", "is_friction": true }, "geometry": { "type": "Point", "coordinates": [ -4.316637054135476, 37.614393747730681 ] } },
{ "type": "Feature", "properties": { "substation_name": "BAHIASUR", "provincia": "Cádiz", "municipio": "11031", "latitude": 36.467523213013472, "longitude": -6.2081130883388544, "available_capacity_mw": 0.0, "distributor_network": "Endesa", "voltage_kv": 66.0, "grid_status": "Congested", "is_friction": true }, "geometry": { "type": "Point", "coordinates": [ -6.208113088338854, 36.467523213013472 ] } },
{ "type": "Feature", "properties": { "substation_name": "BAILEN", "provincia": "Jaén", "municipio": "23010", "latitude": 38.104925596365312, "longitude": -3.773283001017615, "available_capacity_mw": 0.0, "distributor_network": "Endesa", "voltage_kv": 66.0, "grid_status": "Congested", "is_friction": true }, "geometry": { "type": "Point", "coordinates": [ -3.773283001017615, 38.104925596365312 ] } },
{ "type": "Feature", "properties": { "substation_name": "BAIÑA", "provincia": "Asturias", "municipio": "Mieres", "latitude": 43.274761192774172, "longitude": -5.8277619253323021, "available_capacity_mw": 1.39, "distributor_network": "Viesgo", "voltage_kv": 30.0, "grid_status": "Moderate", "is_friction": true }, "geometry": { "type": "Point", "coordinates": [ -5.827761925332302, 43.274761192774172 ] } },
{ "type": "Feature", "properties": { "substation_name": "BALAGUER", "provincia": "Lleida", "municipio": "25220", "latitude": 41.752649683863993, "longitude": 0.79370363131945942, "available_capacity_mw": 0.0, "distributor_network": "Endesa", "voltage_kv": 110.0, "grid_status": "Congested", "is_friction": true }, "geometry": { "type": "Point", "coordinates": [ 0.793703631319459, 41.752649683863993 ] } },
{ "type": "Feature", "properties": { "substation_name": "BALBOA", "provincia": "Badajoz", "municipio": "6070", "latitude": 38.325337961965175, "longitude": -6.7126755757313399, "available_capacity_mw": 0.0, "distributor_network": "Endesa", "voltage_kv": 66.0, "grid_status": "Congested", "is_friction": true }, "geometry": { "type": "Point", "coordinates": [ -6.71267557573134, 38.325337961965175 ] } },
{ "type": "Feature", "properties": { "substation_name": "BAQUEIRA", "provincia": "Lleida", "municipio": "25025", "latitude": 42.698559768990719, "longitude": 0.92976042605933484, "available_capacity_mw": 0.0, "distributor_network": "Endesa", "voltage_kv": 110.0, "grid_status": "Congested", "is_friction": true }, "geometry": { "type": "Point", "coordinates": [ 0.929760426059335, 42.698559768990719 ] } },
{ "type": "Feature", "properties": { "substation_name": "BARBERA", "provincia": "Barcelona", "municipio": "8252", "latitude": 41.509600277250115, "longitude": 2.1423148188450383, "available_capacity_mw": 130.74, "distributor_network": "Endesa", "voltage_kv": 110.0, "grid_status": "Sufficient", "is_friction": false }, "geometry": { "type": "Point", "coordinates": [ 2.142314818845038, 41.509600277250115 ] } },
{ "type": "Feature", "properties": { "substation_name": "BARBOSA", "provincia": "Badajoz", "municipio": "6149", "latitude": 38.565326250630527, "longitude": -6.3591547539936579, "available_capacity_mw": 0.0, "distributor_network": "Endesa", "voltage_kv": 66.0, "grid_status": "Congested", "is_friction": true }, "geometry": { "type": "Point", "coordinates": [ -6.359154753993658, 38.565326250630527 ] } },
{ "type": "Feature", "properties": { "substation_name": "BARCAFLR", "provincia": "Cádiz", "municipio": "11020", "latitude": 36.652930985619271, "longitude": -5.9123394827967299, "available_capacity_mw": 0.0, "distributor_network": "Endesa", "voltage_kv": 66.0, "grid_status": "Congested", "is_friction": true }, "geometry": { "type": "Point", "coordinates": [ -5.91233948279673, 36.652930985619271 ] } },
{ "type": "Feature", "properties": { "substation_name": "BARCAROT", "provincia": "Badajoz", "municipio": "6016", "latitude": 38.520038782015028, "longitude": -6.874759208595119, "available_capacity_mw": 0.0, "distributor_network": "Endesa", "voltage_kv": 66.0, "grid_status": "Congested", "is_friction": true }, "geometry": { "type": "Point", "coordinates": [ -6.874759208595119, 38.520038782015028 ] } },
{ "type": "Feature", "properties": { "substation_name": "BARCENA", "provincia": "León", "municipio": "24115", "latitude": 42.577662451189731, "longitude": -6.5612034074350616, "available_capacity_mw": 0.0, "distributor_network": "Endesa", "voltage_kv": 132.0, "grid_status": "Congested", "is_friction": true }, "geometry": { "type": "Point", "coordinates": [ -6.561203407435062, 42.577662451189731 ] } },
{ "type": "Feature", "properties": { "substation_name": "BARRIOS", "provincia": "Cádiz", "municipio": "11008", "latitude": 36.184469868623403, "longitude": -5.4202192685952024, "available_capacity_mw": 0.52, "distributor_network": "Endesa", "voltage_kv": 20.0, "grid_status": "Congested", "is_friction": true }, "geometry": { "type": "Point", "coordinates": [ -5.420219268595202, 36.184469868623403 ] } },
{ "type": "Feature", "properties": { "substation_name": "BARROSA", "provincia": "Cádiz", "municipio": "11014", "latitude": 36.3378311849211, "longitude": -6.1400787142958002, "available_capacity_mw": 13.72, "distributor_network": "Endesa", "voltage_kv": 66.0, "grid_status": "Sufficient", "is_friction": false }, "geometry": { "type": "Point", "coordinates": [ -6.1400787142958, 36.3378311849211 ] } },
{ "type": "Feature", "properties": { "substation_name": "BARRUELO", "provincia": "Palencia", "municipio": "Barruelo de Santullán", "latitude": 42.903748074666062, "longitude": -4.2839057673383305, "available_capacity_mw": 2.0, "distributor_network": "Viesgo", "voltage_kv": 30.0, "grid_status": "Moderate", "is_friction": true }, "geometry": { "type": "Point", "coordinates": [ -4.283905767338331, 42.903748074666062 ] } },
{ "type": "Feature", "properties": { "substation_name": "BASE_AEREA", "provincia": "Zaragoza", "municipio": "50297", "latitude": 41.683089040569016, "longitude": -1.0605563539067997, "available_capacity_mw": 0.0, "distributor_network": "Endesa", "voltage_kv": 45.0, "grid_status": "Congested", "is_friction": true }, "geometry": { "type": "Point", "coordinates": [ -1.0605563539068, 41.683089040569016 ] } },
{ "type": "Feature", "properties": { "substation_name": "BASMORON", "provincia": "Sevilla", "municipio": "41011", "latitude": 37.189854060095747, "longitude": -5.6014106262760901, "available_capacity_mw": 0.0, "distributor_network": "Endesa", "voltage_kv": 66.0, "grid_status": "Congested", "is_friction": true }, "geometry": { "type": "Point", "coordinates": [ -5.60141062627609, 37.189854060095747 ] } },
{ "type": "Feature", "properties": { "substation_name": "BAZA", "provincia": "Granada", "municipio": "18023", "latitude": 37.494958505607869, "longitude": -2.7587216664488978, "available_capacity_mw": 0.0, "distributor_network": "Endesa", "voltage_kv": 132.0, "grid_status": "Congested", "is_friction": true }, "geometry": { "type": "Point", "coordinates": [ -2.758721666448898, 37.494958505607869 ] } },
{ "type": "Feature", "properties": { "substation_name": "BAÑOS", "provincia": "Huesca", "municipio": "22170", "latitude": 42.762126387693314, "longitude": -0.23241694974111349, "available_capacity_mw": 0.0, "distributor_network": "Endesa", "voltage_kv": 66.0, "grid_status": "Congested", "is_friction": true }, "geometry": { "type": "Point", "coordinates": [ -0.232416949741113, 42.762126387693314 ] } },
{ "type": "Feature", "properties": { "substation_name": "BEGUES", "provincia": "Barcelona", "municipio": "8295", "latitude": 41.355649160637789, "longitude": 1.9023303817146604, "available_capacity_mw": 32.63, "distributor_network": "Endesa", "voltage_kv": 25.0, "grid_status": "Sufficient", "is_friction": false }, "geometry": { "type": "Point", "coordinates": [ 1.90233038171466, 41.355649160637789 ] } },
{ "type": "Feature", "properties": { "substation_name": "BELCHITE", "provincia": "Zaragoza", "municipio": "50045", "latitude": 41.299053585815699, "longitude": -0.75092301430019859, "available_capacity_mw": 0.0, "distributor_network": "Endesa", "voltage_kv": 45.0, "grid_status": "Congested", "is_friction": true }, "geometry": { "type": "Point", "coordinates": [ -0.750923014300199, 41.299053585815699 ] } },
{ "type": "Feature", "properties": { "substation_name": "BELEN", "provincia": "Almería", "municipio": "4013", "latitude": 36.850365335539486, "longitude": -2.4745775412944089, "available_capacity_mw": 0.0, "distributor_network": "Endesa", "voltage_kv": 66.0, "grid_status": "Congested", "is_friction": true }, "geometry": { "type": "Point", "coordinates": [ -2.474577541294409, 36.850365335539486 ] } },
{ "type": "Feature", "properties": { "substation_name": "BELL-LLOC", "provincia": "Lleida", "municipio": "25048", "latitude": 41.644618309202805, "longitude": 0.77732678735207772, "available_capacity_mw": 0.0, "distributor_network": "Endesa", "voltage_kv": 110.0, "grid_status": "Congested", "is_friction": true }, "geometry": { "type": "Point", "coordinates": [ 0.777326787352078, 41.644618309202805 ] } },
{ "type": "Feature", "properties": { "substation_name": "BELLCAIRE", "provincia": "Girona", "municipio": "17018", "latitude": 42.072873085829158, "longitude": 3.0983522675410864, "available_capacity_mw": 0.0, "distributor_network": "Endesa", "voltage_kv": 110.0, "grid_status": "Congested", "is_friction": true }, "geometry": { "type": "Point", "coordinates": [ 3.098352267541086, 42.072873085829158 ] } },
{ "type": "Feature", "properties": { "substation_name": "BELLISSENS", "provincia": "Tarragona", "municipio": "43123", "latitude": 41.115357276198807, "longitude": 1.1634718725384383, "available_capacity_mw": 10.95, "distributor_network": "Endesa", "voltage_kv": 25.0, "grid_status": "Sufficient", "is_friction": false }, "geometry": { "type": "Point", "coordinates": [ 1.163471872538438, 41.115357276198807 ] } },
{ "type": "Feature", "properties": { "substation_name": "BENAHADU", "provincia": "Almería", "municipio": "4024", "latitude": 36.908544231633492, "longitude": -2.4658035378243164, "available_capacity_mw": 0.0, "distributor_network": "Endesa", "voltage_kv": 132.0, "grid_status": "Congested", "is_friction": true }, "geometry": { "type": "Point", "coordinates": [ -2.465803537824316, 36.908544231633492 ] } },
{ "type": "Feature", "properties": { "substation_name": "BENAHAVI", "provincia": "Málaga", "municipio": "29023", "latitude": 36.514822781000753, "longitude": -5.0482732543945588, "available_capacity_mw": 0.0, "distributor_network": "Endesa", "voltage_kv": 66.0, "grid_status": "Congested", "is_friction": true }, "geometry": { "type": "Point", "coordinates": [ -5.048273254394559, 36.514822781000753 ] } },
{ "type": "Feature", "properties": { "substation_name": "BENALMAD", "provincia": "Málaga", "municipio": "29025", "latitude": 36.605822070689868, "longitude": -4.5621485755771936, "available_capacity_mw": 0.0, "distributor_network": "Endesa", "voltage_kv": 66.0, "grid_status": "Congested", "is_friction": true }, "geometry": { "type": "Point", "coordinates": [ -4.562148575577194, 36.605822070689868 ] } },
{ "type": "Feature", "properties": { "substation_name": "BENOS", "provincia": "Lleida", "municipio": "25057", "latitude": 42.737447443631986, "longitude": 0.73499850312000814, "available_capacity_mw": 0.0, "distributor_network": "Endesa", "voltage_kv": 110.0, "grid_status": "Congested", "is_friction": true }, "geometry": { "type": "Point", "coordinates": [ 0.734998503120008, 42.737447443631986 ] } },
{ "type": "Feature", "properties": { "substation_name": "BERBEGAL", "provincia": "Huesca", "municipio": "22055", "latitude": 41.962340808939601, "longitude": 0.0176471683933461, "available_capacity_mw": 0.0, "distributor_network": "Endesa", "voltage_kv": 45.0, "grid_status": "Congested", "is_friction": true }, "geometry": { "type": "Point", "coordinates": [ 0.017647168393346, 41.962340808939601 ] } },
{ "type": "Feature", "properties": { "substation_name": "BERDUN", "provincia": "Huesca", "municipio": "22076", "latitude": 42.602303887687548, "longitude": -0.86412611262399242, "available_capacity_mw": 0.0, "distributor_network": "Endesa", "voltage_kv": 45.0, "grid_status": "Congested", "is_friction": true }, "geometry": { "type": "Point", "coordinates": [ -0.864126112623992, 42.602303887687548 ] } },
{ "type": "Feature", "properties": { "substation_name": "BERJA", "provincia": "Almería", "municipio": "4029", "latitude": 36.832783888679991, "longitude": -2.923433677029069, "available_capacity_mw": 0.0, "distributor_network": "Endesa", "voltage_kv": 66.0, "grid_status": "Congested", "is_friction": true }, "geometry": { "type": "Point", "coordinates": [ -2.923433677029069, 36.832783888679991 ] } },
{ "type": "Feature", "properties": { "substation_name": "BERROCAL", "provincia": "Sevilla", "municipio": "41045", "latitude": 37.530048832772948, "longitude": -6.1852426023817975, "available_capacity_mw": 0.0, "distributor_network": "Endesa", "voltage_kv": 132.0, "grid_status": "Congested", "is_friction": true }, "geometry": { "type": "Point", "coordinates": [ -6.185242602381797, 37.530048832772948 ] } },
{ "type": "Feature", "properties": { "substation_name": "BESCANO", "provincia": "Girona", "municipio": "17020", "latitude": 41.973093339402268, "longitude": 2.6951819470296248, "available_capacity_mw": 306.23, "distributor_network": "Endesa", "voltage_kv": 132.0, "grid_status": "Sufficient", "is_friction": false }, "geometry": { "type": "Point", "coordinates": [ 2.695181947029625, 41.973093339402268 ] } },
{ "type": "Feature", "properties": { "substation_name": "BESOS", "provincia": "Barcelona", "municipio": "8194", "latitude": 41.419987968945527, "longitude": 2.2282367504946108, "available_capacity_mw": 223.72, "distributor_network": "Endesa", "voltage_kv": 110.0, "grid_status": "Sufficient", "is_friction": false }, "geometry": { "type": "Point", "coordinates": [ 2.228236750494611, 41.419987968945527 ] } },
{ "type": "Feature", "properties": { "substation_name": "BIESCAS", "provincia": "Huesca", "municipio": "22059", "latitude": 42.631874426163513, "longitude": -0.31990982127893991, "available_capacity_mw": 0.0, "distributor_network": "Endesa", "voltage_kv": 132.0, "grid_status": "Congested", "is_friction": true }, "geometry": { "type": "Point", "coordinates": [ -0.31990982127894, 42.631874426163513 ] } },
{ "type": "Feature", "properties": { "substation_name": "BINEFAR", "provincia": "Huesca", "municipio": "22061", "latitude": 41.856633068221001, "longitude": 0.30427255215746529, "available_capacity_mw": 0.0, "distributor_network": "Endesa", "voltage_kv": 110.0, "grid_status": "Congested", "is_friction": true }, "geometry": { "type": "Point", "coordinates": [ 0.304272552157465, 41.856633068221001 ] } },
{ "type": "Feature", "properties": { "substation_name": "BOBADILL", "provincia": "Málaga", "municipio": "29015", "latitude": 37.031508481234518, "longitude": -4.7338976786868185, "available_capacity_mw": 0.0, "distributor_network": "Endesa", "voltage_kv": 66.0, "grid_status": "Congested", "is_friction": true }, "geometry": { "type": "Point", "coordinates": [ -4.733897678686819, 37.031508481234518 ] } },
{ "type": "Feature", "properties": { "substation_name": "BOHI", "provincia": "Lleida", "municipio": "25043", "latitude": 42.506514819285741, "longitude": 0.81122810679160817, "available_capacity_mw": 0.0, "distributor_network": "Endesa", "voltage_kv": 132.0, "grid_status": "Congested", "is_friction": true }, "geometry": { "type": "Point", "coordinates": [ 0.811228106791608, 42.506514819285741 ] } },
{ "type": "Feature", "properties": { "substation_name": "BOIMENTE", "provincia": "Lugo", "municipio": "Viveiro", "latitude": 43.589048322978009, "longitude": -7.5528857649956791, "available_capacity_mw": 100.0, "distributor_network": "Viesgo", "voltage_kv": 132.0, "grid_status": "Sufficient", "is_friction": false }, "geometry": { "type": "Point", "coordinates": [ -7.552885764995679, 43.589048322978009 ] } },
{ "type": "Feature", "properties": { "substation_name": "BOLLULLM", "provincia": "Sevilla", "municipio": "41016", "latitude": 37.352936409422078, "longitude": -6.14402571328747, "available_capacity_mw": 0.0, "distributor_network": "Endesa", "voltage_kv": 66.0, "grid_status": "Congested", "is_friction": true }, "geometry": { "type": "Point", "coordinates": [ -6.14402571328747, 37.352936409422078 ] } },
{ "type": "Feature", "properties": { "substation_name": "BOMBA", "provincia": "Granada", "municipio": "18087", "latitude": 37.167879437210139, "longitude": -3.5878688769986931, "available_capacity_mw": 0.0, "distributor_network": "Endesa", "voltage_kv": 66.0, "grid_status": "Congested", "is_friction": true }, "geometry": { "type": "Point", "coordinates": [ -3.587868876998693, 37.167879437210139 ] } },
{ "type": "Feature", "properties": { "substation_name": "BORJA", "provincia": "Zaragoza", "municipio": "50011", "latitude": 41.831047799366189, "longitude": -1.5143150701856949, "available_capacity_mw": 0.0, "distributor_network": "Endesa", "voltage_kv": 45.0, "grid_status": "Congested", "is_friction": true }, "geometry": { "type": "Point", "coordinates": [ -1.514315070185695, 41.831047799366189 ] } },
{ "type": "Feature", "properties": { "substation_name": "BORMUJOS", "provincia": "Sevilla", "municipio": "41017", "latitude": 37.350624661237731, "longitude": -6.0774794151550786, "available_capacity_mw": 13.69, "distributor_network": "Endesa", "voltage_kv": 66.0, "grid_status": "Sufficient", "is_friction": false }, "geometry": { "type": "Point", "coordinates": [ -6.077479415155079, 37.350624661237731 ] } },
{ "type": "Feature", "properties": { "substation_name": "BORNOS", "provincia": "Cádiz", "municipio": "11006", "latitude": 36.790899258799662, "longitude": -5.7630383291993574, "available_capacity_mw": 0.0, "distributor_network": "Endesa", "voltage_kv": 66.0, "grid_status": "Congested", "is_friction": true }, "geometry": { "type": "Point", "coordinates": [ -5.763038329199357, 36.790899258799662 ] } },
{ "type": "Feature", "properties": { "substation_name": "BOSQUE", "provincia": "Cádiz", "municipio": "11011", "latitude": 36.760249057190563, "longitude": -5.5185012119989265, "available_capacity_mw": 0.0, "distributor_network": "Endesa", "voltage_kv": 66.0, "grid_status": "Congested", "is_friction": true }, "geometry": { "type": "Point", "coordinates": [ -5.518501211998927, 36.760249057190563 ] } },
{ "type": "Feature", "properties": { "substation_name": "BOSSA", "provincia": "Balears, Illes", "municipio": "7048", "latitude": 38.889227979953937, "longitude": -4.600237120578873, "available_capacity_mw": 37.25, "distributor_network": "Endesa", "voltage_kv": 15.0, "grid_status": "Sufficient", "is_friction": false }, "geometry": { "type": "Point", "coordinates": [ -4.600237120578873, 38.889227979953937 ] } },
{ "type": "Feature", "properties": { "substation_name": "BOSSOST", "provincia": "Lleida", "municipio": "25059", "latitude": 42.776490355250125, "longitude": 0.69048145442918618, "available_capacity_mw": 0.0, "distributor_network": "Endesa", "voltage_kv": 110.0, "grid_status": "Congested", "is_friction": true }, "geometry": { "type": "Point", "coordinates": [ 0.690481454429186, 42.776490355250125 ] } },
{ "type": "Feature", "properties": { "substation_name": "BOTA", "provincia": "Huelva", "municipio": "21060", "latitude": 37.209470453088414, "longitude": -7.0279302138754121, "available_capacity_mw": 6.93, "distributor_network": "Endesa", "voltage_kv": 66.0, "grid_status": "Sufficient", "is_friction": false }, "geometry": { "type": "Point", "coordinates": [ -7.027930213875412, 37.209470453088414 ] } },
{ "type": "Feature", "properties": { "substation_name": "BOTORRITA", "provincia": "Zaragoza", "municipio": "50056", "latitude": 41.519164524591403, "longitude": -1.041009554665066, "available_capacity_mw": 0.0, "distributor_network": "Endesa", "voltage_kv": 132.0, "grid_status": "Congested", "is_friction": true }, "geometry": { "type": "Point", "coordinates": [ -1.041009554665066, 41.519164524591403 ] } },
{ "type": "Feature", "properties": { "substation_name": "BRAÑAVIEJA", "provincia": "Cantabria", "municipio": "Hermandad de Campoo de Suso", "latitude": 43.035193152114495, "longitude": -4.3569175976129806, "available_capacity_mw": 0.0, "distributor_network": "Viesgo", "voltage_kv": 30.0, "grid_status": "Congested", "is_friction": true }, "geometry": { "type": "Point", "coordinates": [ -4.356917597612981, 43.035193152114495 ] } },
{ "type": "Feature", "properties": { "substation_name": "BRILEN", "provincia": "Huesca", "municipio": "22048", "latitude": 42.00741584306774, "longitude": 0.1158435788510728, "available_capacity_mw": 0.0, "distributor_network": "Endesa", "voltage_kv": 110.0, "grid_status": "Congested", "is_friction": true }, "geometry": { "type": "Point", "coordinates": [ 0.115843578851073, 42.00741584306774 ] } },
{ "type": "Feature", "properties": { "substation_name": "BUITRERA", "provincia": "Málaga", "municipio": "29046", "latitude": 36.538739686918426, "longitude": -5.3779812087502119, "available_capacity_mw": 0.0, "distributor_network": "Endesa", "voltage_kv": 66.0, "grid_status": "Congested", "is_friction": true }, "geometry": { "type": "Point", "coordinates": [ -5.377981208750212, 36.538739686918426 ] } },
{ "type": "Feature", "properties": { "substation_name": "BUIXALLEU", "provincia": "Girona", "municipio": "17159", "latitude": 41.731439706444405, "longitude": 2.570430392764155, "available_capacity_mw": 125.34, "distributor_network": "Endesa", "voltage_kv": 132.0, "grid_status": "Sufficient", "is_friction": false }, "geometry": { "type": "Point", "coordinates": [ 2.570430392764155, 41.731439706444405 ] } },
{ "type": "Feature", "properties": { "substation_name": "BUNYOLA", "provincia": "Balears, Illes", "municipio": "7010", "latitude": 39.684687619366933, "longitude": -3.2963879557655722, "available_capacity_mw": 21.19, "distributor_network": "Endesa", "voltage_kv": 15.0, "grid_status": "Sufficient", "is_friction": false }, "geometry": { "type": "Point", "coordinates": [ -3.296387955765572, 39.684687619366933 ] } },
{ "type": "Feature", "properties": { "substation_name": "BURGUILL", "provincia": "Badajoz", "municipio": "6022", "latitude": 38.369501150162442, "longitude": -6.5886774020963204, "available_capacity_mw": 0.0, "distributor_network": "Endesa", "voltage_kv": 66.0, "grid_status": "Congested", "is_friction": true }, "geometry": { "type": "Point", "coordinates": [ -6.58867740209632, 38.369501150162442 ] } },
{ "type": "Feature", "properties": { "substation_name": "C.ARO", "provincia": "Girona", "municipio": "17048", "latitude": 41.806911718502263, "longitude": 3.0346144765900176, "available_capacity_mw": 0.0, "distributor_network": "Endesa", "voltage_kv": 110.0, "grid_status": "Congested", "is_friction": true }, "geometry": { "type": "Point", "coordinates": [ 3.034614476590018, 41.806911718502263 ] } },
{ "type": "Feature", "properties": { "substation_name": "CABDELLA", "provincia": "Lleida", "municipio": "25227", "latitude": 42.466795205739523, "longitude": 0.99130824411975482, "available_capacity_mw": 0.0, "distributor_network": "Endesa", "voltage_kv": 110.0, "grid_status": "Congested", "is_friction": true }, "geometry": { "type": "Point", "coordinates": [ 0.991308244119755, 42.466795205739523 ] } },
{ "type": "Feature", "properties": { "substation_name": "CABEZAS", "provincia": "Sevilla", "municipio": "41020", "latitude": 36.97845165264188, "longitude": -5.9507747138488796, "available_capacity_mw": 0.0, "distributor_network": "Endesa", "voltage_kv": 66.0, "grid_status": "Congested", "is_friction": true }, "geometry": { "type": "Point", "coordinates": [ -5.95077471384888, 36.97845165264188 ] } },
{ "type": "Feature", "properties": { "substation_name": "CABEZON", "provincia": "Cantabria", "municipio": "Cabezón de la Sal", "latitude": 43.312162710161523, "longitude": -4.2442471657356142, "available_capacity_mw": 0.18, "distributor_network": "Viesgo", "voltage_kv": 55.0, "grid_status": "Congested", "is_friction": true }, "geometry": { "type": "Point", "coordinates": [ -4.244247165735614, 43.312162710161523 ] } },
{ "type": "Feature", "properties": { "substation_name": "CACICEDO", "provincia": "Cantabria", "municipio": "Camargo", "latitude": 43.43590024057584, "longitude": -3.8680170513272998, "available_capacity_mw": 0.0, "distributor_network": "Viesgo", "voltage_kv": 55.0, "grid_status": "Congested", "is_friction": true }, "geometry": { "type": "Point", "coordinates": [ -3.8680170513273, 43.43590024057584 ] } },
{ "type": "Feature", "properties": { "substation_name": "CADIZ", "provincia": "Cádiz", "municipio": "11012", "latitude": 36.504669000791651, "longitude": -6.2651627673053625, "available_capacity_mw": 0.0, "distributor_network": "Endesa", "voltage_kv": 132.0, "grid_status": "Congested", "is_friction": true }, "geometry": { "type": "Point", "coordinates": [ -6.265162767305362, 36.504669000791651 ] } },
{ "type": "Feature", "properties": { "substation_name": "CALA", "provincia": "Sevilla", "municipio": "41049", "latitude": 37.668401291983372, "longitude": -6.133559752515696, "available_capacity_mw": 0.0, "distributor_network": "Endesa", "voltage_kv": 132.0, "grid_status": "Congested", "is_friction": true }, "geometry": { "type": "Point", "coordinates": [ -6.133559752515696, 37.668401291983372 ] } },
{ "type": "Feature", "properties": { "substation_name": "CALABLAVA", "provincia": "Balears, Illes", "municipio": "7031", "latitude": 39.409757582500106, "longitude": -3.1840948752583884, "available_capacity_mw": 16.61, "distributor_network": "Endesa", "voltage_kv": 15.0, "grid_status": "Sufficient", "is_friction": false }, "geometry": { "type": "Point", "coordinates": [ -3.184094875258388, 39.409757582500106 ] } },
{ "type": "Feature", "properties": { "substation_name": "CALAMOCHA", "provincia": "Teruel", "municipio": "44050", "latitude": 40.915786313485775, "longitude": -1.2849186451307113, "available_capacity_mw": 0.0, "distributor_network": "Endesa", "voltage_kv": 132.0, "grid_status": "Congested", "is_friction": true }, "geometry": { "type": "Point", "coordinates": [ -1.284918645130711, 40.915786313485775 ] } },
{ "type": "Feature", "properties": { "substation_name": "CALANAS", "provincia": "Huelva", "municipio": "21017", "latitude": 37.649270008926237, "longitude": -6.8741215089298304, "available_capacity_mw": 0.0, "distributor_network": "Endesa", "voltage_kv": 66.0, "grid_status": "Congested", "is_friction": true }, "geometry": { "type": "Point", "coordinates": [ -6.87412150892983, 37.649270008926237 ] } },
{ "type": "Feature", "properties": { "substation_name": "CALANDA", "provincia": "Teruel", "municipio": "44051", "latitude": 40.950434545662993, "longitude": -0.22752724545279771, "available_capacity_mw": 0.0, "distributor_network": "Endesa", "voltage_kv": 45.0, "grid_status": "Congested", "is_friction": true }, "geometry": { "type": "Point", "coordinates": [ -0.227527245452798, 40.950434545662993 ] } },
{ "type": "Feature", "properties": { "substation_name": "CALATAYUD", "provincia": "Zaragoza", "municipio": "50067", "latitude": 41.331629171477431, "longitude": -1.6423677845769309, "available_capacity_mw": 0.0, "distributor_network": "Endesa", "voltage_kv": 132.0, "grid_status": "Congested", "is_friction": true }, "geometry": { "type": "Point", "coordinates": [ -1.642367784576931, 41.331629171477431 ] } },
{ "type": "Feature", "properties": { "substation_name": "CALDERS", "provincia": "Barcelona", "municipio": "8034", "latitude": 41.766945801804226, "longitude": 1.9350326169483525, "available_capacity_mw": 119.75, "distributor_network": "Endesa", "voltage_kv": 110.0, "grid_status": "Sufficient", "is_friction": false }, "geometry": { "type": "Point", "coordinates": [ 1.935032616948352, 41.766945801804226 ] } },
{ "type": "Feature", "properties": { "substation_name": "CALDES", "provincia": "Lleida", "municipio": "25043", "latitude": 42.544073674372335, "longitude": 0.83708240339021456, "available_capacity_mw": 0.0, "distributor_network": "Endesa", "voltage_kv": 132.0, "grid_status": "Congested", "is_friction": true }, "geometry": { "type": "Point", "coordinates": [ 0.837082403390215, 42.544073674372335 ] } },
{ "type": "Feature", "properties": { "substation_name": "CALELLA", "provincia": "Barcelona", "municipio": "8035", "latitude": 41.626701559862624, "longitude": 2.6496867378279347, "available_capacity_mw": 185.69, "distributor_network": "Endesa", "voltage_kv": 110.0, "grid_status": "Sufficient", "is_friction": false }, "geometry": { "type": "Point", "coordinates": [ 2.649686737827935, 41.626701559862624 ] } },
{ "type": "Feature", "properties": { "substation_name": "CALONGE", "provincia": "Sevilla", "municipio": "41091", "latitude": 37.411167287065126, "longitude": -5.960861708468296, "available_capacity_mw": 0.0, "distributor_network": "Endesa", "voltage_kv": 132.0, "grid_status": "Congested", "is_friction": true }, "geometry": { "type": "Point", "coordinates": [ -5.960861708468296, 37.411167287065126 ] } },
{ "type": "Feature", "properties": { "substation_name": "CALVARIO", "provincia": "Jaén", "municipio": "23050", "latitude": 37.77039719941385, "longitude": -3.781575827840955, "available_capacity_mw": 0.0, "distributor_network": "Endesa", "voltage_kv": 132.0, "grid_status": "Congested", "is_friction": true }, "geometry": { "type": "Point", "coordinates": [ -3.781575827840955, 37.77039719941385 ] } },
{ "type": "Feature", "properties": { "substation_name": "CALVIA", "provincia": "Balears, Illes", "municipio": "7011", "latitude": 39.526723836030655, "longitude": -3.4923363640139429, "available_capacity_mw": 67.2, "distributor_network": "Endesa", "voltage_kv": 15.0, "grid_status": "Sufficient", "is_friction": false }, "geometry": { "type": "Point", "coordinates": [ -3.492336364013943, 39.526723836030655 ] } },
{ "type": "Feature", "properties": { "substation_name": "CALZADAR", "provincia": "Badajoz", "municipio": "6901", "latitude": 38.889138391152194, "longitude": -6.6762491999347349, "available_capacity_mw": 0.0, "distributor_network": "Endesa", "voltage_kv": 66.0, "grid_status": "Congested", "is_friction": true }, "geometry": { "type": "Point", "coordinates": [ -6.676249199934735, 38.889138391152194 ] } },
{ "type": "Feature", "properties": { "substation_name": "CAMARASA", "provincia": "Lleida", "municipio": "25062", "latitude": 41.90677891594337, "longitude": 0.88988188029599957, "available_capacity_mw": 0.0, "distributor_network": "Endesa", "voltage_kv": 110.0, "grid_status": "Congested", "is_friction": true }, "geometry": { "type": "Point", "coordinates": [ 0.889881880296, 41.90677891594337 ] } },
{ "type": "Feature", "properties": { "substation_name": "CAMARMEÑA", "provincia": "Asturias", "municipio": "Cabrales", "latitude": 43.260082248012594, "longitude": -4.8314082791677944, "available_capacity_mw": 3.0, "distributor_network": "Viesgo", "voltage_kv": 132.0, "grid_status": "Moderate", "is_friction": true }, "geometry": { "type": "Point", "coordinates": [ -4.831408279167794, 43.260082248012594 ] } },
{ "type": "Feature", "properties": { "substation_name": "CAMBRILS", "provincia": "Tarragona", "municipio": "43038", "latitude": 41.083450775057763, "longitude": 1.0381803817055235, "available_capacity_mw": 42.55, "distributor_network": "Endesa", "voltage_kv": 110.0, "grid_status": "Sufficient", "is_friction": false }, "geometry": { "type": "Point", "coordinates": [ 1.038180381705524, 41.083450775057763 ] } },
{ "type": "Feature", "properties": { "substation_name": "CAMINORO", "provincia": "Granada", "municipio": "18087", "latitude": 37.176177691537987, "longitude": -3.6207393415076941, "available_capacity_mw": 0.0, "distributor_network": "Endesa", "voltage_kv": 66.0, "grid_status": "Congested", "is_friction": true }, "geometry": { "type": "Point", "coordinates": [ -3.620739341507694, 37.176177691537987 ] } },
{ "type": "Feature", "properties": { "substation_name": "CAMPANIL", "provincia": "Málaga", "municipio": "29067", "latitude": 36.735249077452771, "longitude": -4.5438018436045944, "available_capacity_mw": 36.28, "distributor_network": "Endesa", "voltage_kv": 66.0, "grid_status": "Sufficient", "is_friction": false }, "geometry": { "type": "Point", "coordinates": [ -4.543801843604594, 36.735249077452771 ] } },
{ "type": "Feature", "properties": { "substation_name": "CAMPILLO", "provincia": "Jaén", "municipio": "23019", "latitude": 37.547732740070686, "longitude": -3.6404056880522409, "available_capacity_mw": 0.0, "distributor_network": "Endesa", "voltage_kv": 132.0, "grid_status": "Congested", "is_friction": true }, "geometry": { "type": "Point", "coordinates": [ -3.640405688052241, 37.547732740070686 ] } },
{ "type": "Feature", "properties": { "substation_name": "CAMPOMANES", "provincia": "Asturias", "municipio": "Lena", "latitude": 43.104723981339205, "longitude": -5.8140956815671601, "available_capacity_mw": 0.19, "distributor_network": "Viesgo", "voltage_kv": 30.0, "grid_status": "Congested", "is_friction": true }, "geometry": { "type": "Point", "coordinates": [ -5.81409568156716, 43.104723981339205 ] } },
{ "type": "Feature", "properties": { "substation_name": "CAMPREDO", "provincia": "Tarragona", "municipio": "43155", "latitude": 40.76877377809884, "longitude": 0.5363183692657395, "available_capacity_mw": 0.0, "distributor_network": "Endesa", "voltage_kv": 110.0, "grid_status": "Congested", "is_friction": true }, "geometry": { "type": "Point", "coordinates": [ 0.53631836926574, 40.76877377809884 ] } },
{ "type": "Feature", "properties": { "substation_name": "CAMPRODON", "provincia": "Girona", "municipio": "17039", "latitude": 42.308566583397607, "longitude": 2.3614804796467253, "available_capacity_mw": 6.61, "distributor_network": "Endesa", "voltage_kv": 45.0, "grid_status": "Sufficient", "is_friction": false }, "geometry": { "type": "Point", "coordinates": [ 2.361480479646725, 42.308566583397607 ] } },
{ "type": "Feature", "properties": { "substation_name": "CAMPUS", "provincia": "Granada", "municipio": "18021", "latitude": 37.145009342923068, "longitude": -3.6082653900671215, "available_capacity_mw": 0.0, "distributor_network": "Endesa", "voltage_kv": 66.0, "grid_status": "Congested", "is_friction": true }, "geometry": { "type": "Point", "coordinates": [ -3.608265390067122, 37.145009342923068 ] } },
{ "type": "Feature", "properties": { "substation_name": "CANALES", "provincia": "Granada", "municipio": "18157", "latitude": 37.159847926403359, "longitude": -3.4838211480100356, "available_capacity_mw": 0.0, "distributor_network": "Endesa", "voltage_kv": 20.0, "grid_status": "Congested", "is_friction": true }, "geometry": { "type": "Point", "coordinates": [ -3.483821148010036, 37.159847926403359 ] } },
{ "type": "Feature", "properties": { "substation_name": "CANALROYA", "provincia": "Huesca", "municipio": "22078", "latitude": 42.744988416382, "longitude": -0.51649293037239818, "available_capacity_mw": 0.0, "distributor_network": "Endesa", "voltage_kv": 45.0, "grid_status": "Congested", "is_friction": true }, "geometry": { "type": "Point", "coordinates": [ -0.516492930372398, 42.744988416382 ] } },
{ "type": "Feature", "properties": { "substation_name": "CANAMO", "provincia": "Sevilla", "municipio": "41081", "latitude": 37.48501215523023, "longitude": -5.9280370369403386, "available_capacity_mw": 0.0, "distributor_network": "Endesa", "voltage_kv": 132.0, "grid_status": "Congested", "is_friction": true }, "geometry": { "type": "Point", "coordinates": [ -5.928037036940339, 37.48501215523023 ] } },
{ "type": "Feature", "properties": { "substation_name": "CANBARBA", "provincia": "Barcelona", "municipio": "8279", "latitude": 41.553249600717507, "longitude": 2.0560644965940504, "available_capacity_mw": 0.0, "distributor_network": "Endesa", "voltage_kv": 110.0, "grid_status": "Congested", "is_friction": true }, "geometry": { "type": "Point", "coordinates": [ 2.05606449659405, 41.553249600717507 ] } },
{ "type": "Feature", "properties": { "substation_name": "CANDANCHU", "provincia": "Huesca", "municipio": "22006", "latitude": 42.784528922183654, "longitude": -0.52127485849937294, "available_capacity_mw": 0.0, "distributor_network": "Endesa", "voltage_kv": 45.0, "grid_status": "Congested", "is_friction": true }, "geometry": { "type": "Point", "coordinates": [ -0.521274858499373, 42.784528922183654 ] } },
{ "type": "Feature", "properties": { "substation_name": "CANDINA", "provincia": "Cantabria", "municipio": "Santander", "latitude": 43.450883244715705, "longitude": -3.833554652105235, "available_capacity_mw": 0.0, "distributor_network": "Viesgo", "voltage_kv": 55.0, "grid_status": "Congested", "is_friction": true }, "geometry": { "type": "Point", "coordinates": [ -3.833554652105235, 43.450883244715705 ] } },
{ "type": "Feature", "properties": { "substation_name": "CANELLES", "provincia": "Huesca", "municipio": "22105", "latitude": 41.97645504605326, "longitude": 0.61164381197680151, "available_capacity_mw": 0.0, "distributor_network": "Endesa", "voltage_kv": 132.0, "grid_status": "Congested", "is_friction": true }, "geometry": { "type": "Point", "coordinates": [ 0.611643811976802, 41.97645504605326 ] } },
{ "type": "Feature", "properties": { "substation_name": "CANGAS", "provincia": "Asturias", "municipio": "Cangas de Onís", "latitude": 43.344266077135721, "longitude": -5.1313715057749736, "available_capacity_mw": 3.0, "distributor_network": "Viesgo", "voltage_kv": 132.0, "grid_status": "Moderate", "is_friction": true }, "geometry": { "type": "Point", "coordinates": [ -5.131371505774974, 43.344266077135721 ] } },
{ "type": "Feature", "properties": { "substation_name": "CANJARDI", "provincia": "Barcelona", "municipio": "8184", "latitude": 41.474697783534936, "longitude": 2.0232995705854786, "available_capacity_mw": 0.0, "distributor_network": "Endesa", "voltage_kv": 110.0, "grid_status": "Congested", "is_friction": true }, "geometry": { "type": "Point", "coordinates": [ 2.023299570585479, 41.474697783534936 ] } },
{ "type": "Feature", "properties": { "substation_name": "CANRUTI", "provincia": "Barcelona", "municipio": "8015", "latitude": 41.477810804387524, "longitude": 2.2400614817346267, "available_capacity_mw": 27.74, "distributor_network": "Endesa", "voltage_kv": 110.0, "grid_status": "Sufficient", "is_friction": false }, "geometry": { "type": "Point", "coordinates": [ 2.240061481734627, 41.477810804387524 ] } },
{ "type": "Feature", "properties": { "substation_name": "CANSINOS", "provincia": "Córdoba", "municipio": "14021", "latitude": 37.927734913831728, "longitude": -4.5965231849597048, "available_capacity_mw": 0.0, "distributor_network": "Endesa", "voltage_kv": 66.0, "grid_status": "Congested", "is_friction": true }, "geometry": { "type": "Point", "coordinates": [ -4.596523184959705, 37.927734913831728 ] } },
{ "type": "Feature", "properties": { "substation_name": "CANTILLA", "provincia": "Sevilla", "municipio": "41023", "latitude": 37.59119326114098, "longitude": -5.8115378229536852, "available_capacity_mw": 0.0, "distributor_network": "Endesa", "voltage_kv": 66.0, "grid_status": "Congested", "is_friction": true }, "geometry": { "type": "Point", "coordinates": [ -5.811537822953685, 37.59119326114098 ] } },
{ "type": "Feature", "properties": { "substation_name": "CANTORIA", "provincia": "Almería", "municipio": "4031", "latitude": 37.367423902471202, "longitude": -2.2404863927066025, "available_capacity_mw": 0.0, "distributor_network": "Endesa", "voltage_kv": 66.0, "grid_status": "Congested", "is_friction": true }, "geometry": { "type": "Point", "coordinates": [ -2.240486392706603, 37.367423902471202 ] } },
{ "type": "Feature", "properties": { "substation_name": "CANTOSAL", "provincia": "Sevilla", "municipio": "41058", "latitude": 37.381597647010366, "longitude": -5.7656352307420269, "available_capacity_mw": 0.0, "distributor_network": "Endesa", "voltage_kv": 66.0, "grid_status": "Congested", "is_friction": true }, "geometry": { "type": "Point", "coordinates": [ -5.765635230742027, 37.381597647010366 ] } },
{ "type": "Feature", "properties": { "substation_name": "CANUELO", "provincia": "Cádiz", "municipio": "11008", "latitude": 36.214635971677495, "longitude": -5.4525300982364282, "available_capacity_mw": 0.0, "distributor_network": "Endesa", "voltage_kv": 66.0, "grid_status": "Congested", "is_friction": true }, "geometry": { "type": "Point", "coordinates": [ -5.452530098236428, 36.214635971677495 ] } },
{ "type": "Feature", "properties": { "substation_name": "CAPARACE", "provincia": "Granada", "municipio": "18022", "latitude": 37.267952137320144, "longitude": -3.7262736162158889, "available_capacity_mw": 0.0, "distributor_network": "Endesa", "voltage_kv": 132.0, "grid_status": "Congested", "is_friction": true }, "geometry": { "type": "Point", "coordinates": [ -3.726273616215889, 37.267952137320144 ] } },
{ "type": "Feature", "properties": { "substation_name": "CAPDEPERA", "provincia": "Balears, Illes", "municipio": "7014", "latitude": 39.697835777080577, "longitude": -2.5828808012330482, "available_capacity_mw": 5.61, "distributor_network": "Endesa", "voltage_kv": 15.0, "grid_status": "Sufficient", "is_friction": false }, "geometry": { "type": "Point", "coordinates": [ -2.582880801233048, 39.697835777080577 ] } },
{ "type": "Feature", "properties": { "substation_name": "CAPELLADES", "provincia": "Barcelona", "municipio": "8286", "latitude": 41.526029123546387, "longitude": 1.6792006345237969, "available_capacity_mw": 0.0, "distributor_network": "Endesa", "voltage_kv": 110.0, "grid_status": "Congested", "is_friction": true }, "geometry": { "type": "Point", "coordinates": [ 1.679200634523797, 41.526029123546387 ] } },
{ "type": "Feature", "properties": { "substation_name": "CARAMBOL", "provincia": "Sevilla", "municipio": "41021", "latitude": 37.389785531067517, "longitude": -6.0402681024938651, "available_capacity_mw": 28.79, "distributor_network": "Endesa", "voltage_kv": 66.0, "grid_status": "Sufficient", "is_friction": false }, "geometry": { "type": "Point", "coordinates": [ -6.040268102493865, 37.389785531067517 ] } },
{ "type": "Feature", "properties": { "substation_name": "CARBA", "provincia": "Lugo", "municipio": "Vilalba", "latitude": 43.424907943169437, "longitude": -7.6594383762071585, "available_capacity_mw": 70.0, "distributor_network": "Viesgo", "voltage_kv": 132.0, "grid_status": "Sufficient", "is_friction": false }, "geometry": { "type": "Point", "coordinates": [ -7.659438376207159, 43.424907943169437 ] } },
{ "type": "Feature", "properties": { "substation_name": "CARBONER", "provincia": "Almería", "municipio": "4032", "latitude": 36.976697074506774, "longitude": -1.9088197074266, "available_capacity_mw": 0.0, "distributor_network": "Endesa", "voltage_kv": 132.0, "grid_status": "Congested", "is_friction": true }, "geometry": { "type": "Point", "coordinates": [ -1.9088197074266, 36.976697074506774 ] } },
{ "type": "Feature", "properties": { "substation_name": "CARCAVILLA", "provincia": "Huesca", "municipio": "22173", "latitude": 42.370964911444794, "longitude": -0.73725222996157547, "available_capacity_mw": 0.0, "distributor_network": "Endesa", "voltage_kv": 45.0, "grid_status": "Congested", "is_friction": true }, "geometry": { "type": "Point", "coordinates": [ -0.737252229961575, 42.370964911444794 ] } },
{ "type": "Feature", "properties": { "substation_name": "CARDENAS", "provincia": "Córdoba", "municipio": "14016", "latitude": 38.274152176960627, "longitude": -4.3239990320340045, "available_capacity_mw": 0.0, "distributor_network": "Endesa", "voltage_kv": 66.0, "grid_status": "Congested", "is_friction": true }, "geometry": { "type": "Point", "coordinates": [ -4.323999032034004, 38.274152176960627 ] } },
{ "type": "Feature", "properties": { "substation_name": "CARDONA", "provincia": "Barcelona", "municipio": "8141", "latitude": 41.874088381580087, "longitude": 1.7126043418179704, "available_capacity_mw": 0.0, "distributor_network": "Endesa", "voltage_kv": 110.0, "grid_status": "Congested", "is_friction": true }, "geometry": { "type": "Point", "coordinates": [ 1.71260434181797, 41.874088381580087 ] } },
{ "type": "Feature", "properties": { "substation_name": "CARIÑENA", "provincia": "Zaragoza", "municipio": "50073", "latitude": 41.348745951969939, "longitude": -1.2340319308940482, "available_capacity_mw": 0.0, "distributor_network": "Endesa", "voltage_kv": 45.0, "grid_status": "Congested", "is_friction": true }, "geometry": { "type": "Point", "coordinates": [ -1.234031930894048, 41.348745951969939 ] } },
{ "type": "Feature", "properties": { "substation_name": "CARLOTA", "provincia": "Córdoba", "municipio": "14017", "latitude": 37.679679753426285, "longitude": -4.9236543412193612, "available_capacity_mw": 0.0, "distributor_network": "Endesa", "voltage_kv": 66.0, "grid_status": "Congested", "is_friction": true }, "geometry": { "type": "Point", "coordinates": [ -4.923654341219361, 37.679679753426285 ] } },
{ "type": "Feature", "properties": { "substation_name": "CARMONA", "provincia": "Sevilla", "municipio": "41024", "latitude": 37.476138196206527, "longitude": -5.6475419690968378, "available_capacity_mw": 0.0, "distributor_network": "Endesa", "voltage_kv": 66.0, "grid_status": "Congested", "is_friction": true }, "geometry": { "type": "Point", "coordinates": [ -5.647541969096838, 37.476138196206527 ] } },
{ "type": "Feature", "properties": { "substation_name": "CAROLINA", "provincia": "Jaén", "municipio": "23024", "latitude": 38.278428678112434, "longitude": -3.6040777152635681, "available_capacity_mw": 0.0, "distributor_network": "Endesa", "voltage_kv": 66.0, "grid_status": "Congested", "is_friction": true }, "geometry": { "type": "Point", "coordinates": [ -3.604077715263568, 38.278428678112434 ] } },
{ "type": "Feature", "properties": { "substation_name": "CARPIO", "provincia": "Córdoba", "municipio": "14018", "latitude": 37.965593493142165, "longitude": -4.5003317756329873, "available_capacity_mw": 0.0, "distributor_network": "Endesa", "voltage_kv": 66.0, "grid_status": "Congested", "is_friction": true }, "geometry": { "type": "Point", "coordinates": [ -4.500331775632987, 37.965593493142165 ] } },
{ "type": "Feature", "properties": { "substation_name": "CARRIEDO", "provincia": "Cantabria", "municipio": "Villacarriedo", "latitude": 43.242380996686222, "longitude": -3.8367294174064361, "available_capacity_mw": 1.17, "distributor_network": "Viesgo", "voltage_kv": 55.0, "grid_status": "Moderate", "is_friction": true }, "geometry": { "type": "Point", "coordinates": [ -3.836729417406436, 43.242380996686222 ] } },
{ "type": "Feature", "properties": { "substation_name": "CARRION_N", "provincia": "Palencia", "municipio": "Carrión de los Condes", "latitude": 42.345550687962806, "longitude": -4.6067147632604044, "available_capacity_mw": 0.12, "distributor_network": "Viesgo", "voltage_kv": 30.0, "grid_status": "Congested", "is_friction": true }, "geometry": { "type": "Point", "coordinates": [ -4.606714763260404, 42.345550687962806 ] } },
{ "type": "Feature", "properties": { "substation_name": "CARTAYA", "provincia": "Huelva", "municipio": "21021", "latitude": 37.300169830460611, "longitude": -7.1109303980022327, "available_capacity_mw": 7.06, "distributor_network": "Endesa", "voltage_kv": 66.0, "grid_status": "Sufficient", "is_friction": false }, "geometry": { "type": "Point", "coordinates": [ -7.110930398002233, 37.300169830460611 ] } },
{ "type": "Feature", "properties": { "substation_name": "CARTIRANA", "provincia": "Huesca", "municipio": "22199", "latitude": 42.529547754038511, "longitude": -0.39155652846912392, "available_capacity_mw": 0.0, "distributor_network": "Endesa", "voltage_kv": 45.0, "grid_status": "Congested", "is_friction": true }, "geometry": { "type": "Point", "coordinates": [ -0.391556528469124, 42.529547754038511 ] } },
{ "type": "Feature", "properties": { "substation_name": "CARTUJA", "provincia": "Cádiz", "municipio": "11020", "latitude": 36.618366829837719, "longitude": -6.1200228183795797, "available_capacity_mw": 0.0, "distributor_network": "Endesa", "voltage_kv": 66.0, "grid_status": "Congested", "is_friction": true }, "geometry": { "type": "Point", "coordinates": [ -6.12002281837958, 36.618366829837719 ] } },
{ "type": "Feature", "properties": { "substation_name": "CARTUJOS", "provincia": "Zaragoza", "municipio": "50297", "latitude": 41.58998839539165, "longitude": -0.84217580924385949, "available_capacity_mw": 0.0, "distributor_network": "Endesa", "voltage_kv": 45.0, "grid_status": "Congested", "is_friction": true }, "geometry": { "type": "Point", "coordinates": [ -0.842175809243859, 41.58998839539165 ] } },
{ "type": "Feature", "properties": { "substation_name": "CASABLANCA", "provincia": "Zaragoza", "municipio": "50297", "latitude": 41.625529688418212, "longitude": -0.91219923493368282, "available_capacity_mw": 0.0, "distributor_network": "Endesa", "voltage_kv": 132.0, "grid_status": "Congested", "is_friction": true }, "geometry": { "type": "Point", "coordinates": [ -0.912199234933683, 41.625529688418212 ] } },
{ "type": "Feature", "properties": { "substation_name": "CASARES", "provincia": "Málaga", "municipio": "29041", "latitude": 36.405589408349847, "longitude": -5.2201301563678424, "available_capacity_mw": 0.0, "distributor_network": "Endesa", "voltage_kv": 66.0, "grid_status": "Congested", "is_friction": true }, "geometry": { "type": "Point", "coordinates": [ -5.220130156367842, 36.405589408349847 ] } },
{ "type": "Feature", "properties": { "substation_name": "CASILLAS", "provincia": "Córdoba", "municipio": "14021", "latitude": 37.858139858680957, "longitude": -4.8120844458293632, "available_capacity_mw": 0.0, "distributor_network": "Endesa", "voltage_kv": 132.0, "grid_status": "Congested", "is_friction": true }, "geometry": { "type": "Point", "coordinates": [ -4.812084445829363, 37.858139858680957 ] } },
{ "type": "Feature", "properties": { "substation_name": "CASPE", "provincia": "Zaragoza", "municipio": "50074", "latitude": 41.24628137483429, "longitude": -0.058315727389354803, "available_capacity_mw": 0.0, "distributor_network": "Endesa", "voltage_kv": 132.0, "grid_status": "Congested", "is_friction": true }, "geometry": { "type": "Point", "coordinates": [ -0.058315727389355, 41.24628137483429 ] } },
{ "type": "Feature", "properties": { "substation_name": "CASSA", "provincia": "Girona", "municipio": "17044", "latitude": 41.862431197511988, "longitude": 2.8979357171942079, "available_capacity_mw": 0.0, "distributor_network": "Endesa", "voltage_kv": 110.0, "grid_status": "Congested", "is_friction": true }, "geometry": { "type": "Point", "coordinates": [ 2.897935717194208, 41.862431197511988 ] } },
{ "type": "Feature", "properties": { "substation_name": "CASTELLBIS", "provincia": "Barcelona", "municipio": "8054", "latitude": 41.445581639042828, "longitude": 1.9860913512430509, "available_capacity_mw": 105.03, "distributor_network": "Endesa", "voltage_kv": 25.0, "grid_status": "Sufficient", "is_friction": false }, "geometry": { "type": "Point", "coordinates": [ 1.986091351243051, 41.445581639042828 ] } },
{ "type": "Feature", "properties": { "substation_name": "CASTELLET", "provincia": "Barcelona", "municipio": "8058", "latitude": 41.256123994841026, "longitude": 1.5820754675897242, "available_capacity_mw": 54.27, "distributor_network": "Endesa", "voltage_kv": 25.0, "grid_status": "Sufficient", "is_friction": false }, "geometry": { "type": "Point", "coordinates": [ 1.582075467589724, 41.256123994841026 ] } },
{ "type": "Feature", "properties": { "substation_name": "CASTIN_ROS", "provincia": "Teruel", "municipio": "44238", "latitude": 40.819561463806259, "longitude": -0.86864043510032019, "available_capacity_mw": 0.0, "distributor_network": "Endesa", "voltage_kv": 132.0, "grid_status": "Congested", "is_friction": true }, "geometry": { "type": "Point", "coordinates": [ -0.86864043510032, 40.819561463806259 ] } },
{ "type": "Feature", "properties": { "substation_name": "CATALINA", "provincia": "Balears, Illes", "municipio": "7040", "latitude": 39.573484184091477, "longitude": -3.3648130337794999, "available_capacity_mw": 70.33, "distributor_network": "Endesa", "voltage_kv": 15.0, "grid_status": "Sufficient", "is_friction": false }, "geometry": { "type": "Point", "coordinates": [ -3.3648130337795, 39.573484184091477 ] } },
{ "type": "Feature", "properties": { "substation_name": "CBERMEJA", "provincia": "Málaga", "municipio": "29039", "latitude": 36.901323661193473, "longitude": -4.4214107552299984, "available_capacity_mw": 31.54, "distributor_network": "Endesa", "voltage_kv": 132.0, "grid_status": "Sufficient", "is_friction": false }, "geometry": { "type": "Point", "coordinates": [ -4.421410755229998, 36.901323661193473 ] } },
{ "type": "Feature", "properties": { "substation_name": "CELIS", "provincia": "Cantabria", "municipio": "Rionansa", "latitude": 43.280386758255332, "longitude": -4.4392028395890266, "available_capacity_mw": 0.37, "distributor_network": "Viesgo", "voltage_kv": 55.0, "grid_status": "Congested", "is_friction": true }, "geometry": { "type": "Point", "coordinates": [ -4.439202839589027, 43.280386758255332 ] } },
{ "type": "Feature", "properties": { "substation_name": "CELLA", "provincia": "Teruel", "municipio": "44076", "latitude": 40.456489761389037, "longitude": -1.2409274123489684, "available_capacity_mw": 0.0, "distributor_network": "Endesa", "voltage_kv": 132.0, "grid_status": "Congested", "is_friction": true }, "geometry": { "type": "Point", "coordinates": [ -1.240927412348968, 40.456489761389037 ] } },
{ "type": "Feature", "properties": { "substation_name": "CELULOSA", "provincia": "Granada", "municipio": "18140", "latitude": 36.730928614400568, "longitude": -3.5426301798866295, "available_capacity_mw": 0.0, "distributor_network": "Endesa", "voltage_kv": 66.0, "grid_status": "Congested", "is_friction": true }, "geometry": { "type": "Point", "coordinates": [ -3.54263017988663, 36.730928614400568 ] } },
{ "type": "Feature", "properties": { "substation_name": "CEMCALA", "provincia": "Málaga", "municipio": "29067", "latitude": 36.720933509830843, "longitude": -4.3314950211114454, "available_capacity_mw": 51.94, "distributor_network": "Endesa", "voltage_kv": 66.0, "grid_status": "Sufficient", "is_friction": false }, "geometry": { "type": "Point", "coordinates": [ -4.331495021111445, 36.720933509830843 ] } },
{ "type": "Feature", "properties": { "substation_name": "CENTELLES", "provincia": "Barcelona", "municipio": "8067", "latitude": 41.807744094516018, "longitude": 2.2126955863944073, "available_capacity_mw": 20.11, "distributor_network": "Endesa", "voltage_kv": 25.0, "grid_status": "Sufficient", "is_friction": false }, "geometry": { "type": "Point", "coordinates": [ 2.212695586394407, 41.807744094516018 ] } },
{ "type": "Feature", "properties": { "substation_name": "CENTENAR", "provincia": "Sevilla", "municipio": "41091", "latitude": 37.392054775482883, "longitude": -6.0124573535637822, "available_capacity_mw": 28.31, "distributor_network": "Endesa", "voltage_kv": 66.0, "grid_status": "Sufficient", "is_friction": false }, "geometry": { "type": "Point", "coordinates": [ -6.012457353563782, 37.392054775482883 ] } },
{ "type": "Feature", "properties": { "substation_name": "CENTRO", "provincia": "Málaga", "municipio": "29067", "latitude": 36.724825690013297, "longitude": -4.4245022183837719, "available_capacity_mw": 38.11, "distributor_network": "Endesa", "voltage_kv": 66.0, "grid_status": "Sufficient", "is_friction": false }, "geometry": { "type": "Point", "coordinates": [ -4.424502218383772, 36.724825690013297 ] } },
{ "type": "Feature", "properties": { "substation_name": "CENTROVIA", "provincia": "Zaragoza", "municipio": "50182", "latitude": 41.607880503364157, "longitude": -1.0868059613361285, "available_capacity_mw": 0.0, "distributor_network": "Endesa", "voltage_kv": 132.0, "grid_status": "Congested", "is_friction": true }, "geometry": { "type": "Point", "coordinates": [ -1.086805961336129, 41.607880503364157 ] } },
{ "type": "Feature", "properties": { "substation_name": "CEPANSA", "provincia": "Córdoba", "municipio": "14021", "latitude": 37.902306247607584, "longitude": -4.7582596219901312, "available_capacity_mw": 0.0, "distributor_network": "Endesa", "voltage_kv": 66.0, "grid_status": "Congested", "is_friction": true }, "geometry": { "type": "Point", "coordinates": [ -4.758259621990131, 37.902306247607584 ] } },
{ "type": "Feature", "properties": { "substation_name": "CERCS", "provincia": "Barcelona", "municipio": "8268", "latitude": 42.173722814829006, "longitude": 1.8582268396327943, "available_capacity_mw": 0.0, "distributor_network": "Endesa", "voltage_kv": 110.0, "grid_status": "Congested", "is_friction": true }, "geometry": { "type": "Point", "coordinates": [ 1.858226839632794, 42.173722814829006 ] } },
{ "type": "Feature", "properties": { "substation_name": "CERDA", "provincia": "Barcelona", "municipio": "8019", "latitude": 41.343100031459237, "longitude": 2.1382248436290605, "available_capacity_mw": 70.0, "distributor_network": "Endesa", "voltage_kv": 25.0, "grid_status": "Sufficient", "is_friction": false }, "geometry": { "type": "Point", "coordinates": [ 2.138224843629061, 41.343100031459237 ] } },
{ "type": "Feature", "properties": { "substation_name": "CERDANYA", "provincia": "Girona", "municipio": "17069", "latitude": 42.379743222001409, "longitude": 1.8955225029940748, "available_capacity_mw": 0.0, "distributor_network": "Endesa", "voltage_kv": 110.0, "grid_status": "Congested", "is_friction": true }, "geometry": { "type": "Point", "coordinates": [ 1.895522502994075, 42.379743222001409 ] } },
{ "type": "Feature", "properties": { "substation_name": "CERDANYOLA", "provincia": "Barcelona", "municipio": "8266", "latitude": 41.503014555953897, "longitude": 2.1170090366263508, "available_capacity_mw": 145.01, "distributor_network": "Endesa", "voltage_kv": 110.0, "grid_status": "Sufficient", "is_friction": false }, "geometry": { "type": "Point", "coordinates": [ 2.117009036626351, 41.503014555953897 ] } },
{ "type": "Feature", "properties": { "substation_name": "CERROGOR", "provincia": "Badajoz", "municipio": "6015", "latitude": 38.883478059430473, "longitude": -6.9070341849287207, "available_capacity_mw": 0.0, "distributor_network": "Endesa", "voltage_kv": 66.0, "grid_status": "Congested", "is_friction": true }, "geometry": { "type": "Point", "coordinates": [ -6.907034184928721, 38.883478059430473 ] } },
{ "type": "Feature", "properties": { "substation_name": "CERVELLO", "provincia": "Barcelona", "municipio": "8068", "latitude": 41.406680237705274, "longitude": 1.9893702273785816, "available_capacity_mw": 61.22, "distributor_network": "Endesa", "voltage_kv": 25.0, "grid_status": "Sufficient", "is_friction": false }, "geometry": { "type": "Point", "coordinates": [ 1.989370227378582, 41.406680237705274 ] } },
{ "type": "Feature", "properties": { "substation_name": "CERVERA", "provincia": "Lleida", "municipio": "25072", "latitude": 41.680565699501869, "longitude": 1.2908777529244229, "available_capacity_mw": 0.0, "distributor_network": "Endesa", "voltage_kv": 110.0, "grid_status": "Congested", "is_friction": true }, "geometry": { "type": "Point", "coordinates": [ 1.290877752924423, 41.680565699501869 ] } },
{ "type": "Feature", "properties": { "substation_name": "CH.DUQUE", "provincia": "Granada", "municipio": "18043", "latitude": 36.912837504326738, "longitude": -3.3689035568006007, "available_capacity_mw": 0.0, "distributor_network": "Endesa", "voltage_kv": 66.0, "grid_status": "Congested", "is_friction": true }, "geometry": { "type": "Point", "coordinates": [ -3.368903556800601, 36.912837504326738 ] } },
{ "type": "Feature", "properties": { "substation_name": "CHICLANA", "provincia": "Cádiz", "municipio": "11015", "latitude": 36.409332360932027, "longitude": -6.1348799050697957, "available_capacity_mw": 0.0, "distributor_network": "Endesa", "voltage_kv": 66.0, "grid_status": "Congested", "is_friction": true }, "geometry": { "type": "Point", "coordinates": [ -6.134879905069796, 36.409332360932027 ] } },
{ "type": "Feature", "properties": { "substation_name": "CHIPIONA", "provincia": "Cádiz", "municipio": "11016", "latitude": 36.732137389869223, "longitude": -6.3968697690097116, "available_capacity_mw": 25.67, "distributor_network": "Endesa", "voltage_kv": 66.0, "grid_status": "Sufficient", "is_friction": false }, "geometry": { "type": "Point", "coordinates": [ -6.396869769009712, 36.732137389869223 ] } },
{ "type": "Feature", "properties": { "substation_name": "CH_IP", "provincia": "Huesca", "municipio": "22078", "latitude": 42.742703542101225, "longitude": -0.51649744540571596, "available_capacity_mw": 0.0, "distributor_network": "Endesa", "voltage_kv": 132.0, "grid_status": "Congested", "is_friction": true }, "geometry": { "type": "Point", "coordinates": [ -0.516497445405716, 42.742703542101225 ] } },
{ "type": "Feature", "properties": { "substation_name": "CH_JACA", "provincia": "Huesca", "municipio": "22130", "latitude": 42.584861687891198, "longitude": -0.55075883469610387, "available_capacity_mw": 0.0, "distributor_network": "Endesa", "voltage_kv": 45.0, "grid_status": "Congested", "is_friction": true }, "geometry": { "type": "Point", "coordinates": [ -0.550758834696104, 42.584861687891198 ] } },
{ "type": "Feature", "properties": { "substation_name": "CH_SABIÑAN", "provincia": "Huesca", "municipio": "22199", "latitude": 42.480922740928378, "longitude": -0.37584998429260208, "available_capacity_mw": 0.0, "distributor_network": "Endesa", "voltage_kv": 45.0, "grid_status": "Congested", "is_friction": true }, "geometry": { "type": "Point", "coordinates": [ -0.375849984292602, 42.480922740928378 ] } },
{ "type": "Feature", "properties": { "substation_name": "CICERO", "provincia": "Cantabria", "municipio": "Solórzano", "latitude": 43.392739298308257, "longitude": -3.5241039828966012, "available_capacity_mw": 0.0, "distributor_network": "Viesgo", "voltage_kv": 55.0, "grid_status": "Congested", "is_friction": true }, "geometry": { "type": "Point", "coordinates": [ -3.524103982896601, 43.392739298308257 ] } },
{ "type": "Feature", "properties": { "substation_name": "CIJARA", "provincia": "Badajoz", "municipio": "6063", "latitude": 39.371108144530375, "longitude": -5.0167097633107582, "available_capacity_mw": 0.0, "distributor_network": "Endesa", "voltage_kv": 132.0, "grid_status": "Congested", "is_friction": true }, "geometry": { "type": "Point", "coordinates": [ -5.016709763310758, 39.371108144530375 ] } },
{ "type": "Feature", "properties": { "substation_name": "CINCA", "provincia": "Huesca", "municipio": "22158", "latitude": 41.924042208131752, "longitude": 0.19392858158971679, "available_capacity_mw": 0.0, "distributor_network": "Endesa", "voltage_kv": 110.0, "grid_status": "Congested", "is_friction": true }, "geometry": { "type": "Point", "coordinates": [ 0.193928581589717, 41.924042208131752 ] } },
{ "type": "Feature", "properties": { "substation_name": "CIUDADELA", "provincia": "Balears, Illes", "municipio": "7015", "latitude": 40.003379373396093, "longitude": -2.1445796643519359, "available_capacity_mw": 81.67, "distributor_network": "Endesa", "voltage_kv": 15.0, "grid_status": "Sufficient", "is_friction": false }, "geometry": { "type": "Point", "coordinates": [ -2.144579664351936, 40.003379373396093 ] } },
{ "type": "Feature", "properties": { "substation_name": "CIUDAD_J", "provincia": "Málaga", "municipio": "29067", "latitude": 36.73704730371027, "longitude": -4.4249221370125742, "available_capacity_mw": 55.13, "distributor_network": "Endesa", "voltage_kv": 66.0, "grid_status": "Sufficient", "is_friction": false }, "geometry": { "type": "Point", "coordinates": [ -4.424922137012574, 36.73704730371027 ] } },
{ "type": "Feature", "properties": { "substation_name": "CIUD_MOTOR", "provincia": "Teruel", "municipio": "44013", "latitude": 41.08640620001966, "longitude": -0.2135621453009835, "available_capacity_mw": 0.0, "distributor_network": "Endesa", "voltage_kv": 132.0, "grid_status": "Congested", "is_friction": true }, "geometry": { "type": "Point", "coordinates": [ -0.213562145300983, 41.08640620001966 ] } },
{ "type": "Feature", "properties": { "substation_name": "CIZANA", "provincia": "Málaga", "municipio": "29067", "latitude": 36.64968574801479, "longitude": -4.4887775629305615, "available_capacity_mw": 0.0, "distributor_network": "Endesa", "voltage_kv": 66.0, "grid_status": "Congested", "is_friction": true }, "geometry": { "type": "Point", "coordinates": [ -4.488777562930562, 36.64968574801479 ] } },
{ "type": "Feature", "properties": { "substation_name": "CJOCOLOR", "provincia": "Málaga", "municipio": "29070", "latitude": 36.506095201320583, "longitude": -4.694103689538287, "available_capacity_mw": 0.0, "distributor_network": "Endesa", "voltage_kv": 66.0, "grid_status": "Congested", "is_friction": true }, "geometry": { "type": "Point", "coordinates": [ -4.694103689538287, 36.506095201320583 ] } },
{ "type": "Feature", "properties": { "substation_name": "CLARIANA", "provincia": "Zaragoza", "municipio": "50045", "latitude": 41.379679225863157, "longitude": -0.75735352928980137, "available_capacity_mw": 0.0, "distributor_network": "Endesa", "voltage_kv": 132.0, "grid_status": "Congested", "is_friction": true }, "geometry": { "type": "Point", "coordinates": [ -0.757353529289801, 41.379679225863157 ] } },
{ "type": "Feature", "properties": { "substation_name": "CLH_ARAH", "provincia": "Sevilla", "municipio": "41011", "latitude": 37.239314173185818, "longitude": -5.6031680242805848, "available_capacity_mw": 0.0, "distributor_network": "Endesa", "voltage_kv": 66.0, "grid_status": "Congested", "is_friction": true }, "geometry": { "type": "Point", "coordinates": [ -5.603168024280585, 37.239314173185818 ] } },
{ "type": "Feature", "properties": { "substation_name": "CNF_TERUEL", "provincia": "Teruel", "municipio": "44216", "latitude": 40.333491719580401, "longitude": -1.1142923064642567, "available_capacity_mw": 0.0, "distributor_network": "Endesa", "voltage_kv": 45.0, "grid_status": "Congested", "is_friction": true }, "geometry": { "type": "Point", "coordinates": [ -1.114292306464257, 40.333491719580401 ] } },
{ "type": "Feature", "properties": { "substation_name": "CODONYERS", "provincia": "Barcelona", "municipio": "8266", "latitude": 41.478048928517467, "longitude": 2.0990602881394582, "available_capacity_mw": 20.06, "distributor_network": "Endesa", "voltage_kv": 25.0, "grid_status": "Sufficient", "is_friction": false }, "geometry": { "type": "Point", "coordinates": [ 2.099060288139458, 41.478048928517467 ] } },
{ "type": "Feature", "properties": { "substation_name": "COGULLADA", "provincia": "Zaragoza", "municipio": "50297", "latitude": 41.669349525554082, "longitude": -0.8629328317933892, "available_capacity_mw": 0.0, "distributor_network": "Endesa", "voltage_kv": 45.0, "grid_status": "Congested", "is_friction": true }, "geometry": { "type": "Point", "coordinates": [ -0.862932831793389, 41.669349525554082 ] } },
{ "type": "Feature", "properties": { "substation_name": "COLISEO", "provincia": "Balears, Illes", "municipio": "7040", "latitude": 39.583939781332958, "longitude": -3.3456877132756753, "available_capacity_mw": 64.95, "distributor_network": "Endesa", "voltage_kv": 15.0, "grid_status": "Sufficient", "is_friction": false }, "geometry": { "type": "Point", "coordinates": [ -3.345687713275675, 39.583939781332958 ] } },
{ "type": "Feature", "properties": { "substation_name": "COLLBLANC", "provincia": "Barcelona", "municipio": "8101", "latitude": 41.376342290920448, "longitude": 2.1057937001747007, "available_capacity_mw": 475.41, "distributor_network": "Endesa", "voltage_kv": 110.0, "grid_status": "Sufficient", "is_friction": false }, "geometry": { "type": "Point", "coordinates": [ 2.105793700174701, 41.376342290920448 ] } },
{ "type": "Feature", "properties": { "substation_name": "COLLDALBA", "provincia": "Tarragona", "municipio": "43155", "latitude": 40.818251109663976, "longitude": 0.60929731079449512, "available_capacity_mw": 0.0, "distributor_network": "Endesa", "voltage_kv": 110.0, "grid_status": "Congested", "is_friction": true }, "geometry": { "type": "Point", "coordinates": [ 0.609297310794495, 40.818251109663976 ] } },
{ "type": "Feature", "properties": { "substation_name": "COLOM", "provincia": "Balears, Illes", "municipio": "7022", "latitude": 39.421029171352806, "longitude": -2.764097835646969, "available_capacity_mw": 17.8, "distributor_network": "Endesa", "voltage_kv": 15.0, "grid_status": "Sufficient", "is_friction": false }, "geometry": { "type": "Point", "coordinates": [ -2.764097835646969, 39.421029171352806 ] } },
{ "type": "Feature", "properties": { "substation_name": "COLON", "provincia": "Huelva", "municipio": "21041", "latitude": 37.216469992824003, "longitude": -6.9443740516838766, "available_capacity_mw": 16.58, "distributor_network": "Endesa", "voltage_kv": 50.0, "grid_status": "Sufficient", "is_friction": false }, "geometry": { "type": "Point", "coordinates": [ -6.944374051683877, 37.216469992824003 ] } },
{ "type": "Feature", "properties": { "substation_name": "COMILLAS", "provincia": "Cantabria", "municipio": "Comillas", "latitude": 43.369066071943571, "longitude": -4.2812763599199632, "available_capacity_mw": 3.01, "distributor_network": "Viesgo", "voltage_kv": 55.0, "grid_status": "Moderate", "is_friction": true }, "geometry": { "type": "Point", "coordinates": [ -4.281276359919963, 43.369066071943571 ] } },
{ "type": "Feature", "properties": { "substation_name": "COMPOST.2", "provincia": "León", "municipio": "24064", "latitude": 42.614235303325763, "longitude": -6.5659705769766434, "available_capacity_mw": 0.0, "distributor_network": "Endesa", "voltage_kv": 132.0, "grid_status": "Congested", "is_friction": true }, "geometry": { "type": "Point", "coordinates": [ -6.565970576976643, 42.614235303325763 ] } },
{ "type": "Feature", "properties": { "substation_name": "CONFIREL", "provincia": "Girona", "municipio": "17021", "latitude": 42.198950141659843, "longitude": 2.7195728000746406, "available_capacity_mw": 0.0, "distributor_network": "Endesa", "voltage_kv": 132.0, "grid_status": "Congested", "is_friction": true }, "geometry": { "type": "Point", "coordinates": [ 2.719572800074641, 42.198950141659843 ] } },
{ "type": "Feature", "properties": { "substation_name": "CONGOST", "provincia": "Barcelona", "municipio": "8113", "latitude": 41.727622598742045, "longitude": 1.8089986314461923, "available_capacity_mw": 0.0, "distributor_network": "Endesa", "voltage_kv": 110.0, "grid_status": "Congested", "is_friction": true }, "geometry": { "type": "Point", "coordinates": [ 1.808998631446192, 41.727622598742045 ] } },
{ "type": "Feature", "properties": { "substation_name": "CONIL", "provincia": "Cádiz", "municipio": "11014", "latitude": 36.290166700792305, "longitude": -6.06488299635157, "available_capacity_mw": 21.56, "distributor_network": "Endesa", "voltage_kv": 66.0, "grid_status": "Sufficient", "is_friction": false }, "geometry": { "type": "Point", "coordinates": [ -6.06488299635157, 36.290166700792305 ] } },
{ "type": "Feature", "properties": { "substation_name": "CONJURO", "provincia": "Granada", "municipio": "18093", "latitude": 36.739991199863155, "longitude": -3.4146972527819961, "available_capacity_mw": 0.0, "distributor_network": "Endesa", "voltage_kv": 66.0, "grid_status": "Congested", "is_friction": true }, "geometry": { "type": "Point", "coordinates": [ -3.414697252781996, 36.739991199863155 ] } },
{ "type": "Feature", "properties": { "substation_name": "CONSTANTI", "provincia": "Tarragona", "municipio": "43148", "latitude": 41.135322703147558, "longitude": 1.2245216633703018, "available_capacity_mw": 29.51, "distributor_network": "Endesa", "voltage_kv": 25.0, "grid_status": "Sufficient", "is_friction": false }, "geometry": { "type": "Point", "coordinates": [ 1.224521663370302, 41.135322703147558 ] } },
{ "type": "Feature", "properties": { "substation_name": "CORBAN", "provincia": "Cantabria", "municipio": "Santa Cruz de Bezana", "latitude": 43.463012895071408, "longitude": -3.8778406734839201, "available_capacity_mw": 0.0, "distributor_network": "Viesgo", "voltage_kv": 55.0, "grid_status": "Congested", "is_friction": true }, "geometry": { "type": "Point", "coordinates": [ -3.87784067348392, 43.463012895071408 ] } },
{ "type": "Feature", "properties": { "substation_name": "CORCHADO", "provincia": "Málaga", "municipio": "29056", "latitude": 36.495496506302963, "longitude": -5.4052368570367815, "available_capacity_mw": 0.0, "distributor_network": "Endesa", "voltage_kv": 66.0, "grid_status": "Congested", "is_friction": true }, "geometry": { "type": "Point", "coordinates": [ -5.405236857036781, 36.495496506302963 ] } },
{ "type": "Feature", "properties": { "substation_name": "CORDBILL", "provincia": "Córdoba", "municipio": "14056", "latitude": 37.369996321125782, "longitude": -4.7489890107828918, "available_capacity_mw": 0.0, "distributor_network": "Endesa", "voltage_kv": 66.0, "grid_status": "Congested", "is_friction": true }, "geometry": { "type": "Point", "coordinates": [ -4.748989010782892, 37.369996321125782 ] } },
{ "type": "Feature", "properties": { "substation_name": "CORONIL", "provincia": "Sevilla", "municipio": "41036", "latitude": 37.088369709271717, "longitude": -5.6276988787879629, "available_capacity_mw": 0.0, "distributor_network": "Endesa", "voltage_kv": 66.0, "grid_status": "Congested", "is_friction": true }, "geometry": { "type": "Point", "coordinates": [ -5.627698878787963, 37.088369709271717 ] } },
{ "type": "Feature", "properties": { "substation_name": "CORRALES", "provincia": "Cantabria", "municipio": "Corrales de Buelna (Los)", "latitude": 43.252091477179746, "longitude": -4.0692280886586802, "available_capacity_mw": 0.49, "distributor_network": "Viesgo", "voltage_kv": 55.0, "grid_status": "Congested", "is_friction": true }, "geometry": { "type": "Point", "coordinates": [ -4.06922808865868, 43.252091477179746 ] } },
{ "type": "Feature", "properties": { "substation_name": "CORTADUR", "provincia": "Cádiz", "municipio": "11012", "latitude": 36.490582530268256, "longitude": -6.266630629656964, "available_capacity_mw": 0.0, "distributor_network": "Endesa", "voltage_kv": 66.0, "grid_status": "Congested", "is_friction": true }, "geometry": { "type": "Point", "coordinates": [ -6.266630629656964, 36.490582530268256 ] } },
{ "type": "Feature", "properties": { "substation_name": "COR_INGLES", "provincia": "Zaragoza", "municipio": "50297", "latitude": 41.64517387742751, "longitude": -0.88444142074070098, "available_capacity_mw": 0.0, "distributor_network": "Endesa", "voltage_kv": 45.0, "grid_status": "Congested", "is_friction": true }, "geometry": { "type": "Point", "coordinates": [ -0.884441420740701, 41.64517387742751 ] } },
{ "type": "Feature", "properties": { "substation_name": "COSARIO", "provincia": "Almería", "municipio": "4903", "latitude": 36.795504799423462, "longitude": -2.6813268176763749, "available_capacity_mw": 0.0, "distributor_network": "Endesa", "voltage_kv": 66.0, "grid_status": "Congested", "is_friction": true }, "geometry": { "type": "Point", "coordinates": [ -2.681326817676375, 36.795504799423462 ] } },
{ "type": "Feature", "properties": { "substation_name": "COSTALUZ", "provincia": "Huelva", "municipio": "21044", "latitude": 37.307124717582909, "longitude": -7.2076450990921748, "available_capacity_mw": 4.87, "distributor_network": "Endesa", "voltage_kv": 66.0, "grid_status": "Moderate", "is_friction": true }, "geometry": { "type": "Point", "coordinates": [ -7.207645099092175, 37.307124717582909 ] } },
{ "type": "Feature", "properties": { "substation_name": "COSTASOL", "provincia": "Málaga", "municipio": "29069", "latitude": 36.523012346537222, "longitude": -4.8596086181919409, "available_capacity_mw": 0.0, "distributor_network": "Endesa", "voltage_kv": 66.0, "grid_status": "Congested", "is_friction": true }, "geometry": { "type": "Point", "coordinates": [ -4.859608618191941, 36.523012346537222 ] } },
{ "type": "Feature", "properties": { "substation_name": "CRINAVIS", "provincia": "Cádiz", "municipio": "11033", "latitude": 36.172587805655219, "longitude": -5.3742996945624828, "available_capacity_mw": 0.0, "distributor_network": "Endesa", "voltage_kv": 66.0, "grid_status": "Congested", "is_friction": true }, "geometry": { "type": "Point", "coordinates": [ -5.374299694562483, 36.172587805655219 ] } },
{ "type": "Feature", "properties": { "substation_name": "CROSS_SJ", "provincia": "Sevilla", "municipio": "41091", "latitude": 37.429825444343734, "longitude": -5.9732978951735989, "available_capacity_mw": 0.0, "distributor_network": "Endesa", "voltage_kv": 132.0, "grid_status": "Congested", "is_friction": true }, "geometry": { "type": "Point", "coordinates": [ -5.973297895173599, 37.429825444343734 ] } },
{ "type": "Feature", "properties": { "substation_name": "CRUZCAMP", "provincia": "Sevilla", "municipio": "41091", "latitude": 37.387942072336472, "longitude": -5.9597225811808689, "available_capacity_mw": 0.0, "distributor_network": "Endesa", "voltage_kv": 66.0, "grid_status": "Congested", "is_friction": true }, "geometry": { "type": "Point", "coordinates": [ -5.959722581180869, 37.387942072336472 ] } },
{ "type": "Feature", "properties": { "substation_name": "CRUZJUAR", "provincia": "Córdoba", "municipio": "14021", "latitude": 37.895237820536813, "longitude": -4.7799507034360111, "available_capacity_mw": 0.0, "distributor_network": "Endesa", "voltage_kv": 66.0, "grid_status": "Congested", "is_friction": true }, "geometry": { "type": "Point", "coordinates": [ -4.779950703436011, 37.895237820536813 ] } },
{ "type": "Feature", "properties": { "substation_name": "CR_MADRID", "provincia": "Zaragoza", "municipio": "50297", "latitude": 41.64247505335176, "longitude": -0.94775011182419844, "available_capacity_mw": 0.0, "distributor_network": "Endesa", "voltage_kv": 45.0, "grid_status": "Congested", "is_friction": true }, "geometry": { "type": "Point", "coordinates": [ -0.947750111824198, 41.64247505335176 ] } },
{ "type": "Feature", "properties": { "substation_name": "CUARTE", "provincia": "Zaragoza", "municipio": "50297", "latitude": 41.598010957348691, "longitude": -0.93840130342495875, "available_capacity_mw": 0.0, "distributor_network": "Endesa", "voltage_kv": 45.0, "grid_status": "Congested", "is_friction": true }, "geometry": { "type": "Point", "coordinates": [ -0.938401303424959, 41.598010957348691 ] } },
{ "type": "Feature", "properties": { "substation_name": "CUBANA", "provincia": "Jaén", "municipio": "23096", "latitude": 38.073072760000031, "longitude": -3.853039942731034, "available_capacity_mw": 0.0, "distributor_network": "Endesa", "voltage_kv": 66.0, "grid_status": "Congested", "is_friction": true }, "geometry": { "type": "Point", "coordinates": [ -3.853039942731034, 38.073072760000031 ] } },
{ "type": "Feature", "properties": { "substation_name": "CUBILLO", "provincia": "Cádiz", "municipio": "11035", "latitude": 36.030679574081361, "longitude": -5.6096869239544036, "available_capacity_mw": 0.0, "distributor_network": "Endesa", "voltage_kv": 66.0, "grid_status": "Congested", "is_friction": true }, "geometry": { "type": "Point", "coordinates": [ -5.609686923954404, 36.030679574081361 ] } },
{ "type": "Feature", "properties": { "substation_name": "CUERVO", "provincia": "Sevilla", "municipio": "41903", "latitude": 36.859001164323885, "longitude": -6.0436920055887295, "available_capacity_mw": 0.0, "distributor_network": "Endesa", "voltage_kv": 66.0, "grid_status": "Congested", "is_friction": true }, "geometry": { "type": "Point", "coordinates": [ -6.04369200558873, 36.859001164323885 ] } },
{ "type": "Feature", "properties": { "substation_name": "CUEVAS_ALM", "provincia": "Teruel", "municipio": "44093", "latitude": 40.705312681623127, "longitude": -0.85070392004754425, "available_capacity_mw": 0.0, "distributor_network": "Endesa", "voltage_kv": 132.0, "grid_status": "Congested", "is_friction": true }, "geometry": { "type": "Point", "coordinates": [ -0.850703920047544, 40.705312681623127 ] } },
{ "type": "Feature", "properties": { "substation_name": "CUMBRES", "provincia": "Almería", "municipio": "4902", "latitude": 36.726933883144817, "longitude": -2.7646803351733058, "available_capacity_mw": 0.0, "distributor_network": "Endesa", "voltage_kv": 66.0, "grid_status": "Congested", "is_friction": true }, "geometry": { "type": "Point", "coordinates": [ -2.764680335173306, 36.726933883144817 ] } },
{ "type": "Feature", "properties": { "substation_name": "CUNA", "provincia": "Sevilla", "municipio": "41091", "latitude": 37.391875536250211, "longitude": -5.9937523941814153, "available_capacity_mw": 0.0, "distributor_network": "Endesa", "voltage_kv": 66.0, "grid_status": "Congested", "is_friction": true }, "geometry": { "type": "Point", "coordinates": [ -5.993752394181415, 37.391875536250211 ] } },
{ "type": "Feature", "properties": { "substation_name": "C_AGUILAR", "provincia": "Palencia", "municipio": "Aguilar de Campoo", "latitude": 42.79480852938147, "longitude": -4.2866852980684884, "available_capacity_mw": 2.0, "distributor_network": "Viesgo", "voltage_kv": 132.0, "grid_status": "Moderate", "is_friction": true }, "geometry": { "type": "Point", "coordinates": [ -4.286685298068488, 42.79480852938147 ] } },
{ "type": "Feature", "properties": { "substation_name": "DANIEL_T", "provincia": "Córdoba", "municipio": "14054", "latitude": 38.357135412610177, "longitude": -4.8288095146473813, "available_capacity_mw": 0.0, "distributor_network": "Endesa", "voltage_kv": 132.0, "grid_status": "Congested", "is_friction": true }, "geometry": { "type": "Point", "coordinates": [ -4.828809514647381, 38.357135412610177 ] } },
{ "type": "Feature", "properties": { "substation_name": "DAROCA", "provincia": "Zaragoza", "municipio": "50094", "latitude": 41.122080549502378, "longitude": -1.3925662521251789, "available_capacity_mw": 0.0, "distributor_network": "Endesa", "voltage_kv": 45.0, "grid_status": "Congested", "is_friction": true }, "geometry": { "type": "Point", "coordinates": [ -1.392566252125179, 41.122080549502378 ] } },
{ "type": "Feature", "properties": { "substation_name": "DARRO", "provincia": "Granada", "municipio": "18063", "latitude": 37.330399076136331, "longitude": -3.2585626132031575, "available_capacity_mw": 0.0, "distributor_network": "Endesa", "voltage_kv": 66.0, "grid_status": "Congested", "is_friction": true }, "geometry": { "type": "Point", "coordinates": [ -3.258562613203158, 37.330399076136331 ] } },
{ "type": "Feature", "properties": { "substation_name": "DECOSOL", "provincia": "Málaga", "municipio": "29069", "latitude": 36.512316527378438, "longitude": -4.9471449728100882, "available_capacity_mw": 0.0, "distributor_network": "Endesa", "voltage_kv": 66.0, "grid_status": "Congested", "is_friction": true }, "geometry": { "type": "Point", "coordinates": [ -4.947144972810088, 36.512316527378438 ] } },
{ "type": "Feature", "properties": { "substation_name": "DEHESA", "provincia": "Huelva", "municipio": "21049", "latitude": 37.721396515038435, "longitude": -6.5789649565931141, "available_capacity_mw": 0.0, "distributor_network": "Endesa", "voltage_kv": 132.0, "grid_status": "Congested", "is_friction": true }, "geometry": { "type": "Point", "coordinates": [ -6.578964956593114, 37.721396515038435 ] } },
{ "type": "Feature", "properties": { "substation_name": "DESALADO", "provincia": "Almería", "municipio": "4013", "latitude": 36.816102750640113, "longitude": -2.4248107300972017, "available_capacity_mw": 0.0, "distributor_network": "Endesa", "voltage_kv": 66.0, "grid_status": "Congested", "is_friction": true }, "geometry": { "type": "Point", "coordinates": [ -2.424810730097202, 36.816102750640113 ] } },
{ "type": "Feature", "properties": { "substation_name": "DOIRAS", "provincia": "Asturias", "municipio": "Illano", "latitude": 43.389233441234268, "longitude": -6.8224076324983116, "available_capacity_mw": 30.0, "distributor_network": "Viesgo", "voltage_kv": 132.0, "grid_status": "Sufficient", "is_friction": false }, "geometry": { "type": "Point", "coordinates": [ -6.822407632498312, 43.389233441234268 ] } },
{ "type": "Feature", "properties": { "substation_name": "DOSHMNAS", "provincia": "Sevilla", "municipio": "41004", "latitude": 37.29823430210994, "longitude": -5.9055625421348621, "available_capacity_mw": 0.0, "distributor_network": "Endesa", "voltage_kv": 132.0, "grid_status": "Congested", "is_friction": true }, "geometry": { "type": "Point", "coordinates": [ -5.905562542134862, 37.29823430210994 ] } },
{ "type": "Feature", "properties": { "substation_name": "DRAGONERA", "provincia": "Balears, Illes", "municipio": "7032", "latitude": 39.891271298360287, "longitude": -1.7628395960014931, "available_capacity_mw": 99.57, "distributor_network": "Endesa", "voltage_kv": 15.0, "grid_status": "Sufficient", "is_friction": false }, "geometry": { "type": "Point", "coordinates": [ -1.762839596001493, 39.891271298360287 ] } },
{ "type": "Feature", "properties": { "substation_name": "DRODRIGO", "provincia": "Sevilla", "municipio": "41004", "latitude": 37.245462587084944, "longitude": -5.8435386164362528, "available_capacity_mw": 0.0, "distributor_network": "Endesa", "voltage_kv": 66.0, "grid_status": "Congested", "is_friction": true }, "geometry": { "type": "Point", "coordinates": [ -5.843538616436253, 37.245462587084944 ] } },
{ "type": "Feature", "properties": { "substation_name": "DURCAL", "provincia": "Granada", "municipio": "18071", "latitude": 37.008510018058438, "longitude": -3.5561812420824581, "available_capacity_mw": 0.0, "distributor_network": "Endesa", "voltage_kv": 66.0, "grid_status": "Congested", "is_friction": true }, "geometry": { "type": "Point", "coordinates": [ -3.556181242082458, 37.008510018058438 ] } },
{ "type": "Feature", "properties": { "substation_name": "D_ALDONZ", "provincia": "Jaén", "municipio": "23092", "latitude": 37.924695914784465, "longitude": -3.312454365237306, "available_capacity_mw": 0.0, "distributor_network": "Endesa", "voltage_kv": 132.0, "grid_status": "Congested", "is_friction": true }, "geometry": { "type": "Point", "coordinates": [ -3.312454365237306, 37.924695914784465 ] } },
{ "type": "Feature", "properties": { "substation_name": "D_CARTUJA", "provincia": "Zaragoza", "municipio": "50297", "latitude": 41.609055027033442, "longitude": -0.81129263709169286, "available_capacity_mw": 0.0, "distributor_network": "Endesa", "voltage_kv": 45.0, "grid_status": "Congested", "is_friction": true }, "geometry": { "type": "Point", "coordinates": [ -0.811292637091693, 41.609055027033442 ] } },
{ "type": "Feature", "properties": { "substation_name": "EADSCASA", "provincia": "Sevilla", "municipio": "41091", "latitude": 37.407077759381089, "longitude": -5.8837485416207782, "available_capacity_mw": 0.0, "distributor_network": "Endesa", "voltage_kv": 132.0, "grid_status": "Congested", "is_friction": true }, "geometry": { "type": "Point", "coordinates": [ -5.883748541620778, 37.407077759381089 ] } },
{ "type": "Feature", "properties": { "substation_name": "EASTMAN", "provincia": "Cádiz", "municipio": "11033", "latitude": 36.205362897179249, "longitude": -5.4059632002609943, "available_capacity_mw": 0.0, "distributor_network": "Endesa", "voltage_kv": 66.0, "grid_status": "Congested", "is_friction": true }, "geometry": { "type": "Point", "coordinates": [ -5.405963200260994, 36.205362897179249 ] } },
{ "type": "Feature", "properties": { "substation_name": "EBRO", "provincia": "Cádiz", "municipio": "11020", "latitude": 36.655398000329704, "longitude": -6.1274635977099834, "available_capacity_mw": 0.0, "distributor_network": "Endesa", "voltage_kv": 66.0, "grid_status": "Congested", "is_friction": true }, "geometry": { "type": "Point", "coordinates": [ -6.127463597709983, 36.655398000329704 ] } },
{ "type": "Feature", "properties": { "substation_name": "ECIJA", "provincia": "Sevilla", "municipio": "41039", "latitude": 37.54487582401562, "longitude": -5.063374747403417, "available_capacity_mw": 0.0, "distributor_network": "Endesa", "voltage_kv": 66.0, "grid_status": "Congested", "is_friction": true }, "geometry": { "type": "Point", "coordinates": [ -5.063374747403417, 37.54487582401562 ] } },
{ "type": "Feature", "properties": { "substation_name": "ECOCIUDAD", "provincia": "Zaragoza", "municipio": "50297", "latitude": 41.61716284803731, "longitude": -0.93072056885202636, "available_capacity_mw": 0.0, "distributor_network": "Endesa", "voltage_kv": 132.0, "grid_status": "Congested", "is_friction": true }, "geometry": { "type": "Point", "coordinates": [ -0.930720568852026, 41.61716284803731 ] } },
{ "type": "Feature", "properties": { "substation_name": "ECOGARRAF", "provincia": "Barcelona", "municipio": "8089", "latitude": 41.293879813246825, "longitude": 1.9439594806736613, "available_capacity_mw": 22.81, "distributor_network": "Endesa", "voltage_kv": 66.0, "grid_status": "Sufficient", "is_friction": false }, "geometry": { "type": "Point", "coordinates": [ 1.943959480673661, 41.293879813246825 ] } },
{ "type": "Feature", "properties": { "substation_name": "EDI_RED", "provincia": "Ciudad Real", "municipio": "13071", "latitude": 38.667645238717142, "longitude": -4.0721157302268658, "available_capacity_mw": 0.0, "distributor_network": "Endesa", "voltage_kv": 132.0, "grid_status": "Congested", "is_friction": true }, "geometry": { "type": "Point", "coordinates": [ -4.072115730226866, 38.667645238717142 ] } },
{ "type": "Feature", "properties": { "substation_name": "EGABRENS", "provincia": "Córdoba", "municipio": "14013", "latitude": 37.470638370383888, "longitude": -4.4957160081343286, "available_capacity_mw": 0.0, "distributor_network": "Endesa", "voltage_kv": 132.0, "grid_status": "Congested", "is_friction": true }, "geometry": { "type": "Point", "coordinates": [ -4.495716008134329, 37.470638370383888 ] } },
{ "type": "Feature", "properties": { "substation_name": "EGARA", "provincia": "Barcelona", "municipio": "8279", "latitude": 41.581341244700376, "longitude": 2.0068591278607522, "available_capacity_mw": 106.88, "distributor_network": "Endesa", "voltage_kv": 110.0, "grid_status": "Sufficient", "is_friction": false }, "geometry": { "type": "Point", "coordinates": [ 2.006859127860752, 41.581341244700376 ] } },
{ "type": "Feature", "properties": { "substation_name": "EIXAMPLE", "provincia": "Barcelona", "municipio": "8019", "latitude": 41.408918064720602, "longitude": 2.1692469352055515, "available_capacity_mw": 59.68, "distributor_network": "Endesa", "voltage_kv": 25.0, "grid_status": "Sufficient", "is_friction": false }, "geometry": { "type": "Point", "coordinates": [ 2.169246935205551, 41.408918064720602 ] } },
{ "type": "Feature", "properties": { "substation_name": "EJEA", "provincia": "Zaragoza", "municipio": "50095", "latitude": 42.109044085981374, "longitude": -1.148155578816481, "available_capacity_mw": 0.0, "distributor_network": "Endesa", "voltage_kv": 66.0, "grid_status": "Congested", "is_friction": true }, "geometry": { "type": "Point", "coordinates": [ -1.148155578816481, 42.109044085981374 ] } },
{ "type": "Feature", "properties": { "substation_name": "EJIDO", "provincia": "Almería", "municipio": "4902", "latitude": 36.776139488062704, "longitude": -2.8368160038646169, "available_capacity_mw": 0.0, "distributor_network": "Endesa", "voltage_kv": 66.0, "grid_status": "Congested", "is_friction": true }, "geometry": { "type": "Point", "coordinates": [ -2.836816003864617, 36.776139488062704 ] } },
{ "type": "Feature", "properties": { "substation_name": "EL PALO", "provincia": "Asturias", "municipio": "Allande", "latitude": 43.27076271716912, "longitude": -6.6770890730661359, "available_capacity_mw": 0.0, "distributor_network": "Viesgo", "voltage_kv": 132.0, "grid_status": "Congested", "is_friction": true }, "geometry": { "type": "Point", "coordinates": [ -6.677089073066136, 43.27076271716912 ] } },
{ "type": "Feature", "properties": { "substation_name": "ELEV_AGUAS", "provincia": "Zaragoza", "municipio": "50297", "latitude": 41.659708436608689, "longitude": -0.89145116658291657, "available_capacity_mw": 0.0, "distributor_network": "Endesa", "voltage_kv": 45.0, "grid_status": "Congested", "is_friction": true }, "geometry": { "type": "Point", "coordinates": [ -0.891451166582917, 41.659708436608689 ] } },
{ "type": "Feature", "properties": { "substation_name": "ELVIRIA", "provincia": "Málaga", "municipio": "29069", "latitude": 36.498823655251272, "longitude": -4.7695088017410194, "available_capacity_mw": 0.0, "distributor_network": "Endesa", "voltage_kv": 66.0, "grid_status": "Congested", "is_friction": true }, "geometry": { "type": "Point", "coordinates": [ -4.769508801741019, 36.498823655251272 ] } },
{ "type": "Feature", "properties": { "substation_name": "EL_BOSQUE", "provincia": "Cantabria", "municipio": "Entrambasaguas", "latitude": 43.391071099138614, "longitude": -3.719037617270605, "available_capacity_mw": 0.72, "distributor_network": "Viesgo", "voltage_kv": 55.0, "grid_status": "Congested", "is_friction": true }, "geometry": { "type": "Point", "coordinates": [ -3.719037617270605, 43.391071099138614 ] } },
{ "type": "Feature", "properties": { "substation_name": "EL_BURGO", "provincia": "Zaragoza", "municipio": "50062", "latitude": 41.563121619005628, "longitude": -0.73025943847171948, "available_capacity_mw": 0.0, "distributor_network": "Endesa", "voltage_kv": 45.0, "grid_status": "Congested", "is_friction": true }, "geometry": { "type": "Point", "coordinates": [ -0.730259438471719, 41.563121619005628 ] } },
{ "type": "Feature", "properties": { "substation_name": "EL_CERRO", "provincia": "Teruel", "municipio": "44216", "latitude": 40.340544965832841, "longitude": -1.1018036814732608, "available_capacity_mw": 0.0, "distributor_network": "Endesa", "voltage_kv": 45.0, "grid_status": "Congested", "is_friction": true }, "geometry": { "type": "Point", "coordinates": [ -1.101803681473261, 40.340544965832841 ] } },
{ "type": "Feature", "properties": { "substation_name": "EL_FRASNO", "provincia": "Zaragoza", "municipio": "50110", "latitude": 41.429680901728211, "longitude": -1.507075516514131, "available_capacity_mw": 0.0, "distributor_network": "Endesa", "voltage_kv": 45.0, "grid_status": "Congested", "is_friction": true }, "geometry": { "type": "Point", "coordinates": [ -1.507075516514131, 41.429680901728211 ] } },
{ "type": "Feature", "properties": { "substation_name": "EMBALSE", "provincia": "Almería", "municipio": "4066", "latitude": 36.983796559884439, "longitude": -2.1421303149548252, "available_capacity_mw": 0.0, "distributor_network": "Endesa", "voltage_kv": 132.0, "grid_status": "Congested", "is_friction": true }, "geometry": { "type": "Point", "coordinates": [ -2.142130314954825, 36.983796559884439 ] } },
{ "type": "Feature", "properties": { "substation_name": "EMBID", "provincia": "Zaragoza", "municipio": "50067", "latitude": 41.401108615977989, "longitude": -1.610060237418796, "available_capacity_mw": 0.0, "distributor_network": "Endesa", "voltage_kv": 45.0, "grid_status": "Congested", "is_friction": true }, "geometry": { "type": "Point", "coordinates": [ -1.610060237418796, 41.401108615977989 ] } },
{ "type": "Feature", "properties": { "substation_name": "EMPALME", "provincia": "Sevilla", "municipio": "41091", "latitude": 37.417273167578237, "longitude": -5.984277099576822, "available_capacity_mw": 0.0, "distributor_network": "Endesa", "voltage_kv": 132.0, "grid_status": "Congested", "is_friction": true }, "geometry": { "type": "Point", "coordinates": [ -5.984277099576822, 37.417273167578237 ] } },
{ "type": "Feature", "properties": { "substation_name": "EMPORDANET", "provincia": "Girona", "municipio": "17117", "latitude": 41.929668880053896, "longitude": 3.1510256616836307, "available_capacity_mw": 0.0, "distributor_network": "Endesa", "voltage_kv": 110.0, "grid_status": "Congested", "is_friction": true }, "geometry": { "type": "Point", "coordinates": [ 3.151025661683631, 41.929668880053896 ] } },
{ "type": "Feature", "properties": { "substation_name": "ENATE", "provincia": "Huesca", "municipio": "22115", "latitude": 42.101572097091932, "longitude": 0.23075749958372879, "available_capacity_mw": 0.0, "distributor_network": "Endesa", "voltage_kv": 66.0, "grid_status": "Congested", "is_friction": true }, "geometry": { "type": "Point", "coordinates": [ 0.230757499583729, 42.101572097091932 ] } },
{ "type": "Feature", "properties": { "substation_name": "ENCINARE", "provincia": "Jaén", "municipio": "23005", "latitude": 38.164856338809997, "longitude": -3.9933189751160616, "available_capacity_mw": 0.0, "distributor_network": "Endesa", "voltage_kv": 66.0, "grid_status": "Congested", "is_friction": true }, "geometry": { "type": "Point", "coordinates": [ -3.993318975116062, 38.164856338809997 ] } },
{ "type": "Feature", "properties": { "substation_name": "ENIX", "provincia": "Almería", "municipio": "4041", "latitude": 36.910304629792584, "longitude": -2.6280680365808151, "available_capacity_mw": 0.0, "distributor_network": "Endesa", "voltage_kv": 66.0, "grid_status": "Congested", "is_friction": true }, "geometry": { "type": "Point", "coordinates": [ -2.628068036580815, 36.910304629792584 ] } },
{ "type": "Feature", "properties": { "substation_name": "ENRAMADI", "provincia": "Sevilla", "municipio": "41091", "latitude": 37.37669318579087, "longitude": -5.9760661023627906, "available_capacity_mw": 0.0, "distributor_network": "Endesa", "voltage_kv": 66.0, "grid_status": "Congested", "is_friction": true }, "geometry": { "type": "Point", "coordinates": [ -5.976066102362791, 37.37669318579087 ] } },
{ "type": "Feature", "properties": { "substation_name": "ENTRENUC", "provincia": "Sevilla", "municipio": "41038", "latitude": 37.314647577194549, "longitude": -5.9448827506936501, "available_capacity_mw": 0.0, "distributor_network": "Endesa", "voltage_kv": 15.0, "grid_status": "Congested", "is_friction": true }, "geometry": { "type": "Point", "coordinates": [ -5.94488275069365, 37.314647577194549 ] } },
{ "type": "Feature", "properties": { "substation_name": "ENTREPEÑAS", "provincia": "Asturias", "municipio": "Aller", "latitude": 43.139456153377957, "longitude": -5.5760143485926372, "available_capacity_mw": 1.56, "distributor_network": "Viesgo", "voltage_kv": 30.0, "grid_status": "Moderate", "is_friction": true }, "geometry": { "type": "Point", "coordinates": [ -5.576014348592637, 43.139456153377957 ] } },
{ "type": "Feature", "properties": { "substation_name": "ENTRERRIOS", "provincia": "Zaragoza", "municipio": "50204", "latitude": 41.748638296710865, "longitude": -1.1867757053938692, "available_capacity_mw": 0.0, "distributor_network": "Endesa", "voltage_kv": 45.0, "grid_status": "Congested", "is_friction": true }, "geometry": { "type": "Point", "coordinates": [ -1.186775705393869, 41.748638296710865 ] } },
{ "type": "Feature", "properties": { "substation_name": "ERISTE", "provincia": "Huesca", "municipio": "22200", "latitude": 42.588930680809639, "longitude": 0.49207077798945681, "available_capacity_mw": 23.17, "distributor_network": "Endesa", "voltage_kv": 25.0, "grid_status": "Sufficient", "is_friction": false }, "geometry": { "type": "Point", "coordinates": [ 0.492070777989457, 42.588930680809639 ] } },
{ "type": "Feature", "properties": { "substation_name": "ERKIMIA", "provincia": "Tarragona", "municipio": "43060", "latitude": 41.228795126265091, "longitude": 0.53477312749528783, "available_capacity_mw": 0.0, "distributor_network": "Endesa", "voltage_kv": 110.0, "grid_status": "Congested", "is_friction": true }, "geometry": { "type": "Point", "coordinates": [ 0.534773127495288, 41.228795126265091 ] } },
{ "type": "Feature", "properties": { "substation_name": "ESCALES", "provincia": "Huesca", "municipio": "22223", "latitude": 42.320919142284843, "longitude": 0.74733853969691999, "available_capacity_mw": 0.0, "distributor_network": "Endesa", "voltage_kv": 132.0, "grid_status": "Congested", "is_friction": true }, "geometry": { "type": "Point", "coordinates": [ 0.74733853969692, 42.320919142284843 ] } },
{ "type": "Feature", "properties": { "substation_name": "ESCATRON", "provincia": "Zaragoza", "municipio": "50101", "latitude": 41.295279798827927, "longitude": -0.34187632749851449, "available_capacity_mw": 0.0, "distributor_network": "Endesa", "voltage_kv": 132.0, "grid_status": "Congested", "is_friction": true }, "geometry": { "type": "Point", "coordinates": [ -0.341876327498514, 41.295279798827927 ] } },
{ "type": "Feature", "properties": { "substation_name": "ESCOBEDO", "provincia": "Cantabria", "municipio": "Camargo", "latitude": 43.405320271536212, "longitude": -3.9013355180881391, "available_capacity_mw": 0.0, "distributor_network": "Viesgo", "voltage_kv": 55.0, "grid_status": "Congested", "is_friction": true }, "geometry": { "type": "Point", "coordinates": [ -3.901335518088139, 43.405320271536212 ] } },
{ "type": "Feature", "properties": { "substation_name": "ESCUCHA", "provincia": "Teruel", "municipio": "44099", "latitude": 40.797291165546604, "longitude": -0.80330981312158234, "available_capacity_mw": 0.0, "distributor_network": "Endesa", "voltage_kv": 45.0, "grid_status": "Congested", "is_friction": true }, "geometry": { "type": "Point", "coordinates": [ -0.803309813121582, 40.797291165546604 ] } },
{ "type": "Feature", "properties": { "substation_name": "ESCUCHA_CT", "provincia": "Teruel", "municipio": "44099", "latitude": 40.796200696226315, "longitude": -0.81603476979465495, "available_capacity_mw": 0.0, "distributor_network": "Endesa", "voltage_kv": 132.0, "grid_status": "Congested", "is_friction": true }, "geometry": { "type": "Point", "coordinates": [ -0.816034769794655, 40.796200696226315 ] } },
{ "type": "Feature", "properties": { "substation_name": "ESPALDIL", "provincia": "Sevilla", "municipio": "41004", "latitude": 37.367905272449832, "longitude": -5.8982112309661527, "available_capacity_mw": 0.0, "distributor_network": "Endesa", "voltage_kv": 66.0, "grid_status": "Congested", "is_friction": true }, "geometry": { "type": "Point", "coordinates": [ -5.898211230966153, 37.367905272449832 ] } },
{ "type": "Feature", "properties": { "substation_name": "ESPARTAL", "provincia": "Zaragoza", "municipio": "50062", "latitude": 41.543065254978949, "longitude": -0.67893255775390293, "available_capacity_mw": 0.0, "distributor_network": "Endesa", "voltage_kv": 45.0, "grid_status": "Congested", "is_friction": true }, "geometry": { "type": "Point", "coordinates": [ -0.678932557753903, 41.543065254978949 ] } },
{ "type": "Feature", "properties": { "substation_name": "ESPEJO", "provincia": "Córdoba", "municipio": "14025", "latitude": 37.650365684438185, "longitude": -4.5779139149583212, "available_capacity_mw": 0.0, "distributor_network": "Endesa", "voltage_kv": 132.0, "grid_status": "Congested", "is_friction": true }, "geometry": { "type": "Point", "coordinates": [ -4.577913914958321, 37.650365684438185 ] } },
{ "type": "Feature", "properties": { "substation_name": "ESPOSA", "provincia": "Huesca", "municipio": "22006", "latitude": 42.659930241093242, "longitude": -0.62611054482366868, "available_capacity_mw": 0.0, "distributor_network": "Endesa", "voltage_kv": 45.0, "grid_status": "Congested", "is_friction": true }, "geometry": { "type": "Point", "coordinates": [ -0.626110544823669, 42.659930241093242 ] } },
{ "type": "Feature", "properties": { "substation_name": "ESPOT", "provincia": "Lleida", "municipio": "25082", "latitude": 42.570516593899633, "longitude": 1.1408104423793779, "available_capacity_mw": 0.0, "distributor_network": "Endesa", "voltage_kv": 110.0, "grid_status": "Congested", "is_friction": true }, "geometry": { "type": "Point", "coordinates": [ 1.140810442379378, 42.570516593899633 ] } },
{ "type": "Feature", "properties": { "substation_name": "ESQUEDAS", "provincia": "Huesca", "municipio": "22904", "latitude": 42.215048594541216, "longitude": -0.57113269797200406, "available_capacity_mw": 0.0, "distributor_network": "Endesa", "voltage_kv": 132.0, "grid_status": "Congested", "is_friction": true }, "geometry": { "type": "Point", "coordinates": [ -0.571132697972004, 42.215048594541216 ] } },
{ "type": "Feature", "properties": { "substation_name": "ESTELO", "provincia": "Lugo", "municipio": "Mondoñedo", "latitude": 43.428710101889997, "longitude": -7.411480374890167, "available_capacity_mw": 100.0, "distributor_network": "Viesgo", "voltage_kv": 132.0, "grid_status": "Sufficient", "is_friction": false }, "geometry": { "type": "Point", "coordinates": [ -7.411480374890167, 43.428710101889997 ] } },
{ "type": "Feature", "properties": { "substation_name": "ESTEPA", "provincia": "Sevilla", "municipio": "41041", "latitude": 37.298883143717667, "longitude": -4.8733101313720661, "available_capacity_mw": 0.0, "distributor_network": "Endesa", "voltage_kv": 66.0, "grid_status": "Congested", "is_friction": true }, "geometry": { "type": "Point", "coordinates": [ -4.873310131372066, 37.298883143717667 ] } },
{ "type": "Feature", "properties": { "substation_name": "ESTEPONA", "provincia": "Málaga", "municipio": "29051", "latitude": 36.427222895844807, "longitude": -5.1686737068040616, "available_capacity_mw": 0.0, "distributor_network": "Endesa", "voltage_kv": 66.0, "grid_status": "Congested", "is_friction": true }, "geometry": { "type": "Point", "coordinates": [ -5.168673706804062, 36.427222895844807 ] } },
{ "type": "Feature", "properties": { "substation_name": "ESTERCUEL", "provincia": "Teruel", "municipio": "44100", "latitude": 40.857706946550586, "longitude": -0.63124222489919168, "available_capacity_mw": 0.0, "distributor_network": "Endesa", "voltage_kv": 45.0, "grid_status": "Congested", "is_friction": true }, "geometry": { "type": "Point", "coordinates": [ -0.631242224899192, 40.857706946550586 ] } },
{ "type": "Feature", "properties": { "substation_name": "ESTERRI", "provincia": "Lleida", "municipio": "25086", "latitude": 42.626879898137666, "longitude": 1.126249647602642, "available_capacity_mw": 0.0, "distributor_network": "Endesa", "voltage_kv": 25.0, "grid_status": "Congested", "is_friction": true }, "geometry": { "type": "Point", "coordinates": [ 1.126249647602642, 42.626879898137666 ] } },
{ "type": "Feature", "properties": { "substation_name": "ESTRECHO", "provincia": "Cádiz", "municipio": "11004", "latitude": 36.136241065435961, "longitude": -5.4586952095973489, "available_capacity_mw": 0.0, "distributor_network": "Endesa", "voltage_kv": 66.0, "grid_status": "Congested", "is_friction": true }, "geometry": { "type": "Point", "coordinates": [ -5.458695209597349, 36.136241065435961 ] } },
{ "type": "Feature", "properties": { "substation_name": "EXPO", "provincia": "Zaragoza", "municipio": "50297", "latitude": 41.676217272806895, "longitude": -0.89943893703941158, "available_capacity_mw": 0.0, "distributor_network": "Endesa", "voltage_kv": 132.0, "grid_status": "Congested", "is_friction": true }, "geometry": { "type": "Point", "coordinates": [ -0.899438937039412, 41.676217272806895 ] } },
{ "type": "Feature", "properties": { "substation_name": "E_QUIMIC", "provincia": "Ciudad Real", "municipio": "13071", "latitude": 38.677977578506166, "longitude": -4.0618328137076523, "available_capacity_mw": 0.0, "distributor_network": "Endesa", "voltage_kv": 132.0, "grid_status": "Congested", "is_friction": true }, "geometry": { "type": "Point", "coordinates": [ -4.061832813707652, 38.677977578506166 ] } },
{ "type": "Feature", "properties": { "substation_name": "FACULTATS", "provincia": "Barcelona", "municipio": "8019", "latitude": 41.383762369297031, "longitude": 2.1194743588271368, "available_capacity_mw": 91.82, "distributor_network": "Endesa", "voltage_kv": 25.0, "grid_status": "Sufficient", "is_friction": false }, "geometry": { "type": "Point", "coordinates": [ 2.119474358827137, 41.383762369297031 ] } },
{ "type": "Feature", "properties": { "substation_name": "FALCA", "provincia": "Balears, Illes", "municipio": "7040", "latitude": 39.581705738691241, "longitude": -3.3603396434628352, "available_capacity_mw": 50.84, "distributor_network": "Endesa", "voltage_kv": 15.0, "grid_status": "Sufficient", "is_friction": false }, "geometry": { "type": "Point", "coordinates": [ -3.360339643462835, 39.581705738691241 ] } },
{ "type": "Feature", "properties": { "substation_name": "FARGUE", "provincia": "Granada", "municipio": "18087", "latitude": 37.196444920421882, "longitude": -3.5762651196869006, "available_capacity_mw": 0.0, "distributor_network": "Endesa", "voltage_kv": 132.0, "grid_status": "Congested", "is_friction": true }, "geometry": { "type": "Point", "coordinates": [ -3.576265119686901, 37.196444920421882 ] } },
{ "type": "Feature", "properties": { "substation_name": "FIGUERES", "provincia": "Girona", "municipio": "17066", "latitude": 42.256892274251882, "longitude": 2.9577584775464123, "available_capacity_mw": 0.0, "distributor_network": "Endesa", "voltage_kv": 132.0, "grid_status": "Congested", "is_friction": true }, "geometry": { "type": "Point", "coordinates": [ 2.957758477546412, 42.256892274251882 ] } },
{ "type": "Feature", "properties": { "substation_name": "FIGUERUELA", "provincia": "Zaragoza", "municipio": "50107", "latitude": 41.762405649218607, "longitude": -1.1639877754336765, "available_capacity_mw": 0.0, "distributor_network": "Endesa", "voltage_kv": 45.0, "grid_status": "Congested", "is_friction": true }, "geometry": { "type": "Point", "coordinates": [ -1.163987775433676, 41.762405649218607 ] } },
{ "type": "Feature", "properties": { "substation_name": "FINES", "provincia": "Almería", "municipio": "4044", "latitude": 37.359806470362024, "longitude": -2.2757697424217938, "available_capacity_mw": 0.0, "distributor_network": "Endesa", "voltage_kv": 66.0, "grid_status": "Congested", "is_friction": true }, "geometry": { "type": "Point", "coordinates": [ -2.275769742421794, 37.359806470362024 ] } },
{ "type": "Feature", "properties": { "substation_name": "FLIX", "provincia": "Tarragona", "municipio": "43060", "latitude": 41.228555685015941, "longitude": 0.54861024825346605, "available_capacity_mw": 0.0, "distributor_network": "Endesa", "voltage_kv": 110.0, "grid_status": "Congested", "is_friction": true }, "geometry": { "type": "Point", "coordinates": [ 0.548610248253466, 41.228555685015941 ] } },
{ "type": "Feature", "properties": { "substation_name": "FOIX", "provincia": "Barcelona", "municipio": "8074", "latitude": 41.21015024050871, "longitude": 1.6579375460574628, "available_capacity_mw": 42.2, "distributor_network": "Endesa", "voltage_kv": 25.0, "grid_status": "Sufficient", "is_friction": false }, "geometry": { "type": "Point", "coordinates": [ 1.657937546057463, 41.21015024050871 ] } },
{ "type": "Feature", "properties": { "substation_name": "FONSAGRADA", "provincia": "Lugo", "municipio": "Fonsagrada (A)", "latitude": 43.084006385086482, "longitude": -7.1327352128923058, "available_capacity_mw": 80.0, "distributor_network": "Viesgo", "voltage_kv": 132.0, "grid_status": "Sufficient", "is_friction": false }, "geometry": { "type": "Point", "coordinates": [ -7.132735212892306, 43.084006385086482 ] } },
{ "type": "Feature", "properties": { "substation_name": "FONTANAL", "provincia": "Sevilla", "municipio": "41053", "latitude": 36.933071066079989, "longitude": -6.0617927667027427, "available_capacity_mw": 0.0, "distributor_network": "Endesa", "voltage_kv": 66.0, "grid_status": "Congested", "is_friction": true }, "geometry": { "type": "Point", "coordinates": [ -6.061792766702743, 36.933071066079989 ] } },
{ "type": "Feature", "properties": { "substation_name": "FORMENTE", "provincia": "Balears, Illes", "municipio": "7024", "latitude": 38.691789944651433, "longitude": -4.5361931603441255, "available_capacity_mw": 23.09, "distributor_network": "Endesa", "voltage_kv": 15.0, "grid_status": "Sufficient", "is_friction": false }, "geometry": { "type": "Point", "coordinates": [ -4.536193160344125, 38.691789944651433 ] } },
{ "type": "Feature", "properties": { "substation_name": "FORNELLS", "provincia": "Girona", "municipio": "17073", "latitude": 41.941213531097617, "longitude": 2.794664438476, "available_capacity_mw": 0.0, "distributor_network": "Endesa", "voltage_kv": 132.0, "grid_status": "Congested", "is_friction": true }, "geometry": { "type": "Point", "coordinates": [ 2.794664438476, 41.941213531097617 ] } },
{ "type": "Feature", "properties": { "substation_name": "FRAGA", "provincia": "Huesca", "municipio": "22112", "latitude": 41.5117026188476, "longitude": 0.3218191279725221, "available_capacity_mw": 0.0, "distributor_network": "Endesa", "voltage_kv": 110.0, "grid_status": "Congested", "is_friction": true }, "geometry": { "type": "Point", "coordinates": [ 0.321819127972522, 41.5117026188476 ] } },
{ "type": "Feature", "properties": { "substation_name": "FRANQUESES", "provincia": "Barcelona", "municipio": "8086", "latitude": 41.64259284194187, "longitude": 2.2818210428394381, "available_capacity_mw": 44.05, "distributor_network": "Endesa", "voltage_kv": 25.0, "grid_status": "Sufficient", "is_friction": false }, "geometry": { "type": "Point", "coordinates": [ 2.281821042839438, 41.64259284194187 ] } },
{ "type": "Feature", "properties": { "substation_name": "FREGENAL", "provincia": "Badajoz", "municipio": "6050", "latitude": 38.171735590437272, "longitude": -6.6373817000126527, "available_capacity_mw": 0.0, "distributor_network": "Endesa", "voltage_kv": 66.0, "grid_status": "Congested", "is_friction": true }, "geometry": { "type": "Point", "coordinates": [ -6.637381700012653, 38.171735590437272 ] } },
{ "type": "Feature", "properties": { "substation_name": "FRESNO", "provincia": "Cádiz", "municipio": "11008", "latitude": 36.170364725612814, "longitude": -5.4651926894766252, "available_capacity_mw": 0.0, "distributor_network": "Endesa", "voltage_kv": 66.0, "grid_status": "Congested", "is_friction": true }, "geometry": { "type": "Point", "coordinates": [ -5.465192689476625, 36.170364725612814 ] } },
{ "type": "Feature", "properties": { "substation_name": "FUENDETODO", "provincia": "Zaragoza", "municipio": "50114", "latitude": 41.337266812967606, "longitude": -0.97822210021379341, "available_capacity_mw": 0.0, "distributor_network": "Endesa", "voltage_kv": 132.0, "grid_status": "Congested", "is_friction": true }, "geometry": { "type": "Point", "coordinates": [ -0.978222100213793, 41.337266812967606 ] } },
{ "type": "Feature", "properties": { "substation_name": "FUENFRESCA", "provincia": "Teruel", "municipio": "44216", "latitude": 40.323636028538225, "longitude": -1.0953531341068372, "available_capacity_mw": 0.0, "distributor_network": "Endesa", "voltage_kv": 45.0, "grid_status": "Congested", "is_friction": true }, "geometry": { "type": "Point", "coordinates": [ -1.095353134106837, 40.323636028538225 ] } },
{ "type": "Feature", "properties": { "substation_name": "FUENGIRO", "provincia": "Málaga", "municipio": "29054", "latitude": 36.550389267719851, "longitude": -4.6290796996542065, "available_capacity_mw": 0.0, "distributor_network": "Endesa", "voltage_kv": 66.0, "grid_status": "Congested", "is_friction": true }, "geometry": { "type": "Point", "coordinates": [ -4.629079699654207, 36.550389267719851 ] } },
{ "type": "Feature", "properties": { "substation_name": "FUENTEDE", "provincia": "Badajoz", "municipio": "6052", "latitude": 38.255672076660055, "longitude": -6.2987858284803737, "available_capacity_mw": 0.0, "distributor_network": "Endesa", "voltage_kv": 66.0, "grid_status": "Congested", "is_friction": true }, "geometry": { "type": "Point", "coordinates": [ -6.298785828480374, 38.255672076660055 ] } },
{ "type": "Feature", "properties": { "substation_name": "FUENTES", "provincia": "Zaragoza", "municipio": "50115", "latitude": 41.510580661092447, "longitude": -0.6363861509832931, "available_capacity_mw": 0.0, "distributor_network": "Endesa", "voltage_kv": 45.0, "grid_status": "Congested", "is_friction": true }, "geometry": { "type": "Point", "coordinates": [ -0.636386150983293, 41.510580661092447 ] } },
{ "type": "Feature", "properties": { "substation_name": "FUENTE_R", "provincia": "Sevilla", "municipio": "41038", "latitude": 37.304172823345105, "longitude": -5.9863782209149523, "available_capacity_mw": 0.0, "distributor_network": "Endesa", "voltage_kv": 66.0, "grid_status": "Congested", "is_friction": true }, "geometry": { "type": "Point", "coordinates": [ -5.986378220914952, 37.304172823345105 ] } },
{ "type": "Feature", "properties": { "substation_name": "FUNDICIO", "provincia": "Sevilla", "municipio": "41049", "latitude": 37.515067367911975, "longitude": -6.0811640995163412, "available_capacity_mw": 0.0, "distributor_network": "Endesa", "voltage_kv": 132.0, "grid_status": "Congested", "is_friction": true }, "geometry": { "type": "Point", "coordinates": [ -6.081164099516341, 37.515067367911975 ] } },
{ "type": "Feature", "properties": { "substation_name": "F_MUESTRAS", "provincia": "Zaragoza", "municipio": "50297", "latitude": 41.626213108201114, "longitude": -0.98106306722295844, "available_capacity_mw": 0.0, "distributor_network": "Endesa", "voltage_kv": 45.0, "grid_status": "Congested", "is_friction": true }, "geometry": { "type": "Point", "coordinates": [ -0.981063067222958, 41.626213108201114 ] } },
{ "type": "Feature", "properties": { "substation_name": "GABIAS", "provincia": "Granada", "municipio": "18905", "latitude": 37.146126914965464, "longitude": -3.6704432975389798, "available_capacity_mw": 0.0, "distributor_network": "Endesa", "voltage_kv": 66.0, "grid_status": "Congested", "is_friction": true }, "geometry": { "type": "Point", "coordinates": [ -3.67044329753898, 37.146126914965464 ] } },
{ "type": "Feature", "properties": { "substation_name": "GALARIN", "provincia": "Huelva", "municipio": "21050", "latitude": 37.296684856277288, "longitude": -6.827393044404527, "available_capacity_mw": 0.0, "distributor_network": "Endesa", "voltage_kv": 66.0, "grid_status": "Congested", "is_friction": true }, "geometry": { "type": "Point", "coordinates": [ -6.827393044404527, 37.296684856277288 ] } },
{ "type": "Feature", "properties": { "substation_name": "GALLEGO", "provincia": "Zaragoza", "municipio": "50297", "latitude": 41.67742097081792, "longitude": -0.84907560504783852, "available_capacity_mw": 0.0, "distributor_network": "Endesa", "voltage_kv": 45.0, "grid_status": "Congested", "is_friction": true }, "geometry": { "type": "Point", "coordinates": [ -0.849075605047839, 41.67742097081792 ] } },
{ "type": "Feature", "properties": { "substation_name": "GALLUR", "provincia": "Zaragoza", "municipio": "50118", "latitude": 41.861265326555497, "longitude": -1.315747821163247, "available_capacity_mw": 16.1, "distributor_network": "Endesa", "voltage_kv": 66.0, "grid_status": "Sufficient", "is_friction": false }, "geometry": { "type": "Point", "coordinates": [ -1.315747821163247, 41.861265326555497 ] } },
{ "type": "Feature", "properties": { "substation_name": "GARGANTA", "provincia": "Tarragona", "municipio": "43152", "latitude": 41.195815144820095, "longitude": 0.67584495097175368, "available_capacity_mw": 30.85, "distributor_network": "Endesa", "voltage_kv": 110.0, "grid_status": "Sufficient", "is_friction": false }, "geometry": { "type": "Point", "coordinates": [ 0.675844950971754, 41.195815144820095 ] } },
{ "type": "Feature", "properties": { "substation_name": "GARRAF", "provincia": "Barcelona", "municipio": "8307", "latitude": 41.255409538703056, "longitude": 1.7199751473671263, "available_capacity_mw": 202.54, "distributor_network": "Endesa", "voltage_kv": 110.0, "grid_status": "Sufficient", "is_friction": false }, "geometry": { "type": "Point", "coordinates": [ 1.719975147367126, 41.255409538703056 ] } },
{ "type": "Feature", "properties": { "substation_name": "GELSA", "provincia": "Zaragoza", "municipio": "50119", "latitude": 41.42750034134211, "longitude": -0.46457763857389311, "available_capacity_mw": 0.0, "distributor_network": "Endesa", "voltage_kv": 45.0, "grid_status": "Congested", "is_friction": true }, "geometry": { "type": "Point", "coordinates": [ -0.464577638573893, 41.42750034134211 ] } },
{ "type": "Feature", "properties": { "substation_name": "GENILCAB", "provincia": "Córdoba", "municipio": "14056", "latitude": 37.357483642650379, "longitude": -4.7241941437013031, "available_capacity_mw": 0.0, "distributor_network": "Endesa", "voltage_kv": 132.0, "grid_status": "Congested", "is_friction": true }, "geometry": { "type": "Point", "coordinates": [ -4.724194143701303, 37.357483642650379 ] } },
{ "type": "Feature", "properties": { "substation_name": "GEOLIT", "provincia": "Jaén", "municipio": "23061", "latitude": 37.944400795316895, "longitude": -3.7872813667156304, "available_capacity_mw": 0.0, "distributor_network": "Endesa", "voltage_kv": 132.0, "grid_status": "Congested", "is_friction": true }, "geometry": { "type": "Point", "coordinates": [ -3.78728136671563, 37.944400795316895 ] } },
{ "type": "Feature", "properties": { "substation_name": "GETARES", "provincia": "Cádiz", "municipio": "11004", "latitude": 36.109369730089419, "longitude": -5.4569471284100439, "available_capacity_mw": 0.0, "distributor_network": "Endesa", "voltage_kv": 66.0, "grid_status": "Congested", "is_friction": true }, "geometry": { "type": "Point", "coordinates": [ -5.456947128410044, 36.109369730089419 ] } },
{ "type": "Feature", "properties": { "substation_name": "GIBRLEON", "provincia": "Huelva", "municipio": "21035", "latitude": 37.373395341796538, "longitude": -6.9653566450825872, "available_capacity_mw": 0.0, "distributor_network": "Endesa", "voltage_kv": 66.0, "grid_status": "Congested", "is_friction": true }, "geometry": { "type": "Point", "coordinates": [ -6.965356645082587, 37.373395341796538 ] } },
{ "type": "Feature", "properties": { "substation_name": "GLORIA", "provincia": "Zaragoza", "municipio": "50297", "latitude": 41.663235591889908, "longitude": -0.80092421910797129, "available_capacity_mw": 0.0, "distributor_network": "Endesa", "voltage_kv": 45.0, "grid_status": "Congested", "is_friction": true }, "geometry": { "type": "Point", "coordinates": [ -0.800924219107971, 41.663235591889908 ] } },
{ "type": "Feature", "properties": { "substation_name": "GRADO1", "provincia": "Huesca", "municipio": "22115", "latitude": 42.153141471638826, "longitude": 0.2331017123637682, "available_capacity_mw": 0.0, "distributor_network": "Endesa", "voltage_kv": 66.0, "grid_status": "Congested", "is_friction": true }, "geometry": { "type": "Point", "coordinates": [ 0.233101712363768, 42.153141471638826 ] } },
{ "type": "Feature", "properties": { "substation_name": "GRADO2", "provincia": "Huesca", "municipio": "22115", "latitude": 42.104703860320832, "longitude": 0.2303073174765615, "available_capacity_mw": 0.0, "distributor_network": "Endesa", "voltage_kv": 66.0, "grid_status": "Congested", "is_friction": true }, "geometry": { "type": "Point", "coordinates": [ 0.230307317476561, 42.104703860320832 ] } },
{ "type": "Feature", "properties": { "substation_name": "GRANADO", "provincia": "Huelva", "municipio": "21037", "latitude": 37.534853336907481, "longitude": -7.4620188866464661, "available_capacity_mw": 0.0, "distributor_network": "Endesa", "voltage_kv": 132.0, "grid_status": "Congested", "is_friction": true }, "geometry": { "type": "Point", "coordinates": [ -7.462018886646466, 37.534853336907481 ] } },
{ "type": "Feature", "properties": { "substation_name": "GRANCAPI", "provincia": "Córdoba", "municipio": "14021", "latitude": 37.885995384498351, "longitude": -4.7945552349558405, "available_capacity_mw": 0.0, "distributor_network": "Endesa", "voltage_kv": 66.0, "grid_status": "Congested", "is_friction": true }, "geometry": { "type": "Point", "coordinates": [ -4.79455523495584, 37.885995384498351 ] } },
{ "type": "Feature", "properties": { "substation_name": "GRAÑEN", "provincia": "Huesca", "municipio": "22116", "latitude": 41.93122078146186, "longitude": -0.38867512424116718, "available_capacity_mw": 0.0, "distributor_network": "Endesa", "voltage_kv": 45.0, "grid_status": "Congested", "is_friction": true }, "geometry": { "type": "Point", "coordinates": [ -0.388675124241167, 41.93122078146186 ] } },
{ "type": "Feature", "properties": { "substation_name": "GRELVA", "provincia": "Granada", "municipio": "18087", "latitude": 37.178005723685224, "longitude": -3.6356519532398228, "available_capacity_mw": 0.0, "distributor_network": "Endesa", "voltage_kv": 66.0, "grid_status": "Congested", "is_friction": true }, "geometry": { "type": "Point", "coordinates": [ -3.635651953239823, 37.178005723685224 ] } },
{ "type": "Feature", "properties": { "substation_name": "GRULLAS", "provincia": "Sevilla", "municipio": "41074", "latitude": 37.708658571428984, "longitude": -5.4190717843860527, "available_capacity_mw": 0.0, "distributor_network": "Endesa", "voltage_kv": 132.0, "grid_status": "Congested", "is_friction": true }, "geometry": { "type": "Point", "coordinates": [ -5.419071784386053, 37.708658571428984 ] } },
{ "type": "Feature", "properties": { "substation_name": "GRUPOTEC", "provincia": "Almería", "municipio": "4094", "latitude": 37.058059545180498, "longitude": -2.2477346187274621, "available_capacity_mw": 0.0, "distributor_network": "Endesa", "voltage_kv": 132.0, "grid_status": "Congested", "is_friction": true }, "geometry": { "type": "Point", "coordinates": [ -2.247734618727462, 37.058059545180498 ] } },
{ "type": "Feature", "properties": { "substation_name": "GUADAIRA", "provincia": "Sevilla", "municipio": "41091", "latitude": 37.337686750277754, "longitude": -5.9917696455022957, "available_capacity_mw": 0.0, "distributor_network": "Endesa", "voltage_kv": 66.0, "grid_status": "Congested", "is_friction": true }, "geometry": { "type": "Point", "coordinates": [ -5.991769645502296, 37.337686750277754 ] } },
{ "type": "Feature", "properties": { "substation_name": "GUADALCA", "provincia": "Cádiz", "municipio": "11006", "latitude": 36.669899409973823, "longitude": -5.7928557046172582, "available_capacity_mw": 0.0, "distributor_network": "Endesa", "voltage_kv": 66.0, "grid_status": "Congested", "is_friction": true }, "geometry": { "type": "Point", "coordinates": [ -5.792855704617258, 36.669899409973823 ] } },
{ "type": "Feature", "properties": { "substation_name": "GUADALTE", "provincia": "Málaga", "municipio": "29032", "latitude": 36.938953957533542, "longitude": -4.7951594479083237, "available_capacity_mw": 0.0, "distributor_network": "Endesa", "voltage_kv": 66.0, "grid_status": "Congested", "is_friction": true }, "geometry": { "type": "Point", "coordinates": [ -4.795159447908324, 36.938953957533542 ] } },
{ "type": "Feature", "properties": { "substation_name": "GUADIEL", "provincia": "Jaén", "municipio": "23039", "latitude": 38.153507997653939, "longitude": -3.7164773936879971, "available_capacity_mw": 0.0, "distributor_network": "Endesa", "voltage_kv": 132.0, "grid_status": "Congested", "is_friction": true }, "geometry": { "type": "Point", "coordinates": [ -3.716477393687997, 38.153507997653939 ] } },
{ "type": "Feature", "properties": { "substation_name": "GUADIX", "provincia": "Granada", "municipio": "18089", "latitude": 37.308617686205878, "longitude": -3.1298523398548288, "available_capacity_mw": 0.0, "distributor_network": "Endesa", "voltage_kv": 66.0, "grid_status": "Congested", "is_friction": true }, "geometry": { "type": "Point", "coordinates": [ -3.129852339854829, 37.308617686205878 ] } },
{ "type": "Feature", "properties": { "substation_name": "GUADMENA", "provincia": "Jaén", "municipio": "23081", "latitude": 38.362953472355123, "longitude": -2.9144761207802308, "available_capacity_mw": 0.0, "distributor_network": "Endesa", "voltage_kv": 132.0, "grid_status": "Congested", "is_friction": true }, "geometry": { "type": "Point", "coordinates": [ -2.914476120780231, 38.362953472355123 ] } },
{ "type": "Feature", "properties": { "substation_name": "GUALCHOS", "provincia": "Granada", "municipio": "18093", "latitude": 36.738448885457132, "longitude": -3.377332314462715, "available_capacity_mw": 0.0, "distributor_network": "Endesa", "voltage_kv": 66.0, "grid_status": "Congested", "is_friction": true }, "geometry": { "type": "Point", "coordinates": [ -3.377332314462715, 36.738448885457132 ] } },
{ "type": "Feature", "properties": { "substation_name": "GUILLENA", "provincia": "Sevilla", "municipio": "41049", "latitude": 37.636072308862786, "longitude": -6.0978682323670084, "available_capacity_mw": 0.0, "distributor_network": "Endesa", "voltage_kv": 132.0, "grid_status": "Congested", "is_friction": true }, "geometry": { "type": "Point", "coordinates": [ -6.097868232367008, 37.636072308862786 ] } },
{ "type": "Feature", "properties": { "substation_name": "GUIXERES", "provincia": "Barcelona", "municipio": "8015", "latitude": 41.462385617429568, "longitude": 2.2600380442256203, "available_capacity_mw": 14.33, "distributor_network": "Endesa", "voltage_kv": 25.0, "grid_status": "Sufficient", "is_friction": false }, "geometry": { "type": "Point", "coordinates": [ 2.26003804422562, 41.462385617429568 ] } },
{ "type": "Feature", "properties": { "substation_name": "HECHO", "provincia": "Huesca", "municipio": "22901", "latitude": 42.728054175896595, "longitude": -0.75303677112672973, "available_capacity_mw": 0.0, "distributor_network": "Endesa", "voltage_kv": 45.0, "grid_status": "Congested", "is_friction": true }, "geometry": { "type": "Point", "coordinates": [ -0.75303677112673, 42.728054175896595 ] } },
{ "type": "Feature", "properties": { "substation_name": "HEINEKEN", "provincia": "Sevilla", "municipio": "41091", "latitude": 37.388679899999822, "longitude": -5.8629449998839336, "available_capacity_mw": 0.0, "distributor_network": "Endesa", "voltage_kv": 132.0, "grid_status": "Congested", "is_friction": true }, "geometry": { "type": "Point", "coordinates": [ -5.862944999883934, 37.388679899999822 ] } },
{ "type": "Feature", "properties": { "substation_name": "HERRERA", "provincia": "Palencia", "municipio": "Herrera de Pisuerga", "latitude": 42.599385112744443, "longitude": -4.3388926696316785, "available_capacity_mw": 2.0, "distributor_network": "Viesgo", "voltage_kv": 30.0, "grid_status": "Moderate", "is_friction": true }, "geometry": { "type": "Point", "coordinates": [ -4.338892669631679, 42.599385112744443 ] } },
{ "type": "Feature", "properties": { "substation_name": "HERRERIAS", "provincia": "Cantabria", "municipio": "Herrerías", "latitude": 43.329647166421921, "longitude": -4.5066751256828965, "available_capacity_mw": 1.37, "distributor_network": "Viesgo", "voltage_kv": 55.0, "grid_status": "Moderate", "is_friction": true }, "geometry": { "type": "Point", "coordinates": [ -4.506675125682897, 43.329647166421921 ] } },
{ "type": "Feature", "properties": { "substation_name": "HIBERICO", "provincia": "Almería", "municipio": "4032", "latitude": 36.965699766057412, "longitude": -1.9062403647447876, "available_capacity_mw": 0.0, "distributor_network": "Endesa", "voltage_kv": 132.0, "grid_status": "Congested", "is_friction": true }, "geometry": { "type": "Point", "coordinates": [ -1.906240364744788, 36.965699766057412 ] } },
{ "type": "Feature", "properties": { "substation_name": "HIGUERAL", "provincia": "Zaragoza", "municipio": "50062", "latitude": 41.535519959345073, "longitude": -0.6817966431739737, "available_capacity_mw": 0.0, "distributor_network": "Endesa", "voltage_kv": 45.0, "grid_status": "Congested", "is_friction": true }, "geometry": { "type": "Point", "coordinates": [ -0.681796643173974, 41.535519959345073 ] } },
{ "type": "Feature", "properties": { "substation_name": "HIJAR", "provincia": "Teruel", "municipio": "44122", "latitude": 41.172218242100769, "longitude": -0.4183576556878546, "available_capacity_mw": 0.0, "distributor_network": "Endesa", "voltage_kv": 132.0, "grid_status": "Congested", "is_friction": true }, "geometry": { "type": "Point", "coordinates": [ -0.418357655687855, 41.172218242100769 ] } },
{ "type": "Feature", "properties": { "substation_name": "HINOJERA", "provincia": "Cádiz", "municipio": "11027", "latitude": 36.647719358205848, "longitude": -6.2630327140713362, "available_capacity_mw": 39.64, "distributor_network": "Endesa", "voltage_kv": 66.0, "grid_status": "Sufficient", "is_friction": false }, "geometry": { "type": "Point", "coordinates": [ -6.263032714071336, 36.647719358205848 ] } },
{ "type": "Feature", "properties": { "substation_name": "HINOJOSA", "provincia": "Córdoba", "municipio": "14035", "latitude": 38.487668993673125, "longitude": -5.1332069979839829, "available_capacity_mw": 0.0, "distributor_network": "Endesa", "voltage_kv": 66.0, "grid_status": "Congested", "is_friction": true }, "geometry": { "type": "Point", "coordinates": [ -5.133206997983983, 38.487668993673125 ] } },
{ "type": "Feature", "properties": { "substation_name": "HI_VALLE", "provincia": "Badajoz", "municipio": "6068", "latitude": 38.475681033612069, "longitude": -6.233484565646167, "available_capacity_mw": 0.0, "distributor_network": "Endesa", "voltage_kv": 66.0, "grid_status": "Congested", "is_friction": true }, "geometry": { "type": "Point", "coordinates": [ -6.233484565646167, 38.475681033612069 ] } },
{ "type": "Feature", "properties": { "substation_name": "HORNACHO", "provincia": "Badajoz", "municipio": "6069", "latitude": 38.562312639840179, "longitude": -6.0810808798807185, "available_capacity_mw": 0.0, "distributor_network": "Endesa", "voltage_kv": 66.0, "grid_status": "Congested", "is_friction": true }, "geometry": { "type": "Point", "coordinates": [ -6.081080879880719, 38.562312639840179 ] } },
{ "type": "Feature", "properties": { "substation_name": "HOSPITALET", "provincia": "Barcelona", "municipio": "8101", "latitude": 41.34650882438666, "longitude": 2.0995815078964637, "available_capacity_mw": 244.93, "distributor_network": "Endesa", "voltage_kv": 110.0, "grid_status": "Sufficient", "is_friction": false }, "geometry": { "type": "Point", "coordinates": [ 2.099581507896464, 41.34650882438666 ] } },
{ "type": "Feature", "properties": { "substation_name": "HOSTAFRANC", "provincia": "Barcelona", "municipio": "8019", "latitude": 41.372688500957494, "longitude": 2.1489230164641344, "available_capacity_mw": 207.34, "distributor_network": "Endesa", "voltage_kv": 110.0, "grid_status": "Sufficient", "is_friction": false }, "geometry": { "type": "Point", "coordinates": [ 2.148923016464134, 41.372688500957494 ] } },
{ "type": "Feature", "properties": { "substation_name": "HUERTFIG", "provincia": "Córdoba", "municipio": "14021", "latitude": 37.897578930821503, "longitude": -4.8157852063849775, "available_capacity_mw": 0.0, "distributor_network": "Endesa", "voltage_kv": 66.0, "grid_status": "Congested", "is_friction": true }, "geometry": { "type": "Point", "coordinates": [ -4.815785206384978, 37.897578930821503 ] } },
{ "type": "Feature", "properties": { "substation_name": "HUERVA", "provincia": "Zaragoza", "municipio": "50297", "latitude": 41.648197089743789, "longitude": -0.87256435317271386, "available_capacity_mw": 0.0, "distributor_network": "Endesa", "voltage_kv": 45.0, "grid_status": "Congested", "is_friction": true }, "geometry": { "type": "Point", "coordinates": [ -0.872564353172714, 41.648197089743789 ] } },
{ "type": "Feature", "properties": { "substation_name": "HUESCAR", "provincia": "Granada", "municipio": "18098", "latitude": 37.79786984045915, "longitude": -2.5432196142798875, "available_capacity_mw": 0.0, "distributor_network": "Endesa", "voltage_kv": 66.0, "grid_status": "Congested", "is_friction": true }, "geometry": { "type": "Point", "coordinates": [ -2.543219614279888, 37.79786984045915 ] } },
{ "type": "Feature", "properties": { "substation_name": "HUESCA_EST", "provincia": "Huesca", "municipio": "22125", "latitude": 42.148704018492509, "longitude": -0.39399461067658642, "available_capacity_mw": 0.0, "distributor_network": "Endesa", "voltage_kv": 45.0, "grid_status": "Congested", "is_friction": true }, "geometry": { "type": "Point", "coordinates": [ -0.393994610676586, 42.148704018492509 ] } },
{ "type": "Feature", "properties": { "substation_name": "HUESCA_NOR", "provincia": "Huesca", "municipio": "22125", "latitude": 42.145037941231678, "longitude": -0.41623312940056778, "available_capacity_mw": 0.0, "distributor_network": "Endesa", "voltage_kv": 132.0, "grid_status": "Congested", "is_friction": true }, "geometry": { "type": "Point", "coordinates": [ -0.416233129400568, 42.145037941231678 ] } },
{ "type": "Feature", "properties": { "substation_name": "HUESCA_SUR", "provincia": "Huesca", "municipio": "22125", "latitude": 42.124439217460264, "longitude": -0.41244610444147561, "available_capacity_mw": 0.0, "distributor_network": "Endesa", "voltage_kv": 45.0, "grid_status": "Congested", "is_friction": true }, "geometry": { "type": "Point", "coordinates": [ -0.412446104441476, 42.124439217460264 ] } },
{ "type": "Feature", "properties": { "substation_name": "HUEVAR", "provincia": "Sevilla", "municipio": "41015", "latitude": 37.36737179835918, "longitude": -6.2432595722218176, "available_capacity_mw": 0.0, "distributor_network": "Endesa", "voltage_kv": 66.0, "grid_status": "Congested", "is_friction": true }, "geometry": { "type": "Point", "coordinates": [ -6.243259572221818, 37.36737179835918 ] } },
{ "type": "Feature", "properties": { "substation_name": "HUMILLAD", "provincia": "Málaga", "municipio": "29055", "latitude": 37.119767530765273, "longitude": -4.707597114648749, "available_capacity_mw": 0.0, "distributor_network": "Endesa", "voltage_kv": 66.0, "grid_status": "Congested", "is_friction": true }, "geometry": { "type": "Point", "coordinates": [ -4.707597114648749, 37.119767530765273 ] } },
{ "type": "Feature", "properties": { "substation_name": "HUMOSOS", "provincia": "Sevilla", "municipio": "41039", "latitude": 37.514845045009302, "longitude": -4.9980581031567297, "available_capacity_mw": 0.0, "distributor_network": "Endesa", "voltage_kv": 66.0, "grid_status": "Congested", "is_friction": true }, "geometry": { "type": "Point", "coordinates": [ -4.99805810315673, 37.514845045009302 ] } },
{ "type": "Feature", "properties": { "substation_name": "HURONES", "provincia": "Cádiz", "municipio": "11902", "latitude": 36.660737642182745, "longitude": -5.5616604900175997, "available_capacity_mw": 0.0, "distributor_network": "Endesa", "voltage_kv": 66.0, "grid_status": "Congested", "is_friction": true }, "geometry": { "type": "Point", "coordinates": [ -5.5616604900176, 36.660737642182745 ] } },
{ "type": "Feature", "properties": { "substation_name": "HYTASA", "provincia": "Sevilla", "municipio": "41091", "latitude": 37.366820606840619, "longitude": -5.9638468112994092, "available_capacity_mw": 0.0, "distributor_network": "Endesa", "voltage_kv": 66.0, "grid_status": "Congested", "is_friction": true }, "geometry": { "type": "Point", "coordinates": [ -5.963846811299409, 37.366820606840619 ] } },
{ "type": "Feature", "properties": { "substation_name": "H_M_SERVET", "provincia": "Zaragoza", "municipio": "50297", "latitude": 41.636306678034202, "longitude": -0.89926472421315984, "available_capacity_mw": 0.0, "distributor_network": "Endesa", "voltage_kv": 45.0, "grid_status": "Congested", "is_friction": true }, "geometry": { "type": "Point", "coordinates": [ -0.89926472421316, 41.636306678034202 ] } },
{ "type": "Feature", "properties": { "substation_name": "H_OVERA", "provincia": "Almería", "municipio": "4053", "latitude": 37.370648764286535, "longitude": -1.9582705992263896, "available_capacity_mw": 0.0, "distributor_network": "Endesa", "voltage_kv": 66.0, "grid_status": "Congested", "is_friction": true }, "geometry": { "type": "Point", "coordinates": [ -1.95827059922639, 37.370648764286535 ] } },
{ "type": "Feature", "properties": { "substation_name": "IBERCAJA", "provincia": "Zaragoza", "municipio": "50297", "latitude": 41.647253715388331, "longitude": -0.88429782388754186, "available_capacity_mw": 0.0, "distributor_network": "Endesa", "voltage_kv": 45.0, "grid_status": "Congested", "is_friction": true }, "geometry": { "type": "Point", "coordinates": [ -0.884297823887542, 41.647253715388331 ] } },
{ "type": "Feature", "properties": { "substation_name": "ILLUECA", "provincia": "Zaragoza", "municipio": "50126", "latitude": 41.53140254552364, "longitude": -1.6183476615199144, "available_capacity_mw": 0.0, "distributor_network": "Endesa", "voltage_kv": 45.0, "grid_status": "Congested", "is_friction": true }, "geometry": { "type": "Point", "coordinates": [ -1.618347661519914, 41.53140254552364 ] } },
{ "type": "Feature", "properties": { "substation_name": "ILURO", "provincia": "Barcelona", "municipio": "8121", "latitude": 41.527624733354763, "longitude": 2.4230464608670088, "available_capacity_mw": 224.63, "distributor_network": "Endesa", "voltage_kv": 110.0, "grid_status": "Sufficient", "is_friction": false }, "geometry": { "type": "Point", "coordinates": [ 2.423046460867009, 41.527624733354763 ] } },
{ "type": "Feature", "properties": { "substation_name": "INCA", "provincia": "Balears, Illes", "municipio": "7027", "latitude": 39.714237499547188, "longitude": -3.0823346484546215, "available_capacity_mw": 16.47, "distributor_network": "Endesa", "voltage_kv": 15.0, "grid_status": "Sufficient", "is_friction": false }, "geometry": { "type": "Point", "coordinates": [ -3.082334648454621, 39.714237499547188 ] } },
{ "type": "Feature", "properties": { "substation_name": "ISLAS", "provincia": "Sevilla", "municipio": "41902", "latitude": 37.161054904834209, "longitude": -6.1413207619766261, "available_capacity_mw": 20.72, "distributor_network": "Endesa", "voltage_kv": 66.0, "grid_status": "Sufficient", "is_friction": false }, "geometry": { "type": "Point", "coordinates": [ -6.141320761976626, 37.161054904834209 ] } },
{ "type": "Feature", "properties": { "substation_name": "ISLAVERD", "provincia": "Cádiz", "municipio": "11004", "latitude": 36.123075606529696, "longitude": -5.43064267171812, "available_capacity_mw": 0.0, "distributor_network": "Endesa", "voltage_kv": 66.0, "grid_status": "Congested", "is_friction": true }, "geometry": { "type": "Point", "coordinates": [ -5.43064267171812, 36.123075606529696 ] } },
{ "type": "Feature", "properties": { "substation_name": "ISLA_CRI", "provincia": "Huelva", "municipio": "21042", "latitude": 37.253318965106658, "longitude": -7.3051181584094493, "available_capacity_mw": 5.05, "distributor_network": "Endesa", "voltage_kv": 66.0, "grid_status": "Sufficient", "is_friction": false }, "geometry": { "type": "Point", "coordinates": [ -7.305118158409449, 37.253318965106658 ] } },
{ "type": "Feature", "properties": { "substation_name": "ITALICA", "provincia": "Sevilla", "municipio": "41085", "latitude": 37.464060191231617, "longitude": -6.0596041020229858, "available_capacity_mw": 0.0, "distributor_network": "Endesa", "voltage_kv": 132.0, "grid_status": "Congested", "is_friction": true }, "geometry": { "type": "Point", "coordinates": [ -6.059604102022986, 37.464060191231617 ] } },
{ "type": "Feature", "properties": { "substation_name": "IZBOR", "provincia": "Granada", "municipio": "18184", "latitude": 36.840545032158751, "longitude": -3.5176814212221825, "available_capacity_mw": 0.0, "distributor_network": "Endesa", "voltage_kv": 66.0, "grid_status": "Congested", "is_friction": true }, "geometry": { "type": "Point", "coordinates": [ -3.517681421222183, 36.840545032158751 ] } },
{ "type": "Feature", "properties": { "substation_name": "IZNAJAR", "provincia": "Málaga", "municipio": "29049", "latitude": 37.274495606357171, "longitude": -4.3870955926197421, "available_capacity_mw": 0.0, "distributor_network": "Endesa", "voltage_kv": 132.0, "grid_status": "Congested", "is_friction": true }, "geometry": { "type": "Point", "coordinates": [ -4.387095592619742, 37.274495606357171 ] } },
{ "type": "Feature", "properties": { "substation_name": "IZNALLOZ", "provincia": "Granada", "municipio": "18105", "latitude": 37.380708620298073, "longitude": -3.5321282708051256, "available_capacity_mw": 0.0, "distributor_network": "Endesa", "voltage_kv": 66.0, "grid_status": "Congested", "is_friction": true }, "geometry": { "type": "Point", "coordinates": [ -3.532128270805126, 37.380708620298073 ] } },
{ "type": "Feature", "properties": { "substation_name": "I_REDOND", "provincia": "Sevilla", "municipio": "41039", "latitude": 37.458009679187043, "longitude": -4.896060119600004, "available_capacity_mw": 0.0, "distributor_network": "Endesa", "voltage_kv": 66.0, "grid_status": "Congested", "is_friction": true }, "geometry": { "type": "Point", "coordinates": [ -4.896060119600004, 37.458009679187043 ] } },
{ "type": "Feature", "properties": { "substation_name": "JABALCON", "provincia": "Granada", "municipio": "18194", "latitude": 37.582534177909253, "longitude": -2.833583800665898, "available_capacity_mw": 0.0, "distributor_network": "Endesa", "voltage_kv": 132.0, "grid_status": "Congested", "is_friction": true }, "geometry": { "type": "Point", "coordinates": [ -2.833583800665898, 37.582534177909253 ] } },
{ "type": "Feature", "properties": { "substation_name": "JABARRELLA", "provincia": "Huesca", "municipio": "22072", "latitude": 42.419783562759022, "longitude": -0.46054718170527781, "available_capacity_mw": 0.0, "distributor_network": "Endesa", "voltage_kv": 45.0, "grid_status": "Congested", "is_friction": true }, "geometry": { "type": "Point", "coordinates": [ -0.460547181705278, 42.419783562759022 ] } },
{ "type": "Feature", "properties": { "substation_name": "JACA_NORTE", "provincia": "Huesca", "municipio": "22130", "latitude": 42.575067512491202, "longitude": -0.53818470507821703, "available_capacity_mw": 0.0, "distributor_network": "Endesa", "voltage_kv": 45.0, "grid_status": "Congested", "is_friction": true }, "geometry": { "type": "Point", "coordinates": [ -0.538184705078217, 42.575067512491202 ] } },
{ "type": "Feature", "properties": { "substation_name": "JACA_SUR", "provincia": "Huesca", "municipio": "22130", "latitude": 42.559848464610113, "longitude": -0.55609244362943777, "available_capacity_mw": 0.0, "distributor_network": "Endesa", "voltage_kv": 132.0, "grid_status": "Congested", "is_friction": true }, "geometry": { "type": "Point", "coordinates": [ -0.556092443629438, 42.559848464610113 ] } },
{ "type": "Feature", "properties": { "substation_name": "JARALILL", "provincia": "Málaga", "municipio": "29023", "latitude": 36.493647905039637, "longitude": -5.0367123155711306, "available_capacity_mw": 0.0, "distributor_network": "Endesa", "voltage_kv": 66.0, "grid_status": "Congested", "is_friction": true }, "geometry": { "type": "Point", "coordinates": [ -5.036712315571131, 36.493647905039637 ] } },
{ "type": "Feature", "properties": { "substation_name": "JARANDIN", "provincia": "Zaragoza", "municipio": "50297", "latitude": 41.672714166012931, "longitude": -0.83857861329954142, "available_capacity_mw": 0.0, "distributor_network": "Endesa", "voltage_kv": 45.0, "grid_status": "Congested", "is_friction": true }, "geometry": { "type": "Point", "coordinates": [ -0.838578613299541, 41.672714166012931 ] } },
{ "type": "Feature", "properties": { "substation_name": "JARRIO", "provincia": "Asturias", "municipio": "Navia", "latitude": 43.538533511308962, "longitude": -6.7659023978367578, "available_capacity_mw": 9.0, "distributor_network": "Viesgo", "voltage_kv": 132.0, "grid_status": "Sufficient", "is_friction": false }, "geometry": { "type": "Point", "coordinates": [ -6.765902397836758, 43.538533511308962 ] } },
{ "type": "Feature", "properties": { "substation_name": "JAUJA", "provincia": "Córdoba", "municipio": "14038", "latitude": 37.296051011311896, "longitude": -4.6602939406956567, "available_capacity_mw": 0.0, "distributor_network": "Endesa", "voltage_kv": 66.0, "grid_status": "Congested", "is_friction": true }, "geometry": { "type": "Point", "coordinates": [ -4.660293940695657, 37.296051011311896 ] } },
{ "type": "Feature", "properties": { "substation_name": "JAVIERRELA", "provincia": "Huesca", "municipio": "22072", "latitude": 42.398279577066212, "longitude": -0.53311060624400852, "available_capacity_mw": 0.0, "distributor_network": "Endesa", "voltage_kv": 45.0, "grid_status": "Congested", "is_friction": true }, "geometry": { "type": "Point", "coordinates": [ -0.533110606244009, 42.398279577066212 ] } },
{ "type": "Feature", "properties": { "substation_name": "JEREZCAB", "provincia": "Badajoz", "municipio": "6070", "latitude": 38.314642987006025, "longitude": -6.7649602505332407, "available_capacity_mw": 0.0, "distributor_network": "Endesa", "voltage_kv": 66.0, "grid_status": "Congested", "is_friction": true }, "geometry": { "type": "Point", "coordinates": [ -6.764960250533241, 38.314642987006025 ] } },
{ "type": "Feature", "properties": { "substation_name": "JEREZFRO", "provincia": "Cádiz", "municipio": "11020", "latitude": 36.685507600428018, "longitude": -6.1230671109337598, "available_capacity_mw": 0.0, "distributor_network": "Endesa", "voltage_kv": 66.0, "grid_status": "Congested", "is_friction": true }, "geometry": { "type": "Point", "coordinates": [ -6.12306711093376, 36.685507600428018 ] } },
{ "type": "Feature", "properties": { "substation_name": "JUDIO", "provincia": "Badajoz", "municipio": "6083", "latitude": 38.897144281462133, "longitude": -6.2864520796822099, "available_capacity_mw": 0.0, "distributor_network": "Endesa", "voltage_kv": 132.0, "grid_status": "Congested", "is_friction": true }, "geometry": { "type": "Point", "coordinates": [ -6.28645207968221, 38.897144281462133 ] } },
{ "type": "Feature", "properties": { "substation_name": "JUIA", "provincia": "Girona", "municipio": "17087", "latitude": 42.022524226688809, "longitude": 2.9006823180977213, "available_capacity_mw": 0.0, "distributor_network": "Endesa", "voltage_kv": 132.0, "grid_status": "Congested", "is_friction": true }, "geometry": { "type": "Point", "coordinates": [ 2.900682318097721, 42.022524226688809 ] } },
{ "type": "Feature", "properties": { "substation_name": "JUNCARIL", "provincia": "Granada", "municipio": "18003", "latitude": 37.236362501021553, "longitude": -3.6476103207679311, "available_capacity_mw": 0.0, "distributor_network": "Endesa", "voltage_kv": 66.0, "grid_status": "Congested", "is_friction": true }, "geometry": { "type": "Point", "coordinates": [ -3.647610320767931, 37.236362501021553 ] } },
{ "type": "Feature", "properties": { "substation_name": "JUNEDA", "provincia": "Lleida", "municipio": "25119", "latitude": 41.530576959496862, "longitude": 0.82822256495361768, "available_capacity_mw": 0.0, "distributor_network": "Endesa", "voltage_kv": 25.0, "grid_status": "Congested", "is_friction": true }, "geometry": { "type": "Point", "coordinates": [ 0.828222564953618, 41.530576959496862 ] } },
{ "type": "Feature", "properties": { "substation_name": "JUSLIBOL", "provincia": "Zaragoza", "municipio": "50297", "latitude": 41.694322313944319, "longitude": -0.89381170711601476, "available_capacity_mw": 0.0, "distributor_network": "Endesa", "voltage_kv": 45.0, "grid_status": "Congested", "is_friction": true }, "geometry": { "type": "Point", "coordinates": [ -0.893811707116015, 41.694322313944319 ] } },
{ "type": "Feature", "properties": { "substation_name": "KOIPE", "provincia": "Jaén", "municipio": "23005", "latitude": 38.0268401394123, "longitude": -4.0566162195080571, "available_capacity_mw": 0.0, "distributor_network": "Endesa", "voltage_kv": 66.0, "grid_status": "Congested", "is_friction": true }, "geometry": { "type": "Point", "coordinates": [ -4.056616219508057, 38.0268401394123 ] } },
{ "type": "Feature", "properties": { "substation_name": "KWTARIFA", "provincia": "Cádiz", "municipio": "11035", "latitude": 36.042340473932782, "longitude": -5.5631521770647367, "available_capacity_mw": 0.0, "distributor_network": "Endesa", "voltage_kv": 66.0, "grid_status": "Congested", "is_friction": true }, "geometry": { "type": "Point", "coordinates": [ -5.563152177064737, 36.042340473932782 ] } },
{ "type": "Feature", "properties": { "substation_name": "LA CANONJA", "provincia": "Tarragona", "municipio": "La Canonja", "latitude": 41.108521689529795, "longitude": 1.1913902795216649, "available_capacity_mw": 46.2, "distributor_network": "Viesgo", "voltage_kv": 25.0, "grid_status": "Sufficient", "is_friction": false }, "geometry": { "type": "Point", "coordinates": [ 1.191390279521665, 41.108521689529795 ] } },
{ "type": "Feature", "properties": { "substation_name": "LABARCES", "provincia": "Cantabria", "municipio": "Valdáliga", "latitude": 43.323465340389895, "longitude": -4.3829780116218524, "available_capacity_mw": 0.0, "distributor_network": "Viesgo", "voltage_kv": 132.0, "grid_status": "Congested", "is_friction": true }, "geometry": { "type": "Point", "coordinates": [ -4.382978011621852, 43.323465340389895 ] } },
{ "type": "Feature", "properties": { "substation_name": "LAFORTESA", "provincia": "Barcelona", "municipio": "8036", "latitude": 41.739072324929154, "longitude": 1.5256266479287923, "available_capacity_mw": 0.0, "distributor_network": "Endesa", "voltage_kv": 110.0, "grid_status": "Congested", "is_friction": true }, "geometry": { "type": "Point", "coordinates": [ 1.525626647928792, 41.739072324929154 ] } },
{ "type": "Feature", "properties": { "substation_name": "LAFORTUNAD", "provincia": "Huesca", "municipio": "22227", "latitude": 42.543083029553777, "longitude": 0.19784835941093021, "available_capacity_mw": 0.0, "distributor_network": "Endesa", "voltage_kv": 132.0, "grid_status": "Congested", "is_friction": true }, "geometry": { "type": "Point", "coordinates": [ 0.19784835941093, 42.543083029553777 ] } },
{ "type": "Feature", "properties": { "substation_name": "LAGELTRU", "provincia": "Barcelona", "municipio": "8307", "latitude": 41.2287667473691, "longitude": 1.7162777697097389, "available_capacity_mw": 65.58, "distributor_network": "Endesa", "voltage_kv": 110.0, "grid_status": "Sufficient", "is_friction": false }, "geometry": { "type": "Point", "coordinates": [ 1.716277769709739, 41.2287667473691 ] } },
{ "type": "Feature", "properties": { "substation_name": "LAGUNILL", "provincia": "Jaén", "municipio": "23050", "latitude": 37.779433197810029, "longitude": -3.7655993837131918, "available_capacity_mw": 0.0, "distributor_network": "Endesa", "voltage_kv": 66.0, "grid_status": "Congested", "is_friction": true }, "geometry": { "type": "Point", "coordinates": [ -3.765599383713192, 37.779433197810029 ] } },
{ "type": "Feature", "properties": { "substation_name": "LAMINILL", "provincia": "Sevilla", "municipio": "41059", "latitude": 37.329761912325722, "longitude": -6.0610462591564991, "available_capacity_mw": 17.24, "distributor_network": "Endesa", "voltage_kv": 66.0, "grid_status": "Sufficient", "is_friction": false }, "geometry": { "type": "Point", "coordinates": [ -6.061046259156499, 37.329761912325722 ] } },
{ "type": "Feature", "properties": { "substation_name": "LANCHA", "provincia": "Córdoba", "municipio": "14021", "latitude": 37.916771143576959, "longitude": -4.7099785372185234, "available_capacity_mw": 0.0, "distributor_network": "Endesa", "voltage_kv": 132.0, "grid_status": "Congested", "is_friction": true }, "geometry": { "type": "Point", "coordinates": [ -4.709978537218523, 37.916771143576959 ] } },
{ "type": "Feature", "properties": { "substation_name": "LANIPIEL", "provincia": "Huesca", "municipio": "22119", "latitude": 42.001648766101468, "longitude": -0.76619129771044636, "available_capacity_mw": 0.0, "distributor_network": "Endesa", "voltage_kv": 45.0, "grid_status": "Congested", "is_friction": true }, "geometry": { "type": "Point", "coordinates": [ -0.766191297710446, 42.001648766101468 ] } },
{ "type": "Feature", "properties": { "substation_name": "LANUZA", "provincia": "Huesca", "municipio": "22170", "latitude": 42.72835473008849, "longitude": -0.3058754049385537, "available_capacity_mw": 0.0, "distributor_network": "Endesa", "voltage_kv": 132.0, "grid_status": "Congested", "is_friction": true }, "geometry": { "type": "Point", "coordinates": [ -0.305875404938554, 42.72835473008849 ] } },
{ "type": "Feature", "properties": { "substation_name": "LANZAS_AGU", "provincia": "Zaragoza", "municipio": "50251", "latitude": 41.862153681231369, "longitude": -1.6931499419101954, "available_capacity_mw": 0.0, "distributor_network": "Endesa", "voltage_kv": 66.0, "grid_status": "Congested", "is_friction": true }, "geometry": { "type": "Point", "coordinates": [ -1.693149941910195, 41.862153681231369 ] } },
{ "type": "Feature", "properties": { "substation_name": "LASELVA", "provincia": "Tarragona", "municipio": "43145", "latitude": 41.209013806252926, "longitude": 1.1499464383502045, "available_capacity_mw": 6.97, "distributor_network": "Endesa", "voltage_kv": 25.0, "grid_status": "Sufficient", "is_friction": false }, "geometry": { "type": "Point", "coordinates": [ 1.149946438350204, 41.209013806252926 ] } },
{ "type": "Feature", "properties": { "substation_name": "LASMESAS", "provincia": "Cádiz", "municipio": "11033", "latitude": 36.258913173252083, "longitude": -5.3431427586847988, "available_capacity_mw": 0.0, "distributor_network": "Endesa", "voltage_kv": 66.0, "grid_status": "Congested", "is_friction": true }, "geometry": { "type": "Point", "coordinates": [ -5.343142758684799, 36.258913173252083 ] } },
{ "type": "Feature", "properties": { "substation_name": "LASPUÑA", "provincia": "Huesca", "municipio": "22144", "latitude": 42.50498067784801, "longitude": 0.1494516507325232, "available_capacity_mw": 0.0, "distributor_network": "Endesa", "voltage_kv": 132.0, "grid_status": "Congested", "is_friction": true }, "geometry": { "type": "Point", "coordinates": [ 0.149451650732523, 42.50498067784801 ] } },
{ "type": "Feature", "properties": { "substation_name": "LASTANOSA", "provincia": "Huesca", "municipio": "22213", "latitude": 41.857207151037457, "longitude": -0.073990110270239204, "available_capacity_mw": 0.0, "distributor_network": "Endesa", "voltage_kv": 45.0, "grid_status": "Congested", "is_friction": true }, "geometry": { "type": "Point", "coordinates": [ -0.073990110270239, 41.857207151037457 ] } },
{ "type": "Feature", "properties": { "substation_name": "LAS_HORCAS", "provincia": "Teruel", "municipio": "44013", "latitude": 41.024091949153302, "longitude": -0.1001130230946107, "available_capacity_mw": 0.0, "distributor_network": "Endesa", "voltage_kv": 45.0, "grid_status": "Congested", "is_friction": true }, "geometry": { "type": "Point", "coordinates": [ -0.100113023094611, 41.024091949153302 ] } },
{ "type": "Feature", "properties": { "substation_name": "LAS_LLAMAS", "provincia": "Cantabria", "municipio": "Santander", "latitude": 43.475085457224537, "longitude": -3.8006062753443928, "available_capacity_mw": 4.69, "distributor_network": "Viesgo", "voltage_kv": 55.0, "grid_status": "Moderate", "is_friction": true }, "geometry": { "type": "Point", "coordinates": [ -3.800606275344393, 43.475085457224537 ] } },
{ "type": "Feature", "properties": { "substation_name": "LA_ALMUNIA", "provincia": "Zaragoza", "municipio": "50025", "latitude": 41.491292341741662, "longitude": -1.3588644709369584, "available_capacity_mw": 0.0, "distributor_network": "Endesa", "voltage_kv": 132.0, "grid_status": "Congested", "is_friction": true }, "geometry": { "type": "Point", "coordinates": [ -1.358864470936958, 41.491292341741662 ] } },
{ "type": "Feature", "properties": { "substation_name": "LA_CULTIA", "provincia": "Teruel", "municipio": "44122", "latitude": 41.208383899649597, "longitude": -0.50837280002757812, "available_capacity_mw": 0.0, "distributor_network": "Endesa", "voltage_kv": 10.0, "grid_status": "Congested", "is_friction": true }, "geometry": { "type": "Point", "coordinates": [ -0.508372800027578, 41.208383899649597 ] } },
{ "type": "Feature", "properties": { "substation_name": "LA_HERMIDA", "provincia": "Cantabria", "municipio": "Peñarrubia", "latitude": 43.252298837287782, "longitude": -4.6089563190591756, "available_capacity_mw": 3.0, "distributor_network": "Viesgo", "voltage_kv": 132.0, "grid_status": "Moderate", "is_friction": true }, "geometry": { "type": "Point", "coordinates": [ -4.608956319059176, 43.252298837287782 ] } },
{ "type": "Feature", "properties": { "substation_name": "LA_HIDRO", "provincia": "Huesca", "municipio": "22072", "latitude": 42.393036635001941, "longitude": -0.66635590269751488, "available_capacity_mw": 0.0, "distributor_network": "Endesa", "voltage_kv": 45.0, "grid_status": "Congested", "is_friction": true }, "geometry": { "type": "Point", "coordinates": [ -0.666355902697515, 42.393036635001941 ] } },
{ "type": "Feature", "properties": { "substation_name": "LA_JOYOSA", "provincia": "Zaragoza", "municipio": "50132", "latitude": 41.734691764248225, "longitude": -1.0541830052321339, "available_capacity_mw": 0.0, "distributor_network": "Endesa", "voltage_kv": 45.0, "grid_status": "Congested", "is_friction": true }, "geometry": { "type": "Point", "coordinates": [ -1.054183005232134, 41.734691764248225 ] } },
{ "type": "Feature", "properties": { "substation_name": "LA_LOMA", "provincia": "Soria", "municipio": "42134", "latitude": 41.796905882063868, "longitude": -1.9856214137131964, "available_capacity_mw": 0.0, "distributor_network": "Endesa", "voltage_kv": 45.0, "grid_status": "Congested", "is_friction": true }, "geometry": { "type": "Point", "coordinates": [ -1.985621413713196, 41.796905882063868 ] } },
{ "type": "Feature", "properties": { "substation_name": "LA_LOTETA", "provincia": "Zaragoza", "municipio": "50053", "latitude": 41.829276285708382, "longitude": -1.3112759331239929, "available_capacity_mw": 15.79, "distributor_network": "Endesa", "voltage_kv": 66.0, "grid_status": "Sufficient", "is_friction": false }, "geometry": { "type": "Point", "coordinates": [ -1.311275933123993, 41.829276285708382 ] } },
{ "type": "Feature", "properties": { "substation_name": "LA_MUELA", "provincia": "Zaragoza", "municipio": "50182", "latitude": 41.586692055000242, "longitude": -1.0921746909813117, "available_capacity_mw": 0.0, "distributor_network": "Endesa", "voltage_kv": 45.0, "grid_status": "Congested", "is_friction": true }, "geometry": { "type": "Point", "coordinates": [ -1.092174690981312, 41.586692055000242 ] } },
{ "type": "Feature", "properties": { "substation_name": "LA_OLLA", "provincia": "Asturias", "municipio": "Mieres", "latitude": 43.076133084013406, "longitude": -5.7655571651380004, "available_capacity_mw": 1.56, "distributor_network": "Viesgo", "voltage_kv": 30.0, "grid_status": "Moderate", "is_friction": true }, "geometry": { "type": "Point", "coordinates": [ -5.765557165138, 43.076133084013406 ] } },
{ "type": "Feature", "properties": { "substation_name": "LA_PAZ", "provincia": "Zaragoza", "municipio": "50297", "latitude": 41.606005128635701, "longitude": -0.89340811216931004, "available_capacity_mw": 0.0, "distributor_network": "Endesa", "voltage_kv": 132.0, "grid_status": "Congested", "is_friction": true }, "geometry": { "type": "Point", "coordinates": [ -0.89340811216931, 41.606005128635701 ] } },
{ "type": "Feature", "properties": { "substation_name": "LA_PEÑA", "provincia": "Huesca", "municipio": "22173", "latitude": 42.382527842946772, "longitude": -0.69596755541864885, "available_capacity_mw": 0.0, "distributor_network": "Endesa", "voltage_kv": 45.0, "grid_status": "Congested", "is_friction": true }, "geometry": { "type": "Point", "coordinates": [ -0.695967555418649, 42.382527842946772 ] } },
{ "type": "Feature", "properties": { "substation_name": "LA_PUEBLA", "provincia": "Teruel", "municipio": "44191", "latitude": 41.223814613586804, "longitude": -0.4452251520047561, "available_capacity_mw": 0.0, "distributor_network": "Endesa", "voltage_kv": 45.0, "grid_status": "Congested", "is_friction": true }, "geometry": { "type": "Point", "coordinates": [ -0.445225152004756, 41.223814613586804 ] } },
{ "type": "Feature", "properties": { "substation_name": "LA_RALLA", "provincia": "Zaragoza", "municipio": "50238", "latitude": 42.269611049376252, "longitude": -0.7591944823164809, "available_capacity_mw": 0.0, "distributor_network": "Endesa", "voltage_kv": 132.0, "grid_status": "Congested", "is_friction": true }, "geometry": { "type": "Point", "coordinates": [ -0.759194482316481, 42.269611049376252 ] } },
{ "type": "Feature", "properties": { "substation_name": "LA_VENERA", "provincia": "Cantabria", "municipio": "Arnuero", "latitude": 43.471365757400598, "longitude": -3.5854992247897308, "available_capacity_mw": 1.05, "distributor_network": "Viesgo", "voltage_kv": 55.0, "grid_status": "Moderate", "is_friction": true }, "geometry": { "type": "Point", "coordinates": [ -3.585499224789731, 43.471365757400598 ] } },
{ "type": "Feature", "properties": { "substation_name": "LA_ZAIDA", "provincia": "Zaragoza", "municipio": "50240", "latitude": 41.320973165075706, "longitude": -0.41816318962312138, "available_capacity_mw": 0.0, "distributor_network": "Endesa", "voltage_kv": 45.0, "grid_status": "Congested", "is_friction": true }, "geometry": { "type": "Point", "coordinates": [ -0.418163189623121, 41.320973165075706 ] } },
{ "type": "Feature", "properties": { "substation_name": "LEBRIJA", "provincia": "Sevilla", "municipio": "41053", "latitude": 36.964672397057051, "longitude": -6.0685380939984288, "available_capacity_mw": 0.0, "distributor_network": "Endesa", "voltage_kv": 66.0, "grid_status": "Congested", "is_friction": true }, "geometry": { "type": "Point", "coordinates": [ -6.068538093998429, 36.964672397057051 ] } },
{ "type": "Feature", "properties": { "substation_name": "LECERA", "provincia": "Zaragoza", "municipio": "50136", "latitude": 41.197706929854135, "longitude": -0.70385883855370768, "available_capacity_mw": 0.0, "distributor_network": "Endesa", "voltage_kv": 45.0, "grid_status": "Congested", "is_friction": true }, "geometry": { "type": "Point", "coordinates": [ -0.703858838553708, 41.197706929854135 ] } },
{ "type": "Feature", "properties": { "substation_name": "LECRIN", "provincia": "Granada", "municipio": "18143", "latitude": 36.962482752040643, "longitude": -3.5526653284677412, "available_capacity_mw": 0.0, "distributor_network": "Endesa", "voltage_kv": 66.0, "grid_status": "Congested", "is_friction": true }, "geometry": { "type": "Point", "coordinates": [ -3.552665328467741, 36.962482752040643 ] } },
{ "type": "Feature", "properties": { "substation_name": "LEPE", "provincia": "Huelva", "municipio": "21044", "latitude": 37.251309249605448, "longitude": -7.2074094922723715, "available_capacity_mw": 5.16, "distributor_network": "Endesa", "voltage_kv": 66.0, "grid_status": "Sufficient", "is_friction": false }, "geometry": { "type": "Point", "coordinates": [ -7.207409492272371, 37.251309249605448 ] } },
{ "type": "Feature", "properties": { "substation_name": "LESCORTS", "provincia": "Barcelona", "municipio": "8019", "latitude": 41.387386410831738, "longitude": 2.1378972269528651, "available_capacity_mw": 106.76, "distributor_network": "Endesa", "voltage_kv": 110.0, "grid_status": "Sufficient", "is_friction": false }, "geometry": { "type": "Point", "coordinates": [ 2.137897226952865, 41.387386410831738 ] } },
{ "type": "Feature", "properties": { "substation_name": "LESFONTS", "provincia": "Girona", "municipio": "17185", "latitude": 42.207909775259814, "longitude": 2.5375101840282888, "available_capacity_mw": 0.0, "distributor_network": "Endesa", "voltage_kv": 132.0, "grid_status": "Congested", "is_friction": true }, "geometry": { "type": "Point", "coordinates": [ 2.537510184028289, 42.207909775259814 ] } },
{ "type": "Feature", "properties": { "substation_name": "LINAREJO", "provincia": "Jaén", "municipio": "23055", "latitude": 38.108440574445424, "longitude": -3.6121666288893168, "available_capacity_mw": 0.0, "distributor_network": "Endesa", "voltage_kv": 132.0, "grid_status": "Congested", "is_friction": true }, "geometry": { "type": "Point", "coordinates": [ -3.612166628889317, 38.108440574445424 ] } },
{ "type": "Feature", "properties": { "substation_name": "LINARES", "provincia": "Jaén", "municipio": "23055", "latitude": 38.081619775746994, "longitude": -3.6433509489653768, "available_capacity_mw": 0.0, "distributor_network": "Endesa", "voltage_kv": 132.0, "grid_status": "Congested", "is_friction": true }, "geometry": { "type": "Point", "coordinates": [ -3.643350948965377, 38.081619775746994 ] } },
{ "type": "Feature", "properties": { "substation_name": "LITRA", "provincia": "Jaén", "municipio": "23055", "latitude": 38.051302324791543, "longitude": -3.5911438882222759, "available_capacity_mw": 0.0, "distributor_network": "Endesa", "voltage_kv": 132.0, "grid_status": "Congested", "is_friction": true }, "geometry": { "type": "Point", "coordinates": [ -3.591143888222276, 38.051302324791543 ] } },
{ "type": "Feature", "properties": { "substation_name": "LLANÇA", "provincia": "Girona", "municipio": "17092", "latitude": 42.362846596790241, "longitude": 3.1434210633452202, "available_capacity_mw": 0.0, "distributor_network": "Endesa", "voltage_kv": 132.0, "grid_status": "Congested", "is_friction": true }, "geometry": { "type": "Point", "coordinates": [ 3.14342106334522, 42.362846596790241 ] } },
{ "type": "Feature", "properties": { "substation_name": "LLATZER", "provincia": "Balears, Illes", "municipio": "7040", "latitude": 39.567187105714488, "longitude": -3.3133136526678193, "available_capacity_mw": 32.78, "distributor_network": "Endesa", "voltage_kv": 15.0, "grid_status": "Sufficient", "is_friction": false }, "geometry": { "type": "Point", "coordinates": [ -3.313313652667819, 39.567187105714488 ] } },
{ "type": "Feature", "properties": { "substation_name": "LLAVORSI", "provincia": "Lleida", "municipio": "25126", "latitude": 42.496269236522707, "longitude": 1.2129768098983382, "available_capacity_mw": 0.0, "distributor_network": "Endesa", "voltage_kv": 110.0, "grid_status": "Congested", "is_friction": true }, "geometry": { "type": "Point", "coordinates": [ 1.212976809898338, 42.496269236522707 ] } },
{ "type": "Feature", "properties": { "substation_name": "LLEIDA", "provincia": "Lleida", "municipio": "25120", "latitude": 41.631916452606468, "longitude": 0.66386663200579354, "available_capacity_mw": 0.0, "distributor_network": "Endesa", "voltage_kv": 110.0, "grid_status": "Congested", "is_friction": true }, "geometry": { "type": "Point", "coordinates": [ 0.663866632005794, 41.631916452606468 ] } },
{ "type": "Feature", "properties": { "substation_name": "LLERENA", "provincia": "Badajoz", "municipio": "6074", "latitude": 38.242037246960571, "longitude": -6.0031695125357949, "available_capacity_mw": 0.0, "distributor_network": "Endesa", "voltage_kv": 66.0, "grid_status": "Congested", "is_friction": true }, "geometry": { "type": "Point", "coordinates": [ -6.003169512535795, 38.242037246960571 ] } },
{ "type": "Feature", "properties": { "substation_name": "LLESP", "provincia": "Lleida", "municipio": "25173", "latitude": 42.456876830544118, "longitude": 0.76181688816212234, "available_capacity_mw": 0.0, "distributor_network": "Endesa", "voltage_kv": 132.0, "grid_status": "Congested", "is_friction": true }, "geometry": { "type": "Point", "coordinates": [ 0.761816888162122, 42.456876830544118 ] } },
{ "type": "Feature", "properties": { "substation_name": "LLINARS", "provincia": "Barcelona", "municipio": "8046", "latitude": 41.63091743095552, "longitude": 2.3707320249883805, "available_capacity_mw": 136.14, "distributor_network": "Endesa", "voltage_kv": 132.0, "grid_status": "Sufficient", "is_friction": false }, "geometry": { "type": "Point", "coordinates": [ 2.370732024988381, 41.63091743095552 ] } },
{ "type": "Feature", "properties": { "substation_name": "LLOBREGAT", "provincia": "Barcelona", "municipio": "8019", "latitude": 41.336096485387401, "longitude": 2.1032851957812788, "available_capacity_mw": 287.06, "distributor_network": "Endesa", "voltage_kv": 110.0, "grid_status": "Sufficient", "is_friction": false }, "geometry": { "type": "Point", "coordinates": [ 2.103285195781279, 41.336096485387401 ] } },
{ "type": "Feature", "properties": { "substation_name": "LLORET", "provincia": "Girona", "municipio": "17095", "latitude": 41.721564575655187, "longitude": 2.8631736219555437, "available_capacity_mw": 0.0, "distributor_network": "Endesa", "voltage_kv": 110.0, "grid_status": "Congested", "is_friction": true }, "geometry": { "type": "Point", "coordinates": [ 2.863173621955544, 41.721564575655187 ] } },
{ "type": "Feature", "properties": { "substation_name": "LLORETA", "provincia": "Balears, Illes", "municipio": "7003", "latitude": 39.814056531256171, "longitude": -2.9061129082836072, "available_capacity_mw": 4.44, "distributor_network": "Endesa", "voltage_kv": 15.0, "grid_status": "Moderate", "is_friction": true }, "geometry": { "type": "Point", "coordinates": [ -2.906112908283607, 39.814056531256171 ] } },
{ "type": "Feature", "properties": { "substation_name": "LLUCMAJOR", "provincia": "Balears, Illes", "municipio": "7031", "latitude": 39.498114881178779, "longitude": -3.0992779311003233, "available_capacity_mw": 4.58, "distributor_network": "Endesa", "voltage_kv": 15.0, "grid_status": "Moderate", "is_friction": true }, "geometry": { "type": "Point", "coordinates": [ -3.099277931100323, 39.498114881178779 ] } },
{ "type": "Feature", "properties": { "substation_name": "LOBON", "provincia": "Badajoz", "municipio": "6072", "latitude": 38.844822033389576, "longitude": -6.6165644200395235, "available_capacity_mw": 0.0, "distributor_network": "Endesa", "voltage_kv": 66.0, "grid_status": "Congested", "is_friction": true }, "geometry": { "type": "Point", "coordinates": [ -6.616564420039523, 38.844822033389576 ] } },
{ "type": "Feature", "properties": { "substation_name": "LOGISTICA", "provincia": "Zaragoza", "municipio": "50297", "latitude": 41.64819486685203, "longitude": -0.98618248046646895, "available_capacity_mw": 0.0, "distributor_network": "Endesa", "voltage_kv": 45.0, "grid_status": "Congested", "is_friction": true }, "geometry": { "type": "Point", "coordinates": [ -0.986182480466469, 41.64819486685203 ] } },
{ "type": "Feature", "properties": { "substation_name": "LOJA", "provincia": "Granada", "municipio": "18122", "latitude": 37.182295676390339, "longitude": -4.1743938767828022, "available_capacity_mw": 0.0, "distributor_network": "Endesa", "voltage_kv": 132.0, "grid_status": "Congested", "is_friction": true }, "geometry": { "type": "Point", "coordinates": [ -4.174393876782802, 37.182295676390339 ] } },
{ "type": "Feature", "properties": { "substation_name": "LORA", "provincia": "Sevilla", "municipio": "41055", "latitude": 37.663759228851426, "longitude": -5.5351779842287394, "available_capacity_mw": 0.0, "distributor_network": "Endesa", "voltage_kv": 66.0, "grid_status": "Congested", "is_friction": true }, "geometry": { "type": "Point", "coordinates": [ -5.535177984228739, 37.663759228851426 ] } },
{ "type": "Feature", "properties": { "substation_name": "LOSNEGRO", "provincia": "Cádiz", "municipio": "11020", "latitude": 36.667779005868759, "longitude": -6.133341158607216, "available_capacity_mw": 0.0, "distributor_network": "Endesa", "voltage_kv": 66.0, "grid_status": "Congested", "is_friction": true }, "geometry": { "type": "Point", "coordinates": [ -6.133341158607216, 36.667779005868759 ] } },
{ "type": "Feature", "properties": { "substation_name": "LOSVELEZ", "provincia": "Almería", "municipio": "4099", "latitude": 37.652832970156425, "longitude": -2.0954495333576686, "available_capacity_mw": 0.0, "distributor_network": "Endesa", "voltage_kv": 25.0, "grid_status": "Congested", "is_friction": true }, "geometry": { "type": "Point", "coordinates": [ -2.095449533357669, 37.652832970156425 ] } },
{ "type": "Feature", "properties": { "substation_name": "LOS_ARCOS", "provincia": "Teruel", "municipio": "44025", "latitude": 41.043290565049368, "longitude": -0.47857161120225761, "available_capacity_mw": 0.0, "distributor_network": "Endesa", "voltage_kv": 132.0, "grid_status": "Congested", "is_friction": true }, "geometry": { "type": "Point", "coordinates": [ -0.478571611202258, 41.043290565049368 ] } },
{ "type": "Feature", "properties": { "substation_name": "LOS_LEONES", "provincia": "Zaragoza", "municipio": "50297", "latitude": 41.691168800895603, "longitude": -0.87334350939135641, "available_capacity_mw": 0.0, "distributor_network": "Endesa", "voltage_kv": 132.0, "grid_status": "Congested", "is_friction": true }, "geometry": { "type": "Point", "coordinates": [ -0.873343509391356, 41.691168800895603 ] } },
{ "type": "Feature", "properties": { "substation_name": "LS_RABANOS", "provincia": "Soria", "municipio": "42149", "latitude": 41.707384063456587, "longitude": -2.4734913768387514, "available_capacity_mw": 0.0, "distributor_network": "Endesa", "voltage_kv": 45.0, "grid_status": "Congested", "is_friction": true }, "geometry": { "type": "Point", "coordinates": [ -2.473491376838751, 41.707384063456587 ] } },
{ "type": "Feature", "properties": { "substation_name": "LS_VIENTOS", "provincia": "Zaragoza", "municipio": "50181", "latitude": 41.494261221610209, "longitude": -1.1387622638515955, "available_capacity_mw": 0.0, "distributor_network": "Endesa", "voltage_kv": 132.0, "grid_status": "Congested", "is_friction": true }, "geometry": { "type": "Point", "coordinates": [ -1.138762263851596, 41.494261221610209 ] } },
{ "type": "Feature", "properties": { "substation_name": "LS_VILNVAS", "provincia": "Teruel", "municipio": "44171", "latitude": 40.129624661405373, "longitude": -0.65316829377636698, "available_capacity_mw": 5.99, "distributor_network": "Endesa", "voltage_kv": 20.0, "grid_status": "Sufficient", "is_friction": false }, "geometry": { "type": "Point", "coordinates": [ -0.653168293776367, 40.129624661405373 ] } },
{ "type": "Feature", "properties": { "substation_name": "LUCAINEN", "provincia": "Almería", "municipio": "4060", "latitude": 37.015612324897802, "longitude": -2.1719472852835202, "available_capacity_mw": 0.0, "distributor_network": "Endesa", "voltage_kv": 132.0, "grid_status": "Congested", "is_friction": true }, "geometry": { "type": "Point", "coordinates": [ -2.17194728528352, 37.015612324897802 ] } },
{ "type": "Feature", "properties": { "substation_name": "LUCENA", "provincia": "Córdoba", "municipio": "14038", "latitude": 37.425762466029546, "longitude": -4.4791832074533291, "available_capacity_mw": 0.0, "distributor_network": "Endesa", "voltage_kv": 132.0, "grid_status": "Congested", "is_friction": true }, "geometry": { "type": "Point", "coordinates": [ -4.479183207453329, 37.425762466029546 ] } },
{ "type": "Feature", "properties": { "substation_name": "LUDRIO", "provincia": "Lugo", "municipio": "Castro de Rei", "latitude": 43.1284958535147, "longitude": -7.4167423181187759, "available_capacity_mw": 100.0, "distributor_network": "Viesgo", "voltage_kv": 132.0, "grid_status": "Sufficient", "is_friction": false }, "geometry": { "type": "Point", "coordinates": [ -7.416742318118776, 43.1284958535147 ] } },
{ "type": "Feature", "properties": { "substation_name": "L_OPORTUNA", "provincia": "Teruel", "municipio": "44022", "latitude": 41.00668176593868, "longitude": -0.5073841772726162, "available_capacity_mw": 0.0, "distributor_network": "Endesa", "voltage_kv": 132.0, "grid_status": "Congested", "is_friction": true }, "geometry": { "type": "Point", "coordinates": [ -0.507384177272616, 41.00668176593868 ] } },
{ "type": "Feature", "properties": { "substation_name": "M.FIGUERES", "provincia": "Barcelona", "municipio": "8279", "latitude": 41.555121141733089, "longitude": 2.0476420834602109, "available_capacity_mw": 201.31, "distributor_network": "Endesa", "voltage_kv": 110.0, "grid_status": "Sufficient", "is_friction": false }, "geometry": { "type": "Point", "coordinates": [ 2.047642083460211, 41.555121141733089 ] } },
{ "type": "Feature", "properties": { "substation_name": "MACHOS", "provincia": "Huelva", "municipio": "21044", "latitude": 37.312250689993718, "longitude": -7.2049030174402935, "available_capacity_mw": 7.84, "distributor_network": "Endesa", "voltage_kv": 66.0, "grid_status": "Sufficient", "is_friction": false }, "geometry": { "type": "Point", "coordinates": [ -7.204903017440293, 37.312250689993718 ] } },
{ "type": "Feature", "properties": { "substation_name": "MAGALLON", "provincia": "Zaragoza", "municipio": "50153", "latitude": 41.846377574393529, "longitude": -1.3788447542204134, "available_capacity_mw": 15.57, "distributor_network": "Endesa", "voltage_kv": 66.0, "grid_status": "Sufficient", "is_friction": false }, "geometry": { "type": "Point", "coordinates": [ -1.378844754220413, 41.846377574393529 ] } },
{ "type": "Feature", "properties": { "substation_name": "MAGRANERS", "provincia": "Lleida", "municipio": "25120", "latitude": 41.611922118183337, "longitude": 0.66797014366752194, "available_capacity_mw": 0.0, "distributor_network": "Endesa", "voltage_kv": 132.0, "grid_status": "Congested", "is_friction": true }, "geometry": { "type": "Point", "coordinates": [ 0.667970143667522, 41.611922118183337 ] } },
{ "type": "Feature", "properties": { "substation_name": "MAJADILL", "provincia": "Cádiz", "municipio": "11020", "latitude": 36.665264460076045, "longitude": -5.992485681492699, "available_capacity_mw": 0.0, "distributor_network": "Endesa", "voltage_kv": 132.0, "grid_status": "Congested", "is_friction": true }, "geometry": { "type": "Point", "coordinates": [ -5.992485681492699, 36.665264460076045 ] } },
{ "type": "Feature", "properties": { "substation_name": "MALIAÑO", "provincia": "Cantabria", "municipio": "Astillero (El)", "latitude": 43.414330257644423, "longitude": -3.841275771748673, "available_capacity_mw": 0.0, "distributor_network": "Viesgo", "voltage_kv": 55.0, "grid_status": "Congested", "is_friction": true }, "geometry": { "type": "Point", "coordinates": [ -3.841275771748673, 43.414330257644423 ] } },
{ "type": "Feature", "properties": { "substation_name": "MALLORCA", "provincia": "Zaragoza", "municipio": "50297", "latitude": 41.663555744773134, "longitude": -0.85449952151045805, "available_capacity_mw": 0.0, "distributor_network": "Endesa", "voltage_kv": 45.0, "grid_status": "Congested", "is_friction": true }, "geometry": { "type": "Point", "coordinates": [ -0.854499521510458, 41.663555744773134 ] } },
{ "type": "Feature", "properties": { "substation_name": "MALPICA", "provincia": "Zaragoza", "municipio": "50219", "latitude": 41.646174084943269, "longitude": -0.76688499789317488, "available_capacity_mw": 0.0, "distributor_network": "Endesa", "voltage_kv": 132.0, "grid_status": "Congested", "is_friction": true }, "geometry": { "type": "Point", "coordinates": [ -0.766884997893175, 41.646174084943269 ] } },
{ "type": "Feature", "properties": { "substation_name": "MANACOR", "provincia": "Balears, Illes", "municipio": "7033", "latitude": 39.573352361266153, "longitude": -2.8096042967669947, "available_capacity_mw": 9.68, "distributor_network": "Endesa", "voltage_kv": 15.0, "grid_status": "Sufficient", "is_friction": false }, "geometry": { "type": "Point", "coordinates": [ -2.809604296766995, 39.573352361266153 ] } },
{ "type": "Feature", "properties": { "substation_name": "MANANTIA", "provincia": "Málaga", "municipio": "29901", "latitude": 36.629776213721904, "longitude": -4.510246367002682, "available_capacity_mw": 0.0, "distributor_network": "Endesa", "voltage_kv": 66.0, "grid_status": "Congested", "is_friction": true }, "geometry": { "type": "Point", "coordinates": [ -4.510246367002682, 36.629776213721904 ] } },
{ "type": "Feature", "properties": { "substation_name": "MANCHARE", "provincia": "Jaén", "municipio": "23058", "latitude": 37.779710100472201, "longitude": -3.623468403233371, "available_capacity_mw": 0.0, "distributor_network": "Endesa", "voltage_kv": 66.0, "grid_status": "Congested", "is_friction": true }, "geometry": { "type": "Point", "coordinates": [ -3.623468403233371, 37.779710100472201 ] } },
{ "type": "Feature", "properties": { "substation_name": "MANILVA", "provincia": "Málaga", "municipio": "29068", "latitude": 36.345706613848662, "longitude": -5.2680591356558475, "available_capacity_mw": 0.0, "distributor_network": "Endesa", "voltage_kv": 66.0, "grid_status": "Congested", "is_friction": true }, "geometry": { "type": "Point", "coordinates": [ -5.268059135655847, 36.345706613848662 ] } },
{ "type": "Feature", "properties": { "substation_name": "MANRESA", "provincia": "Barcelona", "municipio": "8113", "latitude": 41.732414593982334, "longitude": 1.839313236664875, "available_capacity_mw": 147.16, "distributor_network": "Endesa", "voltage_kv": 110.0, "grid_status": "Sufficient", "is_friction": false }, "geometry": { "type": "Point", "coordinates": [ 1.839313236664875, 41.732414593982334 ] } },
{ "type": "Feature", "properties": { "substation_name": "MARAGALL", "provincia": "Barcelona", "municipio": "8019", "latitude": 41.416874176742859, "longitude": 2.1799239147681941, "available_capacity_mw": 33.41, "distributor_network": "Endesa", "voltage_kv": 25.0, "grid_status": "Sufficient", "is_friction": false }, "geometry": { "type": "Point", "coordinates": [ 2.179923914768194, 41.416874176742859 ] } },
{ "type": "Feature", "properties": { "substation_name": "MARBELLA", "provincia": "Málaga", "municipio": "29069", "latitude": 36.517920802217745, "longitude": -4.8941365731835873, "available_capacity_mw": 0.0, "distributor_network": "Endesa", "voltage_kv": 66.0, "grid_status": "Congested", "is_friction": true }, "geometry": { "type": "Point", "coordinates": [ -4.894136573183587, 36.517920802217745 ] } },
{ "type": "Feature", "properties": { "substation_name": "MARCEN", "provincia": "Huesca", "municipio": "22136", "latitude": 41.881992075330594, "longitude": -0.28542316768661458, "available_capacity_mw": 0.0, "distributor_network": "Endesa", "voltage_kv": 132.0, "grid_status": "Congested", "is_friction": true }, "geometry": { "type": "Point", "coordinates": [ -0.285423167686615, 41.881992075330594 ] } },
{ "type": "Feature", "properties": { "substation_name": "MARCHENA", "provincia": "Sevilla", "municipio": "41060", "latitude": 37.322823635745912, "longitude": -5.433196693561813, "available_capacity_mw": 0.0, "distributor_network": "Endesa", "voltage_kv": 66.0, "grid_status": "Congested", "is_friction": true }, "geometry": { "type": "Point", "coordinates": [ -5.433196693561813, 37.322823635745912 ] } },
{ "type": "Feature", "properties": { "substation_name": "MARIA_HUER", "provincia": "Zaragoza", "municipio": "50163", "latitude": 41.53459007121851, "longitude": -1.0029049263499952, "available_capacity_mw": 0.0, "distributor_network": "Endesa", "voltage_kv": 45.0, "grid_status": "Congested", "is_friction": true }, "geometry": { "type": "Point", "coordinates": [ -1.002904926349995, 41.53459007121851 ] } },
{ "type": "Feature", "properties": { "substation_name": "MARISMAS", "provincia": "Sevilla", "municipio": "41020", "latitude": 37.072014620141566, "longitude": -6.0359350756166545, "available_capacity_mw": 0.0, "distributor_network": "Endesa", "voltage_kv": 66.0, "grid_status": "Congested", "is_friction": true }, "geometry": { "type": "Point", "coordinates": [ -6.035935075616655, 37.072014620141566 ] } },
{ "type": "Feature", "properties": { "substation_name": "MARMOLEJ", "provincia": "Jaén", "municipio": "23059", "latitude": 38.059621420020058, "longitude": -4.1876219725801711, "available_capacity_mw": 0.0, "distributor_network": "Endesa", "voltage_kv": 66.0, "grid_status": "Congested", "is_friction": true }, "geometry": { "type": "Point", "coordinates": [ -4.187621972580171, 38.059621420020058 ] } },
{ "type": "Feature", "properties": { "substation_name": "MARQUESA", "provincia": "Cádiz", "municipio": "11028", "latitude": 36.480002077975016, "longitude": -6.0720670567248343, "available_capacity_mw": 2.53, "distributor_network": "Endesa", "voltage_kv": 66.0, "grid_status": "Moderate", "is_friction": true }, "geometry": { "type": "Point", "coordinates": [ -6.072067056724834, 36.480002077975016 ] } },
{ "type": "Feature", "properties": { "substation_name": "MARRACOS", "provincia": "Zaragoza", "municipio": "50902", "latitude": 42.062765511585127, "longitude": -0.77300121199946192, "available_capacity_mw": 0.0, "distributor_network": "Endesa", "voltage_kv": 45.0, "grid_status": "Congested", "is_friction": true }, "geometry": { "type": "Point", "coordinates": [ -0.773001211999462, 42.062765511585127 ] } },
{ "type": "Feature", "properties": { "substation_name": "MARRATXI", "provincia": "Balears, Illes", "municipio": "7036", "latitude": 39.611677111453403, "longitude": -3.2736517873169171, "available_capacity_mw": 0.0, "distributor_network": "Endesa", "voltage_kv": 15.0, "grid_status": "Congested", "is_friction": true }, "geometry": { "type": "Point", "coordinates": [ -3.273651787316917, 39.611677111453403 ] } },
{ "type": "Feature", "properties": { "substation_name": "MARTIN_RIO", "provincia": "Teruel", "municipio": "44144", "latitude": 40.842503180894241, "longitude": -0.8996764931858019, "available_capacity_mw": 0.0, "distributor_network": "Endesa", "voltage_kv": 45.0, "grid_status": "Congested", "is_friction": true }, "geometry": { "type": "Point", "coordinates": [ -0.899676493185802, 40.842503180894241 ] } },
{ "type": "Feature", "properties": { "substation_name": "MARTORELL", "provincia": "Barcelona", "municipio": "8114", "latitude": 41.475979252185113, "longitude": 1.9072013122158036, "available_capacity_mw": 0.0, "distributor_network": "Endesa", "voltage_kv": 110.0, "grid_status": "Congested", "is_friction": true }, "geometry": { "type": "Point", "coordinates": [ 1.907201312215804, 41.475979252185113 ] } },
{ "type": "Feature", "properties": { "substation_name": "MARTOS", "provincia": "Jaén", "municipio": "23060", "latitude": 37.727933379291962, "longitude": -3.9758079479065129, "available_capacity_mw": 0.0, "distributor_network": "Endesa", "voltage_kv": 132.0, "grid_status": "Congested", "is_friction": true }, "geometry": { "type": "Point", "coordinates": [ -3.975807947906513, 37.727933379291962 ] } },
{ "type": "Feature", "properties": { "substation_name": "MARYSOL", "provincia": "Málaga", "municipio": "29901", "latitude": 36.612957587294723, "longitude": -4.525735927680028, "available_capacity_mw": 29.09, "distributor_network": "Endesa", "voltage_kv": 66.0, "grid_status": "Sufficient", "is_friction": false }, "geometry": { "type": "Point", "coordinates": [ -4.525735927680028, 36.612957587294723 ] } },
{ "type": "Feature", "properties": { "substation_name": "MATA", "provincia": "Barcelona", "municipio": "8019", "latitude": 41.374073810979148, "longitude": 2.1720922533126235, "available_capacity_mw": 170.02, "distributor_network": "Endesa", "voltage_kv": 110.0, "grid_status": "Sufficient", "is_friction": false }, "geometry": { "type": "Point", "coordinates": [ 2.172092253312623, 41.374073810979148 ] } },
{ "type": "Feature", "properties": { "substation_name": "MATAGORD", "provincia": "Cádiz", "municipio": "11028", "latitude": 36.515308150013411, "longitude": -6.233893689020034, "available_capacity_mw": 0.0, "distributor_network": "Endesa", "voltage_kv": 66.0, "grid_status": "Congested", "is_friction": true }, "geometry": { "type": "Point", "coordinates": [ -6.233893689020034, 36.515308150013411 ] } },
{ "type": "Feature", "properties": { "substation_name": "MATALASC", "provincia": "Huelva", "municipio": "21005", "latitude": 37.013075591063199, "longitude": -6.5619612922135948, "available_capacity_mw": 0.0, "distributor_network": "Endesa", "voltage_kv": 66.0, "grid_status": "Congested", "is_friction": true }, "geometry": { "type": "Point", "coordinates": [ -6.561961292213595, 37.013075591063199 ] } },
{ "type": "Feature", "properties": { "substation_name": "MATAPORQUERA", "provincia": "Cantabria", "municipio": "Valdeolea", "latitude": 42.879351340336051, "longitude": -4.1597249928683961, "available_capacity_mw": 2.0, "distributor_network": "Viesgo", "voltage_kv": 132.0, "grid_status": "Moderate", "is_friction": true }, "geometry": { "type": "Point", "coordinates": [ -4.159724992868396, 42.879351340336051 ] } },
{ "type": "Feature", "properties": { "substation_name": "MATARO", "provincia": "Barcelona", "municipio": "8121", "latitude": 41.550140518175155, "longitude": 2.4534082220925453, "available_capacity_mw": 253.57, "distributor_network": "Endesa", "voltage_kv": 110.0, "grid_status": "Sufficient", "is_friction": false }, "geometry": { "type": "Point", "coordinates": [ 2.453408222092545, 41.550140518175155 ] } },
{ "type": "Feature", "properties": { "substation_name": "MAZAGON", "provincia": "Huelva", "municipio": "21050", "latitude": 37.141319701816187, "longitude": -6.8133352818330746, "available_capacity_mw": 0.0, "distributor_network": "Endesa", "voltage_kv": 66.0, "grid_status": "Congested", "is_friction": true }, "geometry": { "type": "Point", "coordinates": [ -6.813335281833075, 37.141319701816187 ] } },
{ "type": "Feature", "properties": { "substation_name": "MAZUELAS", "provincia": "Palencia", "municipio": "Aguilar de Campoo", "latitude": 42.785874530794452, "longitude": -4.2817785213129778, "available_capacity_mw": 2.0, "distributor_network": "Viesgo", "voltage_kv": 132.0, "grid_status": "Moderate", "is_friction": true }, "geometry": { "type": "Point", "coordinates": [ -4.281778521312978, 42.785874530794452 ] } },
{ "type": "Feature", "properties": { "substation_name": "MAZUELOS", "provincia": "Jaén", "municipio": "23002", "latitude": 37.447425102040107, "longitude": -3.8798641799199305, "available_capacity_mw": 0.0, "distributor_network": "Endesa", "voltage_kv": 66.0, "grid_status": "Congested", "is_friction": true }, "geometry": { "type": "Point", "coordinates": [ -3.87986417991993, 37.447425102040107 ] } },
{ "type": "Feature", "properties": { "substation_name": "MECOBUSA", "provincia": "Cantabria", "municipio": "Corrales de Buelna (Los)", "latitude": 43.256277432797653, "longitude": -4.0589982220281566, "available_capacity_mw": 0.0, "distributor_network": "Viesgo", "voltage_kv": 55.0, "grid_status": "Congested", "is_friction": true }, "geometry": { "type": "Point", "coordinates": [ -4.058998222028157, 43.256277432797653 ] } },
{ "type": "Feature", "properties": { "substation_name": "MEDIAVEGA", "provincia": "Zaragoza", "municipio": "50067", "latitude": 41.355648713725984, "longitude": -1.62287526059597, "available_capacity_mw": 0.0, "distributor_network": "Endesa", "voltage_kv": 45.0, "grid_status": "Congested", "is_friction": true }, "geometry": { "type": "Point", "coordinates": [ -1.62287526059597, 41.355648713725984 ] } },
{ "type": "Feature", "properties": { "substation_name": "MEDINA_S", "provincia": "Cádiz", "municipio": "11023", "latitude": 36.467622691104502, "longitude": -5.9271652053859025, "available_capacity_mw": 2.51, "distributor_network": "Endesa", "voltage_kv": 66.0, "grid_status": "Moderate", "is_friction": true }, "geometry": { "type": "Point", "coordinates": [ -5.927165205385903, 36.467622691104502 ] } },
{ "type": "Feature", "properties": { "substation_name": "MELGAR", "provincia": "Burgos", "municipio": "Melgar de Fernamental", "latitude": 42.402869176923318, "longitude": -4.2303154864877888, "available_capacity_mw": 0.0, "distributor_network": "Viesgo", "voltage_kv": 30.0, "grid_status": "Congested", "is_friction": true }, "geometry": { "type": "Point", "coordinates": [ -4.230315486487789, 42.402869176923318 ] } },
{ "type": "Feature", "properties": { "substation_name": "MENACHA", "provincia": "Cádiz", "municipio": "11004", "latitude": 36.161585853675213, "longitude": -5.4671206212198618, "available_capacity_mw": 0.0, "distributor_network": "Endesa", "voltage_kv": 66.0, "grid_status": "Congested", "is_friction": true }, "geometry": { "type": "Point", "coordinates": [ -5.467120621219862, 36.161585853675213 ] } },
{ "type": "Feature", "properties": { "substation_name": "MENGIBAR", "provincia": "Jaén", "municipio": "23061", "latitude": 37.985251354608039, "longitude": -3.7920168494540385, "available_capacity_mw": 0.0, "distributor_network": "Endesa", "voltage_kv": 132.0, "grid_status": "Congested", "is_friction": true }, "geometry": { "type": "Point", "coordinates": [ -3.792016849454038, 37.985251354608039 ] } },
{ "type": "Feature", "properties": { "substation_name": "MEQUINENZA", "provincia": "Zaragoza", "municipio": "50165", "latitude": 41.368880116999208, "longitude": 0.277016064846072, "available_capacity_mw": 0.0, "distributor_network": "Endesa", "voltage_kv": 66.0, "grid_status": "Congested", "is_friction": true }, "geometry": { "type": "Point", "coordinates": [ 0.277016064846072, 41.368880116999208 ] } },
{ "type": "Feature", "properties": { "substation_name": "MERCADAL", "provincia": "Balears, Illes", "municipio": "7037", "latitude": 39.97716870994541, "longitude": -1.9042733280061723, "available_capacity_mw": 45.11, "distributor_network": "Endesa", "voltage_kv": 15.0, "grid_status": "Sufficient", "is_friction": false }, "geometry": { "type": "Point", "coordinates": [ -1.904273328006172, 39.97716870994541 ] } },
{ "type": "Feature", "properties": { "substation_name": "MERCADONA", "provincia": "Barcelona", "municipio": "8001", "latitude": 41.507787454067255, "longitude": 1.8922681435549875, "available_capacity_mw": 0.0, "distributor_network": "Endesa", "voltage_kv": 110.0, "grid_status": "Congested", "is_friction": true }, "geometry": { "type": "Point", "coordinates": [ 1.892268143554988, 41.507787454067255 ] } },
{ "type": "Feature", "properties": { "substation_name": "MERCANCI", "provincia": "Cádiz", "municipio": "11033", "latitude": 36.235192227688266, "longitude": -5.4292433978857266, "available_capacity_mw": 0.0, "distributor_network": "Endesa", "voltage_kv": 66.0, "grid_status": "Congested", "is_friction": true }, "geometry": { "type": "Point", "coordinates": [ -5.429243397885727, 36.235192227688266 ] } },
{ "type": "Feature", "properties": { "substation_name": "MERIDA", "provincia": "Badajoz", "municipio": "6083", "latitude": 38.896578006581869, "longitude": -6.3416455129777463, "available_capacity_mw": 0.0, "distributor_network": "Endesa", "voltage_kv": 132.0, "grid_status": "Congested", "is_friction": true }, "geometry": { "type": "Point", "coordinates": [ -6.341645512977746, 38.896578006581869 ] } },
{ "type": "Feature", "properties": { "substation_name": "MERUELO", "provincia": "Cantabria", "municipio": "Meruelo", "latitude": 43.431026116511624, "longitude": -3.6076204280009816, "available_capacity_mw": 0.67, "distributor_network": "Viesgo", "voltage_kv": 55.0, "grid_status": "Congested", "is_friction": true }, "geometry": { "type": "Point", "coordinates": [ -3.607620428000982, 43.431026116511624 ] } },
{ "type": "Feature", "properties": { "substation_name": "MIJAS", "provincia": "Málaga", "municipio": "29070", "latitude": 36.528282484685498, "longitude": -4.6412979631678928, "available_capacity_mw": 0.0, "distributor_network": "Endesa", "voltage_kv": 66.0, "grid_status": "Congested", "is_friction": true }, "geometry": { "type": "Point", "coordinates": [ -4.641297963167893, 36.528282484685498 ] } },
{ "type": "Feature", "properties": { "substation_name": "MILLOR", "provincia": "Balears, Illes", "municipio": "7051", "latitude": 39.583518428527647, "longitude": -2.6366425733225123, "available_capacity_mw": 35.64, "distributor_network": "Endesa", "voltage_kv": 15.0, "grid_status": "Sufficient", "is_friction": false }, "geometry": { "type": "Point", "coordinates": [ -2.636642573322512, 39.583518428527647 ] } },
{ "type": "Feature", "properties": { "substation_name": "MIRAFLOR", "provincia": "Málaga", "municipio": "29067", "latitude": 36.727572650984023, "longitude": -4.3592783210513684, "available_capacity_mw": 19.01, "distributor_network": "Endesa", "voltage_kv": 66.0, "grid_status": "Sufficient", "is_friction": false }, "geometry": { "type": "Point", "coordinates": [ -4.359278321051368, 36.727572650984023 ] } },
{ "type": "Feature", "properties": { "substation_name": "MIRAFLORES", "provincia": "Zaragoza", "municipio": "50297", "latitude": 41.644409018322357, "longitude": -0.87769070776627944, "available_capacity_mw": 0.0, "distributor_network": "Endesa", "voltage_kv": 132.0, "grid_status": "Congested", "is_friction": true }, "geometry": { "type": "Point", "coordinates": [ -0.877690707766279, 41.644409018322357 ] } },
{ "type": "Feature", "properties": { "substation_name": "MOCHOS", "provincia": "Córdoba", "municipio": "14005", "latitude": 37.835099627322307, "longitude": -4.9757584179359533, "available_capacity_mw": 0.0, "distributor_network": "Endesa", "voltage_kv": 66.0, "grid_status": "Congested", "is_friction": true }, "geometry": { "type": "Point", "coordinates": [ -4.975758417935953, 37.835099627322307 ] } },
{ "type": "Feature", "properties": { "substation_name": "MOGENT", "provincia": "Barcelona", "municipio": "8115", "latitude": 41.536386017540771, "longitude": 2.2395368106447018, "available_capacity_mw": 279.02, "distributor_network": "Endesa", "voltage_kv": 110.0, "grid_status": "Sufficient", "is_friction": false }, "geometry": { "type": "Point", "coordinates": [ 2.239536810644702, 41.536386017540771 ] } },
{ "type": "Feature", "properties": { "substation_name": "MOGUER", "provincia": "Huelva", "municipio": "21050", "latitude": 37.266237950816524, "longitude": -6.8513153639296869, "available_capacity_mw": 0.0, "distributor_network": "Endesa", "voltage_kv": 66.0, "grid_status": "Congested", "is_friction": true }, "geometry": { "type": "Point", "coordinates": [ -6.851315363929687, 37.266237950816524 ] } },
{ "type": "Feature", "properties": { "substation_name": "MOJA", "provincia": "Barcelona", "municipio": "8145", "latitude": 41.330497569481153, "longitude": 1.6970648807563948, "available_capacity_mw": 96.5, "distributor_network": "Endesa", "voltage_kv": 110.0, "grid_status": "Sufficient", "is_friction": false }, "geometry": { "type": "Point", "coordinates": [ 1.697064880756395, 41.330497569481153 ] } },
{ "type": "Feature", "properties": { "substation_name": "MOJACAR", "provincia": "Almería", "municipio": "4064", "latitude": 37.154033084694547, "longitude": -1.8353239302294435, "available_capacity_mw": 0.0, "distributor_network": "Endesa", "voltage_kv": 132.0, "grid_status": "Congested", "is_friction": true }, "geometry": { "type": "Point", "coordinates": [ -1.835323930229444, 37.154033084694547 ] } },
{ "type": "Feature", "properties": { "substation_name": "MOLEONA", "provincia": "Huelva", "municipio": "21007", "latitude": 37.879316212651808, "longitude": -6.5306399721220485, "available_capacity_mw": 0.0, "distributor_network": "Endesa", "voltage_kv": 66.0, "grid_status": "Congested", "is_friction": true }, "geometry": { "type": "Point", "coordinates": [ -6.530639972122048, 37.879316212651808 ] } },
{ "type": "Feature", "properties": { "substation_name": "MOLI", "provincia": "Barcelona", "municipio": "8150", "latitude": 42.074012200929353, "longitude": 2.2315956086335791, "available_capacity_mw": 6.47, "distributor_network": "Endesa", "voltage_kv": 45.0, "grid_status": "Sufficient", "is_friction": false }, "geometry": { "type": "Point", "coordinates": [ 2.231595608633579, 42.074012200929353 ] } },
{ "type": "Feature", "properties": { "substation_name": "MOLINES", "provincia": "Balears, Illes", "municipio": "7040", "latitude": 39.567790015772175, "longitude": -3.3253731998309921, "available_capacity_mw": 48.68, "distributor_network": "Endesa", "voltage_kv": 15.0, "grid_status": "Sufficient", "is_friction": false }, "geometry": { "type": "Point", "coordinates": [ -3.325373199830992, 39.567790015772175 ] } },
{ "type": "Feature", "properties": { "substation_name": "MOLINOS", "provincia": "Almería", "municipio": "4013", "latitude": 36.862945708657591, "longitude": -2.4375349025259427, "available_capacity_mw": 0.0, "distributor_network": "Endesa", "voltage_kv": 132.0, "grid_status": "Congested", "is_friction": true }, "geometry": { "type": "Point", "coordinates": [ -2.437534902525943, 36.862945708657591 ] } },
{ "type": "Feature", "properties": { "substation_name": "MOLI_MAYOR", "provincia": "Teruel", "municipio": "44013", "latitude": 41.053364473815108, "longitude": -0.1356034295301741, "available_capacity_mw": 0.0, "distributor_network": "Endesa", "voltage_kv": 45.0, "grid_status": "Congested", "is_friction": true }, "geometry": { "type": "Point", "coordinates": [ -0.135603429530174, 41.053364473815108 ] } },
{ "type": "Feature", "properties": { "substation_name": "MOLLERUSSA", "provincia": "Lleida", "municipio": "25137", "latitude": 41.632440034331772, "longitude": 0.88904654442919684, "available_capacity_mw": 0.0, "distributor_network": "Endesa", "voltage_kv": 110.0, "grid_status": "Congested", "is_friction": true }, "geometry": { "type": "Point", "coordinates": [ 0.889046544429197, 41.632440034331772 ] } },
{ "type": "Feature", "properties": { "substation_name": "MOLLINA", "provincia": "Málaga", "municipio": "29072", "latitude": 37.112573789171094, "longitude": -4.6673102859619586, "available_capacity_mw": 0.0, "distributor_network": "Endesa", "voltage_kv": 66.0, "grid_status": "Congested", "is_friction": true }, "geometry": { "type": "Point", "coordinates": [ -4.667310285961959, 37.112573789171094 ] } },
{ "type": "Feature", "properties": { "substation_name": "MONCAYO", "provincia": "Soria", "municipio": "42134", "latitude": 41.746484777717505, "longitude": -1.9238510294898099, "available_capacity_mw": 0.0, "distributor_network": "Endesa", "voltage_kv": 45.0, "grid_status": "Congested", "is_friction": true }, "geometry": { "type": "Point", "coordinates": [ -1.92385102948981, 41.746484777717505 ] } },
{ "type": "Feature", "properties": { "substation_name": "MONCLOVA", "provincia": "Sevilla", "municipio": "41042", "latitude": 37.554771160926968, "longitude": -5.330614341205874, "available_capacity_mw": 0.0, "distributor_network": "Endesa", "voltage_kv": 66.0, "grid_status": "Congested", "is_friction": true }, "geometry": { "type": "Point", "coordinates": [ -5.330614341205874, 37.554771160926968 ] } },
{ "type": "Feature", "properties": { "substation_name": "MONDONEDO", "provincia": "Lugo", "municipio": "Mondoñedo", "latitude": 43.431832632736509, "longitude": -7.3668283702402588, "available_capacity_mw": 68.0, "distributor_network": "Viesgo", "voltage_kv": 132.0, "grid_status": "Sufficient", "is_friction": false }, "geometry": { "type": "Point", "coordinates": [ -7.366828370240259, 43.431832632736509 ] } },
{ "type": "Feature", "properties": { "substation_name": "MONEGROS", "provincia": "Huesca", "municipio": "22077", "latitude": 41.501262276168688, "longitude": 0.0088854267875158998, "available_capacity_mw": 0.0, "distributor_network": "Endesa", "voltage_kv": 110.0, "grid_status": "Congested", "is_friction": true }, "geometry": { "type": "Point", "coordinates": [ 0.008885426787516, 41.501262276168688 ] } },
{ "type": "Feature", "properties": { "substation_name": "MONISTROL", "provincia": "Barcelona", "municipio": "8127", "latitude": 41.618966594681048, "longitude": 1.8508386779644996, "available_capacity_mw": 0.0, "distributor_network": "Endesa", "voltage_kv": 110.0, "grid_status": "Congested", "is_friction": true }, "geometry": { "type": "Point", "coordinates": [ 1.8508386779645, 41.618966594681048 ] } },
{ "type": "Feature", "properties": { "substation_name": "MONREAL", "provincia": "Teruel", "municipio": "44153", "latitude": 40.779374532981713, "longitude": -1.3435866417219831, "available_capacity_mw": 0.0, "distributor_network": "Endesa", "voltage_kv": 45.0, "grid_status": "Congested", "is_friction": true }, "geometry": { "type": "Point", "coordinates": [ -1.343586641721983, 40.779374532981713 ] } },
{ "type": "Feature", "properties": { "substation_name": "MONREPOS", "provincia": "Huesca", "municipio": "22072", "latitude": 42.345572579241562, "longitude": -0.39300880399349952, "available_capacity_mw": 0.0, "distributor_network": "Endesa", "voltage_kv": 45.0, "grid_status": "Congested", "is_friction": true }, "geometry": { "type": "Point", "coordinates": [ -0.3930088039935, 42.345572579241562 ] } },
{ "type": "Feature", "properties": { "substation_name": "MONTANYANA", "provincia": "Lleida", "municipio": "25196", "latitude": 42.122252594652899, "longitude": 0.704800355078681, "available_capacity_mw": 0.0, "distributor_network": "Endesa", "voltage_kv": 132.0, "grid_status": "Congested", "is_friction": true }, "geometry": { "type": "Point", "coordinates": [ 0.704800355078681, 42.122252594652899 ] } },
{ "type": "Feature", "properties": { "substation_name": "MONTBLANC", "provincia": "Tarragona", "municipio": "43086", "latitude": 41.395892771206448, "longitude": 1.1344977366675566, "available_capacity_mw": 3.31, "distributor_network": "Endesa", "voltage_kv": 25.0, "grid_status": "Moderate", "is_friction": true }, "geometry": { "type": "Point", "coordinates": [ 1.134497736667557, 41.395892771206448 ] } },
{ "type": "Feature", "properties": { "substation_name": "MONTEALT", "provincia": "Cádiz", "municipio": "11020", "latitude": 36.70731106339008, "longitude": -6.1379483474603465, "available_capacity_mw": 0.0, "distributor_network": "Endesa", "voltage_kv": 66.0, "grid_status": "Congested", "is_friction": true }, "geometry": { "type": "Point", "coordinates": [ -6.137948347460346, 36.70731106339008 ] } },
{ "type": "Feature", "properties": { "substation_name": "MONTECAS", "provincia": "Cádiz", "municipio": "11020", "latitude": 36.709490174137194, "longitude": -6.0385220349897555, "available_capacity_mw": 0.0, "distributor_network": "Endesa", "voltage_kv": 66.0, "grid_status": "Congested", "is_friction": true }, "geometry": { "type": "Point", "coordinates": [ -6.038522034989755, 36.709490174137194 ] } },
{ "type": "Feature", "properties": { "substation_name": "MONTES", "provincia": "Málaga", "municipio": "29067", "latitude": 36.745484901823033, "longitude": -4.388839916928994, "available_capacity_mw": 50.41, "distributor_network": "Endesa", "voltage_kv": 66.0, "grid_status": "Sufficient", "is_friction": false }, "geometry": { "type": "Point", "coordinates": [ -4.388839916928994, 36.745484901823033 ] } },
{ "type": "Feature", "properties": { "substation_name": "MONTILLA", "provincia": "Córdoba", "municipio": "14042", "latitude": 37.60563364194649, "longitude": -4.6767988455090208, "available_capacity_mw": 0.0, "distributor_network": "Endesa", "voltage_kv": 66.0, "grid_status": "Congested", "is_friction": true }, "geometry": { "type": "Point", "coordinates": [ -4.676798845509021, 37.60563364194649 ] } },
{ "type": "Feature", "properties": { "substation_name": "MONTMELO", "provincia": "Barcelona", "municipio": "8135", "latitude": 41.551687947655942, "longitude": 2.2546200390673716, "available_capacity_mw": 161.84, "distributor_network": "Endesa", "voltage_kv": 132.0, "grid_status": "Sufficient", "is_friction": false }, "geometry": { "type": "Point", "coordinates": [ 2.254620039067372, 41.551687947655942 ] } },
{ "type": "Feature", "properties": { "substation_name": "MONTROIG", "provincia": "Lleida", "municipio": "25911", "latitude": 41.746525984016913, "longitude": 1.1904160773214865, "available_capacity_mw": 0.0, "distributor_network": "Endesa", "voltage_kv": 110.0, "grid_status": "Congested", "is_friction": true }, "geometry": { "type": "Point", "coordinates": [ 1.190416077321486, 41.746525984016913 ] } },
{ "type": "Feature", "properties": { "substation_name": "MONTSIA", "provincia": "Tarragona", "municipio": "43156", "latitude": 40.621780240564853, "longitude": 0.37021626027677479, "available_capacity_mw": 0.0, "distributor_network": "Endesa", "voltage_kv": 110.0, "grid_status": "Congested", "is_friction": true }, "geometry": { "type": "Point", "coordinates": [ 0.370216260276775, 40.621780240564853 ] } },
{ "type": "Feature", "properties": { "substation_name": "MONZALBARB", "provincia": "Zaragoza", "municipio": "50297", "latitude": 41.691932622316017, "longitude": -0.97155489938297956, "available_capacity_mw": 0.0, "distributor_network": "Endesa", "voltage_kv": 45.0, "grid_status": "Congested", "is_friction": true }, "geometry": { "type": "Point", "coordinates": [ -0.97155489938298, 41.691932622316017 ] } },
{ "type": "Feature", "properties": { "substation_name": "MONZON", "provincia": "Huesca", "municipio": "22158", "latitude": 41.933302472854763, "longitude": 0.17502872518568829, "available_capacity_mw": 0.0, "distributor_network": "Endesa", "voltage_kv": 132.0, "grid_status": "Congested", "is_friction": true }, "geometry": { "type": "Point", "coordinates": [ 0.175028725185688, 41.933302472854763 ] } },
{ "type": "Feature", "properties": { "substation_name": "MORATA", "provincia": "Zaragoza", "municipio": "50175", "latitude": 41.472408562665962, "longitude": -1.4870198597649464, "available_capacity_mw": 0.0, "distributor_network": "Endesa", "voltage_kv": 45.0, "grid_status": "Congested", "is_friction": true }, "geometry": { "type": "Point", "coordinates": [ -1.487019859764946, 41.472408562665962 ] } },
{ "type": "Feature", "properties": { "substation_name": "MORATALL", "provincia": "Córdoba", "municipio": "14036", "latitude": 37.789762751598531, "longitude": -5.2052560485902193, "available_capacity_mw": 0.0, "distributor_network": "Endesa", "voltage_kv": 132.0, "grid_status": "Congested", "is_friction": true }, "geometry": { "type": "Point", "coordinates": [ -5.205256048590219, 37.789762751598531 ] } },
{ "type": "Feature", "properties": { "substation_name": "MOREDA", "provincia": "Asturias", "municipio": "Aller", "latitude": 43.166402893565305, "longitude": -5.7363303132804528, "available_capacity_mw": 1.56, "distributor_network": "Viesgo", "voltage_kv": 30.0, "grid_status": "Moderate", "is_friction": true }, "geometry": { "type": "Point", "coordinates": [ -5.736330313280453, 43.166402893565305 ] } },
{ "type": "Feature", "properties": { "substation_name": "MORERA", "provincia": "Sevilla", "municipio": "41095", "latitude": 37.204751703936708, "longitude": -5.8036088307499716, "available_capacity_mw": 0.0, "distributor_network": "Endesa", "voltage_kv": 66.0, "grid_status": "Congested", "is_friction": true }, "geometry": { "type": "Point", "coordinates": [ -5.803608830749972, 37.204751703936708 ] } },
{ "type": "Feature", "properties": { "substation_name": "MORES", "provincia": "Zaragoza", "municipio": "50177", "latitude": 41.484728346391712, "longitude": -1.5682432702190423, "available_capacity_mw": 0.0, "distributor_network": "Endesa", "voltage_kv": 45.0, "grid_status": "Congested", "is_friction": true }, "geometry": { "type": "Point", "coordinates": [ -1.568243270219042, 41.484728346391712 ] } },
{ "type": "Feature", "properties": { "substation_name": "MORON", "provincia": "Sevilla", "municipio": "41065", "latitude": 37.132762826125905, "longitude": -5.4575969104619988, "available_capacity_mw": 0.0, "distributor_network": "Endesa", "voltage_kv": 66.0, "grid_status": "Congested", "is_friction": true }, "geometry": { "type": "Point", "coordinates": [ -5.457596910461999, 37.132762826125905 ] } },
{ "type": "Feature", "properties": { "substation_name": "MOTORS", "provincia": "Barcelona", "municipio": "8019", "latitude": 41.345383541019459, "longitude": 2.1302952918256621, "available_capacity_mw": 52.9, "distributor_network": "Endesa", "voltage_kv": 25.0, "grid_status": "Sufficient", "is_friction": false }, "geometry": { "type": "Point", "coordinates": [ 2.130295291825662, 41.345383541019459 ] } },
{ "type": "Feature", "properties": { "substation_name": "MOTRIL", "provincia": "Granada", "municipio": "18140", "latitude": 36.732217723646798, "longitude": -3.541857625854302, "available_capacity_mw": 0.0, "distributor_network": "Endesa", "voltage_kv": 132.0, "grid_status": "Congested", "is_friction": true }, "geometry": { "type": "Point", "coordinates": [ -3.541857625854302, 36.732217723646798 ] } },
{ "type": "Feature", "properties": { "substation_name": "MUEL", "provincia": "Zaragoza", "municipio": "50181", "latitude": 41.467339845152907, "longitude": -1.0914818414091263, "available_capacity_mw": 0.0, "distributor_network": "Endesa", "voltage_kv": 45.0, "grid_status": "Congested", "is_friction": true }, "geometry": { "type": "Point", "coordinates": [ -1.091481841409126, 41.467339845152907 ] } },
{ "type": "Feature", "properties": { "substation_name": "MV_KANSA", "provincia": "Sevilla", "municipio": "41091", "latitude": 37.395917616177591, "longitude": -5.9593577982581154, "available_capacity_mw": 0.0, "distributor_network": "Endesa", "voltage_kv": 20.0, "grid_status": "Congested", "is_friction": true }, "geometry": { "type": "Point", "coordinates": [ -5.959357798258115, 37.395917616177591 ] } },
{ "type": "Feature", "properties": { "substation_name": "M_CUDEYO", "provincia": "Cantabria", "municipio": "Entrambasaguas", "latitude": 43.398004090818901, "longitude": -3.7426326156360874, "available_capacity_mw": 0.53, "distributor_network": "Viesgo", "voltage_kv": 55.0, "grid_status": "Congested", "is_friction": true }, "geometry": { "type": "Point", "coordinates": [ -3.742632615636087, 43.398004090818901 ] } },
{ "type": "Feature", "properties": { "substation_name": "NARANJOS", "provincia": "Almería", "municipio": "4024", "latitude": 36.93273448037106, "longitude": -2.4727632472578422, "available_capacity_mw": 0.0, "distributor_network": "Endesa", "voltage_kv": 132.0, "grid_status": "Congested", "is_friction": true }, "geometry": { "type": "Point", "coordinates": [ -2.472763247257842, 36.93273448037106 ] } },
{ "type": "Feature", "properties": { "substation_name": "NAVALCABAL", "provincia": "Soria", "municipio": "42149", "latitude": 41.680856569987995, "longitude": -2.5258053874110975, "available_capacity_mw": 0.0, "distributor_network": "Endesa", "voltage_kv": 45.0, "grid_status": "Congested", "is_friction": true }, "geometry": { "type": "Point", "coordinates": [ -2.525805387411098, 41.680856569987995 ] } },
{ "type": "Feature", "properties": { "substation_name": "NENERNOV", "provincia": "Huelva", "municipio": "21010", "latitude": 37.246088176687842, "longitude": -7.4103331204167704, "available_capacity_mw": 5.05, "distributor_network": "Endesa", "voltage_kv": 66.0, "grid_status": "Sufficient", "is_friction": false }, "geometry": { "type": "Point", "coordinates": [ -7.41033312041677, 37.246088176687842 ] } },
{ "type": "Feature", "properties": { "substation_name": "NERJA", "provincia": "Málaga", "municipio": "29075", "latitude": 36.764300253231625, "longitude": -3.8756411560950119, "available_capacity_mw": 28.7, "distributor_network": "Endesa", "voltage_kv": 132.0, "grid_status": "Sufficient", "is_friction": false }, "geometry": { "type": "Point", "coordinates": [ -3.875641156095012, 36.764300253231625 ] } },
{ "type": "Feature", "properties": { "substation_name": "NERVION", "provincia": "Sevilla", "municipio": "41091", "latitude": 37.376406962812673, "longitude": -5.9600364119325446, "available_capacity_mw": 0.0, "distributor_network": "Endesa", "voltage_kv": 66.0, "grid_status": "Congested", "is_friction": true }, "geometry": { "type": "Point", "coordinates": [ -5.960036411932545, 37.376406962812673 ] } },
{ "type": "Feature", "properties": { "substation_name": "NEVERO", "provincia": "Badajoz", "municipio": "6015", "latitude": 38.889149838105638, "longitude": -6.9920310070818461, "available_capacity_mw": 0.0, "distributor_network": "Endesa", "voltage_kv": 66.0, "grid_status": "Congested", "is_friction": true }, "geometry": { "type": "Point", "coordinates": [ -6.992031007081846, 38.889149838105638 ] } },
{ "type": "Feature", "properties": { "substation_name": "NIEBLA", "provincia": "Huelva", "municipio": "21053", "latitude": 37.357840517934903, "longitude": -6.6671905590819858, "available_capacity_mw": 0.0, "distributor_network": "Endesa", "voltage_kv": 66.0, "grid_status": "Congested", "is_friction": true }, "geometry": { "type": "Point", "coordinates": [ -6.667190559081986, 37.357840517934903 ] } },
{ "type": "Feature", "properties": { "substation_name": "NOVALLAS", "provincia": "Zaragoza", "municipio": "50190", "latitude": 41.953171467768165, "longitude": -1.6946110177354099, "available_capacity_mw": 0.0, "distributor_network": "Endesa", "voltage_kv": 66.0, "grid_status": "Congested", "is_friction": true }, "geometry": { "type": "Point", "coordinates": [ -1.69461101773541, 41.953171467768165 ] } },
{ "type": "Feature", "properties": { "substation_name": "NUEVANDA", "provincia": "Málaga", "municipio": "29069", "latitude": 36.498365744336802, "longitude": -4.9701581198855687, "available_capacity_mw": 0.0, "distributor_network": "Endesa", "voltage_kv": 66.0, "grid_status": "Congested", "is_friction": true }, "geometry": { "type": "Point", "coordinates": [ -4.970158119885569, 36.498365744336802 ] } },
{ "type": "Feature", "properties": { "substation_name": "NUEVCHOR", "provincia": "Málaga", "municipio": "29012", "latitude": 36.914993958009426, "longitude": -4.7712283206983974, "available_capacity_mw": 0.0, "distributor_network": "Endesa", "voltage_kv": 66.0, "grid_status": "Congested", "is_friction": true }, "geometry": { "type": "Point", "coordinates": [ -4.771228320698397, 36.914993958009426 ] } },
{ "type": "Feature", "properties": { "substation_name": "NUEVROND", "provincia": "Málaga", "municipio": "29084", "latitude": 36.746922636475411, "longitude": -5.1390421613346806, "available_capacity_mw": 10.5, "distributor_network": "Endesa", "voltage_kv": 66.0, "grid_status": "Sufficient", "is_friction": false }, "geometry": { "type": "Point", "coordinates": [ -5.139042161334681, 36.746922636475411 ] } },
{ "type": "Feature", "properties": { "substation_name": "NUEZ", "provincia": "Zaragoza", "municipio": "50017", "latitude": 41.594125190735745, "longitude": -0.67172621272554645, "available_capacity_mw": 0.0, "distributor_network": "Endesa", "voltage_kv": 45.0, "grid_status": "Congested", "is_friction": true }, "geometry": { "type": "Point", "coordinates": [ -0.671726212725546, 41.594125190735745 ] } },
{ "type": "Feature", "properties": { "substation_name": "NUREDDUNA", "provincia": "Balears, Illes", "municipio": "7040", "latitude": 39.572356515110613, "longitude": -3.3416658087745863, "available_capacity_mw": 48.3, "distributor_network": "Endesa", "voltage_kv": 15.0, "grid_status": "Sufficient", "is_friction": false }, "geometry": { "type": "Point", "coordinates": [ -3.341665808774586, 39.572356515110613 ] } },
{ "type": "Feature", "properties": { "substation_name": "N_CORRAL", "provincia": "Huelva", "municipio": "21002", "latitude": 37.290217511305634, "longitude": -6.9888071791490987, "available_capacity_mw": 7.49, "distributor_network": "Endesa", "voltage_kv": 66.0, "grid_status": "Sufficient", "is_friction": false }, "geometry": { "type": "Point", "coordinates": [ -6.988807179149099, 37.290217511305634 ] } },
{ "type": "Feature", "properties": { "substation_name": "N_MONTAÑA", "provincia": "Cantabria", "municipio": "Camargo", "latitude": 43.43738771348152, "longitude": -3.8425009038185798, "available_capacity_mw": 1.22, "distributor_network": "Viesgo", "voltage_kv": 55.0, "grid_status": "Moderate", "is_friction": true }, "geometry": { "type": "Point", "coordinates": [ -3.84250090381858, 43.43738771348152 ] } },
{ "type": "Feature", "properties": { "substation_name": "ODIEL", "provincia": "Huelva", "municipio": "21041", "latitude": 37.320989255959162, "longitude": -6.942321374487209, "available_capacity_mw": 10.79, "distributor_network": "Endesa", "voltage_kv": 66.0, "grid_status": "Sufficient", "is_friction": false }, "geometry": { "type": "Point", "coordinates": [ -6.942321374487209, 37.320989255959162 ] } },
{ "type": "Feature", "properties": { "substation_name": "OJEDO", "provincia": "Cantabria", "municipio": "Cillorigo de Liébana", "latitude": 43.164829184173321, "longitude": -4.6089291070271736, "available_capacity_mw": 0.06, "distributor_network": "Viesgo", "voltage_kv": 30.0, "grid_status": "Congested", "is_friction": true }, "geometry": { "type": "Point", "coordinates": [ -4.608929107027174, 43.164829184173321 ] } },
{ "type": "Feature", "properties": { "substation_name": "OLIANA", "provincia": "Lleida", "municipio": "25165", "latitude": 42.092164973850345, "longitude": 1.2939365618349601, "available_capacity_mw": 0.0, "distributor_network": "Endesa", "voltage_kv": 110.0, "grid_status": "Congested", "is_friction": true }, "geometry": { "type": "Point", "coordinates": [ 1.29393656183496, 42.092164973850345 ] } },
{ "type": "Feature", "properties": { "substation_name": "OLIVARES", "provincia": "Jaén", "municipio": "23050", "latitude": 37.799169568809603, "longitude": -3.8012548984770023, "available_capacity_mw": 0.0, "distributor_network": "Endesa", "voltage_kv": 132.0, "grid_status": "Congested", "is_friction": true }, "geometry": { "type": "Point", "coordinates": [ -3.801254898477002, 37.799169568809603 ] } },
{ "type": "Feature", "properties": { "substation_name": "OLIVENZA", "provincia": "Badajoz", "municipio": "6095", "latitude": 38.692297562157137, "longitude": -7.1007826166819106, "available_capacity_mw": 0.0, "distributor_network": "Endesa", "voltage_kv": 66.0, "grid_status": "Congested", "is_friction": true }, "geometry": { "type": "Point", "coordinates": [ -7.100782616681911, 38.692297562157137 ] } },
{ "type": "Feature", "properties": { "substation_name": "OLIVERA", "provincia": "Zaragoza", "municipio": "50297", "latitude": 41.640715186455779, "longitude": -0.85623785011976883, "available_capacity_mw": 0.0, "distributor_network": "Endesa", "voltage_kv": 45.0, "grid_status": "Congested", "is_friction": true }, "geometry": { "type": "Point", "coordinates": [ -0.856237850119769, 41.640715186455779 ] } },
{ "type": "Feature", "properties": { "substation_name": "OLOT", "provincia": "Girona", "municipio": "17114", "latitude": 42.190515714096449, "longitude": 2.4910713041056227, "available_capacity_mw": 92.56, "distributor_network": "Endesa", "voltage_kv": 132.0, "grid_status": "Sufficient", "is_friction": false }, "geometry": { "type": "Point", "coordinates": [ 2.491071304105623, 42.190515714096449 ] } },
{ "type": "Feature", "properties": { "substation_name": "OLVEGA", "provincia": "Soria", "municipio": "42134", "latitude": 41.782752357341664, "longitude": -1.9990623195411796, "available_capacity_mw": 0.0, "distributor_network": "Endesa", "voltage_kv": 45.0, "grid_status": "Congested", "is_friction": true }, "geometry": { "type": "Point", "coordinates": [ -1.99906231954118, 41.782752357341664 ] } },
{ "type": "Feature", "properties": { "substation_name": "OLVERA", "provincia": "Cádiz", "municipio": "11024", "latitude": 36.932902549305929, "longitude": -5.2381907641183334, "available_capacity_mw": 0.0, "distributor_network": "Endesa", "voltage_kv": 66.0, "grid_status": "Congested", "is_friction": true }, "geometry": { "type": "Point", "coordinates": [ -5.238190764118333, 36.932902549305929 ] } },
{ "type": "Feature", "properties": { "substation_name": "OMS", "provincia": "Balears, Illes", "municipio": "7040", "latitude": 39.537511007799012, "longitude": -3.2658266674368353, "available_capacity_mw": 1.42, "distributor_network": "Endesa", "voltage_kv": 15.0, "grid_status": "Moderate", "is_friction": true }, "geometry": { "type": "Point", "coordinates": [ -3.265826667436835, 39.537511007799012 ] } },
{ "type": "Feature", "properties": { "substation_name": "ONCALA", "provincia": "Soria", "municipio": "42135", "latitude": 41.963162576044169, "longitude": -2.2468276367141344, "available_capacity_mw": 0.0, "distributor_network": "Endesa", "voltage_kv": 30.0, "grid_status": "Congested", "is_friction": true }, "geometry": { "type": "Point", "coordinates": [ -2.246827636714134, 41.963162576044169 ] } },
{ "type": "Feature", "properties": { "substation_name": "ONUBA", "provincia": "Huelva", "municipio": "21041", "latitude": 37.300026138572136, "longitude": -6.9252354524526876, "available_capacity_mw": 11.56, "distributor_network": "Endesa", "voltage_kv": 66.0, "grid_status": "Sufficient", "is_friction": false }, "geometry": { "type": "Point", "coordinates": [ -6.925235452452688, 37.300026138572136 ] } },
{ "type": "Feature", "properties": { "substation_name": "ORELLANA", "provincia": "Badajoz", "municipio": "6097", "latitude": 38.98558988954094, "longitude": -5.5395515652835821, "available_capacity_mw": 0.0, "distributor_network": "Endesa", "voltage_kv": 132.0, "grid_status": "Congested", "is_friction": true }, "geometry": { "type": "Point", "coordinates": [ -5.539551565283582, 38.98558988954094 ] } },
{ "type": "Feature", "properties": { "substation_name": "ORGIVA", "provincia": "Granada", "municipio": "18147", "latitude": 36.894846522749653, "longitude": -3.4211474847507426, "available_capacity_mw": 0.0, "distributor_network": "Endesa", "voltage_kv": 132.0, "grid_status": "Congested", "is_friction": true }, "geometry": { "type": "Point", "coordinates": [ -3.421147484750743, 36.894846522749653 ] } },
{ "type": "Feature", "properties": { "substation_name": "OROMANA", "provincia": "Sevilla", "municipio": "41004", "latitude": 37.32389810702535, "longitude": -5.8751444085380315, "available_capacity_mw": 0.0, "distributor_network": "Endesa", "voltage_kv": 132.0, "grid_status": "Congested", "is_friction": true }, "geometry": { "type": "Point", "coordinates": [ -5.875144408538032, 37.32389810702535 ] } },
{ "type": "Feature", "properties": { "substation_name": "OSARIO", "provincia": "Sevilla", "municipio": "41091", "latitude": 37.394323423613507, "longitude": -5.9828060154545746, "available_capacity_mw": 0.0, "distributor_network": "Endesa", "voltage_kv": 66.0, "grid_status": "Congested", "is_friction": true }, "geometry": { "type": "Point", "coordinates": [ -5.982806015454575, 37.394323423613507 ] } },
{ "type": "Feature", "properties": { "substation_name": "OSONA", "provincia": "Barcelona", "municipio": "8298", "latitude": 41.935470175789384, "longitude": 2.2491487278704456, "available_capacity_mw": 0.0, "distributor_network": "Endesa", "voltage_kv": 110.0, "grid_status": "Congested", "is_friction": true }, "geometry": { "type": "Point", "coordinates": [ 2.249148727870446, 41.935470175789384 ] } },
{ "type": "Feature", "properties": { "substation_name": "OSORNO", "provincia": "Palencia", "municipio": "Osorno la Mayor", "latitude": 42.409880910742373, "longitude": -4.367424839172612, "available_capacity_mw": 0.12, "distributor_network": "Viesgo", "voltage_kv": 132.0, "grid_status": "Congested", "is_friction": true }, "geometry": { "type": "Point", "coordinates": [ -4.367424839172612, 42.409880910742373 ] } },
{ "type": "Feature", "properties": { "substation_name": "OSUNA", "provincia": "Sevilla", "municipio": "41068", "latitude": 37.230396401277602, "longitude": -5.1156898899374115, "available_capacity_mw": 0.0, "distributor_network": "Endesa", "voltage_kv": 66.0, "grid_status": "Congested", "is_friction": true }, "geometry": { "type": "Point", "coordinates": [ -5.115689889937411, 37.230396401277602 ] } },
{ "type": "Feature", "properties": { "substation_name": "OTURA", "provincia": "Granada", "municipio": "18149", "latitude": 37.08612019691649, "longitude": -3.6190885184518784, "available_capacity_mw": 0.0, "distributor_network": "Endesa", "voltage_kv": 66.0, "grid_status": "Congested", "is_friction": true }, "geometry": { "type": "Point", "coordinates": [ -3.619088518451878, 37.08612019691649 ] } },
{ "type": "Feature", "properties": { "substation_name": "OUTOKUMP", "provincia": "Córdoba", "municipio": "14021", "latitude": 37.878450062811709, "longitude": -4.8112711478172896, "available_capacity_mw": 0.0, "distributor_network": "Endesa", "voltage_kv": 66.0, "grid_status": "Congested", "is_friction": true }, "geometry": { "type": "Point", "coordinates": [ -4.81127114781729, 37.878450062811709 ] } },
{ "type": "Feature", "properties": { "substation_name": "OXIGENO", "provincia": "Cádiz", "municipio": "11033", "latitude": 36.204735967884289, "longitude": -5.412986727307139, "available_capacity_mw": 0.0, "distributor_network": "Endesa", "voltage_kv": 66.0, "grid_status": "Congested", "is_friction": true }, "geometry": { "type": "Point", "coordinates": [ -5.412986727307139, 36.204735967884289 ] } },
{ "type": "Feature", "properties": { "substation_name": "P.ESTANY", "provincia": "Girona", "municipio": "17123", "latitude": 42.044577737510828, "longitude": 2.8220956430282738, "available_capacity_mw": 0.0, "distributor_network": "Endesa", "voltage_kv": 110.0, "grid_status": "Congested", "is_friction": true }, "geometry": { "type": "Point", "coordinates": [ 2.822095643028274, 42.044577737510828 ] } },
{ "type": "Feature", "properties": { "substation_name": "P.NOVA", "provincia": "Balears, Illes", "municipio": "7011", "latitude": 39.514805822657294, "longitude": -3.4665388068876015, "available_capacity_mw": 90.32, "distributor_network": "Endesa", "voltage_kv": 15.0, "grid_status": "Sufficient", "is_friction": false }, "geometry": { "type": "Point", "coordinates": [ -3.466538806887602, 39.514805822657294 ] } },
{ "type": "Feature", "properties": { "substation_name": "P.TARAZONA", "provincia": "Zaragoza", "municipio": "50122", "latitude": 41.886229222076096, "longitude": -1.7068790245602146, "available_capacity_mw": 0.0, "distributor_network": "Endesa", "voltage_kv": 66.0, "grid_status": "Congested", "is_friction": true }, "geometry": { "type": "Point", "coordinates": [ -1.706879024560215, 41.886229222076096 ] } },
{ "type": "Feature", "properties": { "substation_name": "PABELLON", "provincia": "Córdoba", "municipio": "14018", "latitude": 37.96470333428362, "longitude": -4.4858583663968439, "available_capacity_mw": 0.0, "distributor_network": "Endesa", "voltage_kv": 132.0, "grid_status": "Congested", "is_friction": true }, "geometry": { "type": "Point", "coordinates": [ -4.485858366396844, 37.96470333428362 ] } },
{ "type": "Feature", "properties": { "substation_name": "PALACIOS", "provincia": "Sevilla", "municipio": "41069", "latitude": 37.117571584792557, "longitude": -5.8827572411201272, "available_capacity_mw": 0.0, "distributor_network": "Endesa", "voltage_kv": 132.0, "grid_status": "Congested", "is_friction": true }, "geometry": { "type": "Point", "coordinates": [ -5.882757241120127, 37.117571584792557 ] } },
{ "type": "Feature", "properties": { "substation_name": "PALAU", "provincia": "Barcelona", "municipio": "8156", "latitude": 41.567909663573104, "longitude": 2.1858142015835398, "available_capacity_mw": 60.9, "distributor_network": "Endesa", "voltage_kv": 25.0, "grid_status": "Sufficient", "is_friction": false }, "geometry": { "type": "Point", "coordinates": [ 2.18581420158354, 41.567909663573104 ] } },
{ "type": "Feature", "properties": { "substation_name": "PALILLOS", "provincia": "Sevilla", "municipio": "41004", "latitude": 37.375183082878721, "longitude": -5.8710780206821065, "available_capacity_mw": 0.0, "distributor_network": "Endesa", "voltage_kv": 66.0, "grid_status": "Congested", "is_friction": true }, "geometry": { "type": "Point", "coordinates": [ -5.871078020682106, 37.375183082878721 ] } },
{ "type": "Feature", "properties": { "substation_name": "PALMACON", "provincia": "Huelva", "municipio": "21054", "latitude": 37.38032258290287, "longitude": -6.5505552285832636, "available_capacity_mw": 0.0, "distributor_network": "Endesa", "voltage_kv": 66.0, "grid_status": "Congested", "is_friction": true }, "geometry": { "type": "Point", "coordinates": [ -6.550555228583264, 37.38032258290287 ] } },
{ "type": "Feature", "properties": { "substation_name": "PALMALTA", "provincia": "Sevilla", "municipio": "41091", "latitude": 37.340139167972048, "longitude": -5.9846164972901841, "available_capacity_mw": 0.0, "distributor_network": "Endesa", "voltage_kv": 66.0, "grid_status": "Congested", "is_friction": true }, "geometry": { "type": "Point", "coordinates": [ -5.984616497290184, 37.340139167972048 ] } },
{ "type": "Feature", "properties": { "substation_name": "PALMARIO", "provincia": "Córdoba", "municipio": "14036", "latitude": 37.740755511434905, "longitude": -5.2871411071703109, "available_capacity_mw": 0.0, "distributor_network": "Endesa", "voltage_kv": 66.0, "grid_status": "Congested", "is_friction": true }, "geometry": { "type": "Point", "coordinates": [ -5.287141107170311, 37.740755511434905 ] } },
{ "type": "Feature", "properties": { "substation_name": "PALMERA", "provincia": "Sevilla", "municipio": "41091", "latitude": 37.356074477473747, "longitude": -5.9682916098422849, "available_capacity_mw": 0.0, "distributor_network": "Endesa", "voltage_kv": 66.0, "grid_status": "Congested", "is_friction": true }, "geometry": { "type": "Point", "coordinates": [ -5.968291609842285, 37.356074477473747 ] } },
{ "type": "Feature", "properties": { "substation_name": "PALOMARE", "provincia": "Sevilla", "municipio": "41070", "latitude": 37.312906432756272, "longitude": -6.0489523493893147, "available_capacity_mw": 19.57, "distributor_network": "Endesa", "voltage_kv": 66.0, "grid_status": "Sufficient", "is_friction": false }, "geometry": { "type": "Point", "coordinates": [ -6.048952349389315, 37.312906432756272 ] } },
{ "type": "Feature", "properties": { "substation_name": "PALOMAS", "provincia": "Córdoba", "municipio": "14038", "latitude": 37.392184941023402, "longitude": -4.5144991982401406, "available_capacity_mw": 0.0, "distributor_network": "Endesa", "voltage_kv": 66.0, "grid_status": "Congested", "is_friction": true }, "geometry": { "type": "Point", "coordinates": [ -4.514499198240141, 37.392184941023402 ] } },
{ "type": "Feature", "properties": { "substation_name": "PAMPANEI", "provincia": "Granada", "municipio": "18151", "latitude": 36.941730110308129, "longitude": -3.3623738790587372, "available_capacity_mw": 0.0, "distributor_network": "Endesa", "voltage_kv": 66.0, "grid_status": "Congested", "is_friction": true }, "geometry": { "type": "Point", "coordinates": [ -3.362373879058737, 36.941730110308129 ] } },
{ "type": "Feature", "properties": { "substation_name": "PARACUEL", "provincia": "Zaragoza", "municipio": "50201", "latitude": 41.317721411354803, "longitude": -1.6216076007541318, "available_capacity_mw": 0.0, "distributor_network": "Endesa", "voltage_kv": 132.0, "grid_status": "Congested", "is_friction": true }, "geometry": { "type": "Point", "coordinates": [ -1.621607600754132, 41.317721411354803 ] } },
{ "type": "Feature", "properties": { "substation_name": "PARAISO", "provincia": "Málaga", "municipio": "29051", "latitude": 36.464732031455092, "longitude": -5.0616591035331107, "available_capacity_mw": 0.0, "distributor_network": "Endesa", "voltage_kv": 66.0, "grid_status": "Congested", "is_friction": true }, "geometry": { "type": "Point", "coordinates": [ -5.061659103533111, 36.464732031455092 ] } },
{ "type": "Feature", "properties": { "substation_name": "PAREDONE", "provincia": "Málaga", "municipio": "29012", "latitude": 36.861026546476232, "longitude": -4.7191387063550216, "available_capacity_mw": 0.0, "distributor_network": "Endesa", "voltage_kv": 66.0, "grid_status": "Congested", "is_friction": true }, "geometry": { "type": "Point", "coordinates": [ -4.719138706355022, 36.861026546476232 ] } },
{ "type": "Feature", "properties": { "substation_name": "PARQ_AER", "provincia": "Sevilla", "municipio": "41081", "latitude": 37.438174692263367, "longitude": -5.8563126840940498, "available_capacity_mw": 0.0, "distributor_network": "Endesa", "voltage_kv": 132.0, "grid_status": "Congested", "is_friction": true }, "geometry": { "type": "Point", "coordinates": [ -5.85631268409405, 37.438174692263367 ] } },
{ "type": "Feature", "properties": { "substation_name": "PARQ_SUR", "provincia": "Badajoz", "municipio": "6083", "latitude": 38.842890844031629, "longitude": -6.3614307227967855, "available_capacity_mw": 0.0, "distributor_network": "Endesa", "voltage_kv": 66.0, "grid_status": "Congested", "is_friction": true }, "geometry": { "type": "Point", "coordinates": [ -6.361430722796785, 38.842890844031629 ] } },
{ "type": "Feature", "properties": { "substation_name": "PATAMULO", "provincia": "Córdoba", "municipio": "14056", "latitude": 37.452126148793745, "longitude": -4.8147733127253503, "available_capacity_mw": 0.0, "distributor_network": "Endesa", "voltage_kv": 132.0, "grid_status": "Congested", "is_friction": true }, "geometry": { "type": "Point", "coordinates": [ -4.81477331272535, 37.452126148793745 ] } },
{ "type": "Feature", "properties": { "substation_name": "PEAN", "provincia": "Teruel", "municipio": "44025", "latitude": 40.993030375313843, "longitude": -0.39641131114963402, "available_capacity_mw": 0.0, "distributor_network": "Endesa", "voltage_kv": 132.0, "grid_status": "Congested", "is_friction": true }, "geometry": { "type": "Point", "coordinates": [ -0.396411311149634, 40.993030375313843 ] } },
{ "type": "Feature", "properties": { "substation_name": "PEDROMAR", "provincia": "Jaén", "municipio": "23009", "latitude": 37.910485402573507, "longitude": -3.4126897139868695, "available_capacity_mw": 0.0, "distributor_network": "Endesa", "voltage_kv": 132.0, "grid_status": "Congested", "is_friction": true }, "geometry": { "type": "Point", "coordinates": [ -3.412689713986869, 37.910485402573507 ] } },
{ "type": "Feature", "properties": { "substation_name": "PENAGOS", "provincia": "Cantabria", "municipio": "Penagos", "latitude": 43.34715872998099, "longitude": -3.8246210803381611, "available_capacity_mw": 0.0, "distributor_network": "Viesgo", "voltage_kv": 55.0, "grid_status": "Congested", "is_friction": true }, "geometry": { "type": "Point", "coordinates": [ -3.824621080338161, 43.34715872998099 ] } },
{ "type": "Feature", "properties": { "substation_name": "PENARROY", "provincia": "Córdoba", "municipio": "14052", "latitude": 38.294626355657961, "longitude": -5.2762287652606856, "available_capacity_mw": 0.0, "distributor_network": "Endesa", "voltage_kv": 66.0, "grid_status": "Congested", "is_friction": true }, "geometry": { "type": "Point", "coordinates": [ -5.276228765260686, 38.294626355657961 ] } },
{ "type": "Feature", "properties": { "substation_name": "PENEDES", "provincia": "Barcelona", "municipio": "8305", "latitude": 41.364436015824481, "longitude": 1.708260314804479, "available_capacity_mw": 10.07, "distributor_network": "Endesa", "voltage_kv": 25.0, "grid_status": "Sufficient", "is_friction": false }, "geometry": { "type": "Point", "coordinates": [ 1.708260314804479, 41.364436015824481 ] } },
{ "type": "Feature", "properties": { "substation_name": "PENITENTS", "provincia": "Barcelona", "municipio": "8019", "latitude": 41.422308826881618, "longitude": 2.1378049348657915, "available_capacity_mw": 106.54, "distributor_network": "Endesa", "voltage_kv": 110.0, "grid_status": "Sufficient", "is_friction": false }, "geometry": { "type": "Point", "coordinates": [ 2.137804934865791, 41.422308826881618 ] } },
{ "type": "Feature", "properties": { "substation_name": "PERAFORT", "provincia": "Tarragona", "municipio": "43103", "latitude": 41.194514485965684, "longitude": 1.248477470419288, "available_capacity_mw": 75.96, "distributor_network": "Endesa", "voltage_kv": 66.0, "grid_status": "Sufficient", "is_friction": false }, "geometry": { "type": "Point", "coordinates": [ 1.248477470419288, 41.194514485965684 ] } },
{ "type": "Feature", "properties": { "substation_name": "PERALTA", "provincia": "Huesca", "municipio": "22174", "latitude": 41.941416368049275, "longitude": -0.068076168608586493, "available_capacity_mw": 0.0, "distributor_network": "Endesa", "voltage_kv": 45.0, "grid_status": "Congested", "is_friction": true }, "geometry": { "type": "Point", "coordinates": [ -0.068076168608586, 41.941416368049275 ] } },
{ "type": "Feature", "properties": { "substation_name": "PERARRUA", "provincia": "Huesca", "municipio": "22117", "latitude": 42.229228462421311, "longitude": 0.35734991907567148, "available_capacity_mw": 0.0, "distributor_network": "Endesa", "voltage_kv": 110.0, "grid_status": "Congested", "is_friction": true }, "geometry": { "type": "Point", "coordinates": [ 0.357349919075671, 42.229228462421311 ] } },
{ "type": "Feature", "properties": { "substation_name": "PERCHEL", "provincia": "Málaga", "municipio": "29067", "latitude": 36.719069398434485, "longitude": -4.4281882969503048, "available_capacity_mw": 75.04, "distributor_network": "Endesa", "voltage_kv": 66.0, "grid_status": "Sufficient", "is_friction": false }, "geometry": { "type": "Point", "coordinates": [ -4.428188296950305, 36.719069398434485 ] } },
{ "type": "Feature", "properties": { "substation_name": "PERELLO", "provincia": "Tarragona", "municipio": "43104", "latitude": 40.896545459531545, "longitude": 0.68135562696105922, "available_capacity_mw": 0.0, "distributor_network": "Endesa", "voltage_kv": 110.0, "grid_status": "Congested", "is_friction": true }, "geometry": { "type": "Point", "coordinates": [ 0.681355626961059, 40.896545459531545 ] } },
{ "type": "Feature", "properties": { "substation_name": "PERTUSA", "provincia": "Huesca", "municipio": "22178", "latitude": 42.005815618934918, "longitude": -0.11220150215194249, "available_capacity_mw": 0.0, "distributor_network": "Endesa", "voltage_kv": 45.0, "grid_status": "Congested", "is_friction": true }, "geometry": { "type": "Point", "coordinates": [ -0.112201502151942, 42.005815618934918 ] } },
{ "type": "Feature", "properties": { "substation_name": "PESUR", "provincia": "Cádiz", "municipio": "11035", "latitude": 36.062179148205153, "longitude": -5.5881697676075355, "available_capacity_mw": 0.0, "distributor_network": "Endesa", "voltage_kv": 66.0, "grid_status": "Congested", "is_friction": true }, "geometry": { "type": "Point", "coordinates": [ -5.588169767607535, 36.062179148205153 ] } },
{ "type": "Feature", "properties": { "substation_name": "PETRA", "provincia": "Granada", "municipio": "18188", "latitude": 37.233157708806047, "longitude": -4.0167726700967092, "available_capacity_mw": 0.0, "distributor_network": "Endesa", "voltage_kv": 132.0, "grid_status": "Congested", "is_friction": true }, "geometry": { "type": "Point", "coordinates": [ -4.016772670096709, 37.233157708806047 ] } },
{ "type": "Feature", "properties": { "substation_name": "PEÑA BEJO", "provincia": "Cantabria", "municipio": "Tudanca", "latitude": 43.149302381475138, "longitude": -4.3780972505970439, "available_capacity_mw": 0.91, "distributor_network": "Viesgo", "voltage_kv": 55.0, "grid_status": "Congested", "is_friction": true }, "geometry": { "type": "Point", "coordinates": [ -4.378097250597044, 43.149302381475138 ] } },
{ "type": "Feature", "properties": { "substation_name": "PEÑAFLOR", "provincia": "Zaragoza", "municipio": "50903", "latitude": 41.722072377047184, "longitude": -0.74187034803349416, "available_capacity_mw": 0.0, "distributor_network": "Endesa", "voltage_kv": 132.0, "grid_status": "Congested", "is_friction": true }, "geometry": { "type": "Point", "coordinates": [ -0.741870348033494, 41.722072377047184 ] } },
{ "type": "Feature", "properties": { "substation_name": "PI.ANDORRA", "provincia": "Teruel", "municipio": "44025", "latitude": 40.985696617820381, "longitude": -0.44947066247443851, "available_capacity_mw": 0.0, "distributor_network": "Endesa", "voltage_kv": 45.0, "grid_status": "Congested", "is_friction": true }, "geometry": { "type": "Point", "coordinates": [ -0.449470662474439, 40.985696617820381 ] } },
{ "type": "Feature", "properties": { "substation_name": "PICAFORT", "provincia": "Balears, Illes", "municipio": "7055", "latitude": 39.747415252803059, "longitude": -2.8439896100722, "available_capacity_mw": 5.36, "distributor_network": "Endesa", "voltage_kv": 15.0, "grid_status": "Sufficient", "is_friction": false }, "geometry": { "type": "Point", "coordinates": [ -2.8439896100722, 39.747415252803059 ] } },
{ "type": "Feature", "properties": { "substation_name": "PICO GALLO", "provincia": "Asturias", "municipio": "Tineo", "latitude": 43.389460147252173, "longitude": -6.3954362553876889, "available_capacity_mw": 35.0, "distributor_network": "Viesgo", "voltage_kv": 132.0, "grid_status": "Sufficient", "is_friction": false }, "geometry": { "type": "Point", "coordinates": [ -6.395436255387689, 43.389460147252173 ] } },
{ "type": "Feature", "properties": { "substation_name": "PIEROLA", "provincia": "Barcelona", "municipio": "8162", "latitude": 41.523130144436003, "longitude": 1.8296585114212292, "available_capacity_mw": 0.0, "distributor_network": "Endesa", "voltage_kv": 110.0, "grid_status": "Congested", "is_friction": true }, "geometry": { "type": "Point", "coordinates": [ 1.829658511421229, 41.523130144436003 ] } },
{ "type": "Feature", "properties": { "substation_name": "PILAS", "provincia": "Sevilla", "municipio": "41075", "latitude": 37.294591178678701, "longitude": -6.3082280256550378, "available_capacity_mw": 0.0, "distributor_network": "Endesa", "voltage_kv": 66.0, "grid_status": "Congested", "is_friction": true }, "geometry": { "type": "Point", "coordinates": [ -6.308228025655038, 37.294591178678701 ] } },
{ "type": "Feature", "properties": { "substation_name": "PINA", "provincia": "Zaragoza", "municipio": "50208", "latitude": 41.497297377458032, "longitude": -0.51262313387341851, "available_capacity_mw": 0.0, "distributor_network": "Endesa", "voltage_kv": 45.0, "grid_status": "Congested", "is_friction": true }, "geometry": { "type": "Point", "coordinates": [ -0.512623133873419, 41.497297377458032 ] } },
{ "type": "Feature", "properties": { "substation_name": "PINARREY", "provincia": "Cádiz", "municipio": "11033", "latitude": 36.248149460700297, "longitude": -5.4125794951613031, "available_capacity_mw": 0.0, "distributor_network": "Endesa", "voltage_kv": 66.0, "grid_status": "Congested", "is_friction": true }, "geometry": { "type": "Point", "coordinates": [ -5.412579495161303, 36.248149460700297 ] } },
{ "type": "Feature", "properties": { "substation_name": "PINTADO", "provincia": "Sevilla", "municipio": "41032", "latitude": 37.916249297102375, "longitude": -5.9306587719784645, "available_capacity_mw": 0.0, "distributor_network": "Endesa", "voltage_kv": 132.0, "grid_status": "Congested", "is_friction": true }, "geometry": { "type": "Point", "coordinates": [ -5.930658771978464, 37.916249297102375 ] } },
{ "type": "Feature", "properties": { "substation_name": "PIPACES", "provincia": "Almería", "municipio": "4066", "latitude": 36.915143764651695, "longitude": -2.1602947178361909, "available_capacity_mw": 0.0, "distributor_network": "Endesa", "voltage_kv": 132.0, "grid_status": "Congested", "is_friction": true }, "geometry": { "type": "Point", "coordinates": [ -2.160294717836191, 36.915143764651695 ] } },
{ "type": "Feature", "properties": { "substation_name": "PITARCO", "provincia": "Zaragoza", "municipio": "50181", "latitude": 41.483153164768957, "longitude": -1.1053123784815726, "available_capacity_mw": 0.0, "distributor_network": "Endesa", "voltage_kv": 132.0, "grid_status": "Congested", "is_friction": true }, "geometry": { "type": "Point", "coordinates": [ -1.105312378481573, 41.483153164768957 ] } },
{ "type": "Feature", "properties": { "substation_name": "PI_EPILA", "provincia": "Zaragoza", "municipio": "50099", "latitude": 41.592972736118092, "longitude": -1.2698677123117792, "available_capacity_mw": 0.0, "distributor_network": "Endesa", "voltage_kv": 45.0, "grid_status": "Congested", "is_friction": true }, "geometry": { "type": "Point", "coordinates": [ -1.269867712311779, 41.592972736118092 ] } },
{ "type": "Feature", "properties": { "substation_name": "PI_FUENTES", "provincia": "Zaragoza", "municipio": "50115", "latitude": 41.506590044001783, "longitude": -0.60381623148954922, "available_capacity_mw": 0.0, "distributor_network": "Endesa", "voltage_kv": 45.0, "grid_status": "Congested", "is_friction": true }, "geometry": { "type": "Point", "coordinates": [ -0.603816231489549, 41.506590044001783 ] } },
{ "type": "Feature", "properties": { "substation_name": "PLASENCIA", "provincia": "Zaragoza", "municipio": "50211", "latitude": 41.688651584749358, "longitude": -1.2349625561280662, "available_capacity_mw": 0.0, "distributor_network": "Endesa", "voltage_kv": 45.0, "grid_status": "Congested", "is_friction": true }, "geometry": { "type": "Point", "coordinates": [ -1.234962556128066, 41.688651584749358 ] } },
{ "type": "Feature", "properties": { "substation_name": "PLATEA", "provincia": "Teruel", "municipio": "44216", "latitude": 40.375975276999561, "longitude": -1.1600668484568211, "available_capacity_mw": 0.0, "distributor_network": "Endesa", "voltage_kv": 132.0, "grid_status": "Congested", "is_friction": true }, "geometry": { "type": "Point", "coordinates": [ -1.160066848456821, 40.375975276999561 ] } },
{ "type": "Feature", "properties": { "substation_name": "PLATERO", "provincia": "Cádiz", "municipio": "11027", "latitude": 36.607683853006975, "longitude": -6.2493058044666272, "available_capacity_mw": 0.0, "distributor_network": "Endesa", "voltage_kv": 66.0, "grid_status": "Congested", "is_friction": true }, "geometry": { "type": "Point", "coordinates": [ -6.249305804466627, 36.607683853006975 ] } },
{ "type": "Feature", "properties": { "substation_name": "PLAYA_SE", "provincia": "Almería", "municipio": "4079", "latitude": 36.72612214737763, "longitude": -2.6405456321068663, "available_capacity_mw": 0.0, "distributor_network": "Endesa", "voltage_kv": 66.0, "grid_status": "Congested", "is_friction": true }, "geometry": { "type": "Point", "coordinates": [ -2.640545632106866, 36.72612214737763 ] } },
{ "type": "Feature", "properties": { "substation_name": "PLAZA", "provincia": "Zaragoza", "municipio": "50297", "latitude": 41.629983864538296, "longitude": -0.99737707509562479, "available_capacity_mw": 0.0, "distributor_network": "Endesa", "voltage_kv": 132.0, "grid_status": "Congested", "is_friction": true }, "geometry": { "type": "Point", "coordinates": [ -0.997377075095625, 41.629983864538296 ] } },
{ "type": "Feature", "properties": { "substation_name": "PLFRAGA", "provincia": "Huesca", "municipio": "22112", "latitude": 41.533862340973627, "longitude": 0.39634153889434959, "available_capacity_mw": 0.0, "distributor_network": "Endesa", "voltage_kv": 110.0, "grid_status": "Congested", "is_friction": true }, "geometry": { "type": "Point", "coordinates": [ 0.39634153889435, 41.533862340973627 ] } },
{ "type": "Feature", "properties": { "substation_name": "PLHUS", "provincia": "Huesca", "municipio": "22125", "latitude": 42.102874684474521, "longitude": -0.45494882491851463, "available_capacity_mw": 0.0, "distributor_network": "Endesa", "voltage_kv": 132.0, "grid_status": "Congested", "is_friction": true }, "geometry": { "type": "Point", "coordinates": [ -0.454948824918515, 42.102874684474521 ] } },
{ "type": "Feature", "properties": { "substation_name": "PMARTINE", "provincia": "Granada", "municipio": "18152", "latitude": 37.503390729119879, "longitude": -3.2349500679130623, "available_capacity_mw": 0.0, "distributor_network": "Endesa", "voltage_kv": 66.0, "grid_status": "Congested", "is_friction": true }, "geometry": { "type": "Point", "coordinates": [ -3.234950067913062, 37.503390729119879 ] } },
{ "type": "Feature", "properties": { "substation_name": "POBLA", "provincia": "Balears, Illes", "municipio": "7044", "latitude": 39.763403056189624, "longitude": -2.9682965938215875, "available_capacity_mw": 0.0, "distributor_network": "Endesa", "voltage_kv": 110.0, "grid_status": "Congested", "is_friction": true }, "geometry": { "type": "Point", "coordinates": [ -2.968296593821588, 39.763403056189624 ] } },
{ "type": "Feature", "properties": { "substation_name": "POLA_LENA", "provincia": "Asturias", "municipio": "Lena", "latitude": 43.145121033835082, "longitude": -5.8247268311832849, "available_capacity_mw": 1.56, "distributor_network": "Viesgo", "voltage_kv": 30.0, "grid_status": "Moderate", "is_friction": true }, "geometry": { "type": "Point", "coordinates": [ -5.824726831183285, 43.145121033835082 ] } },
{ "type": "Feature", "properties": { "substation_name": "POLIENTES", "provincia": "Cantabria", "municipio": "Valderredible", "latitude": 42.804563444040909, "longitude": -3.9482905701271469, "available_capacity_mw": 0.31, "distributor_network": "Viesgo", "voltage_kv": 30.0, "grid_status": "Congested", "is_friction": true }, "geometry": { "type": "Point", "coordinates": [ -3.948290570127147, 42.804563444040909 ] } },
{ "type": "Feature", "properties": { "substation_name": "POLIGON", "provincia": "Balears, Illes", "municipio": "7040", "latitude": 39.608489912183707, "longitude": -3.3407966906731508, "available_capacity_mw": 50.5, "distributor_network": "Endesa", "voltage_kv": 15.0, "grid_status": "Sufficient", "is_friction": false }, "geometry": { "type": "Point", "coordinates": [ -3.340796690673151, 39.608489912183707 ] } },
{ "type": "Feature", "properties": { "substation_name": "POLIGONO", "provincia": "Málaga", "municipio": "29067", "latitude": 36.694641910757113, "longitude": -4.4663999688485738, "available_capacity_mw": 79.66, "distributor_network": "Endesa", "voltage_kv": 66.0, "grid_status": "Sufficient", "is_friction": false }, "geometry": { "type": "Point", "coordinates": [ -4.466399968848574, 36.694641910757113 ] } },
{ "type": "Feature", "properties": { "substation_name": "POLIGONO DE BAIÑA", "provincia": "Asturias", "municipio": "Mieres", "latitude": 43.274687408526248, "longitude": -5.8247012197142976, "available_capacity_mw": 1.99, "distributor_network": "Viesgo", "voltage_kv": 132.0, "grid_status": "Moderate", "is_friction": true }, "geometry": { "type": "Point", "coordinates": [ -5.824701219714298, 43.274687408526248 ] } },
{ "type": "Feature", "properties": { "substation_name": "POLLENSA", "provincia": "Balears, Illes", "municipio": "7042", "latitude": 39.884444761106103, "longitude": -2.9437408426850373, "available_capacity_mw": 20.24, "distributor_network": "Endesa", "voltage_kv": 15.0, "grid_status": "Sufficient", "is_friction": false }, "geometry": { "type": "Point", "coordinates": [ -2.943740842685037, 39.884444761106103 ] } },
{ "type": "Feature", "properties": { "substation_name": "POLO", "provincia": "Sevilla", "municipio": "41004", "latitude": 37.35665986363545, "longitude": -5.8643796284459402, "available_capacity_mw": 0.0, "distributor_network": "Endesa", "voltage_kv": 66.0, "grid_status": "Congested", "is_friction": true }, "geometry": { "type": "Point", "coordinates": [ -5.86437962844594, 37.35665986363545 ] } },
{ "type": "Feature", "properties": { "substation_name": "PONIENTE", "provincia": "Córdoba", "municipio": "14021", "latitude": 37.886637826038537, "longitude": -4.8091890334042944, "available_capacity_mw": 0.0, "distributor_network": "Endesa", "voltage_kv": 66.0, "grid_status": "Congested", "is_friction": true }, "geometry": { "type": "Point", "coordinates": [ -4.809189033404294, 37.886637826038537 ] } },
{ "type": "Feature", "properties": { "substation_name": "PONT", "provincia": "Lleida", "municipio": "25173", "latitude": 42.403370416334191, "longitude": 0.73893092271059091, "available_capacity_mw": 0.0, "distributor_network": "Endesa", "voltage_kv": 132.0, "grid_status": "Congested", "is_friction": true }, "geometry": { "type": "Point", "coordinates": [ 0.738930922710591, 42.403370416334191 ] } },
{ "type": "Feature", "properties": { "substation_name": "PONTS", "provincia": "Lleida", "municipio": "25042", "latitude": 41.92781954705228, "longitude": 1.1970554657830159, "available_capacity_mw": 0.0, "distributor_network": "Endesa", "voltage_kv": 110.0, "grid_status": "Congested", "is_friction": true }, "geometry": { "type": "Point", "coordinates": [ 1.197055465783016, 41.92781954705228 ] } },
{ "type": "Feature", "properties": { "substation_name": "PORTILLADA", "provincia": "Zaragoza", "municipio": "50182", "latitude": 41.591987318236818, "longitude": -1.1575448709355116, "available_capacity_mw": 0.0, "distributor_network": "Endesa", "voltage_kv": 132.0, "grid_status": "Congested", "is_friction": true }, "geometry": { "type": "Point", "coordinates": [ -1.157544870935512, 41.591987318236818 ] } },
{ "type": "Feature", "properties": { "substation_name": "PORTILLO", "provincia": "Almería", "municipio": "4035", "latitude": 37.263830226737809, "longitude": -1.7963856273868617, "available_capacity_mw": 0.0, "distributor_network": "Endesa", "voltage_kv": 132.0, "grid_status": "Congested", "is_friction": true }, "geometry": { "type": "Point", "coordinates": [ -1.796385627386862, 37.263830226737809 ] } },
{ "type": "Feature", "properties": { "substation_name": "PORTO", "provincia": "Zamora", "municipio": "49162", "latitude": 42.152897387119097, "longitude": -6.9102354903025613, "available_capacity_mw": 0.0, "distributor_network": "Endesa", "voltage_kv": 50.0, "grid_status": "Congested", "is_friction": true }, "geometry": { "type": "Point", "coordinates": [ -6.910235490302561, 42.152897387119097 ] } },
{ "type": "Feature", "properties": { "substation_name": "PORZUN", "provincia": "Asturias", "municipio": "Vegadeo", "latitude": 43.462030530248406, "longitude": -7.0219008848493996, "available_capacity_mw": 11.0, "distributor_network": "Viesgo", "voltage_kv": 132.0, "grid_status": "Sufficient", "is_friction": false }, "geometry": { "type": "Point", "coordinates": [ -7.0219008848494, 43.462030530248406 ] } },
{ "type": "Feature", "properties": { "substation_name": "POSADAS", "provincia": "Córdoba", "municipio": "14053", "latitude": 37.807913828949026, "longitude": -5.0999164058404416, "available_capacity_mw": 0.0, "distributor_network": "Endesa", "voltage_kv": 132.0, "grid_status": "Congested", "is_friction": true }, "geometry": { "type": "Point", "coordinates": [ -5.099916405840442, 37.807913828949026 ] } },
{ "type": "Feature", "properties": { "substation_name": "PRADELL", "provincia": "Tarragona", "municipio": "43115", "latitude": 41.14219480081286, "longitude": 0.88826901936542313, "available_capacity_mw": 32.38, "distributor_network": "Endesa", "voltage_kv": 110.0, "grid_status": "Sufficient", "is_friction": false }, "geometry": { "type": "Point", "coordinates": [ 0.888269019365423, 41.14219480081286 ] } },
{ "type": "Feature", "properties": { "substation_name": "PRADILLO", "provincia": "Zaragoza", "municipio": "50204", "latitude": 41.736228323200471, "longitude": -1.1893092855634533, "available_capacity_mw": 0.0, "distributor_network": "Endesa", "voltage_kv": 45.0, "grid_status": "Congested", "is_friction": true }, "geometry": { "type": "Point", "coordinates": [ -1.189309285563453, 41.736228323200471 ] } },
{ "type": "Feature", "properties": { "substation_name": "PRADO", "provincia": "Badajoz", "municipio": "6083", "latitude": 38.914807036555722, "longitude": -6.3871244823010001, "available_capacity_mw": 0.0, "distributor_network": "Endesa", "voltage_kv": 66.0, "grid_status": "Congested", "is_friction": true }, "geometry": { "type": "Point", "coordinates": [ -6.387124482301, 38.914807036555722 ] } },
{ "type": "Feature", "properties": { "substation_name": "PRADOLLA", "provincia": "Granada", "municipio": "18134", "latitude": 37.094497357303013, "longitude": -3.4014656348391896, "available_capacity_mw": 0.0, "distributor_network": "Endesa", "voltage_kv": 66.0, "grid_status": "Congested", "is_friction": true }, "geometry": { "type": "Point", "coordinates": [ -3.40146563483919, 37.094497357303013 ] } },
{ "type": "Feature", "properties": { "substation_name": "PRAT", "provincia": "Balears, Illes", "municipio": "7026", "latitude": 38.917252427788782, "longitude": -4.5690298805177898, "available_capacity_mw": 123.38, "distributor_network": "Endesa", "voltage_kv": 110.0, "grid_status": "Sufficient", "is_friction": false }, "geometry": { "type": "Point", "coordinates": [ -4.56902988051779, 38.917252427788782 ] } },
{ "type": "Feature", "properties": { "substation_name": "PRESUR", "provincia": "Huelva", "municipio": "21016", "latitude": 37.952944133831295, "longitude": -6.3533673234186994, "available_capacity_mw": 0.0, "distributor_network": "Endesa", "voltage_kv": 66.0, "grid_status": "Congested", "is_friction": true }, "geometry": { "type": "Point", "coordinates": [ -6.353367323418699, 37.952944133831295 ] } },
{ "type": "Feature", "properties": { "substation_name": "PRIEGO", "provincia": "Córdoba", "municipio": "14055", "latitude": 37.43308604853506, "longitude": -4.1944904370368441, "available_capacity_mw": 0.0, "distributor_network": "Endesa", "voltage_kv": 66.0, "grid_status": "Congested", "is_friction": true }, "geometry": { "type": "Point", "coordinates": [ -4.194490437036844, 37.43308604853506 ] } },
{ "type": "Feature", "properties": { "substation_name": "PROCERAN", "provincia": "Córdoba", "municipio": "14002", "latitude": 37.457590778974385, "longitude": -4.699490273337787, "available_capacity_mw": 0.0, "distributor_network": "Endesa", "voltage_kv": 66.0, "grid_status": "Congested", "is_friction": true }, "geometry": { "type": "Point", "coordinates": [ -4.699490273337787, 37.457590778974385 ] } },
{ "type": "Feature", "properties": { "substation_name": "PROSERPI", "provincia": "Badajoz", "municipio": "6083", "latitude": 38.936597279651437, "longitude": -6.3469301545014263, "available_capacity_mw": 0.0, "distributor_network": "Endesa", "voltage_kv": 66.0, "grid_status": "Congested", "is_friction": true }, "geometry": { "type": "Point", "coordinates": [ -6.346930154501426, 38.936597279651437 ] } },
{ "type": "Feature", "properties": { "substation_name": "PRYDES", "provincia": "Zaragoza", "municipio": "50297", "latitude": 41.589652991680509, "longitude": -0.7935865699307475, "available_capacity_mw": 0.0, "distributor_network": "Endesa", "voltage_kv": 45.0, "grid_status": "Congested", "is_friction": true }, "geometry": { "type": "Point", "coordinates": [ -0.793586569930747, 41.589652991680509 ] } },
{ "type": "Feature", "properties": { "substation_name": "PTA_MADR", "provincia": "Jaén", "municipio": "23005", "latitude": 38.04341224961653, "longitude": -4.041582631474772, "available_capacity_mw": 0.0, "distributor_network": "Endesa", "voltage_kv": 66.0, "grid_status": "Congested", "is_friction": true }, "geometry": { "type": "Point", "coordinates": [ -4.041582631474772, 38.04341224961653 ] } },
{ "type": "Feature", "properties": { "substation_name": "PTE_ESUR", "provincia": "Huelva", "municipio": "21010", "latitude": 37.257367077862511, "longitude": -7.4107927963757847, "available_capacity_mw": 5.04, "distributor_network": "Endesa", "voltage_kv": 66.0, "grid_status": "Sufficient", "is_friction": false }, "geometry": { "type": "Point", "coordinates": [ -7.410792796375785, 37.257367077862511 ] } },
{ "type": "Feature", "properties": { "substation_name": "PTE_NUEV", "provincia": "Córdoba", "municipio": "14026", "latitude": 38.11081019212601, "longitude": -4.9320940168009022, "available_capacity_mw": 0.0, "distributor_network": "Endesa", "voltage_kv": 132.0, "grid_status": "Congested", "is_friction": true }, "geometry": { "type": "Point", "coordinates": [ -4.932094016800902, 38.11081019212601 ] } },
{ "type": "Feature", "properties": { "substation_name": "PTE_OBIS", "provincia": "Jaén", "municipio": "23009", "latitude": 37.937791577293325, "longitude": -3.5307303997773665, "available_capacity_mw": 0.0, "distributor_network": "Endesa", "voltage_kv": 132.0, "grid_status": "Congested", "is_friction": true }, "geometry": { "type": "Point", "coordinates": [ -3.530730399777366, 37.937791577293325 ] } },
{ "type": "Feature", "properties": { "substation_name": "PTOLLANO", "provincia": "Ciudad Real", "municipio": "13071", "latitude": 38.648884887796505, "longitude": -4.1232838458856031, "available_capacity_mw": 0.0, "distributor_network": "Endesa", "voltage_kv": 132.0, "grid_status": "Congested", "is_friction": true }, "geometry": { "type": "Point", "coordinates": [ -4.123283845885603, 38.648884887796505 ] } },
{ "type": "Feature", "properties": { "substation_name": "PTO_PENA", "provincia": "Badajoz", "municipio": "6127", "latitude": 39.143035019278535, "longitude": -5.1830377355183117, "available_capacity_mw": 0.0, "distributor_network": "Endesa", "voltage_kv": 132.0, "grid_status": "Congested", "is_friction": true }, "geometry": { "type": "Point", "coordinates": [ -5.183037735518312, 39.143035019278535 ] } },
{ "type": "Feature", "properties": { "substation_name": "PTO_REAL", "provincia": "Cádiz", "municipio": "11028", "latitude": 36.518484215470146, "longitude": -6.1558653730598936, "available_capacity_mw": 0.0, "distributor_network": "Endesa", "voltage_kv": 132.0, "grid_status": "Congested", "is_friction": true }, "geometry": { "type": "Point", "coordinates": [ -6.155865373059894, 36.518484215470146 ] } },
{ "type": "Feature", "properties": { "substation_name": "PTO_SECO", "provincia": "Málaga", "municipio": "29015", "latitude": 37.05000771222624, "longitude": -4.7099311826454819, "available_capacity_mw": 0.0, "distributor_network": "Endesa", "voltage_kv": 66.0, "grid_status": "Congested", "is_friction": true }, "geometry": { "type": "Point", "coordinates": [ -4.709931182645482, 37.05000771222624 ] } },
{ "type": "Feature", "properties": { "substation_name": "PTO_SMAR", "provincia": "Cádiz", "municipio": "11027", "latitude": 36.670557827294466, "longitude": -6.3009368054759447, "available_capacity_mw": 38.11, "distributor_network": "Endesa", "voltage_kv": 66.0, "grid_status": "Sufficient", "is_friction": false }, "geometry": { "type": "Point", "coordinates": [ -6.300936805475945, 36.670557827294466 ] } },
{ "type": "Feature", "properties": { "substation_name": "PT_SANTANDER", "provincia": "Cantabria", "municipio": "Santander", "latitude": 43.450081864937012, "longitude": -3.8786534791096332, "available_capacity_mw": 2.17, "distributor_network": "Viesgo", "voltage_kv": 55.0, "grid_status": "Moderate", "is_friction": true }, "geometry": { "type": "Point", "coordinates": [ -3.878653479109633, 43.450081864937012 ] } },
{ "type": "Feature", "properties": { "substation_name": "PUEBLA", "provincia": "Badajoz", "municipio": "6008", "latitude": 38.363105757996934, "longitude": -6.4550718963835036, "available_capacity_mw": 0.0, "distributor_network": "Endesa", "voltage_kv": 66.0, "grid_status": "Congested", "is_friction": true }, "geometry": { "type": "Point", "coordinates": [ -6.455071896383504, 38.363105757996934 ] } },
{ "type": "Feature", "properties": { "substation_name": "PUEBLA_VAL", "provincia": "Teruel", "municipio": "44192", "latitude": 40.218233516947215, "longitude": -0.92429872887071762, "available_capacity_mw": 0.0, "distributor_network": "Endesa", "voltage_kv": 132.0, "grid_status": "Congested", "is_friction": true }, "geometry": { "type": "Point", "coordinates": [ -0.924298728870718, 40.218233516947215 ] } },
{ "type": "Feature", "properties": { "substation_name": "PUENTE_G", "provincia": "Jaén", "municipio": "23071", "latitude": 38.360926757961906, "longitude": -2.8522938788938759, "available_capacity_mw": 0.0, "distributor_network": "Endesa", "voltage_kv": 132.0, "grid_status": "Congested", "is_friction": true }, "geometry": { "type": "Point", "coordinates": [ -2.852293878893876, 38.360926757961906 ] } },
{ "type": "Feature", "properties": { "substation_name": "PUERTO", "provincia": "Cantabria", "municipio": "Santander", "latitude": 43.440579447087373, "longitude": -3.8329559553037438, "available_capacity_mw": 2.2, "distributor_network": "Viesgo", "voltage_kv": 55.0, "grid_status": "Moderate", "is_friction": true }, "geometry": { "type": "Point", "coordinates": [ -3.832955955303744, 43.440579447087373 ] } },
{ "type": "Feature", "properties": { "substation_name": "PUEYO", "provincia": "Huesca", "municipio": "22170", "latitude": 42.728720186071726, "longitude": -0.3056477870422078, "available_capacity_mw": 0.0, "distributor_network": "Endesa", "voltage_kv": 66.0, "grid_status": "Congested", "is_friction": true }, "geometry": { "type": "Point", "coordinates": [ -0.305647787042208, 42.728720186071726 ] } },
{ "type": "Feature", "properties": { "substation_name": "PUIGPELAT", "provincia": "Tarragona", "municipio": "43119", "latitude": 41.283365836375388, "longitude": 1.2911742299405535, "available_capacity_mw": 0.0, "distributor_network": "Endesa", "voltage_kv": 25.0, "grid_status": "Congested", "is_friction": true }, "geometry": { "type": "Point", "coordinates": [ 1.291174229940554, 41.283365836375388 ] } },
{ "type": "Feature", "properties": { "substation_name": "PUILATOS", "provincia": "Zaragoza", "municipio": "50298", "latitude": 41.951463688098059, "longitude": -0.7044283061383293, "available_capacity_mw": 0.0, "distributor_network": "Endesa", "voltage_kv": 45.0, "grid_status": "Congested", "is_friction": true }, "geometry": { "type": "Point", "coordinates": [ -0.704428306138329, 41.951463688098059 ] } },
{ "type": "Feature", "properties": { "substation_name": "PULIANAS", "provincia": "Granada", "municipio": "18165", "latitude": 37.217009933499732, "longitude": -3.6104265731848302, "available_capacity_mw": 0.0, "distributor_network": "Endesa", "voltage_kv": 66.0, "grid_status": "Congested", "is_friction": true }, "geometry": { "type": "Point", "coordinates": [ -3.61042657318483, 37.217009933499732 ] } },
{ "type": "Feature", "properties": { "substation_name": "PZ_ALCON", "provincia": "Jaén", "municipio": "23070", "latitude": 37.693816196206591, "longitude": -2.9526736892189325, "available_capacity_mw": 0.0, "distributor_network": "Endesa", "voltage_kv": 132.0, "grid_status": "Congested", "is_friction": true }, "geometry": { "type": "Point", "coordinates": [ -2.952673689218932, 37.693816196206591 ] } },
{ "type": "Feature", "properties": { "substation_name": "P_ESCANDON", "provincia": "Teruel", "municipio": "44192", "latitude": 40.288889276632446, "longitude": -0.98053024177312242, "available_capacity_mw": 0.0, "distributor_network": "Endesa", "voltage_kv": 132.0, "grid_status": "Congested", "is_friction": true }, "geometry": { "type": "Point", "coordinates": [ -0.980530241773122, 40.288889276632446 ] } },
{ "type": "Feature", "properties": { "substation_name": "QUESADA", "provincia": "Jaén", "municipio": "23073", "latitude": 37.863154551813594, "longitude": -3.085820371876419, "available_capacity_mw": 0.0, "distributor_network": "Endesa", "voltage_kv": 132.0, "grid_status": "Congested", "is_friction": true }, "geometry": { "type": "Point", "coordinates": [ -3.085820371876419, 37.863154551813594 ] } },
{ "type": "Feature", "properties": { "substation_name": "QUINTO", "provincia": "Zaragoza", "municipio": "50222", "latitude": 41.406086219098896, "longitude": -0.48229034812419669, "available_capacity_mw": 0.0, "distributor_network": "Endesa", "voltage_kv": 45.0, "grid_status": "Congested", "is_friction": true }, "geometry": { "type": "Point", "coordinates": [ -0.482290348124197, 41.406086219098896 ] } },
{ "type": "Feature", "properties": { "substation_name": "QUINTOS", "provincia": "Sevilla", "municipio": "41091", "latitude": 37.3501683807796, "longitude": -5.9519668199059099, "available_capacity_mw": 0.0, "distributor_network": "Endesa", "voltage_kv": 66.0, "grid_status": "Congested", "is_friction": true }, "geometry": { "type": "Point", "coordinates": [ -5.95196681990591, 37.3501683807796 ] } },
{ "type": "Feature", "properties": { "substation_name": "R.BUBIERCA", "provincia": "Zaragoza", "municipio": "50058", "latitude": 41.317313571825544, "longitude": -1.8553018031465969, "available_capacity_mw": 0.0, "distributor_network": "Endesa", "voltage_kv": 45.0, "grid_status": "Congested", "is_friction": true }, "geometry": { "type": "Point", "coordinates": [ -1.855301803146597, 41.317313571825544 ] } },
{ "type": "Feature", "properties": { "substation_name": "R.CALDES", "provincia": "Barcelona", "municipio": "8167", "latitude": 41.548794957287541, "longitude": 2.1727821223661081, "available_capacity_mw": 90.97, "distributor_network": "Endesa", "voltage_kv": 110.0, "grid_status": "Sufficient", "is_friction": false }, "geometry": { "type": "Point", "coordinates": [ 2.172782122366108, 41.548794957287541 ] } },
{ "type": "Feature", "properties": { "substation_name": "RAFAL", "provincia": "Balears, Illes", "municipio": "7040", "latitude": 39.591375992428617, "longitude": -3.3673582150175148, "available_capacity_mw": 67.7, "distributor_network": "Endesa", "voltage_kv": 15.0, "grid_status": "Sufficient", "is_friction": false }, "geometry": { "type": "Point", "coordinates": [ -3.367358215017515, 39.591375992428617 ] } },
{ "type": "Feature", "properties": { "substation_name": "RAIMAT", "provincia": "Lleida", "municipio": "25120", "latitude": 41.684695213368784, "longitude": 0.47544165506943498, "available_capacity_mw": 0.0, "distributor_network": "Endesa", "voltage_kv": 66.0, "grid_status": "Congested", "is_friction": true }, "geometry": { "type": "Point", "coordinates": [ 0.475441655069435, 41.684695213368784 ] } },
{ "type": "Feature", "properties": { "substation_name": "RAMALES", "provincia": "Cantabria", "municipio": "Ramales de la Victoria", "latitude": 43.261603783908221, "longitude": -3.4688069771802628, "available_capacity_mw": 0.85, "distributor_network": "Viesgo", "voltage_kv": 55.0, "grid_status": "Congested", "is_friction": true }, "geometry": { "type": "Point", "coordinates": [ -3.468806977180263, 43.261603783908221 ] } },
{ "type": "Feature", "properties": { "substation_name": "RAMOS", "provincia": "Málaga", "municipio": "29067", "latitude": 36.729086778194144, "longitude": -4.4723670614702424, "available_capacity_mw": 170.54, "distributor_network": "Endesa", "voltage_kv": 132.0, "grid_status": "Sufficient", "is_friction": false }, "geometry": { "type": "Point", "coordinates": [ -4.472367061470242, 36.729086778194144 ] } },
{ "type": "Feature", "properties": { "substation_name": "RASTRO", "provincia": "Sevilla", "municipio": "41091", "latitude": 37.384102631766744, "longitude": -5.9848708641206549, "available_capacity_mw": 0.0, "distributor_network": "Endesa", "voltage_kv": 66.0, "grid_status": "Congested", "is_friction": true }, "geometry": { "type": "Point", "coordinates": [ -5.984870864120655, 37.384102631766744 ] } },
{ "type": "Feature", "properties": { "substation_name": "REINOSA", "provincia": "Cantabria", "municipio": "Reinosa", "latitude": 42.988129770439549, "longitude": -4.1425336055970439, "available_capacity_mw": 0.0, "distributor_network": "Viesgo", "voltage_kv": 132.0, "grid_status": "Congested", "is_friction": true }, "geometry": { "type": "Point", "coordinates": [ -4.142533605597044, 42.988129770439549 ] } },
{ "type": "Feature", "properties": { "substation_name": "REMCAUDA", "provincia": "Cádiz", "municipio": "11032", "latitude": 36.749171036023235, "longitude": -6.3400928965574082, "available_capacity_mw": 19.23, "distributor_network": "Endesa", "voltage_kv": 66.0, "grid_status": "Sufficient", "is_friction": false }, "geometry": { "type": "Point", "coordinates": [ -6.340092896557408, 36.749171036023235 ] } },
{ "type": "Feature", "properties": { "substation_name": "REMEDIOS", "provincia": "Sevilla", "municipio": "41091", "latitude": 37.378625065088833, "longitude": -6.0138050081751109, "available_capacity_mw": 0.0, "distributor_network": "Endesa", "voltage_kv": 66.0, "grid_status": "Congested", "is_friction": true }, "geometry": { "type": "Point", "coordinates": [ -6.013805008175111, 37.378625065088833 ] } },
{ "type": "Feature", "properties": { "substation_name": "REN.F.MUES", "provincia": "Zaragoza", "municipio": "50297", "latitude": 41.624958318557788, "longitude": -0.99009052946983256, "available_capacity_mw": 0.0, "distributor_network": "Endesa", "voltage_kv": 45.0, "grid_status": "Congested", "is_friction": true }, "geometry": { "type": "Point", "coordinates": [ -0.990090529469833, 41.624958318557788 ] } },
{ "type": "Feature", "properties": { "substation_name": "RENEDO", "provincia": "Cantabria", "municipio": "Piélagos", "latitude": 43.359371448211867, "longitude": -3.9564524854035108, "available_capacity_mw": 0.53, "distributor_network": "Viesgo", "voltage_kv": 55.0, "grid_status": "Congested", "is_friction": true }, "geometry": { "type": "Point", "coordinates": [ -3.956452485403511, 43.359371448211867 ] } },
{ "type": "Feature", "properties": { "substation_name": "REOCIN", "provincia": "Cantabria", "municipio": "Reocín", "latitude": 43.33558196924087, "longitude": -4.0992841052655296, "available_capacity_mw": 3.37, "distributor_network": "Viesgo", "voltage_kv": 55.0, "grid_status": "Moderate", "is_friction": true }, "geometry": { "type": "Point", "coordinates": [ -4.09928410526553, 43.33558196924087 ] } },
{ "type": "Feature", "properties": { "substation_name": "REPILADO", "provincia": "Huelva", "municipio": "21043", "latitude": 37.928877755471696, "longitude": -6.7747324219512697, "available_capacity_mw": 0.0, "distributor_network": "Endesa", "voltage_kv": 66.0, "grid_status": "Congested", "is_friction": true }, "geometry": { "type": "Point", "coordinates": [ -6.77473242195127, 37.928877755471696 ] } },
{ "type": "Feature", "properties": { "substation_name": "REPSOL", "provincia": "Tarragona", "municipio": "43109", "latitude": 41.175683923161792, "longitude": 1.2284700222623499, "available_capacity_mw": 75.16, "distributor_network": "Endesa", "voltage_kv": 66.0, "grid_status": "Sufficient", "is_friction": false }, "geometry": { "type": "Point", "coordinates": [ 1.22847002226235, 41.175683923161792 ] } },
{ "type": "Feature", "properties": { "substation_name": "REUS", "provincia": "Tarragona", "municipio": "43123", "latitude": 41.167903118623897, "longitude": 1.1064946262343949, "available_capacity_mw": 72.57, "distributor_network": "Endesa", "voltage_kv": 110.0, "grid_status": "Sufficient", "is_friction": false }, "geometry": { "type": "Point", "coordinates": [ 1.106494626234395, 41.167903118623897 ] } },
{ "type": "Feature", "properties": { "substation_name": "RIALB", "provincia": "Lleida", "municipio": "25222", "latitude": 41.939801257401371, "longitude": 1.1954189132977686, "available_capacity_mw": 0.0, "distributor_network": "Endesa", "voltage_kv": 110.0, "grid_status": "Congested", "is_friction": true }, "geometry": { "type": "Point", "coordinates": [ 1.195418913297769, 41.939801257401371 ] } },
{ "type": "Feature", "properties": { "substation_name": "RIAÑO", "provincia": "Cantabria", "municipio": "Santillana del Mar", "latitude": 43.368125548503201, "longitude": -4.0528036019033644, "available_capacity_mw": 0.53, "distributor_network": "Viesgo", "voltage_kv": 55.0, "grid_status": "Congested", "is_friction": true }, "geometry": { "type": "Point", "coordinates": [ -4.052803601903364, 43.368125548503201 ] } },
{ "type": "Feature", "properties": { "substation_name": "RIBADEO", "provincia": "Lugo", "municipio": "Ribadeo", "latitude": 43.535338017261985, "longitude": -7.0733524741476073, "available_capacity_mw": 19.0, "distributor_network": "Viesgo", "voltage_kv": 132.0, "grid_status": "Sufficient", "is_friction": false }, "geometry": { "type": "Point", "coordinates": [ -7.073352474147607, 43.535338017261985 ] } },
{ "type": "Feature", "properties": { "substation_name": "RIBARROJA", "provincia": "Tarragona", "municipio": "43125", "latitude": 41.242305322039883, "longitude": 0.43100616003419112, "available_capacity_mw": 2.44, "distributor_network": "Endesa", "voltage_kv": 25.0, "grid_status": "Moderate", "is_friction": true }, "geometry": { "type": "Point", "coordinates": [ 0.431006160034191, 41.242305322039883 ] } },
{ "type": "Feature", "properties": { "substation_name": "RINCONAD", "provincia": "Sevilla", "municipio": "41081", "latitude": 37.472974114689826, "longitude": -5.9501708732402534, "available_capacity_mw": 0.0, "distributor_network": "Endesa", "voltage_kv": 132.0, "grid_status": "Congested", "is_friction": true }, "geometry": { "type": "Point", "coordinates": [ -5.950170873240253, 37.472974114689826 ] } },
{ "type": "Feature", "properties": { "substation_name": "RINCO_V", "provincia": "Málaga", "municipio": "29082", "latitude": 36.721043915115445, "longitude": -4.247579573519368, "available_capacity_mw": 24.02, "distributor_network": "Endesa", "voltage_kv": 132.0, "grid_status": "Sufficient", "is_friction": false }, "geometry": { "type": "Point", "coordinates": [ -4.247579573519368, 36.721043915115445 ] } },
{ "type": "Feature", "properties": { "substation_name": "RIOCAYA", "provincia": "Badajoz", "municipio": "6015", "latitude": 38.917091333516794, "longitude": -7.0035912042646711, "available_capacity_mw": 0.0, "distributor_network": "Endesa", "voltage_kv": 66.0, "grid_status": "Congested", "is_friction": true }, "geometry": { "type": "Point", "coordinates": [ -7.003591204264671, 38.917091333516794 ] } },
{ "type": "Feature", "properties": { "substation_name": "RIOEBRO", "provincia": "Zaragoza", "municipio": "50297", "latitude": 41.668854795671024, "longitude": -0.90811901073373125, "available_capacity_mw": 0.0, "distributor_network": "Endesa", "voltage_kv": 45.0, "grid_status": "Congested", "is_friction": true }, "geometry": { "type": "Point", "coordinates": [ -0.908119010733731, 41.668854795671024 ] } },
{ "type": "Feature", "properties": { "substation_name": "RIONARCE", "provincia": "Badajoz", "municipio": "6085", "latitude": 37.966995943692659, "longitude": -6.1807019383597108, "available_capacity_mw": 0.0, "distributor_network": "Endesa", "voltage_kv": 66.0, "grid_status": "Congested", "is_friction": true }, "geometry": { "type": "Point", "coordinates": [ -6.180701938359711, 37.966995943692659 ] } },
{ "type": "Feature", "properties": { "substation_name": "RIPOLL", "provincia": "Girona", "municipio": "17147", "latitude": 42.211811030786649, "longitude": 2.2029015481139411, "available_capacity_mw": 63.94, "distributor_network": "Endesa", "voltage_kv": 132.0, "grid_status": "Sufficient", "is_friction": false }, "geometry": { "type": "Point", "coordinates": [ 2.202901548113941, 42.211811030786649 ] } },
{ "type": "Feature", "properties": { "substation_name": "RIVERO", "provincia": "Córdoba", "municipio": "14053", "latitude": 37.80244880008452, "longitude": -5.1417851824362399, "available_capacity_mw": 0.0, "distributor_network": "Endesa", "voltage_kv": 132.0, "grid_status": "Congested", "is_friction": true }, "geometry": { "type": "Point", "coordinates": [ -5.14178518243624, 37.80244880008452 ] } },
{ "type": "Feature", "properties": { "substation_name": "ROBRES", "provincia": "Huesca", "municipio": "22197", "latitude": 41.839363229854634, "longitude": -0.46293496341534252, "available_capacity_mw": 0.0, "distributor_network": "Endesa", "voltage_kv": 132.0, "grid_status": "Congested", "is_friction": true }, "geometry": { "type": "Point", "coordinates": [ -0.462934963415343, 41.839363229854634 ] } },
{ "type": "Feature", "properties": { "substation_name": "ROCA", "provincia": "Barcelona", "municipio": "8181", "latitude": 41.587506579625121, "longitude": 2.3200905520787249, "available_capacity_mw": 225.87, "distributor_network": "Endesa", "voltage_kv": 132.0, "grid_status": "Sufficient", "is_friction": false }, "geometry": { "type": "Point", "coordinates": [ 2.320090552078725, 41.587506579625121 ] } },
{ "type": "Feature", "properties": { "substation_name": "ROCIO", "provincia": "Huelva", "municipio": "21005", "latitude": 37.144226891355707, "longitude": -6.4934618088283633, "available_capacity_mw": 0.0, "distributor_network": "Endesa", "voltage_kv": 66.0, "grid_status": "Congested", "is_friction": true }, "geometry": { "type": "Point", "coordinates": [ -6.493461808828363, 37.144226891355707 ] } },
{ "type": "Feature", "properties": { "substation_name": "RODAANDA", "provincia": "Sevilla", "municipio": "41082", "latitude": 37.209672207036348, "longitude": -4.7742184173011086, "available_capacity_mw": 0.0, "distributor_network": "Endesa", "voltage_kv": 66.0, "grid_status": "Congested", "is_friction": true }, "geometry": { "type": "Point", "coordinates": [ -4.774218417301109, 37.209672207036348 ] } },
{ "type": "Feature", "properties": { "substation_name": "ROMAREDA", "provincia": "Zaragoza", "municipio": "50297", "latitude": 41.636612148731757, "longitude": -0.90700652107935842, "available_capacity_mw": 0.0, "distributor_network": "Endesa", "voltage_kv": 45.0, "grid_status": "Congested", "is_friction": true }, "geometry": { "type": "Point", "coordinates": [ -0.907006521079358, 41.636612148731757 ] } },
{ "type": "Feature", "properties": { "substation_name": "ROMERAL", "provincia": "Sevilla", "municipio": "41024", "latitude": 37.507363460083674, "longitude": -5.65377589126249, "available_capacity_mw": 0.0, "distributor_network": "Endesa", "voltage_kv": 66.0, "grid_status": "Congested", "is_friction": true }, "geometry": { "type": "Point", "coordinates": [ -5.65377589126249, 37.507363460083674 ] } },
{ "type": "Feature", "properties": { "substation_name": "ROMERALE", "provincia": "Huelva", "municipio": "21041", "latitude": 37.267552974693338, "longitude": -6.9186302860855768, "available_capacity_mw": 0.0, "distributor_network": "Endesa", "voltage_kv": 66.0, "grid_status": "Congested", "is_friction": true }, "geometry": { "type": "Point", "coordinates": [ -6.918630286085577, 37.267552974693338 ] } },
{ "type": "Feature", "properties": { "substation_name": "RONCAL", "provincia": "Navarra", "municipio": "31210", "latitude": 42.794116189145889, "longitude": -0.95948937014081759, "available_capacity_mw": 0.0, "distributor_network": "Endesa", "voltage_kv": 45.0, "grid_status": "Congested", "is_friction": true }, "geometry": { "type": "Point", "coordinates": [ -0.959489370140818, 42.794116189145889 ] } },
{ "type": "Feature", "properties": { "substation_name": "RONDA", "provincia": "Málaga", "municipio": "29084", "latitude": 36.742618662055072, "longitude": -5.1705903676683374, "available_capacity_mw": 10.45, "distributor_network": "Endesa", "voltage_kv": 66.0, "grid_status": "Sufficient", "is_friction": false }, "geometry": { "type": "Point", "coordinates": [ -5.170590367668337, 36.742618662055072 ] } },
{ "type": "Feature", "properties": { "substation_name": "ROTA", "provincia": "Cádiz", "municipio": "11030", "latitude": 36.67762797561624, "longitude": -6.3998731077304472, "available_capacity_mw": 42.46, "distributor_network": "Endesa", "voltage_kv": 66.0, "grid_status": "Sufficient", "is_friction": false }, "geometry": { "type": "Point", "coordinates": [ -6.399873107730447, 36.67762797561624 ] } },
{ "type": "Feature", "properties": { "substation_name": "ROURELL", "provincia": "Barcelona", "municipio": "8307", "latitude": 41.252949711520657, "longitude": 1.722126106744281, "available_capacity_mw": 202.53, "distributor_network": "Endesa", "voltage_kv": 110.0, "grid_status": "Sufficient", "is_friction": false }, "geometry": { "type": "Point", "coordinates": [ 1.722126106744281, 41.252949711520657 ] } },
{ "type": "Feature", "properties": { "substation_name": "ROZADIO", "provincia": "Cantabria", "municipio": "Rionansa", "latitude": 43.222669914368346, "longitude": -4.3862502307966036, "available_capacity_mw": 0.0, "distributor_network": "Viesgo", "voltage_kv": 55.0, "grid_status": "Congested", "is_friction": true }, "geometry": { "type": "Point", "coordinates": [ -4.386250230796604, 43.222669914368346 ] } },
{ "type": "Feature", "properties": { "substation_name": "RUBI", "provincia": "Barcelona", "municipio": "8184", "latitude": 41.473410311967818, "longitude": 2.0099258110666312, "available_capacity_mw": 73.31, "distributor_network": "Endesa", "voltage_kv": 66.0, "grid_status": "Sufficient", "is_friction": false }, "geometry": { "type": "Point", "coordinates": [ 2.009925811066631, 41.473410311967818 ] } },
{ "type": "Feature", "properties": { "substation_name": "RUTPLATA", "provincia": "Sevilla", "municipio": "41049", "latitude": 37.552457996254951, "longitude": -6.0872404947933205, "available_capacity_mw": 0.0, "distributor_network": "Endesa", "voltage_kv": 132.0, "grid_status": "Congested", "is_friction": true }, "geometry": { "type": "Point", "coordinates": [ -6.087240494793321, 37.552457996254951 ] } },
{ "type": "Feature", "properties": { "substation_name": "R_LUCENI", "provincia": "Zaragoza", "municipio": "50147", "latitude": 41.826644657479932, "longitude": -1.2460122280419761, "available_capacity_mw": 0.0, "distributor_network": "Endesa", "voltage_kv": 45.0, "grid_status": "Congested", "is_friction": true }, "geometry": { "type": "Point", "coordinates": [ -1.246012228041976, 41.826644657479932 ] } },
{ "type": "Feature", "properties": { "substation_name": "R_MARCEN", "provincia": "Huesca", "municipio": "22136", "latitude": 41.881581204649713, "longitude": -0.28301689107224981, "available_capacity_mw": 0.0, "distributor_network": "Endesa", "voltage_kv": 45.0, "grid_status": "Congested", "is_friction": true }, "geometry": { "type": "Point", "coordinates": [ -0.28301689107225, 41.881581204649713 ] } },
{ "type": "Feature", "properties": { "substation_name": "R_MONTORO", "provincia": "Teruel", "municipio": "44013", "latitude": 40.998632223647043, "longitude": -0.20824609315309359, "available_capacity_mw": 0.0, "distributor_network": "Endesa", "voltage_kv": 45.0, "grid_status": "Congested", "is_friction": true }, "geometry": { "type": "Point", "coordinates": [ -0.208246093153094, 40.998632223647043 ] } },
{ "type": "Feature", "properties": { "substation_name": "R_TARDIENT", "provincia": "Huesca", "municipio": "22226", "latitude": 41.976970114537629, "longitude": -0.54135862845362304, "available_capacity_mw": 0.0, "distributor_network": "Endesa", "voltage_kv": 45.0, "grid_status": "Congested", "is_friction": true }, "geometry": { "type": "Point", "coordinates": [ -0.541358628453623, 41.976970114537629 ] } },
{ "type": "Feature", "properties": { "substation_name": "S.AGUSTIN", "provincia": "Ourense", "municipio": "32086", "latitude": 42.153497273255198, "longitude": -7.06286961054324, "available_capacity_mw": 0.0, "distributor_network": "Endesa", "voltage_kv": 50.0, "grid_status": "Congested", "is_friction": true }, "geometry": { "type": "Point", "coordinates": [ -7.06286961054324, 42.153497273255198 ] } },
{ "type": "Feature", "properties": { "substation_name": "S.ANA", "provincia": "Huesca", "municipio": "22089", "latitude": 41.881914920577195, "longitude": 0.58053048934215856, "available_capacity_mw": 0.0, "distributor_network": "Endesa", "voltage_kv": 132.0, "grid_status": "Congested", "is_friction": true }, "geometry": { "type": "Point", "coordinates": [ 0.580530489342159, 41.881914920577195 ] } },
{ "type": "Feature", "properties": { "substation_name": "S.ANDREU", "provincia": "Barcelona", "municipio": "8019", "latitude": 41.446475186139985, "longitude": 2.1895794318766786, "available_capacity_mw": 299.37, "distributor_network": "Endesa", "voltage_kv": 110.0, "grid_status": "Sufficient", "is_friction": false }, "geometry": { "type": "Point", "coordinates": [ 2.189579431876679, 41.446475186139985 ] } },
{ "type": "Feature", "properties": { "substation_name": "S.ANTONI", "provincia": "Balears, Illes", "municipio": "7046", "latitude": 38.957334062752643, "longitude": -4.6635789554786351, "available_capacity_mw": 85.97, "distributor_network": "Endesa", "voltage_kv": 15.0, "grid_status": "Sufficient", "is_friction": false }, "geometry": { "type": "Point", "coordinates": [ -4.663578955478635, 38.957334062752643 ] } },
{ "type": "Feature", "properties": { "substation_name": "S.BOI", "provincia": "Barcelona", "municipio": "8200", "latitude": 41.335969467883615, "longitude": 2.0407458191859602, "available_capacity_mw": 382.76, "distributor_network": "Endesa", "voltage_kv": 110.0, "grid_status": "Sufficient", "is_friction": false }, "geometry": { "type": "Point", "coordinates": [ 2.04074581918596, 41.335969467883615 ] } },
{ "type": "Feature", "properties": { "substation_name": "S.C.OLORDE", "provincia": "Barcelona", "municipio": "8019", "latitude": 41.416489562448234, "longitude": 2.0599029258330881, "available_capacity_mw": 33.62, "distributor_network": "Endesa", "voltage_kv": 25.0, "grid_status": "Sufficient", "is_friction": false }, "geometry": { "type": "Point", "coordinates": [ 2.059902925833088, 41.416489562448234 ] } },
{ "type": "Feature", "properties": { "substation_name": "S.CECILIA", "provincia": "Barcelona", "municipio": "8243", "latitude": 41.995167122383286, "longitude": 2.2305429202666929, "available_capacity_mw": 63.27, "distributor_network": "Endesa", "voltage_kv": 132.0, "grid_status": "Sufficient", "is_friction": false }, "geometry": { "type": "Point", "coordinates": [ 2.230542920266693, 41.995167122383286 ] } },
{ "type": "Feature", "properties": { "substation_name": "S.CELONI", "provincia": "Barcelona", "municipio": "8202", "latitude": 41.706537142984097, "longitude": 2.4708713904924093, "available_capacity_mw": 70.04, "distributor_network": "Endesa", "voltage_kv": 110.0, "grid_status": "Sufficient", "is_friction": false }, "geometry": { "type": "Point", "coordinates": [ 2.470871390492409, 41.706537142984097 ] } },
{ "type": "Feature", "properties": { "substation_name": "S.COLOMA", "provincia": "Barcelona", "municipio": "8245", "latitude": 41.460096415614494, "longitude": 2.1912105574601388, "available_capacity_mw": 180.18, "distributor_network": "Endesa", "voltage_kv": 132.0, "grid_status": "Sufficient", "is_friction": false }, "geometry": { "type": "Point", "coordinates": [ 2.191210557460139, 41.460096415614494 ] } },
{ "type": "Feature", "properties": { "substation_name": "S.CUGAT", "provincia": "Barcelona", "municipio": "8205", "latitude": 41.486931462981751, "longitude": 2.0764603536552313, "available_capacity_mw": 61.42, "distributor_network": "Endesa", "voltage_kv": 25.0, "grid_status": "Sufficient", "is_friction": false }, "geometry": { "type": "Point", "coordinates": [ 2.076460353655231, 41.486931462981751 ] } },
{ "type": "Feature", "properties": { "substation_name": "S.EULALIA", "provincia": "Balears, Illes", "municipio": "7050", "latitude": 39.006442305475701, "longitude": -4.509434936701167, "available_capacity_mw": 84.5, "distributor_network": "Endesa", "voltage_kv": 15.0, "grid_status": "Sufficient", "is_friction": false }, "geometry": { "type": "Point", "coordinates": [ -4.509434936701167, 39.006442305475701 ] } },
{ "type": "Feature", "properties": { "substation_name": "S.FELIU", "provincia": "Barcelona", "municipio": "8211", "latitude": 41.395848935011607, "longitude": 2.0354568735475169, "available_capacity_mw": 61.7, "distributor_network": "Endesa", "voltage_kv": 66.0, "grid_status": "Sufficient", "is_friction": false }, "geometry": { "type": "Point", "coordinates": [ 2.035456873547517, 41.395848935011607 ] } },
{ "type": "Feature", "properties": { "substation_name": "S.FOST", "provincia": "Barcelona", "municipio": "8209", "latitude": 41.511844411478542, "longitude": 2.2181965658777947, "available_capacity_mw": 351.03, "distributor_network": "Endesa", "voltage_kv": 110.0, "grid_status": "Sufficient", "is_friction": false }, "geometry": { "type": "Point", "coordinates": [ 2.218196565877795, 41.511844411478542 ] } },
{ "type": "Feature", "properties": { "substation_name": "S.HILARI", "provincia": "Girona", "municipio": "17164", "latitude": 41.880657727677608, "longitude": 2.4958348214292565, "available_capacity_mw": 0.0, "distributor_network": "Endesa", "voltage_kv": 110.0, "grid_status": "Congested", "is_friction": true }, "geometry": { "type": "Point", "coordinates": [ 2.495834821429257, 41.880657727677608 ] } },
{ "type": "Feature", "properties": { "substation_name": "S.JOAN.DES", "provincia": "Barcelona", "municipio": "8217", "latitude": 41.363816564191197, "longitude": 2.0661576979200702, "available_capacity_mw": 126.28, "distributor_network": "Endesa", "voltage_kv": 110.0, "grid_status": "Sufficient", "is_friction": false }, "geometry": { "type": "Point", "coordinates": [ 2.06615769792007, 41.363816564191197 ] } },
{ "type": "Feature", "properties": { "substation_name": "S.JORGE", "provincia": "Balears, Illes", "municipio": "7048", "latitude": 38.904728043379293, "longitude": -4.622021168806401, "available_capacity_mw": 52.36, "distributor_network": "Endesa", "voltage_kv": 15.0, "grid_status": "Sufficient", "is_friction": false }, "geometry": { "type": "Point", "coordinates": [ -4.622021168806401, 38.904728043379293 ] } },
{ "type": "Feature", "properties": { "substation_name": "S.JUAN", "provincia": "Balears, Illes", "municipio": "7040", "latitude": 39.547320320225758, "longitude": -3.2983362924133881, "available_capacity_mw": 31.53, "distributor_network": "Endesa", "voltage_kv": 15.0, "grid_status": "Sufficient", "is_friction": false }, "geometry": { "type": "Point", "coordinates": [ -3.298336292413388, 39.547320320225758 ] } },
{ "type": "Feature", "properties": { "substation_name": "S.JUST", "provincia": "Barcelona", "municipio": "8221", "latitude": 41.392210455547186, "longitude": 2.0794854930077133, "available_capacity_mw": 94.61, "distributor_network": "Endesa", "voltage_kv": 66.0, "grid_status": "Sufficient", "is_friction": false }, "geometry": { "type": "Point", "coordinates": [ 2.079485493007713, 41.392210455547186 ] } },
{ "type": "Feature", "properties": { "substation_name": "S.LLOGAIA", "provincia": "Girona", "municipio": "17182", "latitude": 42.230374457168914, "longitude": 2.9468089387238687, "available_capacity_mw": 0.0, "distributor_network": "Endesa", "voltage_kv": 132.0, "grid_status": "Congested", "is_friction": true }, "geometry": { "type": "Point", "coordinates": [ 2.946808938723869, 42.230374457168914 ] } },
{ "type": "Feature", "properties": { "substation_name": "S.LLORENÇ", "provincia": "Lleida", "municipio": "25062", "latitude": 41.853646745695336, "longitude": 0.83528663940782599, "available_capacity_mw": 0.0, "distributor_network": "Endesa", "voltage_kv": 110.0, "grid_status": "Congested", "is_friction": true }, "geometry": { "type": "Point", "coordinates": [ 0.835286639407826, 41.853646745695336 ] } },
{ "type": "Feature", "properties": { "substation_name": "S.MARGARID", "provincia": "Barcelona", "municipio": "8250", "latitude": 41.554749034782432, "longitude": 1.5977900275408403, "available_capacity_mw": 0.0, "distributor_network": "Endesa", "voltage_kv": 110.0, "grid_status": "Congested", "is_friction": true }, "geometry": { "type": "Point", "coordinates": [ 1.59779002754084, 41.554749034782432 ] } },
{ "type": "Feature", "properties": { "substation_name": "S.MARIA", "provincia": "Balears, Illes", "municipio": "7056", "latitude": 39.653279090309191, "longitude": -3.1940356946823116, "available_capacity_mw": 0.0, "distributor_network": "Endesa", "voltage_kv": 15.0, "grid_status": "Congested", "is_friction": true }, "geometry": { "type": "Point", "coordinates": [ -3.194035694682312, 39.653279090309191 ] } },
{ "type": "Feature", "properties": { "substation_name": "S.MARINA", "provincia": "León", "municipio": "24169", "latitude": 42.670047593141149, "longitude": -6.5130706526246778, "available_capacity_mw": 0.0, "distributor_network": "Endesa", "voltage_kv": 132.0, "grid_status": "Congested", "is_friction": true }, "geometry": { "type": "Point", "coordinates": [ -6.513070652624678, 42.670047593141149 ] } },
{ "type": "Feature", "properties": { "substation_name": "S.MARTI", "provincia": "Barcelona", "municipio": "8019", "latitude": 41.427170399152061, "longitude": 2.1993533852837075, "available_capacity_mw": 130.33, "distributor_network": "Endesa", "voltage_kv": 66.0, "grid_status": "Sufficient", "is_friction": false }, "geometry": { "type": "Point", "coordinates": [ 2.199353385283707, 41.427170399152061 ] } },
{ "type": "Feature", "properties": { "substation_name": "S.MATEU", "provincia": "Barcelona", "municipio": "8230", "latitude": 41.516911808297799, "longitude": 2.3347090439204856, "available_capacity_mw": 246.08, "distributor_network": "Endesa", "voltage_kv": 110.0, "grid_status": "Sufficient", "is_friction": false }, "geometry": { "type": "Point", "coordinates": [ 2.334709043920486, 41.516911808297799 ] } },
{ "type": "Feature", "properties": { "substation_name": "S.MAURICI", "provincia": "Lleida", "municipio": "25082", "latitude": 42.579440666677158, "longitude": 1.0835448454456396, "available_capacity_mw": 0.0, "distributor_network": "Endesa", "voltage_kv": 110.0, "grid_status": "Congested", "is_friction": true }, "geometry": { "type": "Point", "coordinates": [ 1.08354484544564, 42.579440666677158 ] } },
{ "type": "Feature", "properties": { "substation_name": "S.PERE.RIB", "provincia": "Barcelona", "municipio": "8231", "latitude": 41.260004378140231, "longitude": 1.749136784454371, "available_capacity_mw": 104.01, "distributor_network": "Endesa", "voltage_kv": 110.0, "grid_status": "Sufficient", "is_friction": false }, "geometry": { "type": "Point", "coordinates": [ 1.749136784454371, 41.260004378140231 ] } },
{ "type": "Feature", "properties": { "substation_name": "S.SEBAS", "provincia": "Ourense", "municipio": "32086", "latitude": 42.126100518113077, "longitude": -6.9850627347416596, "available_capacity_mw": 0.0, "distributor_network": "Endesa", "voltage_kv": 50.0, "grid_status": "Congested", "is_friction": true }, "geometry": { "type": "Point", "coordinates": [ -6.98506273474166, 42.126100518113077 ] } },
{ "type": "Feature", "properties": { "substation_name": "S.SUSANNA", "provincia": "Barcelona", "municipio": "8261", "latitude": 41.648756849121405, "longitude": 2.696744132633337, "available_capacity_mw": 168.23, "distributor_network": "Endesa", "voltage_kv": 110.0, "grid_status": "Sufficient", "is_friction": false }, "geometry": { "type": "Point", "coordinates": [ 2.696744132633337, 41.648756849121405 ] } },
{ "type": "Feature", "properties": { "substation_name": "SABADELL", "provincia": "Barcelona", "municipio": "8187", "latitude": 41.5628314717599, "longitude": 2.1004615921463574, "available_capacity_mw": 119.42, "distributor_network": "Endesa", "voltage_kv": 110.0, "grid_status": "Sufficient", "is_friction": false }, "geometry": { "type": "Point", "coordinates": [ 2.100461592146357, 41.5628314717599 ] } },
{ "type": "Feature", "properties": { "substation_name": "SABIÑANIGO", "provincia": "Huesca", "municipio": "22199", "latitude": 42.516817495277643, "longitude": -0.35801443578037562, "available_capacity_mw": 0.0, "distributor_network": "Endesa", "voltage_kv": 132.0, "grid_status": "Congested", "is_friction": true }, "geometry": { "type": "Point", "coordinates": [ -0.358014435780376, 42.516817495277643 ] } },
{ "type": "Feature", "properties": { "substation_name": "SADABA", "provincia": "Zaragoza", "municipio": "50230", "latitude": 42.270731130820323, "longitude": -1.271045905674888, "available_capacity_mw": 0.0, "distributor_network": "Endesa", "voltage_kv": 66.0, "grid_status": "Congested", "is_friction": true }, "geometry": { "type": "Point", "coordinates": [ -1.271045905674888, 42.270731130820323 ] } },
{ "type": "Feature", "properties": { "substation_name": "SAGUNTO", "provincia": "Zaragoza", "municipio": "50297", "latitude": 41.629983202967757, "longitude": -0.87895846499883223, "available_capacity_mw": 0.0, "distributor_network": "Endesa", "voltage_kv": 45.0, "grid_status": "Congested", "is_friction": true }, "geometry": { "type": "Point", "coordinates": [ -0.878958464998832, 41.629983202967757 ] } },
{ "type": "Feature", "properties": { "substation_name": "SAICA_I", "provincia": "Zaragoza", "municipio": "50297", "latitude": 41.67007459448179, "longitude": -0.86784092304000138, "available_capacity_mw": 0.0, "distributor_network": "Endesa", "voltage_kv": 45.0, "grid_status": "Congested", "is_friction": true }, "geometry": { "type": "Point", "coordinates": [ -0.867840923040001, 41.67007459448179 ] } },
{ "type": "Feature", "properties": { "substation_name": "SALINAS", "provincia": "Cádiz", "municipio": "11027", "latitude": 36.602299956594187, "longitude": -6.1884941939653411, "available_capacity_mw": 0.0, "distributor_network": "Endesa", "voltage_kv": 66.0, "grid_status": "Congested", "is_friction": true }, "geometry": { "type": "Point", "coordinates": [ -6.188494193965341, 36.602299956594187 ] } },
{ "type": "Feature", "properties": { "substation_name": "SALLENT", "provincia": "Huesca", "municipio": "22204", "latitude": 42.770602204397143, "longitude": -0.33373063735051839, "available_capacity_mw": 45.09, "distributor_network": "Endesa", "voltage_kv": 132.0, "grid_status": "Sufficient", "is_friction": false }, "geometry": { "type": "Point", "coordinates": [ -0.333730637350518, 42.770602204397143 ] } },
{ "type": "Feature", "properties": { "substation_name": "SALT", "provincia": "Girona", "municipio": "17155", "latitude": 41.96944191419653, "longitude": 2.8012501567905033, "available_capacity_mw": 156.71, "distributor_network": "Endesa", "voltage_kv": 132.0, "grid_status": "Sufficient", "is_friction": false }, "geometry": { "type": "Point", "coordinates": [ 2.801250156790503, 41.96944191419653 ] } },
{ "type": "Feature", "properties": { "substation_name": "SALTERAS", "provincia": "Sevilla", "municipio": "41085", "latitude": 37.451378244986081, "longitude": -6.1226426703315857, "available_capacity_mw": 0.0, "distributor_network": "Endesa", "voltage_kv": 66.0, "grid_status": "Congested", "is_friction": true }, "geometry": { "type": "Point", "coordinates": [ -6.122642670331586, 37.451378244986081 ] } },
{ "type": "Feature", "properties": { "substation_name": "SANJORGE", "provincia": "Badajoz", "municipio": "6054", "latitude": 38.491623308218834, "longitude": -6.3938360871023914, "available_capacity_mw": 0.0, "distributor_network": "Endesa", "voltage_kv": 66.0, "grid_status": "Congested", "is_friction": true }, "geometry": { "type": "Point", "coordinates": [ -6.393836087102391, 38.491623308218834 ] } },
{ "type": "Feature", "properties": { "substation_name": "SANLUC_M", "provincia": "Sevilla", "municipio": "41087", "latitude": 37.392449631234363, "longitude": -6.2050744382666743, "available_capacity_mw": 0.0, "distributor_network": "Endesa", "voltage_kv": 66.0, "grid_status": "Congested", "is_friction": true }, "geometry": { "type": "Point", "coordinates": [ -6.205074438266674, 37.392449631234363 ] } },
{ "type": "Feature", "properties": { "substation_name": "SANTANYI", "provincia": "Balears, Illes", "municipio": "7057", "latitude": 39.367142853487337, "longitude": -2.8822323238140819, "available_capacity_mw": 2.78, "distributor_network": "Endesa", "voltage_kv": 15.0, "grid_status": "Moderate", "is_friction": true }, "geometry": { "type": "Point", "coordinates": [ -2.882232323814082, 39.367142853487337 ] } },
{ "type": "Feature", "properties": { "substation_name": "SANTA_CRUZ", "provincia": "Asturias", "municipio": "Mieres", "latitude": 43.197773344950605, "longitude": -5.7820661449149275, "available_capacity_mw": 1.56, "distributor_network": "Viesgo", "voltage_kv": 132.0, "grid_status": "Moderate", "is_friction": true }, "geometry": { "type": "Point", "coordinates": [ -5.782066144914928, 43.197773344950605 ] } },
{ "type": "Feature", "properties": { "substation_name": "SANTA_FE", "provincia": "Granada", "municipio": "18175", "latitude": 37.183609741918296, "longitude": -3.7376496008209652, "available_capacity_mw": 0.0, "distributor_network": "Endesa", "voltage_kv": 66.0, "grid_status": "Congested", "is_friction": true }, "geometry": { "type": "Point", "coordinates": [ -3.737649600820965, 37.183609741918296 ] } },
{ "type": "Feature", "properties": { "substation_name": "SANTIPON", "provincia": "Sevilla", "municipio": "41096", "latitude": 37.425394536500306, "longitude": -6.0393109370200753, "available_capacity_mw": 0.0, "distributor_network": "Endesa", "voltage_kv": 132.0, "grid_status": "Congested", "is_friction": true }, "geometry": { "type": "Point", "coordinates": [ -6.039310937020075, 37.425394536500306 ] } },
{ "type": "Feature", "properties": { "substation_name": "SANTS", "provincia": "Barcelona", "municipio": "8101", "latitude": 41.368498024935157, "longitude": 2.122872976819953, "available_capacity_mw": 461.46, "distributor_network": "Endesa", "voltage_kv": 110.0, "grid_status": "Sufficient", "is_friction": false }, "geometry": { "type": "Point", "coordinates": [ 2.122872976819953, 41.368498024935157 ] } },
{ "type": "Feature", "properties": { "substation_name": "SANTUARI", "provincia": "Córdoba", "municipio": "14021", "latitude": 37.880264998784241, "longitude": -4.7546924850679355, "available_capacity_mw": 0.0, "distributor_network": "Endesa", "voltage_kv": 66.0, "grid_status": "Congested", "is_friction": true }, "geometry": { "type": "Point", "coordinates": [ -4.754692485067936, 37.880264998784241 ] } },
{ "type": "Feature", "properties": { "substation_name": "SANZO", "provincia": "Asturias", "municipio": "Grandas de Salime", "latitude": 43.24278806530242, "longitude": -6.8546567194578731, "available_capacity_mw": 100.0, "distributor_network": "Viesgo", "voltage_kv": 132.0, "grid_status": "Sufficient", "is_friction": false }, "geometry": { "type": "Point", "coordinates": [ -6.854656719457873, 43.24278806530242 ] } },
{ "type": "Feature", "properties": { "substation_name": "SAN_BRUNO", "provincia": "Zaragoza", "municipio": "50297", "latitude": 41.573633723934499, "longitude": -0.83365242197795542, "available_capacity_mw": 0.0, "distributor_network": "Endesa", "voltage_kv": 45.0, "grid_status": "Congested", "is_friction": true }, "geometry": { "type": "Point", "coordinates": [ -0.833652421977955, 41.573633723934499 ] } },
{ "type": "Feature", "properties": { "substation_name": "SAN_CIBRAO", "provincia": "Lugo", "municipio": "Lugo", "latitude": 43.017014074660551, "longitude": -7.517322864285223, "available_capacity_mw": 16.5, "distributor_network": "Viesgo", "voltage_kv": 132.0, "grid_status": "Sufficient", "is_friction": false }, "geometry": { "type": "Point", "coordinates": [ -7.517322864285223, 43.017014074660551 ] } },
{ "type": "Feature", "properties": { "substation_name": "SAN_LUIS", "provincia": "Asturias", "municipio": "Illano", "latitude": 43.423204006023823, "longitude": -6.8209776194135587, "available_capacity_mw": 7.5, "distributor_network": "Viesgo", "voltage_kv": 30.0, "grid_status": "Sufficient", "is_friction": false }, "geometry": { "type": "Point", "coordinates": [ -6.820977619413559, 43.423204006023823 ] } },
{ "type": "Feature", "properties": { "substation_name": "SAN_MATEO", "provincia": "Zaragoza", "municipio": "50235", "latitude": 41.816039733445002, "longitude": -0.77397542308340084, "available_capacity_mw": 0.0, "distributor_network": "Endesa", "voltage_kv": 45.0, "grid_status": "Congested", "is_friction": true }, "geometry": { "type": "Point", "coordinates": [ -0.773975423083401, 41.816039733445002 ] } },
{ "type": "Feature", "properties": { "substation_name": "SAN_MIGUEL", "provincia": "Cantabria", "municipio": "Torrelavega", "latitude": 43.357406899186991, "longitude": -4.0775284247269168, "available_capacity_mw": 0.0, "distributor_network": "Viesgo", "voltage_kv": 132.0, "grid_status": "Congested", "is_friction": true }, "geometry": { "type": "Point", "coordinates": [ -4.077528424726917, 43.357406899186991 ] } },
{ "type": "Feature", "properties": { "substation_name": "SARIÑENA", "provincia": "Huesca", "municipio": "22213", "latitude": 41.82136620796183, "longitude": -0.1869626790087629, "available_capacity_mw": 0.0, "distributor_network": "Endesa", "voltage_kv": 45.0, "grid_status": "Congested", "is_friction": true }, "geometry": { "type": "Point", "coordinates": [ -0.186962679008763, 41.82136620796183 ] } },
{ "type": "Feature", "properties": { "substation_name": "SARVISE", "provincia": "Huesca", "municipio": "22069", "latitude": 42.569758240855357, "longitude": -0.1183153727937608, "available_capacity_mw": 0.0, "distributor_network": "Endesa", "voltage_kv": 45.0, "grid_status": "Congested", "is_friction": true }, "geometry": { "type": "Point", "coordinates": [ -0.118315372793761, 42.569758240855357 ] } },
{ "type": "Feature", "properties": { "substation_name": "SASO_PLANO", "provincia": "Huesca", "municipio": "22904", "latitude": 42.179232464687232, "longitude": -0.49614766622642698, "available_capacity_mw": 0.0, "distributor_network": "Endesa", "voltage_kv": 132.0, "grid_status": "Congested", "is_friction": true }, "geometry": { "type": "Point", "coordinates": [ -0.496147666226427, 42.179232464687232 ] } },
{ "type": "Feature", "properties": { "substation_name": "SASTAGO", "provincia": "Zaragoza", "municipio": "50240", "latitude": 41.317218480104934, "longitude": -0.36413116454085043, "available_capacity_mw": 0.0, "distributor_network": "Endesa", "voltage_kv": 110.0, "grid_status": "Congested", "is_friction": true }, "geometry": { "type": "Point", "coordinates": [ -0.36413116454085, 41.317218480104934 ] } },
{ "type": "Feature", "properties": { "substation_name": "SAU", "provincia": "Barcelona", "municipio": "8303", "latitude": 41.967668638134626, "longitude": 2.4144079801150617, "available_capacity_mw": 0.0, "distributor_network": "Endesa", "voltage_kv": 110.0, "grid_status": "Congested", "is_friction": true }, "geometry": { "type": "Point", "coordinates": [ 2.414407980115062, 41.967668638134626 ] } },
{ "type": "Feature", "properties": { "substation_name": "SAUGUSTO", "provincia": "Málaga", "municipio": "29090", "latitude": 36.704106125239051, "longitude": -4.8845547131007896, "available_capacity_mw": 12.55, "distributor_network": "Endesa", "voltage_kv": 66.0, "grid_status": "Sufficient", "is_friction": false }, "geometry": { "type": "Point", "coordinates": [ -4.88455471310079, 36.704106125239051 ] } },
{ "type": "Feature", "properties": { "substation_name": "SEC.AZUARA", "provincia": "Zaragoza", "municipio": "50039", "latitude": 41.298091110572635, "longitude": -0.90374731248984164, "available_capacity_mw": 0.0, "distributor_network": "Endesa", "voltage_kv": 132.0, "grid_status": "Congested", "is_friction": true }, "geometry": { "type": "Point", "coordinates": [ -0.903747312489842, 41.298091110572635 ] } },
{ "type": "Feature", "properties": { "substation_name": "SECUNDAR", "provincia": "Málaga", "municipio": "29067", "latitude": 36.718783088590762, "longitude": -4.4401583782460508, "available_capacity_mw": 135.83, "distributor_network": "Endesa", "voltage_kv": 66.0, "grid_status": "Sufficient", "is_friction": false }, "geometry": { "type": "Point", "coordinates": [ -4.440158378246051, 36.718783088590762 ] } },
{ "type": "Feature", "properties": { "substation_name": "SEC_CABLEN", "provincia": "Zaragoza", "municipio": "50297", "latitude": 41.654158996079907, "longitude": -0.77737260582409218, "available_capacity_mw": 0.0, "distributor_network": "Endesa", "voltage_kv": 45.0, "grid_status": "Congested", "is_friction": true }, "geometry": { "type": "Point", "coordinates": [ -0.777372605824092, 41.654158996079907 ] } },
{ "type": "Feature", "properties": { "substation_name": "SEC_EPILA", "provincia": "Zaragoza", "municipio": "50099", "latitude": 41.553530970615867, "longitude": -1.2011720658034302, "available_capacity_mw": 0.0, "distributor_network": "Endesa", "voltage_kv": 45.0, "grid_status": "Congested", "is_friction": true }, "geometry": { "type": "Point", "coordinates": [ -1.20117206580343, 41.553530970615867 ] } },
{ "type": "Feature", "properties": { "substation_name": "SEC_PELP", "provincia": "Sevilla", "municipio": "41053", "latitude": 36.872652785296509, "longitude": -5.9486960272723319, "available_capacity_mw": 0.0, "distributor_network": "Endesa", "voltage_kv": 132.0, "grid_status": "Congested", "is_friction": true }, "geometry": { "type": "Point", "coordinates": [ -5.948696027272332, 36.872652785296509 ] } },
{ "type": "Feature", "properties": { "substation_name": "SEC_SABIÑA", "provincia": "Huesca", "municipio": "22199", "latitude": 42.482833521603418, "longitude": -0.37729265349871122, "available_capacity_mw": 0.0, "distributor_network": "Endesa", "voltage_kv": 45.0, "grid_status": "Congested", "is_friction": true }, "geometry": { "type": "Point", "coordinates": [ -0.377292653498711, 42.482833521603418 ] } },
{ "type": "Feature", "properties": { "substation_name": "SEGRIA", "provincia": "Lleida", "municipio": "25053", "latitude": 41.695078670325877, "longitude": 0.61498576782251091, "available_capacity_mw": 0.0, "distributor_network": "Endesa", "voltage_kv": 110.0, "grid_status": "Congested", "is_friction": true }, "geometry": { "type": "Point", "coordinates": [ 0.614985767822511, 41.695078670325877 ] } },
{ "type": "Feature", "properties": { "substation_name": "SEIRA", "provincia": "Huesca", "municipio": "22215", "latitude": 42.47810969452803, "longitude": 0.43619350922354411, "available_capacity_mw": 0.0, "distributor_network": "Endesa", "voltage_kv": 110.0, "grid_status": "Congested", "is_friction": true }, "geometry": { "type": "Point", "coordinates": [ 0.436193509223544, 42.47810969452803 ] } },
{ "type": "Feature", "properties": { "substation_name": "SELGUA", "provincia": "Huesca", "municipio": "22158", "latitude": 41.935241131111141, "longitude": 0.1203266118299693, "available_capacity_mw": 0.0, "distributor_network": "Endesa", "voltage_kv": 45.0, "grid_status": "Congested", "is_friction": true }, "geometry": { "type": "Point", "coordinates": [ 0.120326611829969, 41.935241131111141 ] } },
{ "type": "Feature", "properties": { "substation_name": "SENET", "provincia": "Huesca", "municipio": "22157", "latitude": 42.544648389964365, "longitude": 0.73552683229778582, "available_capacity_mw": 0.0, "distributor_network": "Endesa", "voltage_kv": 132.0, "grid_status": "Congested", "is_friction": true }, "geometry": { "type": "Point", "coordinates": [ 0.735526832297786, 42.544648389964365 ] } },
{ "type": "Feature", "properties": { "substation_name": "SENTMENAT", "provincia": "Barcelona", "municipio": "8267", "latitude": 41.619480003673779, "longitude": 2.1116393779612102, "available_capacity_mw": 0.0, "distributor_network": "Endesa", "voltage_kv": 25.0, "grid_status": "Congested", "is_friction": true }, "geometry": { "type": "Point", "coordinates": [ 2.11163937796121, 41.619480003673779 ] } },
{ "type": "Feature", "properties": { "substation_name": "SEO", "provincia": "Barcelona", "municipio": "8114", "latitude": 41.497500788749882, "longitude": 1.9131375427521944, "available_capacity_mw": 0.0, "distributor_network": "Endesa", "voltage_kv": 110.0, "grid_status": "Congested", "is_friction": true }, "geometry": { "type": "Point", "coordinates": [ 1.913137542752194, 41.497500788749882 ] } },
{ "type": "Feature", "properties": { "substation_name": "SERENA", "provincia": "Badajoz", "municipio": "6036", "latitude": 38.911405597905031, "longitude": -5.4161912926997893, "available_capacity_mw": 0.0, "distributor_network": "Endesa", "voltage_kv": 132.0, "grid_status": "Congested", "is_friction": true }, "geometry": { "type": "Point", "coordinates": [ -5.416191292699789, 38.911405597905031 ] } },
{ "type": "Feature", "properties": { "substation_name": "SERINYA", "provincia": "Girona", "municipio": "17190", "latitude": 42.180627358018825, "longitude": 2.7381708489169858, "available_capacity_mw": 0.0, "distributor_network": "Endesa", "voltage_kv": 132.0, "grid_status": "Congested", "is_friction": true }, "geometry": { "type": "Point", "coordinates": [ 2.738170848916986, 42.180627358018825 ] } },
{ "type": "Feature", "properties": { "substation_name": "SERON", "provincia": "Almería", "municipio": "4083", "latitude": 37.417122295318386, "longitude": -2.5663254369858404, "available_capacity_mw": 0.0, "distributor_network": "Endesa", "voltage_kv": 132.0, "grid_status": "Congested", "is_friction": true }, "geometry": { "type": "Point", "coordinates": [ -2.56632543698584, 37.417122295318386 ] } },
{ "type": "Feature", "properties": { "substation_name": "SEROS", "provincia": "Lleida", "municipio": "25038", "latitude": 41.467998443466513, "longitude": 0.46136962730738967, "available_capacity_mw": 0.0, "distributor_network": "Endesa", "voltage_kv": 110.0, "grid_status": "Congested", "is_friction": true }, "geometry": { "type": "Point", "coordinates": [ 0.46136962730739, 41.467998443466513 ] } },
{ "type": "Feature", "properties": { "substation_name": "SETEFILL", "provincia": "Sevilla", "municipio": "41055", "latitude": 37.661135316846256, "longitude": -5.5457126924880003, "available_capacity_mw": 0.0, "distributor_network": "Endesa", "voltage_kv": 132.0, "grid_status": "Congested", "is_friction": true }, "geometry": { "type": "Point", "coordinates": [ -5.545712692488, 37.661135316846256 ] } },
{ "type": "Feature", "properties": { "substation_name": "SETE_PONTES", "provincia": "Lugo", "municipio": "Vilalba", "latitude": 43.313950285672995, "longitude": -7.6636895319075329, "available_capacity_mw": 60.0, "distributor_network": "Viesgo", "voltage_kv": 132.0, "grid_status": "Sufficient", "is_friction": false }, "geometry": { "type": "Point", "coordinates": [ -7.663689531907533, 43.313950285672995 ] } },
{ "type": "Feature", "properties": { "substation_name": "SIERO", "provincia": "Asturias", "municipio": "Siero", "latitude": 43.37934406364564, "longitude": -5.7570289020339214, "available_capacity_mw": 0.0, "distributor_network": "Viesgo", "voltage_kv": 132.0, "grid_status": "Congested", "is_friction": true }, "geometry": { "type": "Point", "coordinates": [ -5.757028902033921, 43.37934406364564 ] } },
{ "type": "Feature", "properties": { "substation_name": "SIERRAS", "provincia": "Jaén", "municipio": "23065", "latitude": 38.316430755116933, "longitude": -2.6759669943702336, "available_capacity_mw": 0.0, "distributor_network": "Endesa", "voltage_kv": 132.0, "grid_status": "Congested", "is_friction": true }, "geometry": { "type": "Point", "coordinates": [ -2.675966994370234, 38.316430755116933 ] } },
{ "type": "Feature", "properties": { "substation_name": "SIERRASU", "provincia": "Granada", "municipio": "18158", "latitude": 37.245726627461295, "longitude": -3.7588983424385698, "available_capacity_mw": 0.0, "distributor_network": "Endesa", "voltage_kv": 66.0, "grid_status": "Congested", "is_friction": true }, "geometry": { "type": "Point", "coordinates": [ -3.75889834243857, 37.245726627461295 ] } },
{ "type": "Feature", "properties": { "substation_name": "SILS", "provincia": "Girona", "municipio": "17193", "latitude": 41.805558995966656, "longitude": 2.7524008194757648, "available_capacity_mw": 0.0, "distributor_network": "Endesa", "voltage_kv": 110.0, "grid_status": "Congested", "is_friction": true }, "geometry": { "type": "Point", "coordinates": [ 2.752400819475765, 41.805558995966656 ] } },
{ "type": "Feature", "properties": { "substation_name": "SOLDADO", "provincia": "Córdoba", "municipio": "14070", "latitude": 38.3711023355878, "longitude": -5.0020917862081395, "available_capacity_mw": 0.0, "distributor_network": "Endesa", "voltage_kv": 66.0, "grid_status": "Congested", "is_friction": true }, "geometry": { "type": "Point", "coordinates": [ -5.00209178620814, 38.3711023355878 ] } },
{ "type": "Feature", "properties": { "substation_name": "SOLSONA", "provincia": "Lleida", "municipio": "25151", "latitude": 41.995737997168575, "longitude": 1.4844548744901094, "available_capacity_mw": 0.0, "distributor_network": "Endesa", "voltage_kv": 110.0, "grid_status": "Congested", "is_friction": true }, "geometry": { "type": "Point", "coordinates": [ 1.484454874490109, 41.995737997168575 ] } },
{ "type": "Feature", "properties": { "substation_name": "SOLVAY_N", "provincia": "Cantabria", "municipio": "Torrelavega", "latitude": 43.375703349846823, "longitude": -4.0463627375073399, "available_capacity_mw": 0.0, "distributor_network": "Viesgo", "voltage_kv": 55.0, "grid_status": "Congested", "is_friction": true }, "geometry": { "type": "Point", "coordinates": [ -4.04636273750734, 43.375703349846823 ] } },
{ "type": "Feature", "properties": { "substation_name": "SORBAS", "provincia": "Almería", "municipio": "4086", "latitude": 37.100536254665386, "longitude": -2.1553111731088102, "available_capacity_mw": 0.0, "distributor_network": "Endesa", "voltage_kv": 132.0, "grid_status": "Congested", "is_friction": true }, "geometry": { "type": "Point", "coordinates": [ -2.15531117310881, 37.100536254665386 ] } },
{ "type": "Feature", "properties": { "substation_name": "SOSAL", "provincia": "Huesca", "municipio": "22061", "latitude": 41.855542952576762, "longitude": 0.30563037598673948, "available_capacity_mw": 0.0, "distributor_network": "Endesa", "voltage_kv": 110.0, "grid_status": "Congested", "is_friction": true }, "geometry": { "type": "Point", "coordinates": [ 0.305630375986739, 41.855542952576762 ] } },
{ "type": "Feature", "properties": { "substation_name": "SOTOGRAN", "provincia": "Cádiz", "municipio": "11033", "latitude": 36.296416733943339, "longitude": -5.306047844047562, "available_capacity_mw": 0.0, "distributor_network": "Endesa", "voltage_kv": 66.0, "grid_status": "Congested", "is_friction": true }, "geometry": { "type": "Point", "coordinates": [ -5.306047844047562, 36.296416733943339 ] } },
{ "type": "Feature", "properties": { "substation_name": "SOTONERA", "provincia": "Huesca", "municipio": "22014", "latitude": 42.104106720146355, "longitude": -0.67097345539140862, "available_capacity_mw": 0.0, "distributor_network": "Endesa", "voltage_kv": 45.0, "grid_status": "Congested", "is_friction": true }, "geometry": { "type": "Point", "coordinates": [ -0.670973455391409, 42.104106720146355 ] } },
{ "type": "Feature", "properties": { "substation_name": "SRAFAEL", "provincia": "Málaga", "municipio": "29067", "latitude": 36.7133733626384, "longitude": -4.4623682110596654, "available_capacity_mw": 94.42, "distributor_network": "Endesa", "voltage_kv": 66.0, "grid_status": "Sufficient", "is_friction": false }, "geometry": { "type": "Point", "coordinates": [ -4.462368211059665, 36.7133733626384 ] } },
{ "type": "Feature", "properties": { "substation_name": "SRAFAELN", "provincia": "Córdoba", "municipio": "14021", "latitude": 37.955676761967688, "longitude": -4.6288282793238977, "available_capacity_mw": 0.0, "distributor_network": "Endesa", "voltage_kv": 66.0, "grid_status": "Congested", "is_friction": true }, "geometry": { "type": "Point", "coordinates": [ -4.628828279323898, 37.955676761967688 ] } },
{ "type": "Feature", "properties": { "substation_name": "ST_EULALIA", "provincia": "Teruel", "municipio": "44209", "latitude": 40.554970560912814, "longitude": -1.3327876255793032, "available_capacity_mw": 0.0, "distributor_network": "Endesa", "voltage_kv": 132.0, "grid_status": "Congested", "is_friction": true }, "geometry": { "type": "Point", "coordinates": [ -1.332787625579303, 40.554970560912814 ] } },
{ "type": "Feature", "properties": { "substation_name": "SUBIRATS", "provincia": "Barcelona", "municipio": "8273", "latitude": 41.427151791511747, "longitude": 1.8213182116441611, "available_capacity_mw": 0.0, "distributor_network": "Endesa", "voltage_kv": 25.0, "grid_status": "Congested", "is_friction": true }, "geometry": { "type": "Point", "coordinates": [ 1.821318211644161, 41.427151791511747 ] } },
{ "type": "Feature", "properties": { "substation_name": "SURIA", "provincia": "Barcelona", "municipio": "8274", "latitude": 41.829940635959517, "longitude": 1.7607303277434467, "available_capacity_mw": 0.0, "distributor_network": "Endesa", "voltage_kv": 110.0, "grid_status": "Congested", "is_friction": true }, "geometry": { "type": "Point", "coordinates": [ 1.760730327743447, 41.829940635959517 ] } },
{ "type": "Feature", "properties": { "substation_name": "SUSQUEDA", "provincia": "Girona", "municipio": "17194", "latitude": 41.985341523245296, "longitude": 2.5711224329407538, "available_capacity_mw": 0.0, "distributor_network": "Endesa", "voltage_kv": 110.0, "grid_status": "Congested", "is_friction": true }, "geometry": { "type": "Point", "coordinates": [ 2.571122432940754, 41.985341523245296 ] } },
{ "type": "Feature", "properties": { "substation_name": "S_ANTONI", "provincia": "Granada", "municipio": "18087", "latitude": 37.185691399615287, "longitude": -3.5988726631969139, "available_capacity_mw": 0.0, "distributor_network": "Endesa", "voltage_kv": 66.0, "grid_status": "Congested", "is_friction": true }, "geometry": { "type": "Point", "coordinates": [ -3.598872663196914, 37.185691399615287 ] } },
{ "type": "Feature", "properties": { "substation_name": "S_ARCAS", "provincia": "Málaga", "municipio": "29017", "latitude": 37.152473246929247, "longitude": -4.4285726335727817, "available_capacity_mw": 0.0, "distributor_network": "Endesa", "voltage_kv": 132.0, "grid_status": "Congested", "is_friction": true }, "geometry": { "type": "Point", "coordinates": [ -4.428572633572782, 37.152473246929247 ] } },
{ "type": "Feature", "properties": { "substation_name": "S_BARRAM", "provincia": "Cádiz", "municipio": "11032", "latitude": 36.767951034703117, "longitude": -6.3347078621770097, "available_capacity_mw": 17.5, "distributor_network": "Endesa", "voltage_kv": 66.0, "grid_status": "Sufficient", "is_friction": false }, "geometry": { "type": "Point", "coordinates": [ -6.33470786217701, 36.767951034703117 ] } },
{ "type": "Feature", "properties": { "substation_name": "S_DOMING", "provincia": "Cádiz", "municipio": "11020", "latitude": 36.681807587846883, "longitude": -6.1656942508073982, "available_capacity_mw": 0.0, "distributor_network": "Endesa", "voltage_kv": 66.0, "grid_status": "Congested", "is_friction": true }, "geometry": { "type": "Point", "coordinates": [ -6.165694250807398, 36.681807587846883 ] } },
{ "type": "Feature", "properties": { "substation_name": "S_ELVIRA", "provincia": "Sevilla", "municipio": "41091", "latitude": 37.389766757713147, "longitude": -5.9304919916444003, "available_capacity_mw": 110.75, "distributor_network": "Endesa", "voltage_kv": 66.0, "grid_status": "Sufficient", "is_friction": false }, "geometry": { "type": "Point", "coordinates": [ -5.9304919916444, 37.389766757713147 ] } },
{ "type": "Feature", "properties": { "substation_name": "S_FERNAN", "provincia": "Cádiz", "municipio": "11031", "latitude": 36.477505717797939, "longitude": -6.18895416066729, "available_capacity_mw": 0.0, "distributor_network": "Endesa", "voltage_kv": 66.0, "grid_status": "Congested", "is_friction": true }, "geometry": { "type": "Point", "coordinates": [ -6.18895416066729, 36.477505717797939 ] } },
{ "type": "Feature", "properties": { "substation_name": "S_ISABEL", "provincia": "Granada", "municipio": "18140", "latitude": 36.745673902638643, "longitude": -3.5525980253021716, "available_capacity_mw": 0.0, "distributor_network": "Endesa", "voltage_kv": 66.0, "grid_status": "Congested", "is_friction": true }, "geometry": { "type": "Point", "coordinates": [ -3.552598025302172, 36.745673902638643 ] } },
{ "type": "Feature", "properties": { "substation_name": "S_JOSE", "provincia": "Sevilla", "municipio": "41081", "latitude": 37.479841040912525, "longitude": -5.9389447969902243, "available_capacity_mw": 0.0, "distributor_network": "Endesa", "voltage_kv": 132.0, "grid_status": "Congested", "is_friction": true }, "geometry": { "type": "Point", "coordinates": [ -5.938944796990224, 37.479841040912525 ] } },
{ "type": "Feature", "properties": { "substation_name": "S_JUAN_P", "provincia": "Huelva", "municipio": "21041", "latitude": 37.310223224846261, "longitude": -6.8563119851468537, "available_capacity_mw": 0.0, "distributor_network": "Endesa", "voltage_kv": 66.0, "grid_status": "Congested", "is_friction": true }, "geometry": { "type": "Point", "coordinates": [ -6.856311985146854, 37.310223224846261 ] } },
{ "type": "Feature", "properties": { "substation_name": "S_MADERO", "provincia": "Soria", "municipio": "42134", "latitude": 41.746417502336719, "longitude": -1.990105854814308, "available_capacity_mw": 0.0, "distributor_network": "Endesa", "voltage_kv": 45.0, "grid_status": "Congested", "is_friction": true }, "geometry": { "type": "Point", "coordinates": [ -1.990105854814308, 41.746417502336719 ] } },
{ "type": "Feature", "properties": { "substation_name": "S_MARINA", "provincia": "Badajoz", "municipio": "6015", "latitude": 38.872371232497898, "longitude": -6.9931795594656521, "available_capacity_mw": 0.0, "distributor_network": "Endesa", "voltage_kv": 66.0, "grid_status": "Congested", "is_friction": true }, "geometry": { "type": "Point", "coordinates": [ -6.993179559465652, 38.872371232497898 ] } },
{ "type": "Feature", "properties": { "substation_name": "S_NICOLA", "provincia": "Sevilla", "municipio": "41088", "latitude": 37.996236081970771, "longitude": -5.6581795115298403, "available_capacity_mw": 0.0, "distributor_network": "Endesa", "voltage_kv": 66.0, "grid_status": "Congested", "is_friction": true }, "geometry": { "type": "Point", "coordinates": [ -5.65817951152984, 37.996236081970771 ] } },
{ "type": "Feature", "properties": { "substation_name": "S_PABLO", "provincia": "Sevilla", "municipio": "41091", "latitude": 37.391811928464968, "longitude": -5.961967716192718, "available_capacity_mw": 0.0, "distributor_network": "Endesa", "voltage_kv": 66.0, "grid_status": "Congested", "is_friction": true }, "geometry": { "type": "Point", "coordinates": [ -5.961967716192718, 37.391811928464968 ] } },
{ "type": "Feature", "properties": { "substation_name": "S_ROQUE", "provincia": "Cádiz", "municipio": "11033", "latitude": 36.211751647899071, "longitude": -5.4302110314708205, "available_capacity_mw": 0.0, "distributor_network": "Endesa", "voltage_kv": 66.0, "grid_status": "Congested", "is_friction": true }, "geometry": { "type": "Point", "coordinates": [ -5.430211031470821, 36.211751647899071 ] } },
{ "type": "Feature", "properties": { "substation_name": "S_SEBAST", "provincia": "Málaga", "municipio": "29067", "latitude": 36.684142544834081, "longitude": -4.4498388403178417, "available_capacity_mw": 76.44, "distributor_network": "Endesa", "voltage_kv": 66.0, "grid_status": "Sufficient", "is_friction": false }, "geometry": { "type": "Point", "coordinates": [ -4.449838840317842, 36.684142544834081 ] } },
{ "type": "Feature", "properties": { "substation_name": "S_TOMAS", "provincia": "Almería", "municipio": "4013", "latitude": 36.823660108983162, "longitude": -2.4431010752213722, "available_capacity_mw": 0.0, "distributor_network": "Endesa", "voltage_kv": 66.0, "grid_status": "Congested", "is_friction": true }, "geometry": { "type": "Point", "coordinates": [ -2.443101075221372, 36.823660108983162 ] } },
{ "type": "Feature", "properties": { "substation_name": "S_VICENTE", "provincia": "Cantabria", "municipio": "San Vicente de la Barquera", "latitude": 43.358889072992319, "longitude": -4.3891073885657175, "available_capacity_mw": 0.0, "distributor_network": "Viesgo", "voltage_kv": 55.0, "grid_status": "Congested", "is_friction": true }, "geometry": { "type": "Point", "coordinates": [ -4.389107388565717, 43.358889072992319 ] } },
{ "type": "Feature", "properties": { "substation_name": "TABLADA", "provincia": "Sevilla", "municipio": "41091", "latitude": 37.366104066162677, "longitude": -5.9996227085163785, "available_capacity_mw": 29.29, "distributor_network": "Endesa", "voltage_kv": 66.0, "grid_status": "Sufficient", "is_friction": false }, "geometry": { "type": "Point", "coordinates": [ -5.999622708516378, 37.366104066162677 ] } },
{ "type": "Feature", "properties": { "substation_name": "TABLATE", "provincia": "Granada", "municipio": "18910", "latitude": 36.917973356257939, "longitude": -3.5184468114022009, "available_capacity_mw": 0.0, "distributor_network": "Endesa", "voltage_kv": 66.0, "grid_status": "Congested", "is_friction": true }, "geometry": { "type": "Point", "coordinates": [ -3.518446811402201, 36.917973356257939 ] } },
{ "type": "Feature", "properties": { "substation_name": "TABLELLI", "provincia": "Cádiz", "municipio": "11006", "latitude": 36.710326363449511, "longitude": -5.8381754689138221, "available_capacity_mw": 0.0, "distributor_network": "Endesa", "voltage_kv": 66.0, "grid_status": "Congested", "is_friction": true }, "geometry": { "type": "Point", "coordinates": [ -5.838175468913822, 36.710326363449511 ] } },
{ "type": "Feature", "properties": { "substation_name": "TALARN", "provincia": "Lleida", "municipio": "25215", "latitude": 42.174462651032137, "longitude": 0.90767826736043944, "available_capacity_mw": 0.0, "distributor_network": "Endesa", "voltage_kv": 110.0, "grid_status": "Congested", "is_friction": true }, "geometry": { "type": "Point", "coordinates": [ 0.907678267360439, 42.174462651032137 ] } },
{ "type": "Feature", "properties": { "substation_name": "TALIA", "provincia": "Badajoz", "municipio": "6108", "latitude": 38.42991179778415, "longitude": -6.3890106217128873, "available_capacity_mw": 0.0, "distributor_network": "Endesa", "voltage_kv": 66.0, "grid_status": "Congested", "is_friction": true }, "geometry": { "type": "Point", "coordinates": [ -6.389010621712887, 38.42991179778415 ] } },
{ "type": "Feature", "properties": { "substation_name": "TANGER", "provincia": "Barcelona", "municipio": "8019", "latitude": 41.403344012034175, "longitude": 2.1927305290355039, "available_capacity_mw": 167.06, "distributor_network": "Endesa", "voltage_kv": 25.0, "grid_status": "Sufficient", "is_friction": false }, "geometry": { "type": "Point", "coordinates": [ 2.192730529035504, 41.403344012034175 ] } },
{ "type": "Feature", "properties": { "substation_name": "TANOS", "provincia": "Cantabria", "municipio": "Torrelavega", "latitude": 43.327950179988257, "longitude": -4.0465478334513092, "available_capacity_mw": 0.64, "distributor_network": "Viesgo", "voltage_kv": 55.0, "grid_status": "Congested", "is_friction": true }, "geometry": { "type": "Point", "coordinates": [ -4.046547833451309, 43.327950179988257 ] } },
{ "type": "Feature", "properties": { "substation_name": "TANTIN", "provincia": "Cantabria", "municipio": "Santander", "latitude": 43.464531779876488, "longitude": -3.8063352904645198, "available_capacity_mw": 4.25, "distributor_network": "Viesgo", "voltage_kv": 55.0, "grid_status": "Moderate", "is_friction": true }, "geometry": { "type": "Point", "coordinates": [ -3.80633529046452, 43.464531779876488 ] } },
{ "type": "Feature", "properties": { "substation_name": "TAPIA", "provincia": "Asturias", "municipio": "Tapia de Casariego", "latitude": 43.561224763935023, "longitude": -6.9391903948103764, "available_capacity_mw": 9.43, "distributor_network": "Viesgo", "voltage_kv": 20.0, "grid_status": "Sufficient", "is_friction": false }, "geometry": { "type": "Point", "coordinates": [ -6.939190394810376, 43.561224763935023 ] } },
{ "type": "Feature", "properties": { "substation_name": "TARAZONA", "provincia": "Zaragoza", "municipio": "50251", "latitude": 41.899934021767308, "longitude": -1.7321996557305173, "available_capacity_mw": 0.0, "distributor_network": "Endesa", "voltage_kv": 66.0, "grid_status": "Congested", "is_friction": true }, "geometry": { "type": "Point", "coordinates": [ -1.732199655730517, 41.899934021767308 ] } },
{ "type": "Feature", "properties": { "substation_name": "TARDIENTA", "provincia": "Huesca", "municipio": "22226", "latitude": 41.969857523386693, "longitude": -0.52723310268132628, "available_capacity_mw": 0.0, "distributor_network": "Endesa", "voltage_kv": 45.0, "grid_status": "Congested", "is_friction": true }, "geometry": { "type": "Point", "coordinates": [ -0.527233102681326, 41.969857523386693 ] } },
{ "type": "Feature", "properties": { "substation_name": "TARRACO", "provincia": "Tarragona", "municipio": "43047", "latitude": 41.160505492302576, "longitude": 1.1872399949100512, "available_capacity_mw": 92.56, "distributor_network": "Endesa", "voltage_kv": 110.0, "grid_status": "Sufficient", "is_friction": false }, "geometry": { "type": "Point", "coordinates": [ 1.187239994910051, 41.160505492302576 ] } },
{ "type": "Feature", "properties": { "substation_name": "TARRAGONA", "provincia": "Tarragona", "municipio": "43148", "latitude": 41.113908764651789, "longitude": 1.1981063902444302, "available_capacity_mw": 135.88, "distributor_network": "Endesa", "voltage_kv": 110.0, "grid_status": "Sufficient", "is_friction": false }, "geometry": { "type": "Point", "coordinates": [ 1.19810639024443, 41.113908764651789 ] } },
{ "type": "Feature", "properties": { "substation_name": "TARREGA", "provincia": "Lleida", "municipio": "25217", "latitude": 41.671431487586048, "longitude": 1.1325821167130561, "available_capacity_mw": 0.0, "distributor_network": "Endesa", "voltage_kv": 110.0, "grid_status": "Congested", "is_friction": true }, "geometry": { "type": "Point", "coordinates": [ 1.132582116713056, 41.671431487586048 ] } },
{ "type": "Feature", "properties": { "substation_name": "TAUSTE", "provincia": "Zaragoza", "municipio": "50252", "latitude": 41.931419233105871, "longitude": -1.2517789969756501, "available_capacity_mw": 16.1, "distributor_network": "Endesa", "voltage_kv": 66.0, "grid_status": "Sufficient", "is_friction": false }, "geometry": { "type": "Point", "coordinates": [ -1.25177899697565, 41.931419233105871 ] } },
{ "type": "Feature", "properties": { "substation_name": "TELLEDO", "provincia": "Asturias", "municipio": "Lena", "latitude": 43.026862609545923, "longitude": -5.8385024465044832, "available_capacity_mw": 0.0, "distributor_network": "Viesgo", "voltage_kv": 30.0, "grid_status": "Congested", "is_friction": true }, "geometry": { "type": "Point", "coordinates": [ -5.838502446504483, 43.026862609545923 ] } },
{ "type": "Feature", "properties": { "substation_name": "TERRADETS", "provincia": "Lleida", "municipio": "25904", "latitude": 42.046890246275808, "longitude": 0.89496670725031535, "available_capacity_mw": 0.0, "distributor_network": "Endesa", "voltage_kv": 110.0, "grid_status": "Congested", "is_friction": true }, "geometry": { "type": "Point", "coordinates": [ 0.894966707250315, 42.046890246275808 ] } },
{ "type": "Feature", "properties": { "substation_name": "TERRASSA", "provincia": "Barcelona", "municipio": "8279", "latitude": 41.583970304850887, "longitude": 2.0221817607204384, "available_capacity_mw": 0.0, "distributor_network": "Endesa", "voltage_kv": 110.0, "grid_status": "Congested", "is_friction": true }, "geometry": { "type": "Point", "coordinates": [ 2.022181760720438, 41.583970304850887 ] } },
{ "type": "Feature", "properties": { "substation_name": "TERREROS", "provincia": "Almería", "municipio": "4075", "latitude": 37.386779333542115, "longitude": -1.6803475356459907, "available_capacity_mw": 0.0, "distributor_network": "Endesa", "voltage_kv": 132.0, "grid_status": "Congested", "is_friction": true }, "geometry": { "type": "Point", "coordinates": [ -1.680347535645991, 37.386779333542115 ] } },
{ "type": "Feature", "properties": { "substation_name": "TERUEL", "provincia": "Teruel", "municipio": "44216", "latitude": 40.354199843955456, "longitude": -1.1028549207415077, "available_capacity_mw": 0.0, "distributor_network": "Endesa", "voltage_kv": 132.0, "grid_status": "Congested", "is_friction": true }, "geometry": { "type": "Point", "coordinates": [ -1.102854920741508, 40.354199843955456 ] } },
{ "type": "Feature", "properties": { "substation_name": "TESOURO", "provincia": "Coruña, A", "municipio": "15070", "latitude": 43.452366433378415, "longitude": -7.8925040274586964, "available_capacity_mw": 0.0, "distributor_network": "Endesa", "voltage_kv": 132.0, "grid_status": "Congested", "is_friction": true }, "geometry": { "type": "Point", "coordinates": [ -7.892504027458696, 43.452366433378415 ] } },
{ "type": "Feature", "properties": { "substation_name": "THARSIS", "provincia": "Huelva", "municipio": "21006", "latitude": 37.595357868111819, "longitude": -7.0975701687116093, "available_capacity_mw": 0.0, "distributor_network": "Endesa", "voltage_kv": 66.0, "grid_status": "Congested", "is_friction": true }, "geometry": { "type": "Point", "coordinates": [ -7.097570168711609, 37.595357868111819 ] } },
{ "type": "Feature", "properties": { "substation_name": "TIROJANE", "provincia": "Cádiz", "municipio": "11031", "latitude": 36.454236649098107, "longitude": -6.2187366139667741, "available_capacity_mw": 0.0, "distributor_network": "Endesa", "voltage_kv": 66.0, "grid_status": "Congested", "is_friction": true }, "geometry": { "type": "Point", "coordinates": [ -6.218736613966774, 36.454236649098107 ] } },
{ "type": "Feature", "properties": { "substation_name": "TITAN", "provincia": "Huelva", "municipio": "21041", "latitude": 37.251029677306171, "longitude": -6.9455862358952842, "available_capacity_mw": 0.0, "distributor_network": "Endesa", "voltage_kv": 66.0, "grid_status": "Congested", "is_friction": true }, "geometry": { "type": "Point", "coordinates": [ -6.945586235895284, 37.251029677306171 ] } },
{ "type": "Feature", "properties": { "substation_name": "TOLLO", "provincia": "Teruel", "municipio": "44153", "latitude": 40.777633845696734, "longitude": -1.3424467955206538, "available_capacity_mw": 0.0, "distributor_network": "Endesa", "voltage_kv": 132.0, "grid_status": "Congested", "is_friction": true }, "geometry": { "type": "Point", "coordinates": [ -1.342446795520654, 40.777633845696734 ] } },
{ "type": "Feature", "properties": { "substation_name": "TOMARES", "provincia": "Sevilla", "municipio": "41093", "latitude": 37.376628102051832, "longitude": -6.031709974491732, "available_capacity_mw": 29.32, "distributor_network": "Endesa", "voltage_kv": 66.0, "grid_status": "Sufficient", "is_friction": false }, "geometry": { "type": "Point", "coordinates": [ -6.031709974491732, 37.376628102051832 ] } },
{ "type": "Feature", "properties": { "substation_name": "TOMILLAR", "provincia": "Almería", "municipio": "4902", "latitude": 36.788988649954867, "longitude": -2.8040260132689032, "available_capacity_mw": 0.0, "distributor_network": "Endesa", "voltage_kv": 66.0, "grid_status": "Congested", "is_friction": true }, "geometry": { "type": "Point", "coordinates": [ -2.804026013268903, 36.788988649954867 ] } },
{ "type": "Feature", "properties": { "substation_name": "TORANZO", "provincia": "Cantabria", "municipio": "Vega de Liébana", "latitude": 43.212846425047509, "longitude": -3.9450885090200352, "available_capacity_mw": 0.99, "distributor_network": "Viesgo", "voltage_kv": 55.0, "grid_status": "Congested", "is_friction": true }, "geometry": { "type": "Point", "coordinates": [ -3.945088509020035, 43.212846425047509 ] } },
{ "type": "Feature", "properties": { "substation_name": "TORDERA", "provincia": "Barcelona", "municipio": "8284", "latitude": 41.702206741211704, "longitude": 2.7317487523014798, "available_capacity_mw": 174.46, "distributor_network": "Endesa", "voltage_kv": 110.0, "grid_status": "Sufficient", "is_friction": false }, "geometry": { "type": "Point", "coordinates": [ 2.73174875230148, 41.702206741211704 ] } },
{ "type": "Feature", "properties": { "substation_name": "TORINA", "provincia": "Cantabria", "municipio": "Molledo", "latitude": 43.119506409844099, "longitude": -4.0468243834335746, "available_capacity_mw": 0.83, "distributor_network": "Viesgo", "voltage_kv": 55.0, "grid_status": "Congested", "is_friction": true }, "geometry": { "type": "Point", "coordinates": [ -4.046824383433575, 43.119506409844099 ] } },
{ "type": "Feature", "properties": { "substation_name": "TORREARE", "provincia": "Huelva", "municipio": "21055", "latitude": 37.190933083816965, "longitude": -6.9037206602708832, "available_capacity_mw": 5.74, "distributor_network": "Endesa", "voltage_kv": 66.0, "grid_status": "Sufficient", "is_friction": false }, "geometry": { "type": "Point", "coordinates": [ -6.903720660270883, 37.190933083816965 ] } },
{ "type": "Feature", "properties": { "substation_name": "TORREBLA", "provincia": "Málaga", "municipio": "29054", "latitude": 36.582211513860877, "longitude": -4.5978238923533876, "available_capacity_mw": 0.0, "distributor_network": "Endesa", "voltage_kv": 66.0, "grid_status": "Congested", "is_friction": true }, "geometry": { "type": "Point", "coordinates": [ -4.597823892353388, 36.582211513860877 ] } },
{ "type": "Feature", "properties": { "substation_name": "TORRECAR", "provincia": "Almería", "municipio": "4013", "latitude": 36.867629264883973, "longitude": -2.4489606357389637, "available_capacity_mw": 0.0, "distributor_network": "Endesa", "voltage_kv": 66.0, "grid_status": "Congested", "is_friction": true }, "geometry": { "type": "Point", "coordinates": [ -2.448960635738964, 36.867629264883973 ] } },
{ "type": "Feature", "properties": { "substation_name": "TORRECIL", "provincia": "Córdoba", "municipio": "14021", "latitude": 37.854619808540761, "longitude": -4.7822899571824085, "available_capacity_mw": 0.0, "distributor_network": "Endesa", "voltage_kv": 66.0, "grid_status": "Congested", "is_friction": true }, "geometry": { "type": "Point", "coordinates": [ -4.782289957182408, 37.854619808540761 ] } },
{ "type": "Feature", "properties": { "substation_name": "TORRECUE", "provincia": "Sevilla", "municipio": "41091", "latitude": 37.335979605935414, "longitude": -6.0014867492694677, "available_capacity_mw": 0.0, "distributor_network": "Endesa", "voltage_kv": 66.0, "grid_status": "Congested", "is_friction": true }, "geometry": { "type": "Point", "coordinates": [ -6.001486749269468, 37.335979605935414 ] } },
{ "type": "Feature", "properties": { "substation_name": "TORREJON", "provincia": "Sevilla", "municipio": "41065", "latitude": 37.107561277215495, "longitude": -5.5695279862644131, "available_capacity_mw": 0.0, "distributor_network": "Endesa", "voltage_kv": 66.0, "grid_status": "Congested", "is_friction": true }, "geometry": { "type": "Point", "coordinates": [ -5.569527986264413, 37.107561277215495 ] } },
{ "type": "Feature", "properties": { "substation_name": "TORREMAR", "provincia": "Málaga", "municipio": "29094", "latitude": 36.745925770070151, "longitude": -4.0969995108976054, "available_capacity_mw": 53.28, "distributor_network": "Endesa", "voltage_kv": 66.0, "grid_status": "Sufficient", "is_friction": false }, "geometry": { "type": "Point", "coordinates": [ -4.096999510897605, 36.745925770070151 ] } },
{ "type": "Feature", "properties": { "substation_name": "TORREMEJ", "provincia": "Badajoz", "municipio": "6133", "latitude": 38.804837232845905, "longitude": -6.3677334905999343, "available_capacity_mw": 0.0, "distributor_network": "Endesa", "voltage_kv": 66.0, "grid_status": "Congested", "is_friction": true }, "geometry": { "type": "Point", "coordinates": [ -6.367733490599934, 38.804837232845905 ] } },
{ "type": "Feature", "properties": { "substation_name": "TORRENT", "provincia": "Balears, Illes", "municipio": "7054", "latitude": 38.935816094310006, "longitude": -4.5672136760083193, "available_capacity_mw": 37.42, "distributor_network": "Endesa", "voltage_kv": 15.0, "grid_status": "Sufficient", "is_friction": false }, "geometry": { "type": "Point", "coordinates": [ -4.567213676008319, 38.935816094310006 ] } },
{ "type": "Feature", "properties": { "substation_name": "TORRENTE", "provincia": "Huesca", "municipio": "22234", "latitude": 41.462102954843175, "longitude": 0.33618781229963057, "available_capacity_mw": 0.0, "distributor_network": "Endesa", "voltage_kv": 110.0, "grid_status": "Congested", "is_friction": true }, "geometry": { "type": "Point", "coordinates": [ 0.336187812299631, 41.462102954843175 ] } },
{ "type": "Feature", "properties": { "substation_name": "TORRERO", "provincia": "Zaragoza", "municipio": "50297", "latitude": 41.597929158408114, "longitude": -0.85366358194923486, "available_capacity_mw": 0.0, "distributor_network": "Endesa", "voltage_kv": 132.0, "grid_status": "Congested", "is_friction": true }, "geometry": { "type": "Point", "coordinates": [ -0.853663581949235, 41.597929158408114 ] } },
{ "type": "Feature", "properties": { "substation_name": "TORREVENT", "provincia": "Girona", "municipio": "17120", "latitude": 42.284424257757316, "longitude": 3.1372749222788348, "available_capacity_mw": 0.0, "distributor_network": "Endesa", "voltage_kv": 132.0, "grid_status": "Congested", "is_friction": true }, "geometry": { "type": "Point", "coordinates": [ 3.137274922278835, 42.284424257757316 ] } },
{ "type": "Feature", "properties": { "substation_name": "TORROX", "provincia": "Málaga", "municipio": "29091", "latitude": 36.745943308278477, "longitude": -3.9505206308084833, "available_capacity_mw": 0.0, "distributor_network": "Endesa", "voltage_kv": 132.0, "grid_status": "Congested", "is_friction": true }, "geometry": { "type": "Point", "coordinates": [ -3.950520630808483, 36.745943308278477 ] } },
{ "type": "Feature", "properties": { "substation_name": "TORTOSA", "provincia": "Tarragona", "municipio": "43155", "latitude": 40.798909102210374, "longitude": 0.52561202123428807, "available_capacity_mw": 0.0, "distributor_network": "Endesa", "voltage_kv": 110.0, "grid_status": "Congested", "is_friction": true }, "geometry": { "type": "Point", "coordinates": [ 0.525612021234288, 40.798909102210374 ] } },
{ "type": "Feature", "properties": { "substation_name": "TOYO", "provincia": "Almería", "municipio": "4013", "latitude": 36.859749420873143, "longitude": -2.330552078629136, "available_capacity_mw": 0.0, "distributor_network": "Endesa", "voltage_kv": 132.0, "grid_status": "Congested", "is_friction": true }, "geometry": { "type": "Point", "coordinates": [ -2.330552078629136, 36.859749420873143 ] } },
{ "type": "Feature", "properties": { "substation_name": "TRADEMA", "provincia": "Jaén", "municipio": "23055", "latitude": 38.062326789466731, "longitude": -3.5909200048638854, "available_capacity_mw": 0.0, "distributor_network": "Endesa", "voltage_kv": 132.0, "grid_status": "Congested", "is_friction": true }, "geometry": { "type": "Point", "coordinates": [ -3.590920004863885, 38.062326789466731 ] } },
{ "type": "Feature", "properties": { "substation_name": "TRANCO", "provincia": "Jaén", "municipio": "23097", "latitude": 38.174783435413303, "longitude": -2.7970116713135211, "available_capacity_mw": 0.0, "distributor_network": "Endesa", "voltage_kv": 132.0, "grid_status": "Congested", "is_friction": true }, "geometry": { "type": "Point", "coordinates": [ -2.797011671313521, 38.174783435413303 ] } },
{ "type": "Feature", "properties": { "substation_name": "TRASMOZ", "provincia": "Zaragoza", "municipio": "50265", "latitude": 41.826002653439723, "longitude": -1.7007989567475663, "available_capacity_mw": 0.0, "distributor_network": "Endesa", "voltage_kv": 45.0, "grid_status": "Congested", "is_friction": true }, "geometry": { "type": "Point", "coordinates": [ -1.700798956747566, 41.826002653439723 ] } },
{ "type": "Feature", "properties": { "substation_name": "TREGURA", "provincia": "Girona", "municipio": "17224", "latitude": 42.341775290271855, "longitude": 2.2969553244389029, "available_capacity_mw": 6.69, "distributor_network": "Endesa", "voltage_kv": 45.0, "grid_status": "Sufficient", "is_friction": false }, "geometry": { "type": "Point", "coordinates": [ 2.296955324438903, 42.341775290271855 ] } },
{ "type": "Feature", "properties": { "substation_name": "TRETO", "provincia": "Cantabria", "municipio": "Bárcena de Cicero", "latitude": 43.396137048708702, "longitude": -3.4756057685285957, "available_capacity_mw": 0.65, "distributor_network": "Viesgo", "voltage_kv": 55.0, "grid_status": "Congested", "is_friction": true }, "geometry": { "type": "Point", "coordinates": [ -3.475605768528596, 43.396137048708702 ] } },
{ "type": "Feature", "properties": { "substation_name": "TRINITAT", "provincia": "Barcelona", "municipio": "8019", "latitude": 41.44847436193178, "longitude": 2.1890902711015996, "available_capacity_mw": 158.11, "distributor_network": "Endesa", "voltage_kv": 25.0, "grid_status": "Sufficient", "is_friction": false }, "geometry": { "type": "Point", "coordinates": [ 2.1890902711016, 41.44847436193178 ] } },
{ "type": "Feature", "properties": { "substation_name": "TROCADER", "provincia": "Cádiz", "municipio": "11028", "latitude": 36.519064192267123, "longitude": -6.2215284749088822, "available_capacity_mw": 0.0, "distributor_network": "Endesa", "voltage_kv": 66.0, "grid_status": "Congested", "is_friction": true }, "geometry": { "type": "Point", "coordinates": [ -6.221528474908882, 36.519064192267123 ] } },
{ "type": "Feature", "properties": { "substation_name": "TUDOR", "provincia": "Zaragoza", "municipio": "50297", "latitude": 41.591418749802067, "longitude": -0.81208694736742593, "available_capacity_mw": 0.0, "distributor_network": "Endesa", "voltage_kv": 45.0, "grid_status": "Congested", "is_friction": true }, "geometry": { "type": "Point", "coordinates": [ -0.812086947367426, 41.591418749802067 ] } },
{ "type": "Feature", "properties": { "substation_name": "TURRILLA", "provincia": "Almería", "municipio": "4094", "latitude": 37.024732923746051, "longitude": -2.2445073090103587, "available_capacity_mw": 0.0, "distributor_network": "Endesa", "voltage_kv": 132.0, "grid_status": "Congested", "is_friction": true }, "geometry": { "type": "Point", "coordinates": [ -2.244507309010359, 37.024732923746051 ] } },
{ "type": "Feature", "properties": { "substation_name": "T_MIGUEL", "provincia": "Badajoz", "municipio": "6131", "latitude": 38.657681946753037, "longitude": -6.7400468456345104, "available_capacity_mw": 0.0, "distributor_network": "Endesa", "voltage_kv": 66.0, "grid_status": "Congested", "is_friction": true }, "geometry": { "type": "Point", "coordinates": [ -6.74004684563451, 38.657681946753037 ] } },
{ "type": "Feature", "properties": { "substation_name": "UBEDA", "provincia": "Jaén", "municipio": "23092", "latitude": 38.023311383721683, "longitude": -3.3899913345946717, "available_capacity_mw": 0.0, "distributor_network": "Endesa", "voltage_kv": 132.0, "grid_status": "Congested", "is_friction": true }, "geometry": { "type": "Point", "coordinates": [ -3.389991334594672, 38.023311383721683 ] } },
{ "type": "Feature", "properties": { "substation_name": "UBRIQUE", "provincia": "Cádiz", "municipio": "11009", "latitude": 36.694144996828577, "longitude": -5.4612023454123371, "available_capacity_mw": 0.0, "distributor_network": "Endesa", "voltage_kv": 66.0, "grid_status": "Congested", "is_friction": true }, "geometry": { "type": "Point", "coordinates": [ -5.461202345412337, 36.694144996828577 ] } },
{ "type": "Feature", "properties": { "substation_name": "UDALLA", "provincia": "Cantabria", "municipio": "Ampuero", "latitude": 43.323432095350235, "longitude": -3.4612875339508942, "available_capacity_mw": 0.73, "distributor_network": "Viesgo", "voltage_kv": 55.0, "grid_status": "Congested", "is_friction": true }, "geometry": { "type": "Point", "coordinates": [ -3.461287533950894, 43.323432095350235 ] } },
{ "type": "Feature", "properties": { "substation_name": "UNIVERSI", "provincia": "Málaga", "municipio": "29067", "latitude": 36.715678289876777, "longitude": -4.4834504223613072, "available_capacity_mw": 25.82, "distributor_network": "Endesa", "voltage_kv": 66.0, "grid_status": "Sufficient", "is_friction": false }, "geometry": { "type": "Point", "coordinates": [ -4.483450422361307, 36.715678289876777 ] } },
{ "type": "Feature", "properties": { "substation_name": "UNIVERSITA", "provincia": "Zaragoza", "municipio": "50297", "latitude": 41.645198002009373, "longitude": -0.91206724904947545, "available_capacity_mw": 0.0, "distributor_network": "Endesa", "voltage_kv": 132.0, "grid_status": "Congested", "is_friction": true }, "geometry": { "type": "Point", "coordinates": [ -0.912067249049475, 41.645198002009373 ] } },
{ "type": "Feature", "properties": { "substation_name": "URDON", "provincia": "Cantabria", "municipio": "Peñarrubia", "latitude": 43.266374939631163, "longitude": -4.6340814679026039, "available_capacity_mw": 3.0, "distributor_network": "Viesgo", "voltage_kv": 132.0, "grid_status": "Moderate", "is_friction": true }, "geometry": { "type": "Point", "coordinates": [ -4.634081467902604, 43.266374939631163 ] } },
{ "type": "Feature", "properties": { "substation_name": "URGELL", "provincia": "Barcelona", "municipio": "8019", "latitude": 41.388111085647914, "longitude": 2.1468035808885406, "available_capacity_mw": 0.0, "distributor_network": "Endesa", "voltage_kv": 11.0, "grid_status": "Congested", "is_friction": true }, "geometry": { "type": "Point", "coordinates": [ 2.146803580888541, 41.388111085647914 ] } },
{ "type": "Feature", "properties": { "substation_name": "UTEBO", "provincia": "Zaragoza", "municipio": "50297", "latitude": 41.714920466985888, "longitude": -1.0145412689000315, "available_capacity_mw": 0.0, "distributor_network": "Endesa", "voltage_kv": 45.0, "grid_status": "Congested", "is_friction": true }, "geometry": { "type": "Point", "coordinates": [ -1.014541268900031, 41.714920466985888 ] } },
{ "type": "Feature", "properties": { "substation_name": "UTRERA", "provincia": "Sevilla", "municipio": "41095", "latitude": 37.18475812513087, "longitude": -5.7718014083157803, "available_capacity_mw": 0.0, "distributor_network": "Endesa", "voltage_kv": 66.0, "grid_status": "Congested", "is_friction": true }, "geometry": { "type": "Point", "coordinates": [ -5.77180140831578, 37.18475812513087 ] } },
{ "type": "Feature", "properties": { "substation_name": "UTRILLAS", "provincia": "Teruel", "municipio": "44238", "latitude": 40.819002847148255, "longitude": -0.86941253466616675, "available_capacity_mw": 0.0, "distributor_network": "Endesa", "voltage_kv": 45.0, "grid_status": "Congested", "is_friction": true }, "geometry": { "type": "Point", "coordinates": [ -0.869412534666167, 40.819002847148255 ] } },
{ "type": "Feature", "properties": { "substation_name": "V.LLOBREGA", "provincia": "Girona", "municipio": "17209", "latitude": 41.878821521735944, "longitude": 3.1204092484598833, "available_capacity_mw": 0.0, "distributor_network": "Endesa", "voltage_kv": 110.0, "grid_status": "Congested", "is_friction": true }, "geometry": { "type": "Point", "coordinates": [ 3.120409248459883, 41.878821521735944 ] } },
{ "type": "Feature", "properties": { "substation_name": "VAGUADAS", "provincia": "Badajoz", "municipio": "6015", "latitude": 38.837945147158052, "longitude": -6.9789472395167786, "available_capacity_mw": 0.0, "distributor_network": "Endesa", "voltage_kv": 66.0, "grid_status": "Congested", "is_friction": true }, "geometry": { "type": "Point", "coordinates": [ -6.978947239516779, 38.837945147158052 ] } },
{ "type": "Feature", "properties": { "substation_name": "VALCAIRE", "provincia": "Granada", "municipio": "18150", "latitude": 36.991413852215388, "longitude": -3.6892312173838762, "available_capacity_mw": 0.0, "distributor_network": "Endesa", "voltage_kv": 132.0, "grid_status": "Congested", "is_friction": true }, "geometry": { "type": "Point", "coordinates": [ -3.689231217383876, 36.991413852215388 ] } },
{ "type": "Feature", "properties": { "substation_name": "VALDECILLA", "provincia": "Cantabria", "municipio": "Santander", "latitude": 43.45452362631498, "longitude": -3.828235424772231, "available_capacity_mw": 0.0, "distributor_network": "Viesgo", "voltage_kv": 55.0, "grid_status": "Congested", "is_friction": true }, "geometry": { "type": "Point", "coordinates": [ -3.828235424772231, 43.45452362631498 ] } },
{ "type": "Feature", "properties": { "substation_name": "VALDECON", "provincia": "Zaragoza", "municipio": "50089", "latitude": 41.591084435192528, "longitude": -0.91599541659507722, "available_capacity_mw": 0.0, "distributor_network": "Endesa", "voltage_kv": 132.0, "grid_status": "Congested", "is_friction": true }, "geometry": { "type": "Point", "coordinates": [ -0.915995416595077, 41.591084435192528 ] } },
{ "type": "Feature", "properties": { "substation_name": "VALDEFERRI", "provincia": "Zaragoza", "municipio": "50095", "latitude": 42.123085895764085, "longitude": -1.1767094229469133, "available_capacity_mw": 0.0, "distributor_network": "Endesa", "voltage_kv": 66.0, "grid_status": "Congested", "is_friction": true }, "geometry": { "type": "Point", "coordinates": [ -1.176709422946913, 42.123085895764085 ] } },
{ "type": "Feature", "properties": { "substation_name": "VALDELAG", "provincia": "Cádiz", "municipio": "11027", "latitude": 36.588823708337806, "longitude": -6.2183161070617574, "available_capacity_mw": 0.0, "distributor_network": "Endesa", "voltage_kv": 66.0, "grid_status": "Congested", "is_friction": true }, "geometry": { "type": "Point", "coordinates": [ -6.218316107061757, 36.588823708337806 ] } },
{ "type": "Feature", "properties": { "substation_name": "VALDEOLEA", "provincia": "Cantabria", "municipio": "Valdeolea", "latitude": 42.875013932288262, "longitude": -4.1650983302053444, "available_capacity_mw": 0.66, "distributor_network": "Viesgo", "voltage_kv": 30.0, "grid_status": "Congested", "is_friction": true }, "geometry": { "type": "Point", "coordinates": [ -4.165098330205344, 42.875013932288262 ] } },
{ "type": "Feature", "properties": { "substation_name": "VALDEPILAS", "provincia": "Zaragoza", "municipio": "50074", "latitude": 41.27286550892898, "longitude": 0.0578190353963439, "available_capacity_mw": 0.0, "distributor_network": "Endesa", "voltage_kv": 132.0, "grid_status": "Congested", "is_friction": true }, "geometry": { "type": "Point", "coordinates": [ 0.057819035396344, 41.27286550892898 ] } },
{ "type": "Feature", "properties": { "substation_name": "VALDERROBR", "provincia": "Teruel", "municipio": "44246", "latitude": 40.881135296920014, "longitude": 0.1622264226846995, "available_capacity_mw": 0.0, "distributor_network": "Endesa", "voltage_kv": 132.0, "grid_status": "Congested", "is_friction": true }, "geometry": { "type": "Point", "coordinates": [ 0.1622264226847, 40.881135296920014 ] } },
{ "type": "Feature", "properties": { "substation_name": "VALDESPART", "provincia": "Huesca", "municipio": "22063", "latitude": 42.174079393144225, "longitude": -0.74966564552742043, "available_capacity_mw": 0.0, "distributor_network": "Endesa", "voltage_kv": 45.0, "grid_status": "Congested", "is_friction": true }, "geometry": { "type": "Point", "coordinates": [ -0.74966564552742, 42.174079393144225 ] } },
{ "type": "Feature", "properties": { "substation_name": "VALDIVIE", "provincia": "Jaén", "municipio": "23087", "latitude": 37.764349877842548, "longitude": -3.9235933658379856, "available_capacity_mw": 0.0, "distributor_network": "Endesa", "voltage_kv": 132.0, "grid_status": "Congested", "is_friction": true }, "geometry": { "type": "Point", "coordinates": [ -3.923593365837986, 37.764349877842548 ] } },
{ "type": "Feature", "properties": { "substation_name": "VALENCIA", "provincia": "Cádiz", "municipio": "11027", "latitude": 36.620729696295825, "longitude": -6.2084979913224556, "available_capacity_mw": 0.0, "distributor_network": "Endesa", "voltage_kv": 66.0, "grid_status": "Congested", "is_friction": true }, "geometry": { "type": "Point", "coordinates": [ -6.208497991322456, 36.620729696295825 ] } },
{ "type": "Feature", "properties": { "substation_name": "VALENTIN", "provincia": "Zaragoza", "municipio": "50095", "latitude": 42.058033444782765, "longitude": -1.1763066047970063, "available_capacity_mw": 0.0, "distributor_network": "Endesa", "voltage_kv": 66.0, "grid_status": "Congested", "is_friction": true }, "geometry": { "type": "Point", "coordinates": [ -1.176306604797006, 42.058033444782765 ] } },
{ "type": "Feature", "properties": { "substation_name": "VALENZUELA", "provincia": "Zaragoza", "municipio": "50297", "latitude": 41.645562282010665, "longitude": -1.0069341108578889, "available_capacity_mw": 0.0, "distributor_network": "Endesa", "voltage_kv": 45.0, "grid_status": "Congested", "is_friction": true }, "geometry": { "type": "Point", "coordinates": [ -1.006934110857889, 41.645562282010665 ] } },
{ "type": "Feature", "properties": { "substation_name": "VALLCARCA", "provincia": "Barcelona", "municipio": "8270", "latitude": 41.249613380184826, "longitude": 1.8654363553317761, "available_capacity_mw": 33.48, "distributor_network": "Endesa", "voltage_kv": 66.0, "grid_status": "Sufficient", "is_friction": false }, "geometry": { "type": "Point", "coordinates": [ 1.865436355331776, 41.249613380184826 ] } },
{ "type": "Feature", "properties": { "substation_name": "VALLEINF", "provincia": "Sevilla", "municipio": "41018", "latitude": 37.552828832752589, "longitude": -5.8467756644138316, "available_capacity_mw": 0.0, "distributor_network": "Endesa", "voltage_kv": 132.0, "grid_status": "Congested", "is_friction": true }, "geometry": { "type": "Point", "coordinates": [ -5.846775664413832, 37.552828832752589 ] } },
{ "type": "Feature", "properties": { "substation_name": "VALLS", "provincia": "Tarragona", "municipio": "43161", "latitude": 41.29408465823699, "longitude": 1.2562431177324245, "available_capacity_mw": 0.0, "distributor_network": "Endesa", "voltage_kv": 110.0, "grid_status": "Congested", "is_friction": true }, "geometry": { "type": "Point", "coordinates": [ 1.256243117732424, 41.29408465823699 ] } },
{ "type": "Feature", "properties": { "substation_name": "VALME", "provincia": "Sevilla", "municipio": "41038", "latitude": 37.259267966389658, "longitude": -5.9177094680814317, "available_capacity_mw": 0.0, "distributor_network": "Endesa", "voltage_kv": 132.0, "grid_status": "Congested", "is_friction": true }, "geometry": { "type": "Point", "coordinates": [ -5.917709468081432, 37.259267966389658 ] } },
{ "type": "Feature", "properties": { "substation_name": "VANDELLOS", "provincia": "Tarragona", "municipio": "43162", "latitude": 40.972666922122094, "longitude": 0.87720684159431117, "available_capacity_mw": 27.73, "distributor_network": "Endesa", "voltage_kv": 110.0, "grid_status": "Sufficient", "is_friction": false }, "geometry": { "type": "Point", "coordinates": [ 0.877206841594311, 40.972666922122094 ] } },
{ "type": "Feature", "properties": { "substation_name": "VEGASBAJ", "provincia": "Badajoz", "municipio": "6015", "latitude": 38.883037062951225, "longitude": -6.8569180550423079, "available_capacity_mw": 0.0, "distributor_network": "Endesa", "voltage_kv": 66.0, "grid_status": "Congested", "is_friction": true }, "geometry": { "type": "Point", "coordinates": [ -6.856918055042308, 38.883037062951225 ] } },
{ "type": "Feature", "properties": { "substation_name": "VEJER", "provincia": "Cádiz", "municipio": "11039", "latitude": 36.263352090039092, "longitude": -5.9714883111416075, "available_capacity_mw": 3.08, "distributor_network": "Endesa", "voltage_kv": 66.0, "grid_status": "Moderate", "is_friction": true }, "geometry": { "type": "Point", "coordinates": [ -5.971488311141607, 36.263352090039092 ] } },
{ "type": "Feature", "properties": { "substation_name": "VELES", "provincia": "Balears, Illes", "municipio": "7010", "latitude": 39.655008809939737, "longitude": -3.3123015299240373, "available_capacity_mw": 1.15, "distributor_network": "Endesa", "voltage_kv": 15.0, "grid_status": "Moderate", "is_friction": true }, "geometry": { "type": "Point", "coordinates": [ -3.312301529924037, 39.655008809939737 ] } },
{ "type": "Feature", "properties": { "substation_name": "VENDRELL", "provincia": "Tarragona", "municipio": "43163", "latitude": 41.204158066519774, "longitude": 1.507023541143329, "available_capacity_mw": 35.26, "distributor_network": "Endesa", "voltage_kv": 110.0, "grid_status": "Sufficient", "is_friction": false }, "geometry": { "type": "Point", "coordinates": [ 1.507023541143329, 41.204158066519774 ] } },
{ "type": "Feature", "properties": { "substation_name": "VENTA-AIRE", "provincia": "Teruel", "municipio": "44010", "latitude": 40.128539319091104, "longitude": -0.73360077633830012, "available_capacity_mw": 0.0, "distributor_network": "Endesa", "voltage_kv": 132.0, "grid_status": "Congested", "is_friction": true }, "geometry": { "type": "Point", "coordinates": [ -0.7336007763383, 40.128539319091104 ] } },
{ "type": "Feature", "properties": { "substation_name": "VERA", "provincia": "Almería", "municipio": "4100", "latitude": 37.254499783484434, "longitude": -1.8864901457380323, "available_capacity_mw": 0.0, "distributor_network": "Endesa", "voltage_kv": 132.0, "grid_status": "Congested", "is_friction": true }, "geometry": { "type": "Point", "coordinates": [ -1.886490145738032, 37.254499783484434 ] } },
{ "type": "Feature", "properties": { "substation_name": "VETEJAR", "provincia": "Córdoba", "municipio": "14048", "latitude": 37.236384186862473, "longitude": -4.5736920684057027, "available_capacity_mw": 0.0, "distributor_network": "Endesa", "voltage_kv": 66.0, "grid_status": "Congested", "is_friction": true }, "geometry": { "type": "Point", "coordinates": [ -4.573692068405703, 37.236384186862473 ] } },
{ "type": "Feature", "properties": { "substation_name": "VIC", "provincia": "Barcelona", "municipio": "8298", "latitude": 41.957110255571841, "longitude": 2.2821222486689323, "available_capacity_mw": 217.8, "distributor_network": "Endesa", "voltage_kv": 132.0, "grid_status": "Sufficient", "is_friction": false }, "geometry": { "type": "Point", "coordinates": [ 2.282122248668932, 41.957110255571841 ] } },
{ "type": "Feature", "properties": { "substation_name": "VICTORIA", "provincia": "Jaén", "municipio": "23050", "latitude": 37.776772653756097, "longitude": -3.7871956721175746, "available_capacity_mw": 0.0, "distributor_network": "Endesa", "voltage_kv": 66.0, "grid_status": "Congested", "is_friction": true }, "geometry": { "type": "Point", "coordinates": [ -3.787195672117575, 37.776772653756097 ] } },
{ "type": "Feature", "properties": { "substation_name": "VIELHA", "provincia": "Lleida", "municipio": "25243", "latitude": 42.709090556642579, "longitude": 0.79745479836055233, "available_capacity_mw": 0.0, "distributor_network": "Endesa", "voltage_kv": 110.0, "grid_status": "Congested", "is_friction": true }, "geometry": { "type": "Point", "coordinates": [ 0.797454798360552, 42.709090556642579 ] } },
{ "type": "Feature", "properties": { "substation_name": "VILADECANS", "provincia": "Barcelona", "municipio": "8301", "latitude": 41.325210343254405, "longitude": 2.0282520366064669, "available_capacity_mw": 269.57, "distributor_network": "Endesa", "voltage_kv": 66.0, "grid_status": "Sufficient", "is_friction": false }, "geometry": { "type": "Point", "coordinates": [ 2.028252036606467, 41.325210343254405 ] } },
{ "type": "Feature", "properties": { "substation_name": "VILALLER", "provincia": "Lleida", "municipio": "25245", "latitude": 42.456557742205518, "longitude": 0.70783457138799588, "available_capacity_mw": 0.0, "distributor_network": "Endesa", "voltage_kv": 132.0, "grid_status": "Congested", "is_friction": true }, "geometry": { "type": "Point", "coordinates": [ 0.707834571387996, 42.456557742205518 ] } },
{ "type": "Feature", "properties": { "substation_name": "VILAMALLA", "provincia": "Girona", "municipio": "17226", "latitude": 42.220279970484903, "longitude": 2.9910682836433384, "available_capacity_mw": 0.0, "distributor_network": "Endesa", "voltage_kv": 132.0, "grid_status": "Congested", "is_friction": true }, "geometry": { "type": "Point", "coordinates": [ 2.991068283643338, 42.220279970484903 ] } },
{ "type": "Feature", "properties": { "substation_name": "VILANOVA", "provincia": "Barcelona", "municipio": "8019", "latitude": 41.392207608696211, "longitude": 2.1822370364941848, "available_capacity_mw": 134.54, "distributor_network": "Endesa", "voltage_kv": 25.0, "grid_status": "Sufficient", "is_friction": false }, "geometry": { "type": "Point", "coordinates": [ 2.182237036494185, 41.392207608696211 ] } },
{ "type": "Feature", "properties": { "substation_name": "VILCHES", "provincia": "Jaén", "municipio": "23094", "latitude": 38.218546768557296, "longitude": -3.5196907906011727, "available_capacity_mw": 0.0, "distributor_network": "Endesa", "voltage_kv": 66.0, "grid_status": "Congested", "is_friction": true }, "geometry": { "type": "Point", "coordinates": [ -3.519690790601173, 38.218546768557296 ] } },
{ "type": "Feature", "properties": { "substation_name": "VILLABERMUDO", "provincia": "Palencia", "municipio": "Collazos de Boedo", "latitude": 42.625009434914787, "longitude": -4.3444207467799671, "available_capacity_mw": 0.0, "distributor_network": "Viesgo", "voltage_kv": 132.0, "grid_status": "Congested", "is_friction": true }, "geometry": { "type": "Point", "coordinates": [ -4.344420746779967, 42.625009434914787 ] } },
{ "type": "Feature", "properties": { "substation_name": "VILLADIEGO", "provincia": "Burgos", "municipio": "Villadiego", "latitude": 42.510118120409416, "longitude": -4.0237157771685315, "available_capacity_mw": 0.0, "distributor_network": "Viesgo", "voltage_kv": 30.0, "grid_status": "Congested", "is_friction": true }, "geometry": { "type": "Point", "coordinates": [ -4.023715777168531, 42.510118120409416 ] } },
{ "type": "Feature", "properties": { "substation_name": "VILLANUA", "provincia": "Huesca", "municipio": "22250", "latitude": 42.689710218176693, "longitude": -0.53013101905437066, "available_capacity_mw": 0.0, "distributor_network": "Endesa", "voltage_kv": 45.0, "grid_status": "Congested", "is_friction": true }, "geometry": { "type": "Point", "coordinates": [ -0.530131019054371, 42.689710218176693 ] } },
{ "type": "Feature", "properties": { "substation_name": "VILLANUEVA", "provincia": "Zaragoza", "municipio": "50288", "latitude": 41.742131359097293, "longitude": -0.84705919461192036, "available_capacity_mw": 0.0, "distributor_network": "Endesa", "voltage_kv": 132.0, "grid_status": "Congested", "is_friction": true }, "geometry": { "type": "Point", "coordinates": [ -0.84705919461192, 41.742131359097293 ] } },
{ "type": "Feature", "properties": { "substation_name": "VILLANUE_O", "provincia": "Zaragoza", "municipio": "50288", "latitude": 41.777326380718932, "longitude": -0.83165798036191108, "available_capacity_mw": 0.0, "distributor_network": "Endesa", "voltage_kv": 132.0, "grid_status": "Congested", "is_friction": true }, "geometry": { "type": "Point", "coordinates": [ -0.831657980361911, 41.777326380718932 ] } },
{ "type": "Feature", "properties": { "substation_name": "VILLAR", "provincia": "Sevilla", "municipio": "41039", "latitude": 37.606841255226072, "longitude": -5.1053502431188953, "available_capacity_mw": 0.0, "distributor_network": "Endesa", "voltage_kv": 66.0, "grid_status": "Congested", "is_friction": true }, "geometry": { "type": "Point", "coordinates": [ -5.105350243118895, 37.606841255226072 ] } },
{ "type": "Feature", "properties": { "substation_name": "VILLARIC", "provincia": "Almería", "municipio": "4035", "latitude": 37.258028466513402, "longitude": -1.7649734192738451, "available_capacity_mw": 0.0, "distributor_network": "Endesa", "voltage_kv": 66.0, "grid_status": "Congested", "is_friction": true }, "geometry": { "type": "Point", "coordinates": [ -1.764973419273845, 37.258028466513402 ] } },
{ "type": "Feature", "properties": { "substation_name": "VILLARIO", "provincia": "Córdoba", "municipio": "14066", "latitude": 37.989020709647477, "longitude": -4.3125635530089363, "available_capacity_mw": 0.0, "distributor_network": "Endesa", "voltage_kv": 66.0, "grid_status": "Congested", "is_friction": true }, "geometry": { "type": "Point", "coordinates": [ -4.312563553008936, 37.989020709647477 ] } },
{ "type": "Feature", "properties": { "substation_name": "VILLEL", "provincia": "Teruel", "municipio": "44264", "latitude": 40.240926186104083, "longitude": -1.1836386508078816, "available_capacity_mw": 0.0, "distributor_network": "Endesa", "voltage_kv": 45.0, "grid_status": "Congested", "is_friction": true }, "geometry": { "type": "Point", "coordinates": [ -1.183638650807882, 40.240926186104083 ] } },
{ "type": "Feature", "properties": { "substation_name": "VILLFRAB", "provincia": "Badajoz", "municipio": "6149", "latitude": 38.558630240587512, "longitude": -6.3495025119073487, "available_capacity_mw": 0.0, "distributor_network": "Endesa", "voltage_kv": 66.0, "grid_status": "Congested", "is_friction": true }, "geometry": { "type": "Point", "coordinates": [ -6.349502511907349, 38.558630240587512 ] } },
{ "type": "Feature", "properties": { "substation_name": "VILLFRAG", "provincia": "Málaga", "municipio": "29008", "latitude": 36.698801215956557, "longitude": -4.7028035337981109, "available_capacity_mw": 48.05, "distributor_network": "Endesa", "voltage_kv": 66.0, "grid_status": "Sufficient", "is_friction": false }, "geometry": { "type": "Point", "coordinates": [ -4.702803533798111, 36.698801215956557 ] } },
{ "type": "Feature", "properties": { "substation_name": "VILLFRAN", "provincia": "Córdoba", "municipio": "14067", "latitude": 37.955860460401638, "longitude": -4.5990406818689005, "available_capacity_mw": 0.0, "distributor_network": "Endesa", "voltage_kv": 66.0, "grid_status": "Congested", "is_friction": true }, "geometry": { "type": "Point", "coordinates": [ -4.5990406818689, 37.955860460401638 ] } },
{ "type": "Feature", "properties": { "substation_name": "VILLMART", "provincia": "Cádiz", "municipio": "11041", "latitude": 36.855725739708248, "longitude": -5.6566236432041075, "available_capacity_mw": 0.0, "distributor_network": "Endesa", "voltage_kv": 66.0, "grid_status": "Congested", "is_friction": true }, "geometry": { "type": "Point", "coordinates": [ -5.656623643204107, 36.855725739708248 ] } },
{ "type": "Feature", "properties": { "substation_name": "VILLNREY", "provincia": "Sevilla", "municipio": "41039", "latitude": 37.527632248963506, "longitude": -5.1642057127387258, "available_capacity_mw": 0.0, "distributor_network": "Endesa", "voltage_kv": 66.0, "grid_status": "Congested", "is_friction": true }, "geometry": { "type": "Point", "coordinates": [ -5.164205712738726, 37.527632248963506 ] } },
{ "type": "Feature", "properties": { "substation_name": "VINACEITE", "provincia": "Teruel", "municipio": "44265", "latitude": 41.306309612379486, "longitude": -0.61068059890240567, "available_capacity_mw": 0.0, "distributor_network": "Endesa", "voltage_kv": 45.0, "grid_status": "Congested", "is_friction": true }, "geometry": { "type": "Point", "coordinates": [ -0.610680598902406, 41.306309612379486 ] } },
{ "type": "Feature", "properties": { "substation_name": "VINYETA", "provincia": "Balears, Illes", "municipio": "7027", "latitude": 39.709081566017666, "longitude": -3.1020747055100863, "available_capacity_mw": 4.6, "distributor_network": "Endesa", "voltage_kv": 15.0, "grid_status": "Moderate", "is_friction": true }, "geometry": { "type": "Point", "coordinates": [ -3.102074705510086, 39.709081566017666 ] } },
{ "type": "Feature", "properties": { "substation_name": "VIRRUBIA", "provincia": "Córdoba", "municipio": "14021", "latitude": 37.850286196339013, "longitude": -4.9125579210242352, "available_capacity_mw": 0.0, "distributor_network": "Endesa", "voltage_kv": 66.0, "grid_status": "Congested", "is_friction": true }, "geometry": { "type": "Point", "coordinates": [ -4.912557921024235, 37.850286196339013 ] } },
{ "type": "Feature", "properties": { "substation_name": "VISO", "provincia": "Sevilla", "municipio": "41102", "latitude": 37.400029820367905, "longitude": -5.7140235557448511, "available_capacity_mw": 0.0, "distributor_network": "Endesa", "voltage_kv": 66.0, "grid_status": "Congested", "is_friction": true }, "geometry": { "type": "Point", "coordinates": [ -5.714023555744851, 37.400029820367905 ] } },
{ "type": "Feature", "properties": { "substation_name": "VISOS", "provincia": "Málaga", "municipio": "29067", "latitude": 36.703096452489582, "longitude": -4.4937001457614931, "available_capacity_mw": 34.44, "distributor_network": "Endesa", "voltage_kv": 66.0, "grid_status": "Sufficient", "is_friction": false }, "geometry": { "type": "Point", "coordinates": [ -4.493700145761493, 36.703096452489582 ] } },
{ "type": "Feature", "properties": { "substation_name": "VVAARZOB", "provincia": "Jaén", "municipio": "23097", "latitude": 38.160503763968848, "longitude": -2.9992673986614165, "available_capacity_mw": 0.0, "distributor_network": "Endesa", "voltage_kv": 132.0, "grid_status": "Congested", "is_friction": true }, "geometry": { "type": "Point", "coordinates": [ -2.999267398661416, 38.160503763968848 ] } },
{ "type": "Feature", "properties": { "substation_name": "VVACORDO", "provincia": "Córdoba", "municipio": "14069", "latitude": 38.327538873340671, "longitude": -4.6348986085080428, "available_capacity_mw": 0.0, "distributor_network": "Endesa", "voltage_kv": 66.0, "grid_status": "Congested", "is_friction": true }, "geometry": { "type": "Point", "coordinates": [ -4.634898608508043, 38.327538873340671 ] } },
{ "type": "Feature", "properties": { "substation_name": "V_CARMEN", "provincia": "Huelva", "municipio": "21035", "latitude": 37.392685730699448, "longitude": -6.8949350505262617, "available_capacity_mw": 0.0, "distributor_network": "Endesa", "voltage_kv": 66.0, "grid_status": "Congested", "is_friction": true }, "geometry": { "type": "Point", "coordinates": [ -6.894935050526262, 37.392685730699448 ] } },
{ "type": "Feature", "properties": { "substation_name": "V_COSTAL", "provincia": "Jaén", "municipio": "23050", "latitude": 37.813101321878761, "longitude": -3.7869176735457177, "available_capacity_mw": 0.0, "distributor_network": "Endesa", "voltage_kv": 132.0, "grid_status": "Congested", "is_friction": true }, "geometry": { "type": "Point", "coordinates": [ -3.786917673545718, 37.813101321878761 ] } },
{ "type": "Feature", "properties": { "substation_name": "V_ROMANO", "provincia": "Málaga", "municipio": "29051", "latitude": 36.418273619408261, "longitude": -5.1898005672290317, "available_capacity_mw": 0.0, "distributor_network": "Endesa", "voltage_kv": 66.0, "grid_status": "Congested", "is_friction": true }, "geometry": { "type": "Point", "coordinates": [ -5.189800567229032, 36.418273619408261 ] } },
{ "type": "Feature", "properties": { "substation_name": "WALQA", "provincia": "Huesca", "municipio": "22125", "latitude": 42.109650423171018, "longitude": -0.45999052709386973, "available_capacity_mw": 0.0, "distributor_network": "Endesa", "voltage_kv": 45.0, "grid_status": "Congested", "is_friction": true }, "geometry": { "type": "Point", "coordinates": [ -0.45999052709387, 42.109650423171018 ] } },
{ "type": "Feature", "properties": { "substation_name": "XERTA", "provincia": "Tarragona", "municipio": "43052", "latitude": 40.923895795550685, "longitude": 0.48618287887028427, "available_capacity_mw": 0.0, "distributor_network": "Endesa", "voltage_kv": 110.0, "grid_status": "Congested", "is_friction": true }, "geometry": { "type": "Point", "coordinates": [ 0.486182878870284, 40.923895795550685 ] } },
{ "type": "Feature", "properties": { "substation_name": "XIRGU", "provincia": "Girona", "municipio": "17079", "latitude": 41.961947871972427, "longitude": 2.8033251451287748, "available_capacity_mw": 0.0, "distributor_network": "Endesa", "voltage_kv": 110.0, "grid_status": "Congested", "is_friction": true }, "geometry": { "type": "Point", "coordinates": [ 2.803325145128775, 41.961947871972427 ] } },
{ "type": "Feature", "properties": { "substation_name": "ZAFRA", "provincia": "Badajoz", "municipio": "6158", "latitude": 38.431365371859954, "longitude": -6.4182543307837783, "available_capacity_mw": 0.0, "distributor_network": "Endesa", "voltage_kv": 66.0, "grid_status": "Congested", "is_friction": true }, "geometry": { "type": "Point", "coordinates": [ -6.418254330783778, 38.431365371859954 ] } },
{ "type": "Feature", "properties": { "substation_name": "ZAIDIN", "provincia": "Granada", "municipio": "18087", "latitude": 37.143990379284858, "longitude": -3.5930418264757256, "available_capacity_mw": 0.0, "distributor_network": "Endesa", "voltage_kv": 66.0, "grid_status": "Congested", "is_friction": true }, "geometry": { "type": "Point", "coordinates": [ -3.593041826475726, 37.143990379284858 ] } },
{ "type": "Feature", "properties": { "substation_name": "ZARAGOZANA", "provincia": "Zaragoza", "municipio": "50297", "latitude": 41.620927012862104, "longitude": -0.84492319887852019, "available_capacity_mw": 0.0, "distributor_network": "Endesa", "voltage_kv": 45.0, "grid_status": "Congested", "is_friction": true }, "geometry": { "type": "Point", "coordinates": [ -0.84492319887852, 41.620927012862104 ] } },
{ "type": "Feature", "properties": { "substation_name": "ZARZA", "provincia": "Badajoz", "municipio": "6162", "latitude": 38.804221963054609, "longitude": -6.27691682762834, "available_capacity_mw": 0.0, "distributor_network": "Endesa", "voltage_kv": 66.0, "grid_status": "Congested", "is_friction": true }, "geometry": { "type": "Point", "coordinates": [ -6.27691682762834, 38.804221963054609 ] } },
{ "type": "Feature", "properties": { "substation_name": "ZAUDIN", "provincia": "Sevilla", "municipio": "41093", "latitude": 37.364069855020347, "longitude": -6.0459855594501173, "available_capacity_mw": 13.69, "distributor_network": "Endesa", "voltage_kv": 66.0, "grid_status": "Sufficient", "is_friction": false }, "geometry": { "type": "Point", "coordinates": [ -6.045985559450117, 37.364069855020347 ] } },
{ "type": "Feature", "properties": { "substation_name": "ZUERA", "provincia": "Zaragoza", "municipio": "50298", "latitude": 41.894758118509763, "longitude": -0.7892200734450896, "available_capacity_mw": 0.0, "distributor_network": "Endesa", "voltage_kv": 45.0, "grid_status": "Congested", "is_friction": true }, "geometry": { "type": "Point", "coordinates": [ -0.78922007344509, 41.894758118509763 ] } },
{ "type": "Feature", "properties": { "substation_name": "ZUERAOESTE", "provincia": "Zaragoza", "municipio": "50298", "latitude": 41.872857210710265, "longitude": -0.79707948196738965, "available_capacity_mw": 0.0, "distributor_network": "Endesa", "voltage_kv": 132.0, "grid_status": "Congested", "is_friction": true }, "geometry": { "type": "Point", "coordinates": [ -0.79707948196739, 41.872857210710265 ] } },
{ "type": "Feature", "properties": { "substation_name": "ZUJAR", "provincia": "Badajoz", "municipio": "6036", "latitude": 38.916247768577755, "longitude": -5.4784260836096248, "available_capacity_mw": 0.0, "distributor_network": "Endesa", "voltage_kv": 132.0, "grid_status": "Congested", "is_friction": true }, "geometry": { "type": "Point", "coordinates": [ -5.478426083609625, 38.916247768577755 ] } },
{ "type": "Feature", "properties": { "substation_name": "ZUMAJOS", "provincia": "Cádiz", "municipio": "11039", "latitude": 36.296065014935891, "longitude": -5.9891390578475869, "available_capacity_mw": 31.54, "distributor_network": "Endesa", "voltage_kv": 66.0, "grid_status": "Sufficient", "is_friction": false }, "geometry": { "type": "Point", "coordinates": [ -5.989139057847587, 36.296065014935891 ] } }
]
}
