site_id,name,latitude,longitude,address,municipality,province,postcode,n_connectors,max_power_kw,segment_id,nearest_road,road_prefix,is_tent,dist_to_road_m
2023002112,Centro Porsche Alicante estación de carga 2,38.3466,-0.52295,Carrer Riu Turia 16,Alicante/Alacant,Alicante/Alacant,3006,1,350.0,350,N-330,N,False,280.0657687832019
2023002113,Centro Porsche Alicante estación de carga 1,38.346,-0.523464,Carrer Riu Turia 16,Alicante/Alacant,Alicante/Alacant,3006,1,350.0,350,N-330,N,False,200.56647036021062
2023002090,Centro Porsche Asturias CP 2,43.3948,-5.81622,Pol. Industrial Los Peñones 18,Siero,Asturias,33420,1,320.0,96,A-66,A,True,902.9186274584415
2023002091,Centro Porsche Asturias CP 1,43.3948,-5.81622,Pol. Industrial Los Peñones 18,Siero,Asturias,33420,1,320.0,96,A-66,A,True,902.9186274584415
2023002102,Centro Porsche Girona estación de carga 2,41.9682,2.78,Pol.Ind. La Maret 1,Salt,Girona,17190,1,320.0,872,AP-7N,AP,True,108.4972719598387
2023002103,Centro Porsche Girona estación de carga 1,41.9682,2.78,Pol.Ind. La Maret 1,Salt,Girona,17190,1,320.0,872,AP-7N,AP,True,108.4972719598387
2023002114,Centro Porsche Marbella Estación de carga 1,36.4955,-4.95022,Ctra. Cádiz 175,Marbella,Málaga,29660,1,320.0,2,A-7S,A,False,50.319817215180585
2023002115,Centro Porsche Marbella Estación de carga 2,36.4955,-4.95027,Ctra. Cádiz 175,Marbella,Málaga,29660,1,320.0,2,A-7S,A,False,53.787428355701365
2023002096,Centro Porsche Murcia estación de carga 1,38.0235,-1.1633,"Carretera de Madrid km 3,84 36",Murcia,Murcia,30100,1,320.0,721,A-30,A,True,137.90635972702475
2023002097,Centro Porsche Murcia estación de carga 2,38.0235,-1.16326,"Carretera de Madrid km 3,84 36",Murcia,Murcia,30100,1,320.0,721,A-30,A,True,141.37093698050717
2023002092,Centro Porsche Pamplona estación de carga 2,42.7682,-1.63317,Polígono Talluntxe-B 38,Noáin (Valle de Elorz)/Noain (Elortzibar),Navarra,31110,1,320.0,608,AP-15,AP,False,251.27227067094353
2023002093,Centro Porsche Pamplona estación de carga 1,42.7683,-1.63316,Polígono Talluntxe-B 38,Noáin (Valle de Elorz)/Noain (Elortzibar),Navarra,31110,1,320.0,608,AP-15,AP,False,251.5969050776272
2023002094,Centro Porsche Bilbao Estación de carga 1,43.2446,-2.88003,"Bilbao-SanSebastián, km 5 Pol. Aperribai 5",Galdakao,Bizkaia,48960,1,320.0,566,N-634,N,False,40.69440937778711
2023002095,Centro Porsche Bilbao Estación de carga 2,43.2446,-2.88003,"Bilbao-SanSebastián, km 5 Pol. Aperribai 5",Galdakao,Bizkaia,48960,1,320.0,566,N-634,N,False,40.69440937778711
2023002098,Centro Porsche Valencia CP01,39.476,-0.484402,Avenida Comarques del País Valencia 4-6,Quart de Poblet,Valencia/València,46930,1,320.0,52,A-3,A,True,40.1738763616217
2023002099,Centro Porsche Valencia CP02,39.476,-0.484446,Avenida Comarques del País Valencia 4-6,Quart de Poblet,Valencia/València,46930,1,320.0,52,A-3,A,True,42.27587985630443
2023002116,Centro Porsche Zaragoza CP1,41.6363,-0.860039,C. Langa del Castillo 8,Zaragoza,Zaragoza,50013,1,320.0,120,A-68,A,False,413.1582024038867
2023002117,Centro Porsche Zaragoza CP2,41.6358,-0.860318,C. Langa del Castillo 8,Zaragoza,Zaragoza,50013,1,320.0,120,A-68,A,False,360.5047972837484
2023002086,Centro Porsche A Coruña estación de carga 1,43.32953,-8.36636,Avenida das Mariñas 286,Oleiros,"Coruña, A",15172,1,320.0,506,N-550,N,False,1678.153106284331
2023002087,Centro Porsche A Coruña estación de carga 2,43.32953,-8.36636,Avenida das Mariñas 286,Oleiros,"Coruña, A",15172,1,320.0,506,N-550,N,False,1678.153106284331
2024000003,MU-Murcia-050,38.02866,-1.173348,"N-301,32",Murcia,Murcia,30100,4,100.0,721,A-30,A,True,862.0940230900229
2024000006,SA-Salamanca-015,40.968307,-5.669021,"Carmelitas,94",Salamanca,Salamanca,37007,2,7.0,1229,N-630,N,False,1287.7944802687346
2024000008,O-OVIEDO-041,43.3698,-5.8447,"Palmira Villa,1",Oviedo,Asturias,33011,2,22.0,1218,N-630,N,False,1762.7506812496918
2024000009,M-PozuelodeAlarcon-005,40.45829,-3.800484,"Peñalara,1",Pozuelo de Alarcón,Madrid,28224,4,7.0,63,A-6,A,True,804.5372014805456
2024000010,VA-QuintanilladeOnesimo-002,41.629387,-4.324344,"Soria (N-122),3250",Quintanilla de Onésimo,Valladolid,47350,2,7.0,918,N-122,N,False,188.9628129339519
2024000014,O-OVIEDO-023,43.3594,-5.85295,"Santa Teresa,9",Oviedo,Asturias,33005,2,22.0,1218,N-630,N,False,427.57412428502397
2024000021,S-Reocin-001,43.35543,-4.09482,"Cantabrico,234",Reocín,Cantabria,39538,5,100.0,155,A-8,A,True,35.387617938973015
2024000023,MA-Malaga-017,36.75005,-4.423681,"John F. Kennedy,1",Málaga,Málaga,29014,2,22.0,643,A-7S,A,True,679.1036639674613
2024000024,T-REUS-004,41.131207,1.202236,"Josep Maria Folch I Torres,3",Tarragona,Tarragona,43006,4,22.0,137,A-7,A,False,204.37327268615965
2024000027,MA-Malaga-046,36.729008,-4.432096,"Arroyo De Los Angeles,56",Málaga,Málaga,29011,2,22.0,645,A-7S,A,True,1976.4358894708705
2024000028,S-Arce-001,43.41561,-3.93811,"Bº Soledad,9",Piélagos,Cantabria,39478,4,22.0,1202,N-611,N,False,213.1442381479945
2024000036,MU-Murcia-011,38.00568,-1.144664,"Juan Carlos I,45",Murcia,Murcia,30100,2,180.0,723,A-30,A,True,1046.111146599135
2024000039,NA-Tafalla-001,42.51422,-1.675516,"Crta Zaragoza Km,33",Tafalla,Navarra,31300,3,100.0,908,N-121,N,False,497.38938572511256
2024000041,O-OVIEDO-037,43.352192,-5.861921,"Piloña,4",Oviedo,Asturias,33006,2,22.0,1218,N-630,N,False,412.38993067767956
2024000042,AV-AVILA-006,40.655552,-4.690103,"Santa Ana,7",Ávila,Ávila,5001,3,100.0,429,N-403,N,False,1403.1727717997526
2024000043,AV-AVILA-009,40.647675,-4.696885,"Juan Pablo Ii,14",Ávila,Ávila,5003,3,100.0,429,N-403,N,False,419.56802196181695
2024000062,VI-Vitoria-008,42.829292,-2.7485,"Paduleta,57",Vitoria-Gasteiz,Araba/Álava,1015,4,100.0,651,A-1,A,True,646.8799849441267
2024000089,C-SantiagodeCompostela-007,42.8715,-8.55084,"Romero Donallo,27",Santiago de Compostela,"Coruña, A",15706,6,7.0,163,AP-9,AP,True,1664.9521778092637
2024000100,LE-LEON-017,42.58993,-5.56853,"Fray Luis De Leon,1",León,León,24005,2,22.0,209,N-120,N,False,407.13901327975896
2024000102,LE-Sahagun-002,42.37182,-5.032999,"Bermejo Y Calderon,12",Sahagún,León,24320,2,7.0,208,N-120,N,False,771.378552378786
2024000122,MU-Murcia-016,38.002525,-1.128325,"Don Juan De Borbon,1",Murcia,Murcia,30007,3,50.0,723,A-30,A,True,1972.4786310912725
2024000123,NA-Zizurmayor-001,42.792717,-1.68422,"Estella,9",Zizur Mayor/Zizur Nagusia,Navarra,31180,4,180.0,667,A-12,A,False,44.04292405658118
2024000124,NA-Estella-002,42.656742,-2.02817,"Merkatondoa,29",Estella-Lizarra,Navarra,31200,4,100.0,667,A-12,A,False,761.8193317892329
2024000140,SA-CarbajosadelaSagrada-003,40.947308,-5.641658,"Edificio Leclerc,1",Arapiles,Salamanca,37188,10,7.0,798,A-50,A,True,293.30377893532176
2024000142,TO-Oropesa-001,39.926884,-5.18534,"C-5105,1",Oropesa,Toledo,45560,6,150.0,787,A-5,A,True,224.96635115802093
2024000144,VA-LaCistérniga-001,41.611687,-4.684803,"Fragua,21",Cistérniga,Valladolid,47193,2,7.0,662,A-11,A,False,528.3448022316772
2024000148,VA-Valladolid-018,41.61918,-4.718668,"Teide,4",Valladolid,Valladolid,47013,4,22.0,1189,N-601,N,False,627.452154799038
2024000154,VA-Valladolid-017,41.63624,-4.746889,"Puerto Rico,8",Valladolid,Valladolid,47014,3,50.0,84,A-62,A,True,1948.649555972559
2024000180,SS-Bergara-001,43.12245,-2.42466,"Leizeaga Kalea,7",Bergara,Gipuzkoa,20570,3,50.0,837,AP-1,AP,True,307.02948393387913
2024000181,H-SantaOlalladeCala-001,37.9042,-6.2211,"Marina Española,77",Santa Olalla del Cala,Huelva,21260,7,150.0,1240,N-630,N,False,62.179498317698695
2024000190,GU-Guadalajara-008,40.644882,-3.156205,"Teresa Claramunt,2",Guadalajara,Guadalajara,19005,2,180.0,685,A-2,A,True,1225.9361011012809
2024000191,LE-LEON-018,42.59669,-5.57135,"Independencia,5",León,León,24003,2,22.0,209,N-120,N,False,1171.9977279577622
2024000193,LE-LaBañeza-004,42.3057,-5.905751,"Madrid-Coruña Nac.Vi C/ Cruce 6,22,303","Bañeza, La",León,24750,10,350.0,72,A-6,A,True,1777.1923052076374
2024000201,M-Madrid-042,40.374573,-3.77606,"Aviacion,20",Madrid,Madrid,28054,3,50.0,61,A-5R,A,False,1483.8530450460073
2024000202,L-TORREFARRERA-001,41.671745,0.604217,"Vall D'aran,0",Torrefarrera,Lleida,25123,4,180.0,255,N-230,N,True,20.794703253084798
2024000208,MA-Malaga-038,36.72554,-4.38162,"Cerrado De Calderón,18",Málaga,Málaga,29018,4,22.0,642,A-7S,A,True,938.2348710797406
2024000211,MA-Malaga-054,36.6656,-4.501371,"Maestro Vert,26",Málaga,Málaga,29140,2,22.0,645,A-7S,A,True,1699.611805920256
2024000214,MU-MolinadeSegura-001,38.05551,-1.217261,"Granada,S/N",Abarán,Murcia,30500,4,7.0,1100,N-344,N,False,1037.5214284147444
2024000217,NA-Cizur-001,42.78712,-1.676567,"Esparza Bidea,0",Cizur,Navarra,31190,4,7.0,675,A-15,A,True,468.5599639492197
2024000225,V-Algemesi-002,39.19834,-0.43335,"Valencia,206",Algemesí,Valencia/València,46680,4,50.0,884,AP-7N,AP,True,1625.3223658938934
2024000248,T-Tarragona-001,41.11226,1.210116,"Vell De Salou,31",Tarragona,Tarragona,43006,4,22.0,394,N-340,N,False,305.4693985688942
2024000259,VA-LAGUNADEDUERO-004,41.58724,-4.726251,"Salinas,1",Laguna de Duero,Valladolid,47140,2,7.0,1189,N-601,N,False,577.8438972523635
2024000260,VA-Simancas-001,41.5916,-4.82411,"Calzada,31",Simancas,Valladolid,47130,2,7.0,84,A-62,A,True,373.7782333438675
2024000296,CS-Geldo-001,39.83436,-0.467797,"Castellon,25",Geldo,Castellón/Castelló,12412,2,320.0,24,A-23,A,True,321.5633144430624
2024000307,O-OVIEDO-032,43.3639,-5.8363,"De Torrelavega,27",Oviedo,Asturias,33010,2,22.0,96,A-66,A,True,937.8371634475392
2024000316,M-Leganes-013,40.32194,-3.749073,"Severo Ochoa,15",Leganés,Madrid,28914,12,7.0,761,A-42,A,False,1267.8676618348434
2024000325,MA-Malaga-030,36.72022,-4.36147,"Estación De El Palo,0",Málaga,Málaga,29017,6,22.0,642,A-7S,A,True,935.7780507583061
2024000326,M-MADRID-011,40.37407,-3.776849,"Sinfonia,9",Madrid,Madrid,28054,3,50.0,61,A-5R,A,False,1405.0598417035044
2024000333,NA-Orkoien-003,42.82535,-1.697298,"Euntzeandia,1",Orkoien,Navarra,31160,4,7.0,675,A-15,A,True,787.7542883759027
2024000334,NA-Lekunberri-002,43.004612,-1.896017,"Arzanegui,1",Lekunberri,Navarra,31870,4,100.0,680,A-15,A,True,337.95838846640504
2024000336,MU-Murcia-046,37.993683,-1.142255,"Pergola,1",Murcia,Murcia,30009,3,50.0,723,A-30,A,True,418.7141613088077
2024000338,MU-Murcia-019,37.99716,-1.138425,"Pinos,7",Murcia,Murcia,30009,6,50.0,723,A-30,A,True,906.2874179226104
2024000342,TO-TALAVERADELAREINA-012,39.963722,-4.811045,"Pablo Picasso,0",Oropesa,Toledo,45600,5,100.0,478,N-502A,N,False,1298.6503262354224
2024000354,T-Cambrils-004,41.085995,1.036738,"Area Cooperativa Cambrils,41",Cambrils,Tarragona,43850,5,50.0,137,A-7,A,False,262.64328696802244
2024000359,130326,41.661484,-4.780455,"Don Enrique Tierno Galvan,7",Zaratán,Valladolid,47610,2,100.0,1191,N-601,N,False,178.52537552357435
2024000364,BA-Merida-001,38.93821,-6.36091,"A5 - Salida 341,N/A",Mérida,Badajoz,6800,5,150.0,791,A-5,A,True,168.93288331446323
2024000376,BA-Monesterio-001,38.027935,-6.220272,"Venta El Culebrin,1",Monesterio,Badajoz,6260,8,150.0,1239,N-630,N,False,66.79403849834723
2024000378,AB-Villarrobledo-004,39.276703,-2.592007,"Reyes Catolicos,123",Villarrobledo,Albacete,2600,2,350.0,331,N-310,N,False,646.156557585442
2024000415,M-Mostoles-004,40.33146,-3.88428,"Obispo,6",Móstoles,Madrid,28935,3,50.0,785,A-5,A,True,257.56133842194157
2024000424,MA-Malaga-057,36.74378,-4.48995,"Lope De Rueda,250",Málaga,Málaga,29190,2,22.0,645,A-7S,A,True,864.2647853807831
2024000431,MU-Murcia-066,37.93277,-1.16372,"Primero De Mayo,120",Murcia,Murcia,30120,2,7.0,723,A-30,A,True,810.9803868027765
2024000434,NA-Lekunberri-003,43.00454,-1.909339,"Pg Industrial S-P,0",Lekunberri,Navarra,31870,2,22.0,680,A-15,A,True,1049.9769511102395
2024000451,T-Cambrils-001,41.08603,1.036816,"Montbrió,2",Cambrils,Tarragona,43850,6,50.0,137,A-7,A,False,264.1404222516762
2024000458,VA-Valladolid-031,41.616333,-4.705924,"Plata,41",Valladolid,Valladolid,47012,2,7.0,662,A-11,A,False,1175.0426149167308
2024000460,V-VillargordodelCabriel-001-2,39.53626,-1.43873,"Carretera,2",Villargordo del Cabriel,Valencia/València,46317,3,50.0,11,N-3,N,False,294.70388525659644
2024000461,Barrio BERNA,43.1871,-2.678831,"Berna,4",Amorebieta-Etxano,Bizkaia,48340,2,50.0,566,N-634,N,False,25.35390589925323
2024000467,ZA-Zamora-003,41.51463,-5.74612,"San Blas,12",Zamora,Zamora,49023,4,320.0,922,N-122,N,False,562.3142852032099
2024000469,ZA-MuelasdelPan-002,41.52116,-5.96703,"San Roque,2",Muelas del Pan,Zamora,49167,2,7.0,925,N-122,N,True,1313.521020276137
2024000476,BU-ArandadeDuero-001,41.670628,-3.707329,"Bemposta (Pg.In. Allendeduero),97",Aranda de Duero,Burgos,9400,3,50.0,889,N-1,N,False,692.215291449855
2024000484,A-Alicante-030,38.382797,-0.451484,"Enebro,1",Alicante/Alacant,Alicante/Alacant,3559,2,350.0,377,N-334,N,False,323.5909263133849
2024000499,CS-VINAROS-005,40.455673,0.45464,"Dels Artesans,6",Vinaròs,Castellón/Castelló,12500,4,22.0,1090,N-340A,N,False,29.81119073635741
2024000500,E-13-CiudadReal-001,38.990772,-3.904109,"Industrial El Avanzado,63",Ciudad Real,Ciudad Real,13005,2,22.0,1134,N-430,N,False,136.55425084950403
2024000502,CO-Cordoba-021,37.89848,-4.73468,"Tecnocordoba,1",Córdoba,Córdoba,14014,4,22.0,746,A-4,A,True,434.6865018941787
2024000508,O-OVIEDO-047,43.37512,-5.831852,"Juan Sebastian Lopez-Arranz,1",Oviedo,Asturias,33011,2,100.0,96,A-66,A,True,1584.1290401538133
2024000511,GU-AzuquecadeHenares-002,40.57081,-3.24951,"Industria,6",Azuqueca de Henares,Guadalajara,19200,2,320.0,685,A-2,A,True,300.38876343997276
2024000513,O-OVIEDO-030,43.3832,-5.8181,"Sabino Alvarez Gendin,S/N",Oviedo,Asturias,33011,2,22.0,96,A-66,A,True,469.55776975390324
2024000524,LU-Monterroso-001,42.792397,-7.832396,"De Las Nieves,N/A",Monterroso,Lugo,27560,2,22.0,1274,N-640,N,False,35.4683695752332
2024000525,M-ALCOBENDAS-008,40.51715,-3.616014,"Marquesa Viuda Aldama,50",Alcobendas,Madrid,28109,6,7.0,15,A-1,A,True,1690.133252451286
2024000531,MA-Malaga-037,36.723213,-4.397463,"Pintor Joaquin Sorolla,1",Málaga,Málaga,29016,2,22.0,642,A-7S,A,True,1714.1726717018228
2024000532,MA-Malaga-055,36.662834,-4.505553,"Torremolinos,71",Málaga,Málaga,29140,2,22.0,645,A-7S,A,True,1217.563009629147
2024000534,MA-Malaga-040,36.73494,-4.4247,"Hurtado De Amezaga,58",Málaga,Málaga,29014,2,22.0,643,A-7S,A,True,1691.6325626173768
2024000537,MU-Cartagena-022,37.65433,-1.010968,"Padua (Pg. Santa Ana),3",Cartagena,Murcia,30319,2,22.0,887,AP-7N,AP,False,1198.545101484888
2024000538,MU-Murcia-045,37.935524,-1.163332,"Mayor,179",Murcia,Murcia,30120,3,50.0,723,A-30,A,True,841.1998870069285
2024000563,VA-Mayorga-001,42.16892,-5.26236,"Corrillo La Ermita,N/A",Mayorga,Valladolid,47680,2,7.0,1192,N-601,N,False,669.6922366092355
2024000583,A-ALICANTE-034,38.53453,-0.171923,"Rei Jaume I,9",Finestrat,Alicante/Alacant,3509,4,120.0,364,N-332,N,False,229.9738278035948
2024000590,A-Ondara-009,38.81839,0.02378,"Costa Blanca,1",Ondara,Alicante/Alacant,3760,10,350.0,370,N-332,N,False,83.83652257388282
2024000603,O-OVIEDO-038,43.3536,-5.8383,"Otero,9",Oviedo,Asturias,33008,2,22.0,96,A-66,A,True,320.4212124387167
2024000606,O-Oviedo-016,43.41597,-5.80849,"Peña Santa (Pg.Silvota),15",Llanera,Asturias,33192,10,7.0,95,A-66,A,True,578.1203471933636
2024000608,O-OVIEDO-039,43.357784,-5.918521,"La Estacion,21",Oviedo,Asturias,33191,2,22.0,91,A-63,A,False,511.7792664140741
2024000609,E-33-Amieva-001,43.388355,-5.805845,"Autovia A,66",Siero,Asturias,33429,4,7.0,96,A-66,A,True,201.30447982256445
2024000614,PA-Fromista-003,42.269062,-4.4038,"Francesa,37",Frómista,Palencia,34440,2,22.0,1198,N-611,N,False,558.1549424337459
2024000616,LE-ValverdedelaVirgen-001,42.58031,-5.642893,"Pablo Diez,25",Valverde de la Virgen,León,24198,2,7.0,211,N-120,N,True,124.35702596540884
2024000620,LE-LEON-016,42.60348,-5.58003,"Reyes Leoneses,0",León,León,24008,2,22.0,1246,N-630A,N,False,1284.227552733554
2024000622,M-MADRID-012,40.336155,-3.714887,"Valle De Tobalina,24",Madrid,Madrid,28021,3,50.0,761,A-42,A,False,830.2097681018666
2024000623,L-Lleida-011,41.62202,0.66487,"Josep Segura Farré,701",Lleida,Lleida,25191,5,50.0,992,N-240,N,False,187.16802492830772
2024000624,LU-Mondoñedo-002,43.42796,-7.36617,"Jaime Cabot,1",Mondoñedo,Lugo,27740,2,22.0,587,N-634,N,True,519.3674829910943
2024000628,M-Madrid-078,40.372147,-3.728885,"Hilario Herranz Establos,24",Madrid,Madrid,28054,3,50.0,761,A-42,A,False,750.5104427886711
2024000633,E-28-SanSebastianDeLosReyes-001,40.54535,-3.613033,"Comercio,1",San Sebastián de los Reyes,Madrid,28703,14,7.0,15,A-1,A,True,428.9111342199945
2024000636,MU-Cartagena-034,37.597523,-0.972746,"Pedro Jorquera,0",Cartagena,Murcia,30202,2,22.0,723,A-30,A,True,1077.7040336281605
2024000642,NA-Pamplona-010,42.78608,-1.633391,"Comercial Galaria Calle T,1",Galar,Navarra,31191,4,100.0,675,A-15,A,True,395.7638209619264
2024000651,V-Chiva-002-2,39.45311,-0.734942,"Incolla (Pg La Pahilla),281",Chiva,Valencia/València,46370,3,50.0,50,A-3,A,True,199.14745476208716
2024000654,T-ElVendrell-005,41.22414,1.544623,"Barcelona,1","Vendrell, El",Tarragona,43700,3,50.0,396,N-340,N,False,213.4006541625131
2024000657,TE-Calanda-002,40.945244,-0.23089,"Autonomía Aragonesa,80",Calanda,Teruel,44570,2,7.0,963,N-211,N,False,24.48627876911458
2024000662,VA-LaCistérniga-002,41.611973,-4.682474,"Yeseros,1",Cistérniga,Valladolid,47193,2,7.0,662,A-11,A,False,455.5916601872826
2024000667,VA-ValbuenaDeDuero-001,41.62972,-4.26251,"Murallas,N/A",Olivares de Duero,Valladolid,47359,2,22.0,918,N-122,N,False,658.4064573081707
2024000672,BI-BASAURI-002-2,43.228844,-2.873916,"Zabalandi,15",Basauri,Bizkaia,48970,6,7.0,149,A-8,A,True,283.7519174031257
2024000674,Z-Zaragoza-024,41.65956,-0.98919,"Torre Villarroya,43",Zaragoza,Zaragoza,50190,2,7.0,221,N-125,N,True,419.273579147501
2024000695,A-SANVICENTEDELRASPEIG-003,38.39146,-0.51141,"Bronce,7",San Vicente del Raspeig/Sant Vicent del Raspeig,Alicante/Alacant,3690,2,100.0,147,A-77A,A,False,1080.762529908792
2024000702,SS-ANDOAIN-001,43.22486,-2.02355,"Illarramendi,903",Andoain,Gipuzkoa,20140,2,150.0,682,A-15,A,False,95.8532524453713
2024000706,CS-Castellondelaplana-013,39.97658,-0.072171,"Europa (Ciudad Del Transporte),1",Castelló de la Plana,Castellón/Castelló,12006,4,22.0,251,N-225,N,False,858.7085127818569
2024000708,E-13-Manzanares-001,39.022034,-3.373286,"Autovia Andalucia,171",Manzanares,Ciudad Real,13200,2,22.0,745,A-4,A,True,46.01449287271759
2024000716,GI-RibesdeFreser-002,42.308956,2.171529,"Estació De Núria,S/N",Campelles,Girona,17534,6,100.0,301,N-260,N,False,487.07975838284233
2024000718,TheF Charging Espana Magic Costa Blanca - Villa del Mar,38.53779,-0.138498,Av. De La Armada Española 1,Benidorm,Alicante/Alacant,3502,2,22.0,364,N-332,N,False,1526.6388140085603
2024000720,Plaza Poligono Sta. Marina,43.37615,-4.35148,Plaza Poligono Sta. Marina,San Vicente de la Barquera,Cantabria,39547,4,125.0,574,N-634,N,False,1323.7099847985403
2024000751,CC THADER Murcia,38.0331,-1.1477,"Victor Garrigos,9",Murcia,Murcia,30110,10,360.0,134,A-7,A,True,203.9681809674438
2024000761,VA-VALLADOLID-024,41.618774,-4.747981,"Zorrilla,191",Valladolid,Valladolid,47008,4,7.0,1189,N-601,N,False,1825.049238211919
2024000768,O-OVIEDO-042,43.3538,-5.86236,"El Valle,S/N",Oviedo,Asturias,33006,2,22.0,1218,N-630,N,False,464.20772050904577
2024000769,J-Jaen-001,37.81658,-3.771396,"Bailén-Motril,0",Jaén,Jaén,23006,6,50.0,1013,N-323,N,False,83.4956769429344
2024000771,GI-Girona-008,41.9596,2.805762,"Can Xirgu,15",Girona,Girona,17005,4,180.0,872,AP-7N,AP,True,1729.772701108335
2024000773,E-46-Aldaia-001,39.46307,-0.469818,"De La Concordia,6",Aldaia,Valencia/València,46960,6,22.0,52,A-3,A,True,1732.7317733165023
2024000777,LO-Logroño-013,42.46339,-2.43402,"Duquesa De La Victoria,74",Logroño,"Rioja, La",26004,6,14.0,670,A-13,A,False,878.8579878846809
2024000787,"Allego AG PARAYAS, S.L.",43.44889,-3.831363,Avenida De Parayas 18,Santander,Cantabria,39011,2,50.0,556,N-623,N,False,434.87768017625365
2024000790,Allego RAFAEL ALMENAR S.A.,39.462288,-0.405479,"Calle Fogainers, 1 - Pol. Ind. Vara De Quart",Xirivella,Valencia/València,46014,2,50.0,53,A-3,A,False,1297.329574856187
2024000791,Allego NISSAN CAETANO REICOMSA SL,40.520515,-3.663987,Calle Aragoneses 18,Alcobendas,Madrid,28108,2,50.0,15,A-1,A,True,987.6549966954524
2024000793,Allego COMERCIO Y ASISTENCIA - LEON,42.588028,-5.621684,"Ctra Leon-Astorga Km 4,5 Trobajo Del Camino",León,León,24010,2,50.0,211,N-120,N,True,45.74034952109984
2024000794,"Allego TALLERES SANTI ENRIQUE, S.A.",41.59062,2.28537,"Ctra. Masnou - Granollers, Km. 15,2",Granollers,Barcelona,8402,2,50.0,873,AP-7N,AP,True,1070.4325356531187
2024000796,Allego FRANCISCO MARCOS S.A,38.260113,-0.719889,"Avinguda De Crevillente, 11",Elche/Elx,Alicante/Alacant,3205,2,50.0,1071,N-340,N,False,32.30477320061984
2024000797,"Allego GAMBOA AUTOMOCIÓN, S.A. - ALCORCON",40.356476,-3.824132,"Avda. San Martin De Valdeiglesis, 5",Alcorcón,Madrid,28922,2,50.0,784,A-5,A,True,226.5184256781509
2024000798,"Allego ROFERVIGO, S.L.",42.21418,-8.673484,"Ctra. De Madrid, 210",Vigo,Pontevedra,36318,2,50.0,811,A-55,A,True,26.524668457819377
2024000801,Allego FRANCISCO MARCOS - MURCIA,38.0277,-1.169062,"Ctra. De Madrid, Km 384",Murcia,Murcia,30100,2,50.0,721,A-30,A,True,475.23986164689586
2024000803,"Allego DISTRIBUCIÓN Y VENTAS, S.L.",38.876877,-6.94793,"Ctra. Madrid - Lisboa, Km. 398",Badajoz,Badajoz,6008,2,50.0,1131,N-430,N,False,194.69395815718082
2024000805,"Allego LORETO MOTOR, S.L.U.",36.715843,-6.106937,"Av. Tío Pepe, 53",Jerez de la Frontera,Cádiz,11407,2,50.0,754,A-4,A,True,221.99050909787408
2024000806,"Allego ANDALMOTOR AUTOMOCIÓN, S.L.",36.777046,-2.78972,Avda. El Treinta Nº 114,"Ejido, El",Almería,4700,2,50.0,635,A-7S,A,True,1068.1876837476336
2024000807,Allego FRANCISCO MARCOS - ALICANTE,38.345173,-0.519264,"Ctra. Ocaña, 10",Alicante/Alacant,Alicante/Alacant,3006,2,50.0,350,N-330,N,False,509.0582632202739
2024000808,Allego TALLERES Y RECAMBIOS MORERA,41.841305,0.299917,128 C. Almacellas,Binéfar,Huesca,22500,2,50.0,284,N-240,N,False,404.06004632581676
2024000809,Allego NIKKO CENTER MOTORS,41.114708,1.218622,"Carr. Valencia, 206",Tarragona,Tarragona,43006,2,50.0,394,N-340,N,False,73.33230122810141
2024000810,Allego CYASA - Oviedo,43.37222,-5.814871,"C. Cerdeño, 41",Oviedo,Asturias,33010,2,50.0,96,A-66,A,True,205.18351913192097
2024000812,"Allego GAMBOA AUTOMOCIÓN, S.A. - RIVAS",40.354393,-3.543258,"C. De La Fundición, 7, 9",Rivas-Vaciamadrid,Madrid,28522,2,50.0,46,A-3,A,True,637.6950789525722
2024000813,Allego - NIKKO CENTER MOTORS,41.150257,1.121496,Aut. Reus - Tarragona,Reus,Tarragona,43204,2,50.0,1113,N-420,N,False,1097.2309018107437
2024000815,"Allego NISSAN RIMAUTO TERUEL CAR, S.L.U.",40.356853,-1.13498,"Polígono Los, Av. Los Hostales, 2 - 18",Teruel,Teruel,44195,2,50.0,978,N-234,N,False,29.954248696160032
2024000816,"Allego NISSAN IBERMOTOR DE SANTIAGO, S.L.",42.36117,-3.652407,"C. Alcalde Martín Cobos, 26",Burgos,Burgos,9007,2,50.0,170,N-1,N,False,584.6843487644926
2024000817,"Allego NISSAN KENTO MOTOR, S.L.",39.909615,-4.010892,"Ctra. Madrid Toledo, Km. 63,8",Olías del Rey,Toledo,45280,2,50.0,761,A-42,A,False,28.324080820442507
2024000820,Allego NISSAN COMERCIAL ARRE MOTOR,42.844635,-1.615217,Ctra Irun Fracia Km 6,Ezcabarte,Navarra,31194,2,50.0,611,N-121-A,N,True,583.2257539383855
2024000824,"Allego NISSAN GAURSA ARABAUTO, S.L.U.",43.318012,-1.871469,"Pol Makarraztegi 4, Oiartzun",Oiartzun,Gipuzkoa,20180,2,50.0,1287,AP-8,AP,True,431.4183888569793
2024000826,Allego NISSAN RAFAEL ALMENAR,39.964195,-0.064391,Avda De Valencia 223,Castelló de la Plana,Castellón/Castelló,12005,2,50.0,251,N-225,N,False,491.934224937236
2024000828,Allego Hermanos Gelida S.A,40.706726,0.592452,"Avinguda De Sant Jaume, 90",Amposta,Tarragona,43870,2,24.0,390,N-340,N,False,239.38825021507537
2024000829,"Allego NISSAN ILERDAUTO, S.A.",41.62342,0.665058,"Pol. Ind. Segre, Parc. 719",Lleida,Lleida,25191,2,50.0,992,N-240,N,False,340.086386531626
2024000830,Allego Hospital Infanta Sofia,40.558266,-3.610045,"P.º De Europa, 34",San Sebastián de los Reyes,Madrid,28702,36,22.0,232,N-1A,N,False,145.39436639206394
2024000832,LE-LEON-019,42.59874,-5.574222,"San Agustin,2",León,León,24001,2,22.0,209,N-120,N,False,1482.461905215022
2024000833,LE-LEON-021,42.59549,-5.574989,"Republica Argentina,21",León,León,24004,2,7.0,209,N-120,N,False,1221.185994528793
2024000834,L-TORREFARRERA-002,41.667774,0.599884,"Mestral,S/N",Torrefarrera,Lleida,25123,4,180.0,255,N-230,N,True,538.5278779860054
2024000840,LE-LaBañeza-005,42.298763,-5.89988,"Fray Diego Alonso,13","Bañeza, La",León,24750,2,7.0,72,A-6,A,True,1783.4795266256885
2024000842,LE-LEON-020,42.59409,-5.57025,"San Francisco,16",León,León,24003,2,22.0,209,N-120,N,False,872.8281602989753
2024000845,O-OVIEDO-036,43.3872,-5.8266,"Francisco Pintado,8",Oviedo,Asturias,33011,2,22.0,96,A-66,A,True,1243.0565898928332
2024000846,M-Getafe-007,40.30273,-3.696051,"Franklin,1",Getafe,Madrid,28906,6,50.0,741,A-4,A,True,365.92440595132564
2024000848,LE-LEON-025,42.5871,-5.5591,"Alcalde Miguel Castaño,87",León,León,24005,4,22.0,209,N-120,N,False,56.231625668089364
2024000851,M-Getafe-008,40.27068,-3.699337,"Rio Guadalquivir,14",Getafe,Madrid,28906,8,22.0,741,A-4,A,True,730.0758312084861
2024000853,M-MOSTOLES-010,40.33409,-3.87681,"Alcalde De Mostoles,64",Móstoles,Madrid,28933,6,7.0,785,A-5,A,True,415.1515158974331
2024000856,MU-Cartagena-026,37.718643,-1.048105,"Constitucion Española,38",Cartagena,Murcia,30330,2,22.0,329,N-301,N,False,961.8036337603406
2024000885,S-Santander-004,43.46194,-3.81055,"Amós De Escalante,6",Santander,Cantabria,39002,6,7.0,1202,N-611,N,False,1349.5761397585952
2024000886,SG-Segovia-007,40.948223,-4.116265,"Del Padre Claret,6",Segovia,Segovia,40001,2,7.0,181,N-110,N,False,1922.007506304911
2024000888,SO-BurgodeOsma-004,41.587654,-3.065255,"Universidad,5",Burgo de Osma-Ciudad de Osma,Soria,42300,2,22.0,914,N-122,N,False,13.53373143302985
2024000893,V-VillargordodelCabriel-001,39.53624,-1.43924,"Carretera,1",Villargordo del Cabriel,Valencia/València,46317,2,350.0,11,N-3,N,False,307.6859584779582
2024000897,VA-LAGUNADEDUERO-003,41.57954,-4.719399,"Madrid,61",Laguna de Duero,Valladolid,47140,2,7.0,1189,N-601,N,False,547.2087394018082
2024000898,VA-Valladolid-034,41.638195,-4.746001,"Salamanca,59",Valladolid,Valladolid,47014,2,7.0,84,A-62,A,True,1917.5395639403478
2024000900,BI-Basauri-008,43.22512,-2.886521,"Elexalde,0",Basauri,Bizkaia,48970,2,22.0,149,A-8,A,True,662.1754991200562
2024000906,VA-Valladolid-032,41.61237,-4.748989,"Felipe Sanchez Roman,850",Valladolid,Valladolid,47008,2,7.0,1189,N-601,N,False,1901.3648155132896
2024000910,BI-Basauri-002,43.229706,-2.874815,"Zabalandi,15",Basauri,Bizkaia,48970,6,22.0,149,A-8,A,True,200.94828176117446
2024000914,Z-Zuera-001,41.88304,-0.78359,"Austria,11",Zuera,Zaragoza,50800,2,100.0,30,A-23,A,True,481.8743073572856
2024000947,SS-SanSebastian-001,43.297226,-1.966242,"Begiristain Dok. Ps,75",Donostia/San Sebastián,Gipuzkoa,20014,3,50.0,682,A-15,A,False,1064.439329505797
2024000960,GU-CabanillasdelCampo-001,40.630894,-3.237297,"Comercio,2",Cabanillas del Campo,Guadalajara,19171,3,50.0,334,N-320,N,False,1090.7851714160088
2024000965,O-Gijon-015,43.53704,-5.656797,"Conde Real Agrado,N/A",Gijón,Asturias,33205,4,7.0,1279,N-641,N,True,1838.0879416303253
2024000967,P-Fromista-001,42.26789,-4.40586,"Tuy,5",Frómista,Palencia,34440,2,7.0,1198,N-611,N,False,472.1559533064191
2024000968,LE-Sahagun-001,42.37128,-5.02914,"Bermejo Y Calderon,12",Sahagún,León,24320,2,7.0,208,N-120,N,False,814.6507461323989
2024000971,M-PARLA-002,40.2494,-3.766841,"Real,125",Parla,Madrid,28981,3,50.0,761,A-42,A,False,342.919604495496
2024000972,LE-VILLADANGOS-001,42.5351,-5.74775,"Vial,3",Cimanes del Tejar,León,24392,4,7.0,214,N-120,N,False,303.4126407618716
2024000974,MA-Malaga-039,36.719822,-4.362658,"Salvador Allende,19",Málaga,Málaga,29017,2,22.0,642,A-7S,A,True,975.1382600804142
2024000981,MA-Malaga-041,36.749477,-4.416958,"Alcalde Joaquin Quiles,23",Málaga,Málaga,29014,2,22.0,642,A-7S,A,True,305.9905066458533
2024000982,M-Madrid-023,40.46467,-3.618324,"Partenón,5",Madrid,Madrid,28042,38,50.0,684,A-2,A,False,1667.1618234636926
2024000990,NA-Zizurmayor-002,42.78895,-1.700146,"Ikortebidea,0",Zizur Mayor/Zizur Nagusia,Navarra,31180,5,50.0,667,A-12,A,False,342.56053814134435
2024000991,PO-Mos-001,42.168495,-8.626171,"Sanquiñeda Monte,118",Mos,Pontevedra,36419,2,350.0,813,A-55,A,True,194.499977603631
2024000996,MU-Murcia-055,38.025192,-1.143102,"Don Juan De Borbon,1",Murcia,Murcia,30110,4,22.0,134,A-7,A,True,1124.600828255718
2024001002,V-Almussafes-002,39.306152,-0.412575,"Foia De La (Pg Rey Juan Carlos I),6",Almussafes,Valencia/València,46440,4,22.0,884,AP-7N,AP,True,802.451716019782
2024001006,SO-SanEstebandeGormaz-002,41.57298,-3.20117,"Escuelas,N/A",San Esteban de Gormaz,Soria,42330,2,7.0,177,N-110,N,False,25.867406091963804
2024001008,SO-SanEstebandeGormaz-001,41.57137,-3.20108,"Paseo Condes De San Esteban,N/A",San Esteban de Gormaz,Soria,42330,2,7.0,177,N-110,N,False,151.80691654044313
2024001011,BI-Basauri-010,43.221558,-2.889122,"Ramon De Kareaga,11",Basauri,Bizkaia,48970,2,22.0,859,AP-68,AP,True,993.0999312580772
2024001012,VA-Valladolid-037,41.65585,-4.737783,"Ramon Pradera,3",Valladolid,Valladolid,47009,2,7.0,1190,N-601,N,False,1908.7895454247082
2024001014,VA-Valladolid-014,41.62838,-4.73668,"Pilar Miro,6",Valladolid,Valladolid,47008,4,22.0,1189,N-601,N,False,1485.105252915698
2024001015,BI-Basauri-009,43.240086,-2.887249,"Matxitxako,9",Basauri,Bizkaia,48970,2,22.0,566,N-634,N,False,680.7482774905399
2024001016,BI-Trapaga-002,43.30235,-3.03398,"Juan Sebastian Elkano,15",Valle de Trápaga-Trapagaran,Bizkaia,48510,4,7.0,1292,AP-8,AP,True,777.6596650975083
2024001018,BI-Santurtzi-001,43.331196,-3.03293,"Puerto Pesquero,9",Santurtzi,Bizkaia,48980,2,22.0,613,N-644,N,True,759.0053720515215
2024001027,M-Alcorcon-010,40.35023,-3.84381,"Europa,1",Alcorcón,Madrid,28922,6,7.0,784,A-5,A,True,265.9972915897364
2024001033,M-VICALVARO-003,40.406185,-3.612573,"Daroca,325",Madrid,Madrid,28032,6,7.0,46,A-3,A,True,1861.7292059294068
2024001034,MU-MURCIA-022,37.981995,-1.12936,"Rio Segura,6",Murcia,Murcia,30002,3,50.0,723,A-30,A,True,770.8195673233537
2024001037,TO-OLIASDELREY-004,39.953857,-3.997653,"Toledo,401",Olías del Rey,Toledo,45280,4,22.0,756,A-40,A,False,508.3816182112607
2024001053,V-Valencia-018,39.45503,-0.407027,"Pedrapiquers,14",Xirivella,Valencia/València,46014,8,22.0,53,A-3,A,False,1818.2909337449005
2024001074,M-Getafe-009,40.27072,-3.696983,"Rio Guadalquivir,18",Getafe,Madrid,28906,3,50.0,741,A-4,A,True,529.8810777903095
2024001089,M-Alcorcon-016,40.358364,-3.824391,"America,3",Alcorcón,Madrid,28922,4,22.0,784,A-5,A,True,390.51989069697777
2023002027,"Carretera Madrid-Valencia, Km 334 46370 Valencia ESP",39.47483,-0.61209,"Carretera Madrid-Valencia, Km 334",Chiva,Valencia/València,46370,3,50.0,51,A-3,A,True,69.19424621440574
2023002030,"Av. Niceto Alcalá Zamora, 20 28050 Madrid ESP",40.493893,-3.648247,"Av. Niceto Alcalá Zamora, 20",Madrid,Madrid,28050,3,50.0,14,A-1,A,False,1405.539749210766
2023002033,"Av. Machupichu, 105 28043 MADRID ESP",40.46494,-3.636139,"Av. Machupichu, 105",Madrid,Madrid,28043,6,50.0,684,A-2,A,False,1783.561021027319
2023002040,"Calle Cerro de la Plata, 4 28007 Madrid ESP",40.39992,-3.675142,"Calle Cerro de la Plata, 4",Madrid,Madrid,28007,3,50.0,740,A-4,A,False,1126.4385532331783
2023002044,"Bueso Pineda, 29 28043 Madrid ESP",40.454,-3.655444,"Bueso Pineda, 29",Madrid,Madrid,28043,3,50.0,684,A-2,A,False,1090.622389873986
2023002051,Centro Comercial Ballonti,43.312,-3.022616,"Av. Ballonti, 1, 48920 Portugalete, Vizcaya,",Portugalete,Bizkaia,48920,2,22.0,1292,AP-8,AP,True,606.4313724588527
2023002052,Plaza Central Calpe,38.645912,0.048847,Av de los Ejércitos Españoles,Calp,Alicante/Alacant,3710,4,100.0,367,N-332,N,False,1042.786111817861
2023002053,Concesionario Ford Movilsa,38.401768,-0.427699,"Ctra. Valencia, 5B, 03550 San Juan de Alicant",Alicante/Alacant,Alicante/Alacant,3550,3,50.0,138,A-70,A,True,1283.8084637332506
2023002055,Centro Comercial Alcalá Magna,40.49505,-3.359647,"C. Valentín Juara Bellot, 4, 28805 Alcalá d",Alcalá de Henares,Madrid,28806,6,50.0,685,A-2,A,True,1157.1633824604185
2023002061,GALP Posada de Llanes - Dirección Oviedo,43.43266,-4.858186,"Autovía del Cantábrico, 33594 Llanes, Astur",Llanes,Asturias,33594,2,50.0,157,A-8,A,True,45.8135736673547
2023002064,GALP San Antonio - Dirección Alicante,38.79001,0.063078,"Autop. del Mediterráneo, Pk, 613, 2, 03750 A",Pedreguer,Alicante/Alacant,3750,1,22.0,884,AP-7N,AP,True,60.68469567476498
2023002065,Centro Deportivo PJV,38.05942,-1.21806,"Carr de Madrid, 47, 30500 Molina de Segura, M",Abarán,Murcia,30500,3,50.0,1100,N-344,N,False,1110.8993413734725
2023002066,GALP San Antonio - Dirección Tarragona,38.791656,0.063435,"Autopista de la Mediterránia AP-7 PK. 613,2,",Pedreguer,Alicante/Alacant,3750,6,150.0,884,AP-7N,AP,True,75.34872738314378
2023002067,Centro Comercial Bahía Center,40.46544,-3.59291,C. Bahía de Pollensa,Madrid,Madrid,28042,6,120.0,685,A-2,A,True,1715.6734001946086
2023002068,Parque Comercial Ganzo,43.358402,-4.064298,"Bo. Ganzo, 58, 39300 Torrelavega, Cantabria",Torrelavega,Cantabria,39300,6,120.0,155,A-8,A,True,250.2095997716641
2023002073,Centro Comercial Next Shopping,36.738014,-4.381287,"C. Olmos, 43",Málaga,Málaga,29018,3,60.0,642,A-7S,A,True,154.70049035625559
2023002074,GALP La Plana - Dirección Valencia,39.864098,-0.12358,"AP-7 PK. 445 MARGEN DERECHO, 12530 Borriana,",Benicarló,Castellón/Castelló,12530,6,150.0,882,AP-7N,AP,True,68.28145230044537
2023002075,GALP La Plana - Dirección Tarragona,39.86565,-0.120866,"AP-7 PK. 445 MARGEN IZQUIERDO, 12530 Borriana",Benicarló,Castellón/Castelló,12530,6,150.0,882,AP-7N,AP,True,140.5608537317129
2023002077,Supermercado Saladar Denia,38.862835,0.012828,"Partida Sorts de la Mar Cl-08, 7, 03779, Alic","Poblets, els",Alicante/Alacant,3779,3,50.0,370,N-332,N,False,1886.0261443587253
2023002079,GALP Gironès - Norte,41.907253,2.77326,"Autopista de la Mediterrània AP-7, PK 70,500",Aiguaviva,Girona,17181,1,12.0,872,AP-7N,AP,True,51.04953354582543
2023002080,Centro Comercial Ballonti (EXP),43.31197,-3.022744,"Av. Ballonti, 1, 48920 Portugalete, Vizcaya,",Portugalete,Bizkaia,48920,30,120.0,1292,AP-8,AP,True,595.9188329731521
2023002081,Aquopolis Cullera,39.185043,-0.254669,"Antigua Carretera Nazaret-Oliva, km. 33, 4640",Cullera,Valencia/València,46400,13,12.0,372,N-332,N,False,1148.6534852331224
2023002084,Centro Comercial Albufera Plaza,40.39231,-3.655836,"Av. de la Albufera, 153, 28038 Madrid, Españ",Madrid,Madrid,28038,6,120.0,45,A-3,A,False,1007.4443311518056
2023002085,Family Cash Finestrat,38.534832,-0.173006,C/ Rei Jaume I,Finestrat,Alicante/Alacant,3509,8,12.0,364,N-332,N,False,142.91906921918445
2023002104,Centro Porsche Vigo estación de carga 2,42.21649,-8.68721,Carretera de Madrid 152,Vigo,Pontevedra,36214,1,350.0,811,A-55,A,True,79.16876612384048
2023002105,Centro Porsche Vigo estación de carga 1,42.21649,-8.68721,Carretera de Madrid 152,Vigo,Pontevedra,36214,1,350.0,811,A-55,A,True,79.16876612384048
2023002154,Vidanova Parc - Sur,39.671146,-0.264522,Junto Ct Benjamin Franklin C401713 (Cc Vidano,Sagunto/Sagunt,Valencia/València,46520,8,22.0,386,N-340,N,False,1124.1048608253793
2023002155,Vitorialanda,42.86012,-2.70329,Vitorialanda (Estación Edp) 12,Vitoria-Gasteiz,Araba/Álava,1010,3,50.0,651,A-1,A,True,1850.82071413894
2023002156,Heron City,39.52922,-0.441728,Ademuz (Cc Heron City Valencia) 7,Paterna,Valencia/València,46980,4,22.0,127,A-7,A,True,1538.3206690474367
2023002157,Plaza San Miguel,43.539894,-5.658138,Plaza De San Miguel  5,Gijón,Asturias,33202,1,22.0,1279,N-641,N,True,1936.8529536960166
2023002158,Álvarez Garaya,43.541286,-5.665723,Álvarez Garaya 10,Gijón,Asturias,33206,4,50.0,1279,N-641,N,True,1601.14041369931
2023002160,Avelino Glez Mallada,43.53265,-5.64912,Avelino Glez Mallada 27,Gijón,Asturias,33204,1,22.0,158,A-8,A,True,1270.8911063032206
2023002161,Torcuato Fdez Miranda,43.537613,-5.646291,Torcuato Fernández Miranda 2,Gijón,Asturias,33203,1,7.4,158,A-8,A,True,1749.280405170682
2023002162,Juan Alvargonzález,43.53023,-5.668645,Juan Alvargonzález 41,Gijón,Asturias,33208,1,7.4,1279,N-641,N,True,645.6157550056564
2023002163,Oriental,43.540646,-5.697091,Oriental 11,Gijón,Asturias,33213,1,7.4,1278,N-641,N,True,236.8665055099145
2023002164,Avd. del Llano,43.534256,-5.660382,Avenida Del Llano 19,Gijón,Asturias,33209,1,7.4,1279,N-641,N,True,1434.815704058779
2023002165,Carlos Marx,43.53617,-5.672876,Carlos Marx 1,Gijón,Asturias,33207,1,7.4,1279,N-641,N,True,790.854246577581
2023002166,Avia - Ribadesella,43.43564,-5.014354,"Pol. Ind. Guadamía, Calle 8 (Es Avia)",Ribadesella,Asturias,33568,3,50.0,157,A-8,A,True,148.21739707042153
2023002167,Avia - Tapia de Casariego,43.561874,-6.923124,"Polígono Cortaficio, Calle A (Es Avia) 18",Tapia de Casariego,Asturias,33740,3,50.0,584,N-634,N,False,92.84796353345057
2023002168,Avia - Cudillero,43.555244,-6.167259,Gasolinera Avia,Cudillero,Asturias,33159,3,50.0,1256,N-632,N,False,27.076693998729784
2023002169,Avia - Avilés,43.57506,-5.929169,Avenida Lugo 110,Avilés,Asturias,33401,3,50.0,1259,N-632A,N,False,73.58099278950195
2023002170,Avd. los Deportes,43.383335,-6.074988,Avenida De Los Deportes 1,Colunga,Asturias,33820,1,7.4,580,N-634,N,False,266.68800465093005
2023002171,Palermo,43.568718,-6.944178,Avenida De Galicia (Palermo) 2,Tapia de Casariego,Asturias,33740,1,7.4,584,N-634,N,False,880.6307134996435
2023002173,Silvota - Peña Santa,43.416615,-5.810642,Peña Santa (Polígono De Silvota) S/N,Llanera,Asturias,33192,2,7.4,95,A-66,A,True,730.6815213355928
2023002175,Rector,43.243244,-5.775912,Rector Julio Rodríguez (Campus De Mieres) S/,Mieres,Asturias,33600,2,7.4,98,A-66,A,True,320.73162643516775
2023002176,Estacion Autobuses,43.352417,-5.126055,Picos De Europa S/N,Cangas de Onís,Asturias,33550,3,50.0,558,N-625,N,False,453.2454791224273
2023002177,Las Palmeras,43.484043,-5.269754,Las Palmeras 1,Colunga,Asturias,33320,1,7.4,157,A-8,A,True,306.2735892675055
2023002178,Galp - La Fresneda,43.41575,-5.797037,Las Cabañas (Estación De Servicio Galp) S/N,Siero,Asturias,33420,3,50.0,95,A-66,A,True,306.39768740413695
2023002179,Severo Ochoa,43.443798,-5.817183,Severo Ochoa 13,Llanera,Asturias,33690,1,7.4,95,A-66,A,True,1676.3443197018341
2023002181,Regino Escalera,43.393642,-5.706535,Regino Escalera 1,Noreña,Asturias,33180,1,7.4,579,N-634,N,False,919.8889198665204
2023002182,Peña Ten,43.42694,-5.816209,Peña Redonda (Polígono De Silvota) S/N,Llanera,Asturias,33192,1,7.4,95,A-66,A,True,1091.4891025519378
2023002184,Asturias,43.387463,-6.072723,Asturias 1,Colunga,Asturias,33820,1,7.4,580,N-634,N,False,83.22599077730843
2023002185,Campus,43.24114,-5.776,Gonzalo Gutiérrez (Campus De Mieres) S/N,Mieres,Asturias,33600,5,50.0,98,A-66,A,True,292.2084500321884
2023002186,ES San Pelayo,43.393627,-6.063614,Ctra. San Pelayo (Estación Repsol) 9,Colunga,Asturias,33820,3,50.0,580,N-634,N,False,37.39469182958261
2023002188,Río de Oro,43.526997,-5.663943,Río De Oro 39,Gijón,Asturias,33209,1,22.0,1279,N-641,N,True,1010.418953739036
2023002190,Canga Argüelles,43.538513,-5.65089,Canga Argüelles 12,Gijón,Asturias,33202,1,22.0,158,A-8,A,True,1937.5633392309921
2023002191,Parque Cient. y Tecn.,43.523396,-5.612221,Luis Álvarez Moya,Gijón,Asturias,33203,1,22.0,158,A-8,A,True,1093.2886647533574
2023002192,El Molinón,43.535515,-5.639653,Torcuato Fernández Miranda 15,Gijón,Asturias,33203,1,22.0,158,A-8,A,True,1457.2686752254685
2023002193,Minas,43.364906,-5.854874,Independencia (Escuela De Minas) 18,Oviedo,Asturias,33004,1,22.0,1218,N-630,N,False,989.6788429453896
2023002194,Parking Pza. de la Gesta,43.357746,-5.852724,Plaza De La Gesta S/N,Oviedo,Asturias,33007,3,7.4,1218,N-630,N,False,293.0266363048075
2023002195,Parque Tecnológico de Asturias,43.42242,-5.826525,Parque Tecnológico,Llanera,Asturias,33428,1,7.4,95,A-66,A,True,1922.1203738702304
2023002198,Avia - Bergara,43.107967,-2.406641,Urteaga Kalea,Bergara,Gipuzkoa,20570,3,50.0,837,AP-1,AP,True,1970.8769594524906
2023002199,Vidanova Parc - Norte,39.67416,-0.26344,Avda. De Les Moreres,Petrés,Valencia/València,46500,8,22.0,386,N-340,N,False,1306.0567656611665
2023002202,Ayto. Salas,43.409027,-6.261033,Av. Chamberí 3,Salas,Asturias,33860,1,7.4,591,N-634A,N,False,425.7987817465956
2023002205,Hotel Villa de Ferias,41.30156,-4.908572,Av. Del V Centenario De Isabel La Católica 5,Medina del Campo,Valladolid,47400,3,50.0,66,A-6,A,True,684.7916149295585
2023002206,APK2 Jovellanos,43.539375,-5.663333,Plaza Del Seis De Agosto,Gijón,Asturias,33206,3,7.4,1279,N-641,N,True,1598.0989332425645
2023002207,Figueras,43.53812,-7.02338,Av. De Gondán 1A,Castropol,Asturias,33794,1,7.4,822,A-8,A,True,572.7292743117404
2023002208,Castropol - Muelle,43.52705,-7.03194,Paseo Del Muelle 13,Castropol,Asturias,33760,1,7.4,1269,N-640,N,False,445.815511688533
2023002211,Ayto. - Nubledo,43.52621,-5.874065,Nubledo 77,Avilés,Asturias,33470,1,7.4,817,A-8,A,True,479.2401854834778
2023002212,Polideportivo,43.535706,-5.887679,María Josefa Canellada 3,Avilés,Asturias,33404,1,7.4,817,A-8,A,True,1044.8610153412892
2023002213,Piscinas - Las Vegas,43.535587,-5.8989,Rubén Darío 113,Avilés,Asturias,33404,1,7.4,817,A-8,A,True,1473.4016726916116
2023002214,S.José - Cancienes,43.511116,-5.868531,Ctra. As-17 1,Avilés,Asturias,33470,1,7.4,817,A-8,A,True,1974.000452410008
2023002215,Hospitalillo,43.553585,-5.884459,As-19 41,Avilés,Asturias,33460,1,7.4,1256,N-632,N,False,1276.4674983778211
2023002216,ES Garrido Feito,43.57101,-5.959551,Av. El Campón 16,Castrillón,Asturias,33405,3,50.0,1256,N-632,N,False,785.114848967363
2023002218,Solares rápido,43.383156,-3.738137,Plaza Del Ayuntamiento 1A,Medio Cudeyo,Cantabria,39710,3,50.0,153,A-8,A,True,554.5857150652454
2023002219,Calvo Sotelo,43.386456,-3.732087,Plaza José Antonio 1,Medio Cudeyo,Cantabria,39710,1,7.4,152,A-8,A,True,239.53203897525896
2023002220,ES Villaviciosa,43.488945,-5.444836,Ctra Nacional 632 Km 43,Villaviciosa,Asturias,33315,3,50.0,1255,N-632,N,False,49.40248366777255
2023002223,Salesas,43.36691,-5.849328,Calle Nueve De Mayo 2,Oviedo,Asturias,33002,3,7.4,1218,N-630,N,False,1308.8778923401637
2023002225,"La Cámara, 42",43.55905,-5.925112,La Cámara 42,Avilés,Asturias,33401,1,15.0,1259,N-632A,N,False,249.79474147868723
2023002226,Parque Principado,43.390594,-5.802863,"Autovía A-66, Km. 4,5 Acceso Santander",Siero,Asturias,33429,4,14.4,96,A-66,A,True,228.56145579344494
2023002227,"Esther Carreño, 1",43.556458,-5.927679,Esther Carreño 1,Avilés,Asturias,33401,1,15.0,1258,N-632A,N,True,570.6956326272912
2023002228,"José cueto, 20",43.557877,-5.928163,José Cueto 20,Avilés,Asturias,33401,1,15.0,1259,N-632A,N,False,528.7079207787064
2023002229,"Dr. Jiménez Díaz, 2",43.553375,-5.928514,Doctor Jiménez Díaz 2,Avilés,Asturias,33402,1,15.0,1256,N-632,N,False,766.249046101275
2023002230,"Del Marqués, 9",43.552193,-5.921033,Del Marqués 9,Avilés,Asturias,33402,1,15.0,1258,N-632A,N,True,304.68317973965753
2023002231,"Hermanos Espolita, 2",43.550434,-5.927392,Hermanos Espolita 2,Avilés,Asturias,33402,1,15.0,1256,N-632,N,False,560.986935061528
2023002232,"Reconquista, 25",43.54677,-5.915831,Reconquista 25,Avilés,Asturias,33402,1,15.0,563,N-633,N,False,186.16183880299357
2023002233,"La Toba, 12",43.54479,-5.899843,La Toba 12,Avilés,Asturias,33460,1,15.0,1256,N-632,N,False,644.4823363187835
2023002234,"Pza. Hispanidad, 5",43.537415,-5.904652,Plaza De La Hispanidad 5,Avilés,Asturias,33403,1,15.0,1256,N-632,N,False,1165.83373321231
2023002235,"Narváez, 3",43.54085,-5.908474,Narváez 3,Avilés,Asturias,33403,1,15.0,1256,N-632,N,False,674.7079242623404
2023002237,"Pelayo, 22",43.547783,-5.919794,Pelayo 22,Avilés,Asturias,33402,1,15.0,1256,N-632,N,False,397.86280209876526
2023002240,El Pindal 2,43.374928,-4.500594,Cruce De Pechón 5,Herrerías,Cantabria,39594,3,50.0,574,N-634,N,False,34.47946036999218
2023002241,Hotel Casa Junco,43.380356,-4.554662,"N-634, El Peral  S/N",Ribadedeva,Asturias,33590,1,7.4,575,N-634,N,False,51.93472251482336
2023002242,E.S. Palazuelo,42.155724,-5.6415,"Salida 194 A-66, Ctra. León 412","Antigua, La",León,24796,3,50.0,101,A-66,A,True,423.1949655295756
2023002243,Parking Pza. España,43.55549,-5.921123,Calle Ruiz Gómez,Avilés,Asturias,33402,2,7.4,1258,N-632A,N,True,168.546260101132
2023002244,Parking Asturias,43.36481,-5.846477,Calle Foncalada 14,Oviedo,Asturias,33002,3,7.4,1218,N-630,N,False,1218.5994791403273
2023002245,Parking del Par,37.6025,-0.98878,Calle Real 34,Cartagena,Murcia,30201,2,7.4,723,A-30,A,True,1568.534514905621
2023002246,Hospital de Jove,43.55,-5.701311,Avda. De Eduardo Castro 161,Gijón,Asturias,33290,2,22.0,1278,N-641,N,True,857.0807465649934
2023002249,WAY 2 Hermanas - exterior,37.287025,-5.937943,Av. Ing. José Luis Prats 3,Dos Hermanas,Sevilla,41703,13,50.0,627,N-4,N,False,1342.0785982575562
2023002251,APK2 Magdalena,37.390533,-5.997376,San Pablo 1,Sevilla,Sevilla,41001,2,7.4,1245,N-630,N,False,1482.111580725905
2023002253,APK2 Arjona,37.391666,-6.004255,Arjona S/N,Sevilla,Sevilla,41001,2,7.4,1245,N-630,N,False,906.7662699655377
2023002254,APK2 El Molino,36.509747,-4.893553,Ramón Gómez De La Serna 2,Marbella,Málaga,29602,2,7.4,0,A-7S,A,True,898.1886148239157
2023002260,WAY Dos hermanas,37.28673,-5.938603,Av. Ing. José Luis Prats 3,Dos Hermanas,Sevilla,41703,49,7.4,627,N-4,N,False,1317.916316474492
2023002263,APK2 Longoria Carvajal,43.364346,-5.848584,Plaza Longoria Carbajal,Oviedo,Asturias,33002,2,7.4,1218,N-630,N,False,1080.5329790911503
2023002269,APK2 Oblatas,40.95264,-4.123,Dr. Velasco 26,Segovia,Segovia,40003,2,7.4,181,N-110,N,False,1655.4947192604934
2023002270,APK2 Universidad,37.98827,-1.126587,Plaza Universidad 1,Murcia,Murcia,30001,2,7.4,723,A-30,A,True,1337.9561969434892
2023002271,APK2 Primo de Rivera,39.471996,-6.377461,Primo De Rivera 9,Cáceres,Cáceres,10001,2,7.4,486,N-521,N,False,38.200612225752316
2023002274,Avda Marina Alta,38.82633,0.02096,Avda Marina Alta 21,Ondara,Alicante/Alacant,3760,1,22.0,370,N-332,N,False,652.1946039082566
2023002277,APK2 Carlet,38.34227,-0.494975,Carlet 2,Alicante/Alacant,Alicante/Alacant,3007,2,7.4,730,A-31,A,True,1121.675023033142
2023002281,APK2 Mercado de Abastos,42.43426,-8.643634,Rúa Serra 5,Pontevedra,Pontevedra,36002,2,7.4,511,N-550,N,False,441.5259539669034
2023002286,APK2 Hospital General Valencia,39.46718,-0.409922,C/ Casa Misericordia 3,Xirivella,Valencia/València,46014,2,7.4,53,A-3,A,False,700.9503270601558
2023002287,APK2 Calpe - Alicante,38.64342,0.045641,Plaza Mayor S/N,Calp,Alicante/Alacant,3710,2,7.4,367,N-332,N,False,925.7138661054746
2023002294,APK2 Aparcamiento la Paz,42.464558,-2.446848,Plaza De La Paz 13,Logroño,"Rioja, La",26001,2,7.4,195,N-111,N,False,1414.3335639400896
2023002295,APK2 Maiquez,40.41758,-3.672822,C/ Máiquez  21,Madrid,Madrid,28009,2,7.4,45,A-3,A,False,1758.8408766806733
2023002296,APK2 Arias Maldonado,36.508644,-4.893,Avenida Arias Maldonado S/N,Marbella,Málaga,29602,2,7.4,0,A-7S,A,True,1030.2252709650008
2023002297,APK2 Calvario,36.51255,-4.89193,Avenida Huerta Belón 7,Marbella,Málaga,29601,2,7.4,0,A-7S,A,True,667.0389918470693
2023002298,APK2 Biteri,43.066063,-2.487854,Biteri Plaza 3,Arrasate/Mondragón,Gipuzkoa,20500,2,7.4,837,AP-1,AP,True,856.3750518565768
2023002299,APK2 Laubide,43.064278,-2.489868,Maalako Errabala Aldea  33,Arrasate/Mondragón,Gipuzkoa,20500,2,7.4,837,AP-1,AP,True,785.8769753481287
2023002301,APK2 El Sembrador,38.996376,-1.852448,Plaza Del Sembrador C/ Alcalde Conangla S/N,Albacete,Albacete,2001,2,7.4,726,A-31,A,True,813.6925429500491
2023002303,APK2 Avda. de España,38.983826,-1.853826,Avda. De España S/N,Albacete,Albacete,2002,2,7.4,726,A-31,A,True,1677.646940909722
2023002304,APK2 Feria,38.99696,-1.86342,Calle Feria S/N,Albacete,Albacete,2005,2,7.4,726,A-31,A,True,1581.4591243784007
2023002305,APK2 Santoña,37.989735,-1.122272,Avenida De Antoñete Gálvez S/N,Murcia,Murcia,30006,2,7.4,723,A-30,A,True,1742.2769019722984
2023002306,APK2 Vistalegre,37.97608,-0.683925,Paseo Vistalegre 1,Torrevieja,Alicante/Alacant,3181,2,7.4,1048,N-332,N,False,892.4990648128752
2023002307,APK2 Pedro Cornell (Almazora),39.945496,-0.063703,Plaza Pere Cornell S/N,Almassora,Castellón/Castelló,12550,2,7.4,1088,N-340A,N,False,1596.8750134526415
2023002309,APK2 Rambla II,36.838665,-2.459779,Av. Federico García Lorca 52,Almería,Almería,4005,2,7.4,1077,N-340A,N,True,1732.0266517136354
2023002310,APK2 Marqués de Duero,36.48439,-4.989212,Avenida Marqués Del Duero  S/N,Marbella,Málaga,29670,2,7.4,2,A-7S,A,False,216.5480281048147
2023002311,APK2 Parking Plaza Europa,43.538586,-5.663752,Plaza De Europa S/N,Gijón,Asturias,33205,2,7.4,1279,N-641,N,True,1509.9728020404978
2023002313,APK2 Hospital General Castellón,40.002678,-0.040345,C/ Covadonga 30,Castelló de la Plana,Castellón/Castelló,12004,2,7.4,881,AP-7N,AP,True,1212.0515929524463
2023002318,APK2 Serrallo - Tarragona,41.11035,1.244725,Moll De La Costa,Tarragona,Tarragona,43004,2,7.4,1114,N-420,N,False,885.5601494878152
2023002322,Dolores,38.128506,-0.759072,Carretera De San Fulgencio,Dolores,Alicante/Alacant,3150,5,50.0,887,AP-7N,AP,False,1850.775662591635
2023002323,La Laboral,43.524548,-5.613159,Luis Moya Blanco 1,Gijón,Asturias,33203,3,50.0,158,A-8,A,True,1203.2886483696877
2023002324,E.S. Sudel,40.449837,-3.799035,Leopoldo Calvo-Sotelo Bustelo 17,Pozuelo de Alarcón,Madrid,28224,3,50.0,63,A-6,A,True,1714.6134959300414
2023002325,AhorraMas Azuqueca de Henares,40.56365,-3.26913,Av. De Alcalá 24,Azuqueca de Henares,Guadalajara,19200,2,7.4,685,A-2,A,True,1032.8020028729468
2023002326,AhorraMas Cuenca Becerril,40.059708,-2.129118,Hermanos Becerril 33,Cuenca,Cuenca,16004,2,22.0,758,A-40,A,False,1742.4382603612025
2023002329,AhorraMas Cuatrovientos,40.373756,-3.773851,Calle Danza 4,Madrid,Madrid,28054,4,22.0,61,A-5R,A,False,1497.4749722950319
2023002333,Fuero de Avilés,43.55305,-5.932219,Fuero De Avilés 6,Avilés,Asturias,33401,3,50.0,1256,N-632,N,False,598.8611487392894
2023002334,Ahorramás Torrejón Constitución 144,40.4597,-3.460362,Av. De La Constitución 144,Torrejón de Ardoz,Madrid,28850,4,22.0,685,A-2,A,True,780.9700889799896
2023002336,AhorraMas Villarejo de Salvanés,40.16949,-3.279598,Samuel Baltés 43,Perales de Tajuña,Madrid,28590,3,22.0,47,A-3,A,True,479.5607525189166
2023002337,AhorraMas Las Rozas,40.535812,-3.896747,Av. De Atenas 1,"Rozas de Madrid, Las",Madrid,28290,2,22.0,64,A-6,A,True,589.3227357032672
2023002338,AhorraMas Torrejón Constitución 106,40.45826,-3.467087,Av. De La Constitución 106,Torrejón de Ardoz,Madrid,28850,2,22.0,685,A-2,A,True,969.0929688730814
2023002342,AhorraMas Jose Saramago,40.353397,-3.537552,José Saramago 1,Rivas-Vaciamadrid,Madrid,28522,2,22.0,46,A-3,A,True,930.3166341323828
2023002343,Ahoramás Alcalá de Henares,40.510998,-3.367437,Av. Gustavo Adolfo Bécquer,Alcalá de Henares,Madrid,28806,2,7.4,685,A-2,A,True,717.2644219546262
2023002348,AhorraMas Usera,40.38802,-3.701939,C. De Amparo Usera 18,Madrid,Madrid,28026,2,22.0,761,A-42,A,False,1144.771662046011
2023002350,AhorraMas Valdemoro - Rosalía,40.1944,-3.690082,C. Rosalia De Castro 1,Valdemoro,Madrid,28342,2,22.0,741,A-4,A,True,1200.3285259576303
2023002352,AhorraMas C. de Santiago,40.50802,-3.671316,Camino De Santiago 58,Madrid,Madrid,28050,2,22.0,14,A-1,A,False,1114.093460821541
2023002353,AhorraMas C. Antracita,40.39054,-3.689447,Calle De La Antracita 12,Madrid,Madrid,28045,4,7.4,740,A-4,A,False,801.5754052013739
2023002354,AhorraMas C. Doctor Sanchez Morate,40.316658,-3.72185,C. Pensamiento 177,Getafe,Madrid,28903,2,7.4,761,A-42,A,False,985.7626215272701
2023002355,AhorraMas Av. Ramón y Cajal,40.08609,-3.870298,Av. Ramón Y Cajal 1,Yuncos,Toledo,45210,4,22.0,761,A-42,A,False,846.1468331116575
2023002356,AhorraMas C. Vallehermoso,39.59099,-3.046712,"C. Vallehermoso, Quintanar De La Orden 6",Quintanar de la Orden,Toledo,45800,2,22.0,322,N-301,N,False,1027.821946354004
2023002358,AhorraMas Av. de Madrid,40.30477,-3.45711,Av. De Madrid 11,Arganda del Rey,Madrid,28500,3,22.0,46,A-3,A,True,1278.417446777894
2023002360,AhorraMas Mari Pepa Colomer,40.3032,-3.75037,Mari Pepa Colomer 1,Getafe,Madrid,28905,2,22.0,761,A-42,A,False,940.6744779605602
2023002361,AhorraMas Av. del Juncal,40.54066,-3.625342,Av. Del Juncal 1,San Sebastián de los Reyes,Madrid,28703,5,22.0,15,A-1,A,True,1022.6712111923073
2023002363,AhorraMas Arroyomolinos,40.303368,-3.905018,Calle Fresadores 7,Arroyomolinos,Madrid,28939,4,22.0,785,A-5,A,True,270.03961597490337
2023002364,AhorraMas Paseo de las Artes,40.25824,-3.694057,"P.º De Las Artes, Pinto 19",Pinto,Madrid,28320,4,22.0,741,A-4,A,True,316.41387114262045
2023002365,AhorraMas C. Fútbol Sala,40.242023,-3.693443,Calle Fútbol Sala 2,Pinto,Madrid,28320,4,22.0,741,A-4,A,True,302.2851346183865
2023002367,AhorraMas Los Robles,40.340496,-3.83731,Los Robles 3,Alcorcón,Madrid,28922,2,7.4,784,A-5,A,True,1474.945877701205
2023002368,Prendes Pando,43.537815,-5.666385,Decano Prendes Pando 2,Gijón,Asturias,33207,1,7.4,1279,N-641,N,True,1298.7070628051447
2023002369,Hotel Montemar,43.422073,-4.756316,José Enrique Rozas Guijarro 8,Llanes,Asturias,33500,2,7.4,157,A-8,A,True,1804.6785986348843
2023002370,Simón Bolivar,43.536892,-5.700107,Simón Bolivar 5,Gijón,Asturias,33213,1,7.4,1278,N-641,N,True,661.42697910742
2023002371,Manuel Llaneza,43.535465,-5.664051,Manuel Llaneza 42,Gijón,Asturias,33208,1,7.4,1279,N-641,N,True,1254.8351480567028
2023002372,Cienfuegos,43.535213,-5.654672,Cienfuegos 47,Gijón,Asturias,33205,1,7.4,158,A-8,A,True,1657.62397650624
2023002373,Hotel Regente,43.363907,-5.842964,Jovellanos 31,Oviedo,Asturias,33003,1,7.4,1218,N-630,N,False,1339.4575790682254
2023002374,AhorraMas Pinto - Alpujarras,40.242023,-3.693443,Alpujarras 7,Pinto,Madrid,28320,2,22.0,741,A-4,A,True,302.2851346183865
2023002375,AhorraMas Ocaña,39.95763,-3.496912,Av. De José Antonio 13,Ocaña,Toledo,45300,2,22.0,742,A-4,A,True,1028.459910325041
2023002376,AhorraMas Quintanapalla,40.498417,-3.666829,Quintanapalla 3,Madrid,Madrid,28050,5,22.0,14,A-1,A,False,921.7142822222323
2023002379,AhorraMas San Agustín,40.675907,-3.615757,Calle De La Abubilla 4,Colmenar Viejo,Madrid,28750,2,7.4,16,A-1,A,True,382.4633098266494
2023002380,AhorraMas Glaser,40.317406,-3.742898,Glaser 4,Getafe,Madrid,28907,5,22.0,761,A-42,A,False,552.9887798195665
2023002381,AhorraMas Corral,39.755085,-3.16098,Calle Desaguadero S/N,Corral de Almaguer,Toledo,45880,2,7.4,322,N-301,N,False,231.12678124822224
2023002382,AhorraMas Los Yébenes,39.58151,-3.861525,C. Fernández De Los Ríos 39,"Yébenes, Los",Toledo,45470,2,22.0,421,N-401,N,False,823.2574636950486
2023002384,KIA Deltaprat,41.32753,2.087361,Cerdanya 46,"Prat de Llobregat, El",Barcelona,8820,1,25.0,701,A-2,A,True,1928.2811630857989
2023002385,María Josefa Canellada,43.535686,-5.887208,María Josefa Canellada 6,Avilés,Asturias,33404,1,7.4,817,A-8,A,True,1015.1716811463582
2023002386,Ahorrmás Emilio Muñoz,40.431473,-3.629739,Emilio Muñoz 15 Bis,Madrid,Madrid,28037,2,7.4,684,A-2,A,False,1964.6723876457947
2023002387,AhorraMAS Grañón,40.506817,-3.675794,Grañón 22,Madrid,Madrid,28050,4,22.0,14,A-1,A,False,1497.9849478026836
2023002389,Hospital Universitario,40.962757,-5.675746,Paseo De La Transición Española S/N,Salamanca,Salamanca,37007,14,22.0,1229,N-630,N,False,568.1222222956682
2023002390,AhorraMAS Silvano,40.462944,-3.629878,Silvano 131,Madrid,Madrid,28043,2,7.4,684,A-2,A,False,1504.8646571487345
2023002391,AhorraMAS Alcorcón Avda. del Pinar,40.344852,-3.808224,Avenida Del Pinar 2,Alcorcón,Madrid,28924,2,7.4,784,A-5,A,True,1641.0217956200554
2023002393,AhorraMAS Guadarrama,40.671803,-4.090616,Del Potro 5,Guadarrama,Madrid,28440,2,22.0,527,N-6,N,False,545.9890657922376
2023002395,AhorraMas Alcorcón Retamas,40.338333,-3.826138,Av. Las Retamas 80,Alcorcón,Madrid,28922,2,22.0,784,A-5,A,True,1745.1559588908005
2023002396,AhorraMas Sonseca,39.681026,-3.972045,Av. De Europa -,Sonseca,Toledo,45100,4,22.0,425,N-401A,N,False,843.2258106849125
2023002397,AhorraMas Getafe - Arces,40.32233,-3.71721,Sevilla 5,Getafe,Madrid,28903,2,22.0,761,A-42,A,False,967.1848365860357
2023002399,AhorraMas Eduardo Barreiros,40.354584,-3.705993,Eduardo Barreiros 120,Madrid,Madrid,28041,7,50.0,761,A-42,A,False,1368.5696716073483
2023002400,AhorraMas San Sebastián de los Reyes Tenerife,40.56044,-3.618583,Av. De Tenerife 22,San Sebastián de los Reyes,Madrid,28703,4,22.0,232,N-1A,N,False,866.4231726360381
2023002402,AhorraMas C.Zaragoza,40.63861,-3.150551,Calle Zaragoza 62,Guadalajara,Guadalajara,19005,4,22.0,685,A-2,A,True,651.7539098873124
2023002404,AhorraMas Santa Eugenia,40.386528,-3.609204,Santa Eugenia 2,Madrid,Madrid,28031,2,22.0,46,A-3,A,True,117.83634749220704
2023002407,AhorraMas Ciudad Real,38.973103,-3.938661,C. Alonso De Estrada 1,Ciudad Real,Ciudad Real,13005,2,22.0,1117,N-420A,N,False,145.01616832363055
2023002409,AhorraMas Valdemoro - Herencia,40.190964,-3.68336,C. De Herencia 25,Valdemoro,Madrid,28342,2,22.0,741,A-4,A,True,826.2274919856835
2023002411,AhorraMas Alovera,40.593533,-3.251841,Avenida De América 2,Alovera,Guadalajara,19208,2,22.0,685,A-2,A,True,1972.5617429242286
2023002412,AhorraMas Vinateros,40.410435,-3.655204,C. Del Camino De Los Vinateros 40,Madrid,Madrid,28030,2,22.0,45,A-3,A,False,551.2682953335682
2023002413,AhorraMas Grecia,40.458637,-3.447625,C. Grecia 3,Torrejón de Ardoz,Madrid,28850,2,22.0,685,A-2,A,True,917.4394714794541
2023002414,AhorraMas Guadalajara Méjico,40.629383,-3.1877,Calle Mejico  4,Guadalajara,Guadalajara,19004,4,22.0,685,A-2,A,True,324.50702025324154
2023002415,AhorraMas Alcobendas,40.547504,-3.650044,Calle Calderon De La Barca,Alcobendas,Madrid,28100,4,22.0,15,A-1,A,True,1877.3531109607316
2023002416,AhorraMas Collad.-Villalb. - G. G. Marquez,40.62364,-4.01256,C. Gabriel García Márquez 8,Collado Villalba,Madrid,28400,2,22.0,854,AP-6,AP,True,1323.7032173929965
2023002417,AhorraMas Jesús del Perdón,38.999237,-3.374528,Jesús Del Perdón 40,Manzanares,Ciudad Real,13200,2,7.4,745,A-4,A,True,1041.3937468591773
2023002418,AhorraMas Alcalde Móstoles,40.335266,-3.860633,Av. Del Alcalde De Móstoles 12,Móstoles,Madrid,28933,2,22.0,785,A-5,A,True,912.223691395627
2023002422,AhorraMas Navalcarnero,40.291122,-4.00529,Ronda De San Juan 80,Navalcarnero,Madrid,28600,3,22.0,785,A-5,A,True,847.1632442943677
2023002425,AhorraMas Aritio,40.637863,-3.187181,C. De Francisco Aritio 105,Guadalajara,Guadalajara,19004,2,22.0,685,A-2,A,True,1206.8614186043765
2023002432,AhorraMas Aurelio Alvarez,40.34242,-3.521858,Av. Aurelio Álvarez 7,Rivas-Vaciamadrid,Madrid,28521,4,22.0,46,A-3,A,True,1192.8079805146021
2023002434,AhorraMas Viñas,39.46448,-3.532954,Las Viñas 7,Borox,Toledo,45710,4,22.0,743,A-4,A,True,1184.7132138490706
2023002435,AhorraMas Collad.-Villalb. - S. Fernando,40.627007,-4.005447,San Fernando 8,Collado Villalba,Madrid,28400,2,22.0,64,A-6,A,True,665.9980808803165
2023002436,Centro de Salud Las Vegas,43.53684,-5.893699,Donantes De Sangre S/N,Avilés,Asturias,33404,2,22.0,817,A-8,A,True,1495.9386615716162
2023002437,KIA Granada,37.197582,-3.641808,"Pol. Ind. Fatinafar, Av. De Andalucía S/N",Benalúa,Granada,18015,2,50.0,1156,N-432,N,False,663.040213600594
2023002440,Ahorramás C. Gaviota,40.388664,-3.734658,Calle De La Gaviota 6,Madrid,Madrid,28025,2,22.0,761,A-42,A,False,1497.7754057574957
2023002442,Kia Alcobendas,40.530724,-3.650931,Fransico Gervás 1,Alcobendas,Madrid,28108,2,22.0,15,A-1,A,True,437.41844385965055
2023002444,Ahorramás Cañada de Alfares,39.962723,-4.82912,Cañada De Alfares 8,Oropesa,Toledo,45600,2,22.0,478,N-502A,N,False,452.4751909682837
2023002446,Restaurante Casa Marino,37.218796,-3.696785,Av. De La Estación,Atarfe,Granada,18230,2,100.0,1155,N-432,N,False,26.395702372685783
2023002447,E.Leclerc Majadahonda,40.4743,-3.849032,Carretera De El Plantío,Majadahonda,Madrid,28221,6,50.0,63,A-6,A,True,549.768961982766
2023002448,Centro Comercial El Mirador de Cuenca,40.054325,-2.121534,"Av Del Mediterráneo, S/N",Cuenca,Cuenca,16004,26,120.0,332,N-320,N,False,1854.4473728653281
2023002693,Hermanos García Noblejas 43 - Oficinas,40.431053,-3.6326652,Calle Hermanos García Noblejas 43,Madrid,Madrid,28037,8,7.0,684,A-2,A,False,1965.8589683493708
2023002695,C.C. Portal La Marina Ondara,38.817425,0.0200943,Castells De Castells 2,Ondara,Alicante/Alacant,3760,8,100.0,884,AP-7N,AP,True,202.07712586010007
2023002697,Albir Colonial - Finestrat,38.537148,-0.1784732,"Avinguda País Valencià, 13 - B",Finestrat,Alicante/Alacant,3509,8,100.0,364,N-332,N,False,320.05272669624406
2023002701,SM Consum - Piles 277,38.944252,-0.1342492,"Camí Miramar, 7",Piles,Valencia/València,46712,4,120.0,370,N-332,N,False,1356.129361662693
2023002703,SM Consum - Daimus 653,38.971004,-0.1539121,"Del Assagador, 11",Daimús,Valencia/València,46710,3,120.0,1052,N-337,N,False,863.0231941446664
2023002706,SM Consum - Manises 149,39.496437,-0.4646875,"Juan Xxiii, 11",Manises,Valencia/València,46940,3,120.0,245,N-220,N,False,415.68318895573066
2023002707,SM Consum 667 - Alcantara de Xuquer,39.06725,-0.558851,"Avenida Ribera Alta, 67",Alcàntera de Xúquer,Valencia/València,46293,3,120.0,129,A-7,A,True,1416.5627366486297
2023002711,SM Consum - Paterna Santa Rita 15,39.507084,-0.4523188,"1, Carrer Del Nou D'octubre",Paterna,Valencia/València,46980,3,120.0,245,N-220,N,False,676.0223527306426
2023002714,SM Consum - Alcasser 493,39.36622,-0.4392179,"Avenida Antiguo Reino De Valencia, 6",Alcàsser,Valencia/València,46290,3,120.0,128,A-7,A,True,722.395224498672
2023002715,SM Consum - Paterna La Cañada 543,39.5312,-0.4735454,"Calle 29, 113",Paterna,Valencia/València,46182,5,120.0,127,A-7,A,True,710.570576756332
2023002720,SM Consum - Heroes de la Cabeza 50,39.462402,-0.3995867,"Calle Virgen De La Cabeza, 63",Xirivella,Valencia/València,46014,3,120.0,53,A-3,A,False,1727.1818216214622
2023002723,SM Consum - Miramar 658,38.951046,-0.1441463,"Del Progress, 16",Guardamar de la Safor,Valencia/València,46711,3,120.0,370,N-332,N,False,1400.8674358886342
2023002728,SM Consum - Picassent San Jose 24,39.366016,-0.4606862,Avinguda De Cristofol Aguado I Medina,Alcàsser,Valencia/València,46220,2,30.0,128,A-7,A,True,724.7462962719244
2023002730,SM Consum - Almussafes R. Cajal 62,39.294865,-0.4154916,"Ramon Y Cajal, 37",Almussafes,Valencia/València,46440,2,30.0,884,AP-7N,AP,True,1098.365723336713
2023002731,SM Consum - Avenida De La Musica 23,39.466335,-0.4583169,"Avenida De Las Comedias, 1",Aldaia,Valencia/València,46960,2,30.0,53,A-3,A,False,1582.8892889564552
2023002733,SM Consum - Av. d'Antoni Almela,38.74516,-0.4396248,Avenida De Antonio Ramos Carratalá,Cocentaina,Alicante/Alacant,3820,2,30.0,382,N-340,N,False,617.3773501471794
2023002739,SM Consum - San Joan Av. Muchamiel 141,38.407974,-0.4395056,"Avenida Muchamiel, 16",Alicante/Alacant,Alicante/Alacant,3550,4,30.0,138,A-70,A,True,55.42611128957839
2023002740,Concesionario BMW Figueres,42.26992,2.97686,"35, Carrer De Vilatenim",Figueres,Girona,17600,4,50.0,297,N-260,N,False,610.267845876338
2023002741,Concesionario BMW Salt,41.96904,2.7794497,Lingen 9,Salt,Girona,17190,4,50.0,872,AP-7N,AP,True,79.17956182191709
2023002742,GOmotor Reus,41.132957,1.1816158,"Avinguda Dels Mercaders, 2",Reus,Tarragona,43204,4,50.0,878,AP-7N,AP,True,405.39718162167355
2023002745,SM Consum - Cs. Paseo Morella 46,39.989273,-0.0502394,Paseo Morella 33,Castelló de la Plana,Castellón/Castelló,12006,1,7.0,881,AP-7N,AP,True,1903.8044192613468
2023002751,SM Consum - Centro logístico Finestrat,38.5383,-0.1819151,Cl Alacant 29,Finestrat,Alicante/Alacant,3509,3,60.0,884,AP-7N,AP,True,141.41503169197404
2023002756,¡¡ PROXIMAMENTE !! - Hotel Miracielos,43.43462,-4.824839,"Playa De Miracielos - Barro, 33595 Llanes",Llanes,Asturias,33595,2,7.0,157,A-8,A,True,753.7109997531446
2023002757,¡¡ PROXIMAMENTE !! - Tanatorio Cangas de Onís,43.349968,-5.1134057,"Mercado De Ganados, Pozu Los Llobos, S/N",Cangas de Onís,Asturias,33559,1,7.0,558,N-625,N,False,1405.4622474816322
2023002758,Edificio Polaris,40.488228,-3.6700158,Avenida Manoteras 12,Madrid,Madrid,28050,8,7.0,14,A-1,A,False,1983.5913355782277
2023002759,SM Consum 1098 - El Verger,38.851574,0.005802,"Carrer Jose Edmundo Casañ, 1-1","Poblets, els",Alicante/Alacant,3779,4,22.0,370,N-332,N,False,871.8303390577738
2023002760,SM Consum 1112 - Alginet Major,39.26068,-0.4709115,Calle Gomez Ferrer,Alginet,Valencia/València,46230,2,22.0,129,A-7,A,True,702.6546978410527
2023002761,SM Consum 1119 - Avda. Cortes Valencianas,37.99416,-0.6735261,"Avda. Cortes Valencianas, 82",Torrevieja,Alicante/Alacant,3183,4,22.0,1048,N-332,N,False,810.044007626594
2023002764,Parking ARU Alfares,39.963467,-4.8307586,"C. Alfares, 26",Oropesa,Toledo,45600,13,4.0,478,N-502A,N,False,608.5566424122229
2023004052,Estación de Autobuses de Elche,38.272495,-0.690417,"Cami De La Bassa Dels Moros,7",Elche/Elx,Alicante/Alacant,3202,4,120.0,1071,N-340,N,False,524.0965843855281
2023004055,Centro Porsche Madrid Punto de carga 6,40.4903,-3.6735,Avenida De Burgos 87,Madrid,Madrid,28050,1,350.0,14,A-1,A,False,1962.7291326814002
2023004056,Centro Porsche Madrid Punto de carga 5,40.4903,-3.6735,Avenida De Burgos 87,Madrid,Madrid,28050,1,350.0,14,A-1,A,False,1962.7291326814002
2023004057,Centro Porsche Madrid Punto de carga 4,40.4903,-3.6735,Avenida De Burgos 87,Madrid,Madrid,28050,1,350.0,14,A-1,A,False,1962.7291326814002
2023004058,Centro Porsche Madrid Punto de carga 2,40.4903,-3.6735,Avenida De Burgos 87,Madrid,Madrid,28050,1,350.0,14,A-1,A,False,1962.7291326814002
2023004059,Centro Porsche Madrid Punto de carga 3,40.4904,-3.67309,Avenida De Burgos 87,Madrid,Madrid,28050,1,350.0,14,A-1,A,False,1931.9312043228501
2023004060,Centro Porsche Madrid Punto de carga 1,40.4904,-3.67313,Avenida De Burgos 87,Madrid,Madrid,28050,1,350.0,14,A-1,A,False,1934.093465959153
2023004063,Centro Porsche Sevilla CP2,37.4206,-6.03036,Calle Ruta De La Plata 3,Camas,Sevilla,41900,1,350.0,112,A-66,A,True,97.48878887062308
2023004064,Centro Porsche Sevilla CP1,37.4206,-6.03036,Calle Ruta De La Plata 3,Camas,Sevilla,41900,1,350.0,112,A-66,A,True,97.48878887062308
2023004065,Madrid_1,40.3639,-3.656059,"Av. Eje Central, 7",Madrid,Madrid,28053,3,50.0,740,A-4,A,False,1884.1753493279587
2023004066,Madrid_2,40.3639,-3.656059,"Av. Eje Central, 7",Madrid,Madrid,28053,3,50.0,740,A-4,A,False,1884.1753493279587
2023004067,Madrid_3,40.442863,-3.586386,"Calle Deyanira, 10",Madrid,Madrid,28022,3,50.0,685,A-2,A,True,777.6394901859275
2023004069,Burgos - Calle de la Igualdad,42.350525,-3.669021,"C. De La Igualdad, 5",Burgos,Burgos,9007,2,180.0,170,N-1,N,False,1669.5378643213205
2023004070,ZUNDER Dir. Castellón - Torrent,39.400677,-0.491817,Ap7 Km 519 Dirección Castellón,Torrent,Valencia/València,46901,6,90.0,128,A-7,A,True,52.46778314825714
2023004071,Restaurante Ruta 62 - Tordesillas,41.542202,-4.897237,A-62 Salida 142,San Miguel del Pino,Valladolid,47132,8,50.0,84,A-62,A,True,285.33948806121475
2023004072,Hotel Meleiros - Castro de Sanabria,42.061142,-6.642669,Hotel Meleiros,Cobreros,Zamora,49396,8,90.0,491,N-525,N,False,66.24799655344276
2023004073,Hostal Rio Deva II - Unquera,43.374832,-4.500147,"N-634, 33A",San Vicente de la Barquera,Cantabria,39548,4,360.0,574,N-634,N,False,39.317521828177995
2023004074,Miranda de Ebro - Hotel Tudanca,42.688583,-2.953472,"Carretera Nacional I, Km 318",Miranda de Ebro,Burgos,9200,5,50.0,173,N-1,N,False,29.14862778218822
2023004075,La Panadella,41.617115,1.39949,"Carretera N-2, Km 535 Estación De Servicio",Argençola,Barcelona,8717,6,50.0,699,A-2,A,True,533.4861555191978
2023004076,Exit - La Gineta,39.13535,-2.03989,A-31 Salida 52,"Gineta, La",Albacete,2110,10,360.0,725,A-31,A,True,251.94432674554562
2023004077,Hotel Acosta Vetonia - Almendralejo,38.70991,-6.400214,"Carretera N-630, Km 647",Almendralejo,Badajoz,6200,7,50.0,1237,N-630,N,False,103.22253121683127
2023004080,Pantera rosa - Gijón,43.524715,-5.641344,"Calle De Luís Ortiz Berrocal, 71",Gijón,Asturias,33204,5,50.0,158,A-8,A,True,266.5391901730017
2023004081,Exit - Villalpando,41.859493,-5.416823,Carretera De Zamora 15,Villalpando,Zamora,49630,2,130.0,69,A-6,A,True,476.89346521188196
2023004082,Burgos - Calle Villadiego,42.342407,-3.7304008,"C. De Villadiego, 2",Burgos,Burgos,9001,2,180.0,207,N-120,N,False,1066.7859775930447
2023004083,Miranda de Ebro - Calle Juan Ramón Jiménez,42.68507,-2.9398463,Calle Juan Ramo´n Jimenez 41,Miranda de Ebro,Burgos,9200,6,150.0,173,N-1,N,False,773.1194213966323
2023004085,La Gaviota  - Motilla del Palancar,39.553684,-1.902913,"N-320,Km71",Motilla del Palancar,Cuenca,16200,3,300.0,11,N-3,N,False,405.4842695025526
2023004087,Lobón - Área de Autocaravanas,38.84465,-6.6214876,"Av. Adolfo Suárez, 39",Lobón,Badajoz,6498,4,65.0,792,A-5,A,True,152.12978416233727
2023004088,Exit - L'Aldea,40.75308,0.606343,"Ap7-Pol Ind Estacio Mercaderies 0,Pcl,58 Nau","Aldea, L'",Tarragona,43896,10,180.0,391,N-340,N,False,37.257153868115516
2023004089,Área El Canto - Torquemada,42.03616,-4.280605,A62 Salida 68 - Autovía De Castilla,Torquemada,Palencia,34230,9,360.0,81,A-62,A,True,178.84357909422204
2023004090,ZUNDER - Lasarte,43.254353,-2.022994,"A1 Arrapide Pasealekua, Avda Del Hipódromo",Donostia/San Sebastián,Gipuzkoa,20160,6,50.0,657,A-1,A,True,126.8383125892676
2023004091,ZUNDER Dir. Madrid - Villargordo del Cabriel,39.52892,-1.433511,"Autovia A3, Km 255",Villargordo del Cabriel,Valencia/València,46317,6,50.0,50,A-3,A,True,129.62908967876274
2023004092,Tapia de Casariego,43.561832,-6.922828,Cs Cortaficio 302(A) Parcela I-9,Tapia de Casariego,Asturias,33740,2,150.0,584,N-634,N,False,103.9769279525395
2023004094,Miranda de Ebro - Ronda del Ferrocarril,42.689938,-2.9414196,"Calle Ronda Del Ferrocarril, 91",Miranda de Ebro,Burgos,9200,6,150.0,173,N-1,N,False,222.39126922771248
2023004095,Miranda de Ebro - Francisco Cantera,42.684944,-2.9442966,Calle Francisco Cantera 16,Miranda de Ebro,Burgos,9200,6,150.0,173,N-1,N,False,657.0490079651396
2023004097,ES La Gaviota - Albacete,39.02962,-1.8881468,"C/Autovía, Avenida Sexta, Campollano Norte",Albacete,Albacete,2007,2,100.0,725,A-31,A,True,318.8814863381288
2023004098,Miranda de Ebro - Polideportivo de Anduva,42.67951,-2.932874,"Cam. Anduva, S/N",Miranda de Ebro,Burgos,9200,6,150.0,938,N-1R,N,False,670.2322169795851
2023004101,Alar del Rey - Puerta de la Montaña,42.71779,-4.291774,Puerta De La Montaña,Olmos de Ojeda,Palencia,34487,6,50.0,1198,N-611,N,False,41.68925057433418
2023004102,Miranda de Ebro - Parking Sagrados Corazones,42.681156,-2.95197,"Cam. De Fuencaliente, 9, 7",Miranda de Ebro,Burgos,9200,6,150.0,173,N-1,N,False,743.0646765114544
2023004103,Salamanca - Tejares Nave Aparcamientos,40.955505,-5.7040777,"Av. Juan Pablo Ii, 126",Carbajosa de la Sagrada,Salamanca,37008,2,180.0,1226,N-630,N,False,21.526144804103218
2023004105,Area 507 - Outeiro de rei,43.10722,-7.605561,A6  Km 507 - Salida 507 - Rúa E,Outeiro de Rei,Lugo,27150,10,180.0,75,A-6,A,True,157.81887537860695
2023004106,El Raso - Villalpando,41.82612,-5.378892,"Autovia A6, Km 231",Villalpando,Zamora,49630,10,180.0,69,A-6,A,True,172.24399205165776
2023004107,ZUNDER Dir. Alicante - Torrent,39.400467,-0.49283,Ap7 Km519 Dirección Alicante,Torrent,Valencia/València,46901,4,90.0,128,A-7,A,True,33.08374832766355
2023004108,Burgos - Calle Calleja y Zurita,42.33271,-3.7019994,"Calle De Calleja Y Zurita, 2",Burgos,Burgos,9001,2,180.0,19,A-1,A,True,1489.6709962877108
2023004110,Getafe3 - Mercasa,40.295864,-3.745295,"Avd Juan Carlos I, 1",Getafe,Madrid,28905,4,120.0,761,A-42,A,False,590.4413119141193
2023004112,Dueñas - Restaurante Zamorano,41.85898,-4.551042,A62 Km 96,Dueñas,Palencia,34210,4,360.0,82,A-62,A,True,129.9443278079188
2023004113,Alovera,40.594845,-3.2253006,"Con A-2, Gu-105, Pk 48, 000, 19208 Alovera, G",Alovera,Guadalajara,19208,4,360.0,685,A-2,A,True,193.878920811328
2023004114,Hotel Puerta del Camino - Santiago de Compostela,42.884346,-8.512924,"Rúa De Miguel Ferro Caaveiro, 85",Santiago de Compostela,"Coruña, A",15707,9,50.0,163,AP-9,AP,True,431.5668735092794
2023004115,Luz shopping - Jerez de la Frontera,36.69195,-6.15939,Parking Del Cc Luz Shopping,Jerez de la Frontera,Cádiz,11408,9,360.0,754,A-4,A,True,931.2144955151482
2023004116,La Estrella - Castillejo,39.516518,-1.753888,Cam. De Castillejo De Iniesta,Castillejo de Iniesta,Cuenca,16250,4,300.0,50,A-3,A,True,191.50829813211703
2023004117,Hotel Área Tudanca - Aranda de Duero,41.623463,-3.687533,"N-I, 153",Fuentelcésped,Burgos,9471,19,250.0,889,N-1,N,False,87.9788852671217
2023004118,ZUNDER - Estepona,36.434433,-5.160388,"Ap7/A7 A. Del Mediterráneo, Pk 154",Estepona,Málaga,29680,6,90.0,3,A-7S,A,True,123.30906303890413
2023004121,Manzanares - Venta del Tizón,39.058544,-3.372538,"A-4, Km 167",Manzanares,Ciudad Real,13200,2,100.0,744,A-4,A,True,235.7425583374668
2023004122,Zamora - Hotel Rey Sancho,41.521126,-5.755018,"Av. De Galicia, S/N",Zamora,Zamora,49024,6,360.0,922,N-122,N,False,217.1212107485632
2023004123,Manzanares - El Cruce,39.00641,-3.3835087,"N-Iv Km-173,100,27",Manzanares,Ciudad Real,13200,6,50.0,1137,N-430,N,False,57.64872088854606
2023004124,Burgos - Plaza Santa Teresa,42.340267,-3.6953535,Plaza De Sta. Teresa,Burgos,Burgos,9002,4,180.0,19,A-1,A,True,1883.7077605256145
2023004125,Vulcanizados Hoznayo Barros - Corrales de Buelna,43.28525,-4.076768,"Polígono Ind.De Barros,Parcela 32","Corrales de Buelna, Los",Cantabria,39408,2,180.0,1201,N-611,N,False,243.06353832676447
2023004126,Aranda de Duero - Prado Sport,41.653645,-3.7019217,"Polígono Prado Marina, C. Vendimia, S/N",Aranda de Duero,Burgos,9400,4,120.0,889,N-1,N,False,323.793103919416
2023004129,Hotel Emperatriz III - Salamanca,40.95146,-5.6535707,"Ctra. Madrid, 2",Santa Marta de Tormes,Salamanca,37900,4,100.0,798,A-50,A,True,193.75216959150427
2023004130,La Lastrilla - Hotel Avenida del Sotillo,40.965427,-4.097522,"Av. El Sotillo, 3, 40196","Lastrilla, La",Segovia,40196,4,100.0,180,N-110,N,False,1104.5981100596327
2023004131,Mérida - Hotel Romero,38.85955,-6.36511,"Autovía A-66, Km 630",Mérida,Badajoz,6800,3,50.0,110,A-66,A,True,156.92075556436356
2023004137,Vitoria-Gasteiz - Centro Cívico Ibaiondo,42.868,-2.697,"Calle Del Duque De Wellington, 52",Vitoria-Gasteiz,Araba/Álava,1010,4,150.0,546,N-622,N,False,1297.2654082615177
2023004138,Vitoria-Gasteiz - Calle Sierra de Aralar - Centro de Salud,42.86248,-2.696306,"Calle Baiona, 26, 01010 Vitoria-Gasteiz Vitor",Vitoria-Gasteiz,Araba/Álava,1010,4,150.0,546,N-622,N,False,1899.7894915250356
2023004141,Vitoria-Gasteiz - Calle Tarragona,42.868584,-2.689472,C\ Tarragona 9,Vitoria-Gasteiz,Araba/Álava,1010,4,150.0,546,N-622,N,False,1283.5996065058644
2023004149,Vitoria-Gasteiz - Beroil Vitoria,42.84727,-2.75244,"B.º Zearsoloeta, 1 -  Vitoria - Gasteiz",Vitoria-Gasteiz,Araba/Álava,1195,2,20.0,651,A-1,A,True,219.12106533896392
2023004154,Hotel Restaurante Portugal II - Almaraz,39.79144,-5.6963925,"Autovía Del Suroeste A5, Km. 200, Almaraz",Almaraz,Cáceres,10350,8,300.0,1177,N-5,N,False,119.43500990945401
2023004155,GALP Feces de Abaixo,41.82515,-7.425074,"N-532, Pk 13",Verín,Ourense,32699,3,50.0,496,N-532,N,False,35.155517613908025
2023004156,E-Leclerc Ciudad Real,38.991554,-3.935708,"Carr. De Porzuna, 24, 13005 Ciudad Real, Spai",Ciudad Real,Ciudad Real,13005,10,80.0,1145,N-430C,N,False,288.8816229550378
2023004157,CC EL GOLF,39.96623,-4.796599,"Km 114 Carretera N-V, Km.114, 45600 Talavera",Oropesa,Toledo,45600,8,80.0,524,N-5A,N,False,1541.6242629208662
2023004168,Mimoondo,43.43353,-3.912999,Av. De La Sta. Cruz,Santa Cruz de Bezana,Cantabria,39100,5,100.0,1202,N-611,N,False,29.481431616669777
2023004169,GALP Gironès - Sur,41.90578,2.771696,"Ap-7, 17457 Riudellots De La Selva, Girona",Aiguaviva,Girona,17181,1,22.0,872,AP-7N,AP,True,89.20789791740317
2023004170,GALP Jonquera - Norte,42.405586,2.874348,Ap-7,Agullana,Girona,17707,1,22.0,872,AP-7N,AP,True,99.66118902373655
2023004171,Centro Comercial Imaginalia,39.008118,-1.880189,Av. De La Ilustración,Albacete,Albacete,2005,4,150.0,1003,N-322,N,True,183.08426029715056
2023004172,Centro Comercial Imaginalia (EXP),39.008507,-1.880095,Av. De La Ilustración,Albacete,Albacete,2005,32,120.0,1003,N-322,N,True,147.2380906563486
2023000026,CHARGEVITE - MALPICA,41.665634,-0.8086724,"POLÍGONO INDUSTRIAL MALPICA, CALLE F OESTE, GRUPO GREGORIO QUEJIDO, NAVE 90",Zaragoza,Zaragoza,50016,2,22.0,694,A-2,A,True,43.72246273382454
2024001102,PASEO DA XUNQUEIRA REDONDELA,42.283237,-8.60926,Paseo da Xunqueira,Redondela,Pontevedra,36800,2,22.0,513,N-550,N,False,141.81323089034467
2024001103,CALDARIA LAIAS,42.326942,-8.028995,N120 km 585,Cenlle,Ourense,32459,2,22.0,896,N-120,N,False,530.7685952187429
2024001751,EROSKI HIPERMERCADO SANTIAGO,42.9046,-8.502577,"Rúa de Castela e León, 139",Santiago de Compostela,"Coruña, A",15707,6,22.0,162,AP-9,AP,True,471.04890449629215
2024001752,DIGAMEL AROUSA,42.596783,-8.747206,"Rúa Albarrán, 2",Vilagarcía de Arousa,Pontevedra,36613,2,25.0,1277,N-640A,N,False,480.04667993616215
2024001753,DIGAMEL SANTIAGO,42.913795,-8.506444,"Vía Arquímedes 5, Polígono Industrial del Tambre",Santiago de Compostela,"Coruña, A",15890,2,22.0,507,N-550,N,False,261.90358395427165
2024001756,PARKING SANTA CLARA,42.432663,-8.640839,"Rua Santa Clara, 2",Pontevedra,Pontevedra,36002,6,120.0,511,N-550,N,False,542.9050596161604
2024001757,SYNGENTA,42.164356,-8.63136,Lugar a Relva,Mos,Pontevedra,36419,4,7.0,813,A-55,A,True,513.4310535431126
2024001760,DIGAMEL VIGO,42.226685,-8.69106,"Baixada a Capitán, 41",Vigo,Pontevedra,36214,2,22.0,811,A-55,A,True,1088.3447123167919
2024001762,CASH RECORD FOZ,43.586216,-7.2903533,"Parque empresarial Foz, Parcela 83",Foz,Lugo,27789,2,22.0,1281,N-642,N,True,180.76031282912234
2024001767,ALAMEDA CHAPELA,42.267746,-8.671589,Av. de Vigo 240B,Redondela,Pontevedra,36320,2,22.0,518,N-552,N,False,377.01655247395456
2024001768,EROSKI BURELA,43.646248,-7.349536,"Lugar, Av. do Perdouro,13",Burela,Lugo,27880,3,50.0,1281,N-642,N,True,347.1017308658468
2024001769,FAMILIA FONTECULLER,43.326637,-8.381531,"Av. Fonteculler, 60",Culleredo,"Coruña, A",15174,2,22.0,506,N-550,N,False,426.75415329825813
2024001818,Gasolinera E.leclerc Pinto,40.239777,-3.690338,C. Pablo Picasso,Pinto,Madrid,28320,2,150.0,741,A-4,A,True,43.708517039356124
2024001819,Centro Comercial Dos de Mayo,40.320015,-3.870435,"Av. Del Dos De Mayo, 27, L-1, 28934 Móstoles",Móstoles,Madrid,28934,5,50.0,785,A-5,A,True,1988.5507227604617
2024001820,Hotel IBIS Budget Alcalá de Henares,40.50056,-3.33715,"A-2, 10, 28805 Alcalá De Henares, Madrid, Sp",Alcalá de Henares,Madrid,28805,6,150.0,685,A-2,A,True,99.6645988327174
2024001821,Restaurante Moma,37.216476,-3.691467,Avenida Diputacion S/N Cruce,Atarfe,Granada,18230,3,50.0,1155,N-432,N,False,47.807290132643686
2024001822,Garena Plaza,40.481606,-3.395491,"Av. Juan Carlos I, 13, 28806 Alcalá De Henar",Alcalá de Henares,Madrid,28806,4,90.0,685,A-2,A,True,425.02109538529544
2024001824,Parque Comercial Ledua Park,38.38837,-0.755092,"Cv-820, 230, 03660 Novelda, Alicante, Spain",Novelda,Alicante/Alacant,3660,6,150.0,728,A-31,A,True,914.588591340882
2024001825,CC Estación Pozuelo Mall,40.44811,-3.801528,"C. Martina García, 2, 28224 Pozuelo De Alarc",Pozuelo de Alarcón,Madrid,28224,2,22.0,63,A-6,A,True,1935.2754918943865
2024001828,TAELPO,42.443512,-8.587935,"Lugar Ponte Bora, 24",Pontevedra,Pontevedra,36154,2,22.0,502,N-541,N,False,221.44210960529713
2024001851,SA-Salamanca-013-2,40.949924,-5.648774,"Salamanca,15",Santa Marta de Tormes,Salamanca,37900,28,7.4,798,A-50,A,True,108.53525214302167
2024001858,M-MADRID-086,40.445293,-3.580408,"Empresarial Las Mercedes, Salida 11 De La A2.,N/A",Madrid,Madrid,28022,8,22.0,685,A-2,A,True,506.04652474933516
2024001880,M-LasRozasdeMadrid-009,40.517975,-3.888378,"La Coruña (A-6),22","Rozas de Madrid, Las",Madrid,28232,8,22.0,64,A-6,A,True,267.0786537620481
2024001898,SS-Irun-006,43.336178,-1.796717,"Elizatxo Hiribidea,9",Irun,Gipuzkoa,20303,4,7.4,1286,AP-8,AP,True,576.4724819171154
2024001899,MU-Murcia-052,37.96061,-1.134087,"Torre Penchos,1",Murcia,Murcia,30012,10,7.36,723,A-30,A,True,105.37269514001304
2024001907,Z-Zaragoza-023,41.669907,-0.942887,"N-232 (Logroño-Zaragoza),2",Zaragoza,Zaragoza,50011,4,22.0,260,N-232,N,False,63.99776106801327
2024001908,SE-Bormujos-002,37.382133,-6.064969,"Francisco Tomas Y Valiente,19",Bormujos,Sevilla,41930,12,7.4,778,A-49,A,True,108.68941859285137
2024001913,NA-Pamplona-009,42.83269,-1.675203,"Soto Aizoain,2",Ansoáin/Antsoain,Navarra,31013,4,22.0,675,A-15,A,True,1319.9654381740884
2024001971,CASAR DE CÁCERES,39.54719,-6.435902,"C. Zona Peri-Industrial, 27A",Casar de Cáceres,Cáceres,10190,2,22.0,1234,N-630,N,False,61.89800316802289
2024001974,EESS EL GALLO,39.556885,-6.402026,"Autovía Ruta De La Plata (A66), Salida 539",Casar de Cáceres,Cáceres,10190,5,90.0,108,A-66,A,True,136.5622760858329
2024001975,JERTE,40.221386,-5.74926,"Plaza Del Molino, 1",Jerte,Cáceres,10612,2,22.0,183,N-110,N,False,193.14671133324694
2024001978,CAÑAVERAL,39.792633,-6.389783,"C. Gabriel Y Galán, 3",Cañaveral,Cáceres,10820,2,22.0,1234,N-630,N,False,25.8538590740932
2024001979,VALDASTILLAS,40.133583,-5.879075,C/ Piscina Nº 1,Valdastillas,Cáceres,10614,2,22.0,183,N-110,N,False,755.3407718657866
2024001981,LA GRANJA,40.238033,-5.997193,C. Carretera,"Granja, La",Cáceres,10711,2,22.0,1232,N-630,N,False,1844.813786790393
2024001983,BAÑOS DE MONTEMAYOR,40.31742,-5.859735,Av. Extremadura,Baños de Montemayor,Cáceres,10750,2,22.0,1231,N-630,N,False,36.44535703503975
2024001995,ALDEANUEVA DEL CAMINO,40.25945,-5.930762,"Pl. Del Mercado, 58",Aldeanueva del Camino,Cáceres,10740,2,22.0,107,A-66,A,True,408.440262768953
2024002002,Alfredo Truan,43.537952,-5.66189,Alfredo Truan 1,Gijón,Asturias,33205,1,22.0,1279,N-641,N,True,1566.6445908997707
2024002003,Amieva,43.270493,-5.128547,Poblado Sames S/N,Amieva,Asturias,33558,1,7.4,558,N-625,N,False,457.76531548626264
2024002005,Hotel la Palma,43.40708,-4.758927,"Avenida Félix, Fernández Vega S/N",Llanes,Asturias,33509,3,50.0,156,A-8,A,True,226.11776687063468
2024002008,"Dr. Fleming, 66",38.830196,0.014397,Av. Dr. Fleming 66,Ondara,Alicante/Alacant,3760,4,22.0,370,N-332,N,False,574.0582622396124
2024002010,AhorraMAS Cuenca,40.06427,-2.137304,Paseo De San Antonio 42,Cuenca,Cuenca,16003,4,22.0,758,A-40,A,False,948.0708992267386
2024002012,KIA Asturconsa,43.51045,-5.68828,"Polígono Industrial De Roces, C. Nicolás Co",Gijón,Asturias,33211,2,210.0,814,A-8,A,True,463.7954070216301
2024002013,AhorraMas Torrelodones,40.578327,-3.953098,C. Jesusa Lara 17,Galapagar,Madrid,28250,4,22.0,64,A-6,A,True,548.916408489898
2024002014,AhorraMas Avenida Levante,40.33733,-3.517687,Avenida De Levante  232,Rivas-Vaciamadrid,Madrid,28521,2,22.0,46,A-3,A,True,1029.7238851191453
2024002018,Ahorramás Moraleja,40.26017,-3.857575,Avda. De Fuenlabrada 5,Moraleja de Enmedio,Madrid,28950,2,22.0,848,AP-41,AP,False,1896.0499892565097
2024002021,Más y Más Noreña,43.393272,-5.705015,Les Carolines 1,Noreña,Asturias,33180,2,22.0,579,N-634,N,False,854.0398330936549
2024002023,Decathlon Salamanca,40.946304,-5.640957,Av. E. Leclerc 3,Arapiles,Salamanca,37188,4,22.0,798,A-50,A,True,239.61962791144623
2024002024,CC La Gavia,40.36926,-3.599114,Adolfo Bioy Casares  2,Madrid,Madrid,28051,20,60.0,46,A-3,A,True,484.0780552863953
2024002041,O-OVIEDO-033,43.36052,-5.8669,"La Regenta,4",Oviedo,Asturias,33013,2,22.0,1218,N-630,N,False,1036.6977835959483
2024002042,O-OVIEDO-050,43.3579,-5.8425,"Padre Suarez,S/N",Oviedo,Asturias,33009,2,100.0,96,A-66,A,True,903.295079789716
2024002043,HU-Villanua-002,42.678593,-0.532819,"Campodios,7",Villanúa,Huesca,22870,2,22.0,1021,N-330,N,True,359.9791322010469
2024002045,LU-Monterroso-002,42.79236,-7.839884,"Concepción Arenal,S/N",Monterroso,Lugo,27560,2,180.0,1274,N-640,N,False,96.28686788886793
2024002049,E-28-Madrid-032,40.45017,-3.56892,"Tauro,27",Madrid,Madrid,28042,2,130.0,685,A-2,A,True,55.88923830631916
2024002057,E-41-Sevilla-010,37.387405,-6.000556,"Genil,N/A",Sevilla,Sevilla,41001,4,7.3,1245,N-630,N,False,1197.5723793470406
2024002061,ZA-Benavente-001,42.003227,-5.660117,"Americas,7",Benavente,Zamora,49600,3,50.0,71,A-6,A,True,70.0461242546229
2024002064,B-LaPanadella-003,41.616684,1.400437,"Nacional Ii,536",Argençola,Barcelona,8717,1,180.0,699,A-2,A,True,600.5740467705886
2024002082,O-OVIEDO-025,43.3645,-5.8554,"Arquitecto Reguera,13",Oviedo,Asturias,33004,2,22.0,1218,N-630,N,False,943.487746541672
2024002142,BI-Basauri-004,43.22901,-2.872466,"Zabalandi,3",Basauri,Bizkaia,48970,24,7.3,149,A-8,A,True,252.68134275604658
2024002156,E-16-MotillaDelPalancar-002,40.0247,-2.11374,"Motilla-Sepes Parcela 57,57",Cuenca,Cuenca,16193,2,150.0,332,N-320,N,False,935.684805350448
2024002157,O-OVIEDO-056,43.3733,-5.8287,"De Roma,S/N",Oviedo,Asturias,33011,2,22.0,96,A-66,A,True,1329.6189606608139
2024002158,O-OVIEDO-022,43.3543,-5.8687,"Julian Claveria,11",Oviedo,Asturias,33006,2,22.0,91,A-63,A,False,966.1745391517926
2024002210,MU-Cartagena-033,37.61095,-0.981977,"Ferrol,9",Cartagena,Murcia,30203,2,22.0,723,A-30,A,True,970.7259904083845
2024002222,V-VALLADA-001,38.8994,-0.6899,"Jose Ribera,21",Vallada,Valencia/València,46691,4,100.0,736,A-35,A,True,1169.3108014647503
2024002250,LU-Mondoñedo-003,43.427494,-7.365862,"Aparcamiento Publico,N/A",Mondoñedo,Lugo,27740,2,22.0,587,N-634,N,True,573.0520779125236
2024002260,E-04-HuercalDeAlmeria-002,36.87572,-2.44579,"Sol,74",Huércal de Almería,Almería,4230,2,150.0,634,A-7S,A,True,1198.3982547958356
2024002270,E-03-Elche/Elx-007,38.278755,-0.563275,"El Altet (Poligono I),47",Elche/Elx,Alicante/Alacant,3195,2,22.0,1056,N-338,N,True,1356.6260950980234
2024002285,O-OVIEDO-049,43.3683,-5.8694,"De La Florida,3",Oviedo,Asturias,33012,2,100.0,1218,N-630,N,False,1773.64096432984
2024002286,O-OVIEDO-028,43.3547,-5.8508,"Cardenal Cienfuegos,14",Oviedo,Asturias,33007,2,22.0,1218,N-630,N,False,403.74276755563585
2024002300,V-SAGUNTO-009,39.681686,-0.28426,"San Cristobal,10",Petrés,Valencia/València,46500,4,7.36,882,AP-7N,AP,True,833.9191750088792
2024002321,O-OVIEDO-048,43.35926,-5.85072,"Santa Susana,20",Oviedo,Asturias,33007,2,22.0,1218,N-630,N,False,526.4732291618998
2024002328,E-31-Orkoien-001,42.819748,-1.688151,"Empresarial La Muga,12",Orkoien,Navarra,31160,2,23.0,675,A-15,A,True,1617.8394298363905
2024002381,E-36-Vigo-002,42.21848,-8.703101,"Madrid,197",Vigo,Pontevedra,36214,2,150.0,810,A-55,A,True,42.40278444542978
2024002387,M-Madrid-076,40.40217,-3.71553,"Polonia.,1",Madrid,Madrid,28005,4,22.0,761,A-42,A,False,1644.1886374330008
2024002431,M-Leganes-014,40.318367,-3.744635,"Eduardo Torroja,7",Leganés,Madrid,28914,2,120.0,761,A-42,A,False,734.9700495269103
2024002444,E-46-Algemesi-003,39.19069,-0.431819,"Covadonga,6",Algemesí,Valencia/València,46680,2,22.0,884,AP-7N,AP,True,1723.5955340638482
2024002455,SE-AlcaladeGuadaira-011,37.358276,-5.875603,"Cristaleria,3",Alcalá de Guadaíra,Sevilla,41500,10,7.4,827,A-92,A,True,392.80643909618504
2024002472,BI-BILBAO-010-2,41.673923,0.60071,"Lehendakari Leizaola,2",Torrefarrera,Lleida,25123,12,7.36,255,N-230,N,True,181.92615112935786
2024003403,MLC - Estación de Servicio Burutain,42.931423,-1.60894,"Carr. Irún, 4, 31798 Burutáin, Navarra, Spa",Anue,Navarra,31798,2,50.0,611,N-121-A,N,True,29.144097417049576
2024003404,Hotel IBIS Jerez de la Frontera,36.672073,-6.152579,"C. Holanda, 0, 11408 Jerez De La Frontera, C",Jerez de la Frontera,Cádiz,11408,5,90.0,754,A-4,A,True,1945.2408971934742
2024003405,GALP Los Palacios,37.196407,-5.911263,"Autovía Del Sur Autov. Ap 4 Sevilla-Cadiz, P","Palacios y Villafranca, Los",Sevilla,41720,4,50.0,844,AP-4,AP,True,57.50222495867677
2024003407,Hotel IBIS Budget Madrid Alcorcón Móstoles,40.33443,-3.854274,"Tr.ª De Móstoles, 3, 28922 Alcorcón, Madri",Alcorcón,Madrid,28922,3,80.0,785,A-5,A,True,1263.618846527218
2024003408,CONFORAMA Santander,43.440376,-3.841278,Av. Nueva Montaña,Santander,Cantabria,39011,3,80.0,116,A-67,A,True,503.54107006283533
2024003409,IBIS Alcorcon Tresaguas,40.35704,-3.822605,"Av. San Martín De Valdeiglesias, 4, 28922 Al",Alcorcón,Madrid,28922,6,90.0,784,A-5,A,True,179.35470227777728
2024003411,Centro Comercial La Viña,40.548065,-3.634288,"Centro Comercial La Viña, Av. De La Sierra,",San Sebastián de los Reyes,Madrid,28701,10,70.0,15,A-1,A,True,1673.5046043198627
2024003412,Burger King - Orihuela Costa,37.93714,-0.72134,"Urbanizacion Playa Flamenca, 4C, 03189 Alamed",Orihuela,Alicante/Alacant,3189,2,150.0,1047,N-332,N,False,38.70540461276624
2024003454,CLUB DE GOLF MEDITERRÁNEO,40.03061,-0.0499535,"URBANIZACIÓN A COMA FASE 1, 282",Borriol,Castellón/Castelló,12190,4,120.0,389,N-340,N,True,1323.2972105628867
2024003417,O-OVIEDO-052,43.3844,-5.8094,"Dinamarca,14",Oviedo,Asturias,33010,2,100.0,96,A-66,A,True,178.68617633272453
2024003456,E-CU-MotillaDelPalancar-006,39.56109,-1.90775,"Ermita,20",Motilla del Palancar,Cuenca,16200,4,22.0,11,N-3,N,False,73.03307215526374
2024003460,E-CR-Manzanares-004,38.997475,-3.362988,"De La Solana,46",Manzanares,Ciudad Real,13200,4,22.0,745,A-4,A,True,1927.0161102647612
2024003462,E-V-Gandia-010,38.97103,-0.180889,"Valencia,32",Gandia,Valencia/València,46701,4,22.0,1052,N-337,N,False,1262.161863881455
2024003426,E-CR-Miguelturra-001,38.97201,-3.90446,"Segadores,24",Miguelturra,Ciudad Real,13170,2,150.0,760,A-41,A,True,662.8948081179736
2024003463,E-M-TorrejonDeArdoz-004,40.458015,-3.468903,"Constitucion,102",Torrejón de Ardoz,Madrid,28850,2,22.0,685,A-2,A,True,991.0935003148743
2024003464,E-CO-Cordoba-006,37.887287,-4.765829,"Ronda De La Manca,7",Córdoba,Córdoba,14010,2,22.0,746,A-4,A,True,1111.654428674494
2024003434,H-Huelva-001-2,37.30626,-6.87324,"Sevilla-Tartessos,27",Huelva,Huelva,21007,2,50.0,778,A-49,A,True,869.8716854894376
2024003436,O-OVIEDO-055,43.3667,-5.8425,"Fernando Vela,9",Oviedo,Asturias,33001,2,22.0,96,A-66,A,True,1528.075453274753
2024003442,LE-Leon-022,42.604744,-5.552254,"León Cuna Del Parlamentarismo,4",León,León,24007,4,22.0,209,N-120,N,False,1833.3120944407076
2024003480,"FERVI, S.L.",42.66502,-8.121824,"Corredoira,33",Lalín,Pontevedra,36500,1,43.0,495,N-525,N,False,28.613235658714
2024003528,RAMBLA NOVA,41.114677,1.2544086,"Rambla Nova, S/N (Parking Balcó del Mediterrani)",Tarragona,Tarragona,43003,4,22.0,137,A-7,A,False,958.4912090038179
2024003537,LO-TorrecillaenCameros-001,42.25568,-2.63165,"Piscinas,16",Torrecilla en Cameros,"Rioja, La",26100,4,7.4,194,N-111,N,False,526.014459466157
2024003538,M-Parla-007,40.22811,-3.78075,"Ronda,8",Parla,Madrid,28981,5,50.0,761,A-42,A,False,229.61042435724823
2024003539,H-Huelva-001,37.306282,-6.873187,"Sevilla-Tartessos,27",Huelva,Huelva,21007,3,50.0,778,A-49,A,True,868.4519951563959
2024003471,E-M-Mostoles-004,40.31652,-3.87872,"Doctor Luis Montes,1",Móstoles,Madrid,28935,6,22.0,785,A-5,A,True,1513.7492492206752
2024003474,E-HU-Jaca-001,42.56542,-0.564643,"Nuestra Señora De La Victoria,S/N",Jaca,Huesca,22700,4,22.0,287,N-240,N,False,69.11478282611678
2024003558,B+ ENERGIAS SUECA,39.20267,-0.30527,"Carrer d'Arnau de Vilanova, 7",Sueca,Valencia/València,46410,1,100.0,372,N-332,N,False,433.88317163596975
2024003559,PLAZA DE LA FONT,41.116657,1.2557893,Plaça de la Font (Parking subterráneo,Tarragona,Tarragona,43003,4,22.0,137,A-7,A,False,748.2758709325923
2024003565,MLC Estación de Servicio Elgoibar,43.22136,-2.406524,"Kalea Valle Aiastia, 907, 20870, Gipuzkoa, Sp",Elgoibar,Gipuzkoa,20870,2,150.0,565,N-634,N,False,50.419552061974116
2024003566,Hotel IBIS Styles Figueres Ronda,42.257084,2.963613,"Avinguda De Salvador Dalí I Domènech, 17, 1",Figueres,Girona,17600,3,90.0,312,N-2A,N,False,8.283862116250047
2024003568,E.leclerc Gas station Zizur,42.78699,-1.698371,"C. Arrobia, S/N, 31180, Navarra, Spain",Zizur Mayor/Zizur Nagusia,Navarra,31180,2,150.0,667,A-12,A,False,89.4443417857915
2024003569,E.leclerc Gas station Cordovilla,42.784943,-1.634799,"Paseo Comercial Galaria Calle S, 2, 31191 Cor",Galar,Navarra,31191,2,150.0,675,A-15,A,True,225.18544107265777
2024003590,URBAN PADESPORT ALCOI,38.686855,-0.476521,"Carrer Alacant,68-70",Alcoy/Alcoi,Alicante/Alacant,3801,2,120.0,380,N-340,N,False,1315.6562126026367
2024003592,CONSUM CANALS,38.96444,-0.5854224,"Calle del Maestro Serrano,19",Canals,Valencia/València,46650,2,120.0,130,A-7,A,False,1567.448239640655
2024003597,Campo municipal de fútbol Ayto. Torrejón de Ardoz,40.46338,-3.447992,"Av. De La Constitución, 193",Torrejón de Ardoz,Madrid,28850,2,22.17,685,A-2,A,True,390.9542529122223
2024003598,Paseo Democracia Ayto. Terrejón de Ardoz,40.460495,-3.43998,Avenida Carmen Martín Con Paseo Democracia,Torrejón de Ardoz,Madrid,28850,2,22.17,685,A-2,A,True,791.2734593664726
2024003599,C/Parque Cultural Ayto. Torrejón de Ardoz,40.44965,-3.464239,C/ Parque Cultural,Torrejón de Ardoz,Madrid,28850,2,22.17,685,A-2,A,True,1913.3482420160406
2024003600,Calle de Londres 25 Ayto. Torrejón de Ardoz,40.46194,-3.461965,Calle De Londres 25,Torrejón de Ardoz,Madrid,28850,2,22.17,685,A-2,A,True,540.4199327009196
2024003601,C/ De Londres Nº3 Ayto. Torrejón de Ardoz,40.460148,-3.474109,"C. De Londres, Nº3",Torrejón de Ardoz,Madrid,28850,2,22.17,685,A-2,A,True,684.3631730812591
2024003602,Ayto. Torrejón de Ardoz (Parking),40.458908,-3.478311,C/ Hospital Nº 8,Torrejón de Ardoz,Madrid,28850,4,22.17,685,A-2,A,True,721.3826524861485
2024003604,Abogados de Atocha Ayto. Torrejón de Ardoz,40.46148,-3.467541,Calle De Londres 11B,Torrejón de Ardoz,Madrid,28850,2,22.17,685,A-2,A,True,611.9122512052256
2024003605,Parking Parque Central Ayto. Torrejón de Ardoz,40.459946,-3.47963,Calle De Granados 12,Torrejón de Ardoz,Madrid,28850,4,22.17,685,A-2,A,True,579.02321127641
2024003618,PLAZA DE ABASTOS VILAXOÁN,42.588314,-8.788052,"Rúa Avelino Nogueira, 18, Vilaxoán",Vilagarcía de Arousa,Pontevedra,36611,2,22.0,1276,N-640,N,False,1034.4308054819116
2024003619,PLAZA DE ABASTOS VILAGARCIA,42.59492,-8.768782,"Rúa Alexandre Bóveda, 5",Vilagarcía de Arousa,Pontevedra,36600,2,22.0,1277,N-640A,N,False,450.21387797087897
2024003621,HOSPITAL UNIVERSITARIO INFANTA LEONOR,40.38655,-3.61792,"AVENIDA GRAN VÍA DEL ESTE, 80",Madrid,Madrid,28031,16,60.0,46,A-3,A,True,356.8241746875711
2024003824,AV-ELBARCODEÁVILA-002,40.35744,-5.5271,"Yecla,6","Barco de Ávila, El",Ávila,5600,2,22.0,183,N-110,N,False,280.57349774449614
2024003877,Centro Comercial Parc Central,41.116722,1.237878,"Av. De Ramón Y Cajal, 69, 43005 Tarragona, S",Tarragona,Tarragona,43005,9,22.0,1114,N-420,N,False,62.64594457243684
2024003827,LE-PUENTEDEDOMINGOFLOREZ-001,42.41099,-6.820027,"Epifanio Campo,N/A",Puente de Domingo Flórez,León,24380,2,7.4,497,N-536,N,False,105.15829512052305
2024003828,E-M-Madrid-008,40.43875,-3.626765,"Rufino Gonzalez,23",Madrid,Madrid,28037,5,7.36,684,A-2,A,False,1187.686783153593
2024003834,MA-ARCHIDONA-001,37.0919,-4.391111,"Doctor Emilio Alba Ct Salud,2",Archidona,Málaga,29300,2,22.0,829,A-92,A,True,1561.531521146048
2024003846,O-Oviedo-020,43.3545,-5.8726,"Valentin Andres Alvarez,N/A",Oviedo,Asturias,33006,2,22.0,91,A-63,A,False,1160.4694153077564
2024003848,MA-TORREMOLINOS-007,36.63734,-4.48823,"Sanatorio,5",Antequera,Málaga,29620,4,22.0,621,AP-7S,AP,True,848.1195306936974
2024003857,E-V-Almussafes-003,39.3086,-0.4183,"Canal De Crespo (Pg Rey Juan Carlos I),1",Almussafes,Valencia/València,46440,2,22.0,884,AP-7N,AP,True,1170.9538495707266
2024003861,E-CO-Cordoba-011,37.884632,-4.804149,"Isla De Tabarca,1",Córdoba,Córdoba,14011,2,22.0,1167,N-437,N,False,1993.7482573688571
2024003864,B-Avinyonetdepenedes-001,41.36179,1.776414,"Doctor Parellada,N/A",Avinyonet del Penedès,Barcelona,8793,4,120.0,396,N-340,N,False,52.27330049336979
2024003868,O-OVIEDO-026,43.38232,-5.824021,"Daniel Moyano,19",Oviedo,Asturias,33011,2,22.0,96,A-66,A,True,931.8780477730692
2024003869,E-V-Petres-001,39.68352,-0.309552,"L'aixeta,5",Petrés,Valencia/València,46501,2,22.0,882,AP-7N,AP,True,975.4037667758722
2024003876,Z-EPILA-001,41.554,-1.20842,"Muel Lumpiaque Estación De Servicio,N/A",Épila,Zaragoza,50290,2,50.0,689,A-2,A,True,215.3107263127547
2024003878,E-Z-VillanuevaDeGallego-001,41.76181,-0.831585,"Eulogio Oscariz Mercadona,N/A",Villanueva de Gállego,Zaragoza,50830,6,22.0,30,A-23,A,True,213.28089314941153
2024003880,E-TO-Toledo-008,39.86889,-4.023586,"General Villalba,11",Toledo,Toledo,45003,4,22.0,761,A-42,A,False,711.2683363685601
2024003881,E-LU-Lugo-006,43.038696,-7.567228,"Infanta Elena,N/A",Lugo,Lugo,27003,8,22.0,539,N-6,N,False,742.7486930862568
2024003887,E-TE-Teruel-002,40.33092,-1.09353,"Ramon J Sender Mercadona,N/A",Teruel,Teruel,44002,4,22.0,246,N-223,N,False,270.52449517728013
2024003890,E-V-Valencia-055,39.467625,-0.405658,"Tres Cruces,13",València,Valencia/València,46018,2,22.0,53,A-3,A,False,1046.0852254733225
2024003894,E-O-Oviedo-005,43.36643,-5.87249,"Carreño,N/A",Oviedo,Asturias,33012,4,22.0,1218,N-630,N,False,1796.880666853803
2024003898,Hotel La Perdiz,38.27035,-3.610288,"Calle Alfredo Calderón, 53","Carolina, La",Jaén,23200,2,100.0,745,A-4,A,True,185.21955809905356
2024003900,Apartahotel Sol Timor,36.601288,-4.510834,"Calle Salvador Allende, 51",Antequera,Málaga,29620,2,22.0,620,AP-7S,AP,True,1810.8103750591517
2024003905,Hotel Melia Don Pablo,36.62593,-4.494424,"Calle Del Bajondillo, 36",Antequera,Málaga,29620,2,22.0,621,AP-7S,AP,True,1703.450634974559
2024003906,Parking Miradero - Parkia,39.861294,-4.020642,"C. Gerardo Lobo, S/N",Toledo,Toledo,45001,13,50.0,761,A-42,A,False,1299.250664050956
2024003907,Wenea On Wheels,40.465298,-3.783694,"C/ De Blanca De Castilla, 2",Madrid,Madrid,28023,4,25.0,63,A-6,A,True,176.5284116156986
2024003908,Hotel Dilamor,39.48489,-2.15628,"Autovía A-3, Km 186",Atalaya del Cañavate,Cuenca,16710,6,50.0,50,A-3,A,True,161.05010689715002
2024003909,Hotel Ignacio,39.462826,-0.726079,"Autovía A-3, N-Iii, Km 323-326",Chiva,Valencia/València,46370,6,50.0,50,A-3,A,True,998.3483332307957
2024003910,Los Almendros de Pozo Amargo,39.361763,-2.200926,"Autovía A-31, Sal. 19",Casas de Guijarro,Cuenca,16708,6,50.0,724,A-31,A,True,289.392536524607
2024003913,Hotel Melia Don Marcos,36.626156,-4.49326,"Calle Río Guadazaón, 2",Antequera,Málaga,29620,2,22.0,621,AP-7S,AP,True,1793.1221936254615
2024003916,DIPBA Talavera la Real,38.87999,-6.773347,"Av. Extremadura, 43",Talavera la Real,Badajoz,6140,2,22.0,464,N-5,N,True,6.821866369760208
2024003919,Rest. Casa Pepe,38.417778,-3.498855,"Autovía A-4, Km 243-244",Almuradiel,Ciudad Real,13768,6,100.0,1174,N-4A,N,False,29.304100950951185
2024003926,Elba Almería Business & Convention Hotel,36.85555,-2.445596,"Av. Mediterráneo, S/N",Almería,Almería,4009,2,22.0,634,A-7S,A,True,1967.845639196078
2024003931,Rest. Mi Rinconcito,41.910942,-7.442649,"Autovía A-52, Km 160",Verín,Ourense,32697,6,50.0,496,N-532,N,False,36.4359945462055
2024003932,DIPBA Villafranca de los Barros,38.564724,-6.34943,"Calle García Lorca, 5",Villafranca de los Barros,Badajoz,6220,3,50.0,1238,N-630,N,False,38.82761154715647
2024003936,Rest. El Mirador,37.32262,-3.266203,"Autovía A-92, Km 282",Cortes y Graena,Granada,18517,4,100.0,831,A-92,A,True,72.56294553986402
2024003939,Hotel NH Madrid Sur,40.399155,-3.669895,"Av. De La Ciudad De Barcelona, 113",Madrid,Madrid,28007,2,7.4,45,A-3,A,False,1194.5306992824392
2024003944,DIPBA Santa Marta de los Barros,38.61547,-6.631389,"Av. Extremadura, S/N",Santa Marta,Badajoz,6150,2,22.0,1160,N-432A,N,False,6.949881397635553
2024003946,DIPBA Herrera del Duque,39.17127,-5.05328,"Calle Feria, 1",Herrera del Duque,Badajoz,6670,2,22.0,472,N-502,N,False,366.0383625633479
2024003949,Hostal Rest. Cataluña y Aragón,41.544346,0.473808,"Autovía A-2, Ctra. N-Ii, Km 446",Soses,Lleida,25181,6,50.0,696,A-2,A,True,110.3110247340076
2024003951,Hotel Don Pepe Gran Melia,36.50751,-4.903371,"Calle José Meliá, S/N",Marbella,Málaga,29602,6,30.0,0,A-7S,A,True,989.3582745914193
2024003958,DIPBA Zafra,38.42439,-6.41492,"Plaza Del Alcázar, S/N",Zafra,Badajoz,6300,3,50.0,1153,N-432,N,False,242.13775580325537
2024003960,DIPBA Azuaga,38.2629,-5.675992,"Calle Carolina Coronado, 20",Azuaga,Badajoz,6920,2,22.0,1154,N-432,N,False,1219.7996727333689
2024003962,Hotel Melia Villaitana,38.558178,-0.147901,"Av. Del Alcalde Eduardo Zaplana, 7",Benidorm,Alicante/Alacant,3502,2,22.0,884,AP-7N,AP,True,530.093509441829
2024003963,DIPBA Jerez de los Caballeros,38.320087,-6.77897,"Calle El Rodeo, S/N",Jerez de los Caballeros,Badajoz,6380,3,50.0,460,N-435,N,False,206.8125728758266
2024003964,DIPBA San Pedro de Mérida,38.94719,-6.186346,"Av. Juan De Ávalos, S/N",San Pedro de Mérida,Badajoz,6893,3,50.0,790,A-5,A,True,107.60148943345462
2024003965,Hotel NH Madrid Barajas Airport,40.451115,-3.594711,"Calle Catamarán, 1",Madrid,Madrid,28042,2,7.4,685,A-2,A,True,124.28142171189259
2024003966,Rest. Arrocería Martín,39.953373,-3.506935,"Ctra. De Andalucía, Km 62",Ocaña,Toledo,45300,4,100.0,742,A-4,A,True,252.22568076332874
2024003968,Hotel TRYP León,42.60713,-5.581883,"Calle Obispo Vilaplana, 3",León,León,24008,2,22.0,1246,N-630A,N,False,919.159634766908
2024003970,Hosp. 12 de octubre,40.37491,-3.699223,"Avenida De Cordoba, S/N",Madrid,Madrid,28041,27,7.4,740,A-4,A,False,1143.1276433082487
2024003971,DIPBA Diputación Badajoz,38.873844,-6.964988,"Av. De Pardaleras, 64",Badajoz,Badajoz,6003,3,30.0,1157,N-432A,N,False,263.77602754111376
2024003972,DIPBA Fuente de Cantos,38.247707,-6.300789,"Calle Real, 29",Fuente de Cantos,Badajoz,6240,2,22.0,1239,N-630,N,False,27.337617014750442
2024003978,DIPBA Fregenal de la Sierra,38.164753,-6.654096,"Barriada Caja Rural, S/N",Fregenal de la Sierra,Badajoz,6340,2,22.0,460,N-435,N,False,865.4595206453079
2024003980,DIPBA Navalvillar de Pela,39.103718,-5.466362,"De Las Rañas, S/N",Navalvillar de Pela,Badajoz,6760,3,50.0,1132,N-430,N,False,103.19622172077078
2024003984,DIPBA Llerena,38.242653,-6.014565,"Calle Portillo De Frasco Vaca, S/N",Llerena,Badajoz,6900,3,50.0,1154,N-432,N,False,451.2980536507131
2024003987,Rest. La Ponderosa,37.295055,-5.711451,"Autovía A-92, Km 24",Carmona,Sevilla,41410,6,50.0,828,A-92,A,True,63.848704593822966
2024003988,Rest. La Fondica,40.21485,-0.943606,"Autovía A-23, Sal. 92","Puebla de Valverde, La",Teruel,44450,6,50.0,24,A-23,A,True,644.9314513014526
2024003989,Rest. El Pradillo,42.56526,-5.4984,"Calle Molino, 1",Valdefresno,León,24227,4,100.0,1192,N-601,N,False,49.637423312641694
2024003991,Hotel Mirasierra,41.18812,-3.583655,"Autovía A-1, Sal. 99",Casla,Segovia,40590,7,100.0,237,N-1A,N,False,42.54292813018855
2024003992,Hotel Finca La Estacada,40.024387,-2.95062,"Ctra. N-400, Km 103",Tarancón,Cuenca,16400,4,200.0,418,N-400,N,False,67.29700281438437
2024003993,Rest. El Reservado,36.725452,-4.254919,"Autovía A-7, Km 256",Moclinejo,Málaga,29738,6,50.0,642,A-7S,A,True,57.918678803203164
2024003995,Hotel Rest. Ruta Jacobea,42.899963,-8.441766,"Calle Lavacolla, 41",Santiago de Compostela,"Coruña, A",15820,4,100.0,808,A-54,A,True,1100.9532833198714
2024003996,Asador Arraiz,43.24151,-2.960092,"Arraiz Bidea, 116",Bilbao,Bizkaia,48002,6,50.0,1291,AP-8,AP,True,7.506266365818179
2024003998,Hotel Rest. Acueducto Gran Ruta,39.07741,-5.575436,"Ctra. N-430, Km 131",Acedera,Badajoz,6730,4,100.0,1132,N-430,N,False,41.54561480010683
2024003999,Hotel Triana,39.14287,-5.924325,"Calle Herradores, S/N",Mesas de Ibor,Cáceres,10100,4,100.0,789,A-5,A,True,793.1734290610098
2024004000,Asador San Ramón,41.358727,-1.615368,"Autovía A-2, Sal. 237",Calatayud,Zaragoza,50300,3,50.0,979,N-234,N,False,198.51050309481496
2024004001,Hotel Rey Sancho Ramírez,42.03354,0.104773,"Ctra. Nacional 240, Km 162,7",Barbastro,Huesca,22300,3,50.0,285,N-240,N,False,56.39850368244769
2024004002,Rest. El Chaparral,37.36016,-6.322507,"Autovía A-49, Km 28",Carrión de los Céspedes,Sevilla,41820,6,50.0,778,A-49,A,True,69.94465804481364
2024004003,Área J.R.A-92,37.181763,-4.056714,"A-92, Km 200",Huétor Tájar,Granada,18360,6,50.0,830,A-92,A,True,134.59674521681072
2024004004,Rest. Rincón de Pepe,37.52801,-3.637788,"Autovía A-44, Km 77",Iznalloz,Granada,18567,4,70.0,768,A-44,A,True,80.19702313376017
2024004005,Rest. Las Brasas de San Esteban,41.939377,-5.545129,"Autovía A-6, Km 251",San Esteban del Molar,Zamora,49650,6,30.0,69,A-6,A,True,181.5567601239026
2024004006,Bodegas Copaboca Tordesillas,41.518215,-4.942309,"Autovía A-62, Sal. 148",Tordesillas,Valladolid,47100,6,50.0,84,A-62,A,True,120.55933685584574
2024004007,Parrilla-Sidrería Los Sauces,43.530907,-5.922328,"Autovía A-8, Salida 406, La Tabla 12",Corvera de Asturias,Asturias,33412,4,70.0,817,A-8,A,True,374.26523158258766
2024004008,Rest. La Vasca,42.08493,-4.209016,"Autovía A-62, Km 55,5",Quintana del Puente,Palencia,34250,6,50.0,81,A-62,A,True,69.95640600101169
2024004009,Cash Superiku,38.51557,-3.494741,"Dr. Patricio Fernández, 2",Almuradiel,Ciudad Real,13760,4,140.0,623,N-4,N,False,44.99311914736256
2024004010,Hostal Soto,42.58513,-5.629951,"Ctra. De León-Astorga, Km 5",León,León,24010,4,100.0,211,N-120,N,True,33.53133791800341
2024004011,Rest. Río Blanco,37.248886,-5.009434,"Autovía A-92, Km 92",Osuna,Sevilla,41640,6,50.0,828,A-92,A,True,106.18762819681858
2024004013,Hotel Narcea,43.355515,-4.112311,"Autovía A-8, Sal. 234, Ctra. N-634, Km 5",Reocín,Cantabria,39590,6,50.0,574,N-634,N,False,15.214622131307292
2024004014,Camping Queixans,42.392773,1.916224,"Carrer Cadí, S/N",Alp,Girona,17538,3,50.0,301,N-260,N,False,222.3002270410629
2024004015,Rest. Grijota Golf,42.048187,-4.577387,"Ctra. Palencia-Villada, S/N",Grijota,Palencia,34192,2,150.0,94,A-65,A,True,1392.7045937414305
2024004018,"Rest. ""El Ventorro"" Jatetxea",42.86486,-2.319656,La Media Legua Kalea,Iruraiz-Gauna,Araba/Álava,1207,4,100.0,652,A-1,A,True,147.57288472740848
2024004019,Hostal Rest. Asturias,40.18634,-6.006636,"Autovía A-66, Ctra. N-630, Km 449",Jarilla,Cáceres,10728,5,100.0,1232,N-630,N,False,82.37578774945607
2024004020,Rest. Venta de Santa Lucía,41.496403,-0.367479,"Autovía A-2, Crta. N-Iia, Km 372",Pina de Ebro,Zaragoza,50750,6,43.0,948,N-2,N,False,28.557119104543172
2024004021,Fontanals de Cerdaña. Escadarcs,42.38491,1.891589,"Carrer De La Rufaca, 6",Alp,Girona,17538,3,50.0,301,N-260,N,False,903.9090960282095
2024004022,Hostal Torremar,41.1892,-2.40141,"Ctra. Lodares, Autovía A-2, Km 154",Medinaceli,Soria,42248,6,100.0,942,N-2,N,False,63.71186233102199
2024004023,Rest. Antolín,39.27403,-2.32532,"Ctra. Madrid-Cartagena, Km 195",Minaya,Albacete,2620,4,90.0,322,N-301,N,False,140.6530183388166
2024004026,Bar Rest. Lermanda,42.84359,-2.745751,"Lermandabidea Kalea, 41",Vitoria-Gasteiz,Araba/Álava,1015,4,100.0,651,A-1,A,True,439.9608298130049
2024004027,Hostal Rest. Maruja Nozana,43.39991,-5.782498,El Camín De La Fuente Nozana,Siero,Asturias,33429,4,150.0,93,A-64,A,True,831.7780081252232
2024004032,Rest. Asador Los Rosales,40.250015,-4.054693,"Autovía A-5, Km 37",Navalcarnero,Madrid,28600,5,100.0,786,A-5,A,True,30.91180636062705
2024004034,Hotel Elba Madrid Alcalá,40.43941,-3.631911,"Calle Alcalá, 476",Madrid,Madrid,28027,6,100.0,684,A-2,A,False,1064.60631118902
2024004035,Hotel Zodiaco,38.09882,-3.766868,"Ctra. Madrid - Cadiz, Km 294",Bailén,Jaén,23710,5,100.0,1012,N-323,N,False,1319.6107156231851
2024004038,Hotel Rest. Perú,39.4748,-5.858357,"Autovía A-5, Km 250",Torrequemada,Cáceres,10200,6,50.0,789,A-5,A,True,355.77411575081175
2024004039,Rest. Río Verde,39.13749,-0.52138,"Ctra. N-340, Km 864",Massalavés,Valencia/València,46292,4,110.0,129,A-7,A,True,289.7473597797954
2024004040,E.S. Europa Uno,37.383778,-6.050715,"C/Camilo José Cela, 2-14",Castilleja de la Cuesta,Sevilla,41950,4,100.0,778,A-49,A,True,76.41780984202038
2024004041,Rest. Los Rodríguez,38.300858,-6.31143,"Calle Real, 14",Calzadilla de los Barros,Badajoz,6249,3,50.0,111,A-66,A,True,788.7582736196193
2024004043,Hostal Mesón Pepa,42.460407,-2.405856,"Av. Aragón, 9",Logroño,"Rioja, La",26006,4,100.0,864,AP-68,AP,True,842.9988094648169
2024004044,Rest. Paris-Lisboa,41.301476,-5.224892,"Autovía A-62, Sal. 184, Ctra. N-620, Km 184",Alaejos,Valladolid,47510,4,100.0,1208,N-620,N,False,40.77301875693865
2024004046,Hotel Los Olivos,40.314114,-3.691478,"Autovía A-4, Sal. 12B",Getafe,Madrid,28906,7,140.0,741,A-4,A,True,50.78575832635916
2024004047,E.S. Palacios de Goda,41.132687,-4.7786,"Autovía A-6, Km 135",Donvidas,Ávila,5215,5,220.0,66,A-6,A,True,181.0724761305439
2024004048,Hotel Rest. Casa Celesto,43.38934,-6.009545,"N-634, S/N",Candamo,Asturias,33829,3,50.0,580,N-634,N,False,18.55120247024848
2024004050,Rest. Las Termas de Segóbriga,39.921238,-2.812996,"Av. Castilla-La Mancha, 11, Saelices, Km 102-A3",Saelices,Cuenca,16430,5,150.0,49,A-3,A,True,296.31354042153026
2024004051,E.S. Exoil Manises,39.498158,-0.48537,"Avinguda De La Cova, 62",Manises,Valencia/València,46940,7,150.0,245,N-220,N,False,1370.2638359139573
2024004052,Hotel Rest. Ceao,43.052654,-7.56441,"Pol. Ceao, Av. Benigno Rivera, S/N",Lugo,Lugo,27003,4,100.0,75,A-6,A,True,729.0233289811558
2024004054,Bodegas Copaboca Calahorra,42.308926,-1.955151,"Calle Algarrada, 4",Calahorra,"Rioja, La",26500,3,50.0,263,N-232,N,False,1741.4043217148583
2024004055,Rest. Santa Ana,39.52184,-3.523388,"Autovía A-4, Km 112",Borox,Toledo,45710,5,210.0,743,A-4,A,True,23.41644749266652
2024004056,Cooperativa De Meirás San Mateo,43.534386,-8.216205,Campo Ratas Trasancos,Narón,"Coruña, A",15540,4,150.0,592,N-655,N,False,1579.7251658197447
2024004057,Rest. Europa,40.69666,-6.41751,"Calle Los Tesos, 47D",Sancti-Spíritus,Salamanca,37470,4,100.0,1210,N-620,N,False,117.33908986210982
2024004060,Hotel Las Navas,39.16399,-3.859545,"Av. Del Santo, 82",Malagón,Ciudad Real,13420,4,100.0,421,N-401,N,False,840.6000514328767
2024004062,Rest. Castillo de Izán,41.75388,-3.68464,"Autovía A-1, Km 168",Aranda de Duero,Burgos,9370,6,50.0,19,A-1,A,True,363.51435560990285
2024004065,Rest. El Navarro,41.540104,-1.237256,"Autovía A-2, Km 285",Épila,Zaragoza,50290,7,200.0,689,A-2,A,True,94.9912862356696
2024004066,Hotel Rest. Los Olmos,42.784397,-4.252358,"Pol. Industrial De Aguilar De Campoo, 131",Aguilar de Campoo,Palencia,34800,4,150.0,1198,N-611,N,False,133.59017256777227
2024004067,Café-Rest. El Maragato,42.465153,-6.07357,"Ctra. Madrid-Coruña, Km 326",Astorga,León,24700,7,150.0,535,N-6,N,False,344.3180000322849
2024004068,La Albuera,38.71658,-6.824425,"Av. De Extremadura, 46","Albuera, La",Badajoz,6170,1,7.4,1159,N-432A,N,False,5.005500969113081
2024004069,Hotel Castilla,39.978848,-4.268037,"Av. Toledo, S/N",Torrijos,Toledo,45500,4,100.0,755,A-40,A,False,438.35483383599325
2024004070,Hosp. Infanta Cristina,40.219112,-3.783749,"Av. 9 De Junio, 2",Parla,Madrid,28981,24,22.0,761,A-42,A,False,136.428776492275
2024004072,Rest. Las Vegas,39.287163,-6.320935,N-630,Aldea del Cano,Cáceres,10163,7,240.0,1236,N-630,N,False,16.805030640685604
2024004073,Rest. Canoas La Ribera,43.431496,-5.062404,"Autovía A-8, Sal. 319",Ribadesella,Asturias,33569,6,50.0,577,N-634,N,False,26.48229219695539
2024004074,DIPBA Puebla de Obando,39.177975,-6.628697,"Calle Arriba, S/N",Puebla de Obando,Badajoz,6191,2,22.0,489,N-523,N,False,655.6329706734372
2024004075,Hotel Rest. Casa Marzo,41.340824,-1.224383,"Av. Del Ejército, S/N",Cariñena,Zaragoza,50400,4,100.0,351,N-330,N,False,385.96623397885696
2024004076,Rest. Picosa,40.955208,-5.692773,"Av. De Lasalle, 200",Carbajosa de la Sagrada,Salamanca,37008,4,200.0,1226,N-630,N,False,37.00092089462906
2024004077,Rest. Valle Grande,39.175926,-6.62066,Calle Pilar,Puebla de Obando,Badajoz,6191,4,100.0,489,N-523,N,False,35.294864833876964
2024004079,Hotel Rest. Los Maños,40.11408,-0.739011,"Autovía A-23, Km 72.4",Albentosa,Teruel,44477,7,150.0,976,N-234,N,False,140.88984566639124
2024004084,DIPBA Calamonte,38.885178,-6.379164,"Ba-038 Edif.Mancomunidad Integral, S/N",Calamonte,Badajoz,6810,2,22.0,110,A-66,A,True,1096.0224123260964
2024004085,Rest. El Lagar de Milagros,41.573154,-3.70457,"Av. De Castilla, 53",Adrada de Haza,Burgos,9462,8,100.0,889,N-1,N,False,49.970907500551
2024004087,Rest. El Quijote,38.86826,-1.123808,"Calle Hosteleros, 4",Almansa,Albacete,2640,4,100.0,727,A-31,A,True,1054.6864440086817
2024004089,DIPBA Monesterio,38.08397,-6.257967,"Calle De Los Agricultores, S/N",Monesterio,Badajoz,6260,3,50.0,111,A-66,A,True,230.57333003645104
2024004090,Rest. Los Manzanos,38.900448,-1.519374,"Ctra. Madrid-Alicante, Km 280",Chinchilla de Monte-Aragón,Albacete,2695,4,200.0,727,A-31,A,True,242.99803613311983
2024004092,Rest. Can Costa,42.24087,2.970646,"Ctra. Niia, Km 2",Figueres,Girona,17600,4,150.0,312,N-2A,N,False,17.48841039337262
2024004096,Rest. La Morena,37.43446,-1.911258,"Autovía A-7, Km 559",Huércal-Overa,Almería,4694,4,50.0,631,A-7S,A,True,69.98053321036862
2024004098,Rest. El Sequero,42.43187,-2.281125,Ctra. Logroño-Zaragoza (Nacional 232),Agoncillo,"Rioja, La",26160,4,120.0,263,N-232,N,False,37.98441691216604
2024004102,E.S. La Estrella de Qatar Teide,41.61983,-4.717486,"Calle Del Teide, 8",Valladolid,Valladolid,47013,4,200.0,1189,N-601,N,False,742.651704978747
2024004104,E.S. La Estrella de Qatar Turquesa,41.62076,-4.69666,"Calle Turquesa, 71",Valladolid,Valladolid,47012,4,200.0,662,A-11,A,False,343.8864170103404
2024004106,Hotel NH Ciudad de Zaragoza,41.657764,-0.881977,"Av. De César Augusto, 125",Zaragoza,Zaragoza,50003,2,7.4,355,N-330,N,False,1597.0970277625318
2024004107,Lavadero Los Bodegones,38.913998,-6.331926,"Avenida Reina Sofia, 27",Mérida,Badajoz,6800,4,100.0,1181,N-5,N,False,1232.0986374783124
2024004108,E.S. La Estrella de Qatar Raposa,41.628284,-4.769253,"C. De Santiago López González, 17",Valladolid,Valladolid,47197,2,200.0,84,A-62,A,True,808.0914715527064
2024004109,Hotel NH Alcorcón,40.3511,-3.846266,"Av. De Europa, 2, Edificio A",Alcorcón,Madrid,28922,2,7.4,784,A-5,A,True,92.57705000397479
2024004111,E.S. Petrocar Zafra,38.42995,-6.413041,"Recinto Ferial, Manzana R-2, S/N",Zafra,Badajoz,6300,4,150.0,1153,N-432,N,False,47.38718944407932
2024004112,Hotel Alaiz,42.73663,-1.632925,"Ctra. Zaragoza, Km 9",Galar,Navarra,31191,4,100.0,907,N-121,N,False,51.768843045853075
2024004114,E.S. CEPSA Penagos,43.332153,-3.839498,"Ca-406, 1",Penagos,Cantabria,39627,4,100.0,153,A-8,A,True,115.41517139976943
2024004117,E.S. CEPSA Camargo,43.404305,-3.868956,"Bo. La Calva, 16",Camargo,Cantabria,39600,8,150.0,553,N-623,N,False,764.0832426752427
2024004119,Hotel NH Collection Vigo,42.23739,-8.718466,"Rúa De García Barbón, 17-19",Vigo,Pontevedra,36201,2,7.4,168,AP-9V,AP,False,171.70591813713875
2024004124,We Taxi,40.436493,-3.6301,"C/Isaac Jimenez, 2",Madrid,Madrid,28037,6,150.0,684,A-2,A,False,1413.7149919285914
2024004131,Hotel NH Logroño Herencia Rioja,42.465836,-2.452909,"Calle Marqués De Murrieta, 14",Logroño,"Rioja, La",26005,2,7.4,195,N-111,N,False,1320.794068797241
2024004133,Hotel NH Ciudad de Valladolid,41.657055,-4.736955,"Av. Ramón Pradera, 12",Valladolid,Valladolid,47009,2,7.4,1190,N-601,N,False,1942.7214646324067
2024004137,Sant Gregori. Padel,41.990276,2.775548,"Ctra. Cartellà, S/N, Pol. Ind. Jueria",Ripoll,Girona,17150,6,100.0,872,AP-7N,AP,True,840.9468018741362
2024004138,Rest. El Cancho del Águila,40.87541,-3.603088,"Av. Cabrera, 87 Nac.1 Km.60,300","Cabrera, La",Madrid,28751,4,100.0,17,A-1,A,True,194.97361095372588
2024004139,Club De Golf Zuia,42.965782,-2.86842,"Autovía Vitoria-Altube, Salida 22",Zuia,Araba/Álava,1139,4,50.0,548,N-622,N,True,127.5784204326935
2024004140,Caserío San Benito,37.168266,-4.555725,"Autovía De Málaga, Km.86",Antequera,Málaga,29250,4,45.0,772,A-45,A,True,252.12403467115215
2024004142,Parking Reyes de España - Parkia,40.957382,-5.665616,"Av. De Los Reyes De España, S/N",Carbajosa de la Sagrada,Salamanca,37008,7,22.0,1229,N-630,N,False,451.40854200583124
2024004143,Parking Campillo - Parkia,40.969017,-5.661463,"Pl. Del Campillo, S/N",Salamanca,Salamanca,37002,5,22.0,1229,N-630,N,False,1663.0292137321753
2024004145,Parking El Espigón. Gijón - Parkia,43.543465,-5.666471,"C. Rodríguez San Pedro, 2",Gijón,Asturias,33206,11,50.0,1278,N-641,N,True,1719.6216600076868
2024004150,Rest. El Álamo,37.797626,-4.809957,"Autovía A-4, Km 412",Córdoba,Córdoba,14190,4,100.0,747,A-4,A,True,40.37150832179498
2024004152,Sant Gregori. Polideportivo,41.985764,2.759202,Passeig De L’Argelaguet,Ripoll,Girona,17150,5,50.0,872,AP-7N,AP,True,1841.0570456617622
2024004154,Parking Alfonso XIII - Parkia,43.461113,-3.805811,"Pl. Alfonso Xiii, 5",Santander,Cantabria,39002,17,50.0,1202,N-611,N,False,1701.5950145760276
2024004155,Padel Indoor Tarrega,41.663506,1.133481,"Polígono Industrial 1-C, Avd. De La Canaleta",Tàrrega,Lleida,25300,4,150.0,698,A-2,A,True,329.2259370932964
2024004159,Otero de las Dueñas,42.7846,-5.783691,"Polígono 19, Parcela 183, Reguera Valle",Carrocera,León,24123,4,100.0,858,AP-66,AP,True,310.2452564161726
2024004162,Parrillada Barral,43.234478,-8.12946,"Parada, 9",Aranga,"Coruña, A",15316,4,70.0,540,N-6,N,False,47.95497687512614
2024004163,Rest. O Sombreiro,43.28225,-8.427976,"Orro, 26",Culleredo,"Coruña, A",15199,4,100.0,78,A-6,A,False,160.60709378952393
2024004164,KIA Hipergar,42.56552,-6.666784,"Ctra. N-Vi Km 392, Polígono Industrial",Arganza,León,24410,4,100.0,536,N-6,N,False,5.461883723500406
2024004166,Hostal El Botero,40.78518,-1.347556,"Avd. De Madrid, 2",Monreal del Campo,Teruel,44300,4,100.0,978,N-234,N,False,23.91376979529231
2024004167,Hotel San Blas,43.16969,-2.609233,"Laubideta, 7",Abadiño,Bizkaia,48220,4,100.0,566,N-634,N,False,41.42365908610207
2024004170,Rest. El Huerto,43.54438,-7.080848,"Villaframil, 2",Ribadeo,Lugo,27710,4,100.0,585,N-634,N,False,36.659670485492875
2024004171,Rest. Cruce de las Herrerías,39.164066,-6.263602,"Ex 382, Km 0",Alcuéscar,Cáceres,10160,2,150.0,1236,N-630,N,False,66.03717733811669
2024004178,Hotel Aragón,42.55511,-0.67917,"C.N.240, Km 295",Santa Cilia,Huesca,22791,4,100.0,287,N-240,N,False,25.29453291066468
2024004179,Hotel NH Las Tablas,40.49825,-3.664563,"Av. De Burgos, 131",Madrid,Madrid,28050,7,30.0,14,A-1,A,False,799.9088222443022
2024004182,Llosa de Ranes,39.01688,-0.54416,"Carr. De Rotgla,","Llosa de Ranes, la",Valencia/València,46815,4,150.0,385,N-340,N,False,854.0349842268785
2024004185,Hospital Universitario del Sureste,40.29661,-3.45738,"Calle Caolín, S/N",Arganda del Rey,Madrid,28500,14,22.0,46,A-3,A,True,562.4814125894706
2024004187,Hotel Ibis Budget Madrid Aeropuerto,40.447613,-3.551043,"Pegaso Tres, C. Dos Provisional Iveco, 27",Madrid,Madrid,28022,6,7.4,685,A-2,A,True,129.58906761616063
2024004188,E.S. Avía Alcalá de Henares,40.4983,-3.390656,"Av. De Daganzo, 17",Alcalá de Henares,Madrid,28806,3,50.0,685,A-2,A,True,600.6288167712146
2024004191,Elba Motril Hotel Beach & Business Hotel,36.72439,-3.53972,"Av. Playa De Poniente, S/N",Motril,Granada,18613,2,22.0,338,N-323,N,True,189.8488608156642
2024004193,Hotel Elba Estepona,36.40881,-5.186244,"Urb.Arenabeach. Ctra.Estepona - Cádiz, 151",Estepona,Málaga,29693,4,22.0,4,A-7S,A,True,12.09116875761068
2024004194,Ayto. El Ronquillo,37.72943,-6.177975,"C/El Casarejo, 2","Ronquillo, El",Sevilla,41880,4,100.0,1240,N-630,N,False,539.0728857266429
2024004196,Rest. Beltrán Jenaro,40.764977,0.646226,"Carrer De Les Flors, 38",Camarles,Tarragona,43894,4,100.0,391,N-340,N,False,68.9899898825516
2024004197,Hotel Vejo,43.005375,-4.13028,"Av. Cantabria, 83",Campoo de Enmedio,Cantabria,39200,4,100.0,115,A-67,A,True,350.17027665478645
2024004198,E.S. Super Gasoil Ontígola,39.990463,-3.587198,"Calle Hospital, 36",Ontígola,Toledo,45340,4,150.0,742,A-4,A,True,288.75425070137084
2024004207,Hotel Posadas de España. Pinto,40.26389,-3.692191,"Calle Sierra Nevada, 3",Pinto,Madrid,28320,4,100.0,741,A-4,A,True,138.2641409448063
2024004208,Ayto. Azuqueca de Henares,40.565453,-3.268033,"Av. Del Agricultor, 4",Azuqueca de Henares,Guadalajara,19200,3,50.0,685,A-2,A,True,1094.0174648879326
2024004209,Rest. Albaraka,39.68679,-3.504286,"Av. Andalucía, 94",Tembleque,Toledo,45780,4,150.0,743,A-4,A,True,181.22008035567097
2024004211,Rest. El Colmenar,40.679806,-4.632006,"Carr. Vicolozan Carretera Villacastín, 2D,",Ávila,Ávila,5194,4,100.0,182,N-110,N,False,82.26622930691045
2024004212,Compostela Suites Madrid,40.44715,-3.580277,"Calle Zambrana, 4",Madrid,Madrid,28022,10,22.0,685,A-2,A,True,300.00465424897783
2024004213,Hotel Los Acebos,43.384167,-5.182908,"Urbanización, S/N",Parres,Asturias,33540,4,100.0,577,N-634,N,False,151.14233215451117
2024004214,Apartamentos La Regatina,43.56226,-6.201051,"Poeblo De Lamuño, S/N",Cudillero,Asturias,33155,3,50.0,820,A-8,A,True,640.631569440289
2024004216,E.S. Super Gasoil Valdemoro,40.17221,-3.665604,"Av De Andalucía, 519",Valdemoro,Madrid,28343,4,150.0,741,A-4,A,True,60.11265285346653
2024004217,Hotel Flor de la Mancha,39.202175,-2.148308,"Calle Montalvos, S/N","Roda, La",Albacete,2630,4,100.0,725,A-31,A,True,299.7300964405335
2024004219,Hotel Rey Arturo,42.30618,-3.731586,"Ctra. A-62, Km. 6,600",Arcos,Burgos,9195,4,100.0,81,A-62,A,True,1145.8534160420827
2024004220,E.S. BP Úbeda,38.022038,-3.367885,"Calle León Xiii-Crta De Circunvalación, 9",Úbeda,Jaén,23400,2,100.0,731,A-32,A,True,876.3421262672616
2024004222,E.S. Piadela,43.275093,-8.238773,"Piadela, Parcela 19",Bergondo,"Coruña, A",15319,4,150.0,76,A-6,A,True,614.1567710113211
2024004224,Asador 7 de Julio (A-2),40.447296,-3.558145,"Av. Del Ingeniero Conde De Torroja, 16",Madrid,Madrid,28022,2,100.0,685,A-2,A,True,236.1487630008569
2024004225,E.S. San Isidro,40.486183,-3.362066,"Calle Sebastián De La Plaza, 2",Alcalá de Henares,Madrid,28805,4,150.0,685,A-2,A,True,1884.0885484127584
2024004232,Hotel Camino de Santiago,42.332817,-3.561735,"Estrada Logroño-Vigo, Km.102",Castrillo del Val,Burgos,9198,4,100.0,205,N-120,N,False,43.96277825362332
2024004233,Mesón Despeñaperros,38.344208,-3.536243,"Av. De Andalucía, 91",Santa Elena,Jaén,23213,4,100.0,1174,N-4A,N,False,74.15153963878049
2024004234,CC Palmetillo,37.37548,-5.914082,"C/Alfonso Braojos Garrido, 1",Sevilla,Sevilla,41016,5,100.0,827,A-92,A,True,1001.1201891705844
2024004235,E.S. La Estrella de Qatar Gijón,43.536552,-5.71536,"Calle Manuel Vigil Montoto, 104",Gijón,Asturias,33213,4,100.0,1278,N-641,N,True,1747.7755264784494
2024004236,KIA Carastur,43.54202,-6.983541,"N-634, Km. 548",Tapia de Casariego,Asturias,33749,4,100.0,584,N-634,N,False,59.55745698884066
2024004239,Rest. Gran Ruta,38.938072,-1.758911,"Autovía De Alicante, Km. 86",Chinchilla de Monte-Aragón,Albacete,2520,4,100.0,727,A-31,A,True,63.79120525737107
2024004241,E.S. Bagarciva,40.30414,-3.726392,"C. Calvario, 10",Getafe,Madrid,28901,2,100.0,761,A-42,A,False,1081.395187187988
2024004242,Rest. La Dehesa,38.93009,-1.832255,"Cv-A-3, 10",Albacete,Albacete,2008,4,100.0,323,N-301,N,False,30.63528926745469
2024004243,Hotel Ciudad de Borja,41.83176,-1.523313,"N-122, Km 62,500",Borja,Zaragoza,50540,4,100.0,909,N-122,N,False,21.41241911887733
2024004245,E.S. Petrocar Cáceres,39.455563,-6.367376,"Ctra. Medellin, 1-A",Cáceres,Cáceres,10005,4,190.0,1235,N-630,N,False,1365.8087257432526
2024004248,Rest. Ballestanea,43.35885,-1.80801,"Calle Arkolla Auzoa, 39",Hondarribia,Gipuzkoa,20280,3,100.0,1294,N-638,N,True,1067.3229909490206
2024004249,Hotel Rest. Izar Ondo,42.916824,-2.03687,"Calle Iruñeko Etorbidea, S/N",Arbizu,Navarra,31839,4,100.0,605,A-10,A,True,411.56205694920294
2024004251,Bar Rest. La Trobada,42.599594,-0.857265,"N-240, Km 311",Canal de Berdún,Huesca,22770,4,100.0,287,N-240,N,False,36.899966372617094
2024004254,Rest. Chuletero El Cañuelo,37.475967,-4.589134,"Cl Polígono 9. Parcela, 434",Cabra,Córdoba,14940,2,100.0,1038,N-331,N,False,62.5405223185264
2024004255,Camping Castillo,36.741142,-3.301643,"Avenida De Las Delicias, 35",Polopos,Granada,18750,4,100.0,1063,N-340,N,False,29.762346819663993
2024004256,Hotel Rural La Lluriga,43.402573,-4.745808,"Calle Ortiz, S/N",Llanes,Asturias,33596,2,150.0,575,N-634,N,False,58.21122369277523
2024004258,Clickfer SIC Melide,42.89863,-7.987685,"Parque Empresarial Madalena, Rúa 5",Melide,"Coruña, A",15800,2,150.0,505,N-547,N,False,260.33026374842655
2024004260,Cafetería El Polígono,43.534878,-6.512775,"Polígono Industrial De Almuña, S/N",Valdés,Asturias,33787,4,100.0,582,N-634,N,False,62.59324923773014
2024004261,Hotel Rest. Font del Pla,42.40662,2.880578,"Avenida 6 De Octubre, S/N","Jonquera, La",Girona,17709,2,150.0,957,N-2,N,False,206.0971777475086
2024004267,Rest. La Palomica,41.695015,-0.988313,"Ctra De Logroño, Km 10.800, Polígono 8, Parcela 9007",Utebo,Zaragoza,50180,4,70.0,260,N-232,N,False,28.978709678765682
2024004268,Rest. Loma del Valle,36.987034,-3.605657,"A-44, Km 153, Polígono 1, Parcela 905",Albuñuelas,Granada,18659,4,100.0,771,A-44,A,True,106.35687929269498
2024004269,Rest. El Polígon,39.23243,-0.488846,"Carrer De Tramuntana, 21",Carlet,Valencia/València,46240,4,100.0,129,A-7,A,True,228.61459339535108
2024004271,Ayto. Villafranca de los Barros,38.559822,-6.339801,"C. Manuel Martínez, 2",Villafranca de los Barros,Badajoz,6220,3,22.0,1238,N-630,N,False,904.2607053415383
2024004274,Radiadores Palacios,42.585835,-5.583238,"Av. De Portugal, 2",León,León,24009,2,100.0,210,N-120,N,True,61.17792095277738
2024004281,Bar Volante,42.49089,-6.121285,"Ctra. Madrid-Coruña, Km 331,",Brazuelo,León,24714,2,100.0,535,N-6,N,False,34.96767266524296
2024004282,Hotel Caballo Negro,36.540028,-6.173239,"C. Comercio, 1",Puerto Real,Cádiz,11510,4,100.0,846,AP-4,AP,True,114.02573614793084
2024004283,E.S. BP Cubillas,37.285664,-3.675543,"Av. Madrid, 8",Albolote,Granada,18290,4,100.0,341,N-323A,N,False,45.83121438828621
2024004284,Hotel Ciudad de Ávila,40.664127,-4.669255,"Av. Juan Carlos I, 33",Ávila,Ávila,5004,3,100.0,430,N-403,N,False,1546.2837272005952
2024004286,Rest. El Carcau,39.7685,-0.208786,"Av. Comunidad Valenciana, 1","Llosa, la",Castellón/Castelló,12591,4,100.0,387,N-340,N,False,24.945669268151356
2024004287,Hotel Posadas de España. Cartagena,37.617413,-0.955313,"Av. Luxemburgo, S/N",Cartagena,Murcia,30353,4,150.0,723,A-30,A,True,124.0297214635663
2024004289,Rest. Sala,40.67694,-4.081923,"C. Carretera De Los Molinos, 2",Guadarrama,Madrid,28440,8,50.0,527,N-6,N,False,1092.4050040087807
2024004294,Still Pinto,40.26532,-3.696323,"C. Coto De Doñana, 10",Pinto,Madrid,28320,2,22.0,741,A-4,A,True,485.3813080045471
2024004296,Exolum,40.391205,-3.679587,"C. Titán, 13",Madrid,Madrid,28045,20,7.4,740,A-4,A,False,116.66569116636292
2024004300,PCTEX Badajoz,38.886337,-7.004663,"Av. De La Investigación, S/N",Badajoz,Badajoz,6006,2,50.0,794,A-5,A,True,790.696079758758
2024004304,PCTEX Badajoz - Instituto Medicina Legal,38.886868,-7.002152,"Av. De La Investigación, S/N",Badajoz,Badajoz,6006,2,22.0,794,A-5,A,True,894.1082795439237
2024004305,Ayto Miajadas. Calle Iglesias,39.151608,-5.90775,"C. Iglesias, 1",Mesas de Ibor,Cáceres,10100,2,22.0,1180,N-5,N,False,1208.7313794404986
2024004306,Ayto Miajadas. Av. de Trujillo,39.153202,-5.904891,"Av. De Trujillo, 54",Mesas de Ibor,Cáceres,10100,2,22.0,1180,N-5,N,False,917.6894302063948
2024004307,Ayto Miajadas. Plaza del Rollo Blanco,39.151325,-5.908643,"Plaza Del Rollo Blanco, S/N",Mesas de Ibor,Cáceres,10100,2,22.0,1180,N-5,N,False,1282.9019377469717
2024004308,Ayto Miajadas. Calle Enrollada,39.150097,-5.907409,"C. Enrollada, 1",Mesas de Ibor,Cáceres,10100,2,22.0,1180,N-5,N,False,1325.200900719908
2024004309,Ayto Miajadas. C. Cilla,39.152225,-5.9047,"C. Cilla, 14",Mesas de Ibor,Cáceres,10100,2,7.4,1180,N-5,N,False,999.9724844462859
2024004310,Rest. San Martiño,42.815662,-8.616869,"N-550, 72",Ames,"Coruña, A",15866,3,40.0,509,N-550,N,False,26.66153428038547
2024004317,TK Elevator. Móstoles,40.342587,-3.878556,"Federico Cantero Villamil, 4",Móstoles,Madrid,28935,14,7.4,785,A-5,A,True,467.974965741538
2024004321,GERNIKA PASEALEKUA,43.04624,-2.1991107,Gernika pasealekua,Beasain,Gipuzkoa,20200,2,50.0,656,A-1,A,True,173.41603409158606
2024004322,Cullera - Max Aub,39.169056,-0.2421496,"Max Aub, 1",Cullera,Valencia/València,46400,2,22.0,372,N-332,N,False,1926.7042126486897
2024004323,Cullera - La Marina,39.159218,-0.2516016,Ausias March 11,Cullera,Valencia/València,46400,2,22.0,372,N-332,N,False,1414.6456302650392
2024004324,Cullera - Lorenzo Borja,39.165436,-0.24415039,"Lorenzo Borja, 25",Cullera,Valencia/València,46400,2,22.0,372,N-332,N,False,1916.4503028716977
2024004327,Cullera - Riu,39.16417,-0.2570794,Carrer del Riu 36,Cullera,Valencia/València,46400,2,22.0,372,N-332,N,False,984.754426570149
2024004328,Cullera - Pescadors,39.161552,-0.2544519,Carrer dels Pescadors 64,Cullera,Valencia/València,46400,2,22.0,372,N-332,N,False,1268.6215434698272
2024004331,Cullera - Pais Valencià,39.16237,-0.25598446,Av Pais Valencià 1,Cullera,Valencia/València,46400,2,22.0,372,N-332,N,False,1138.296934470749
2024004342,Media Markt Les Gavarres,41.132046,1.20302,"Carrer Josep Maria Folch I Torres, 10, 43006",Tarragona,Tarragona,43006,6,150.0,137,A-7,A,False,223.4994474460703
2024004343,Media Markt Finestrat,38.53748,-0.179914,"Avinguda País Valencià, 14, 03509 Finestrat",Finestrat,Alicante/Alacant,3509,4,120.0,884,AP-7N,AP,True,302.363004034072
2024004347,Hotel Bernat de So,42.46672,1.98021,"Carrer de les Bulloses, 24",Llívia,Girona,17527,2,7.36,228,N-154,N,False,394.6970129415228
2024004362,PUNTO DE RECARGA DEL PUERTO,43.304478,-2.2026212,"PORTUA KALEA 2BIS, BAJO RECA.",Getaria,Gipuzkoa,20808,1,55.0,565,N-634,N,False,223.8734230099279
2024004373,Ayuntamiento de Urkabustaiz,42.952877,-2.899242,Plaza Municipal S/N,Urkabustaiz,Araba/Álava,1440,2,22.0,861,AP-68,AP,True,1193.9351166084548
2024004374,ACCIONA - Estacion autobuses Emisalba,38.99828,-1.847515,"Calle Federico García Lorca, 6",Albacete,Albacete,2001,6,50.0,726,A-31,A,True,339.7729503565567
2024004375,ACCIONA - Hotel Bruc,41.594517,1.7675818,"Hqv9+R2 El Bruc, España","Bruc, El",Barcelona,8294,3,50.0,699,A-2,A,True,75.97630555938198
2024004381,ACCIONA - Villamuriel de Cerrato - Avenida Aguilera,41.948715,-4.513697,"Avenida Aguilera, 10A",Villamuriel de Cerrato,Palencia,34190,3,60.0,113,A-67,A,True,761.3746437246181
2024004382,ACCIONA - Hotel Manzanares,38.985012,-3.380419,"Calle Sector Pp1c S U, 27",Manzanares,Ciudad Real,13200,3,50.0,745,A-4,A,True,139.83937124236135
2024004383,ACCIONA - La Molina C/Romaní,42.345238,1.9570138,"Barri Plan Estacion, 47",Alp,Girona,17537,2,22.0,301,N-260,N,False,844.6382431570717
2024004384,ACCIONA - Restaurante El Vasco - Villarubio,39.946594,-2.8946514,"N-Iii, 13",Almendros,Cuenca,16420,3,100.0,49,A-3,A,True,414.76129377259014
2024004385,ACCIONA - El Aral,41.313244,-2.0027764,"8X7w+7V Ariza, España",Ariza,Zaragoza,50220,3,50.0,688,A-2,A,True,92.71311193325639
2024004386,ACCIONA - Balneario Paracuellos de Jiloca,41.316273,-1.6430013,"N-234, 4",Paracuellos de Jiloca,Zaragoza,50342,4,120.0,978,N-234,N,False,59.12838537930313
2024004387,ACCIONA - Hostal Alfil,39.976116,-4.742954,"Polígono Sector 7, 19",Cazalegas,Toledo,45683,3,50.0,787,A-5,A,True,565.4688382394722
2024004389,ACCIONA - Restaurante El Azafrán,40.837513,-1.3082305,"Vial Camino, 3",Caminreal,Teruel,44350,2,60.0,963,N-211,N,False,95.1727735137915
2024004390,ACCIONA - (A) La Molina Avd. Supermolina,42.336884,1.9365222,"Avinguda Supermolina, 1",Alp,Girona,17537,2,22.0,301,N-260,N,False,1593.463688522901
2024004391,ACCIONA - C.C. Moraleja Green,40.518658,-3.655331,"Avenida De Europa, 13",Alcobendas,Madrid,28108,6,7.0,15,A-1,A,True,231.6907762865291
2024004392,ACCIONA - Valdepeñas,38.760094,-3.3876474,"Calle Del Seis De Junio, 99",Valdepeñas,Ciudad Real,13300,5,50.0,745,A-4,A,True,1847.3131539229807
2024004395,ACCIONA - First Stop Almendralejo,38.673912,-6.390387,"Carretera Gijón-Sevilla, 120",Almendralejo,Badajoz,6200,3,50.0,1238,N-630,N,False,699.4814354104968
2024004396,ACCIONA - First Stop Kansas City,37.40482,-5.9574714,"Avenida De Kansas City, S/N",Sevilla,Sevilla,41007,3,23.0,747,A-4,A,True,801.7107812721068
2024004397,ACCIONA - Hotel Restaurante Mavi,40.855934,-3.6128633,"Avenida De La Cabrera, 8","Cabrera, La",Madrid,28751,2,22.0,17,A-1,A,True,209.85197625572638
2024004398,ACCIONA - Hotel Bersoca,40.040447,0.0525755,"Carrer Les Barraques, 15",Benicasim/Benicàssim,Castellón/Castelló,12560,3,60.0,389,N-340,N,True,788.3278950529611
2024004400,ACCIONA - Hotel Restaurante 280 - CCS,41.516155,-1.2892926,"Cn-Ii, Km. 280,100",Calatorao,Zaragoza,50280,2,180.0,689,A-2,A,True,74.97994678244612
2024004401,ACCIONA - Masia del Pla restaurant,41.355206,1.289352,"974Q+3P El Pla De Santa Maria, España","Pla de Santa Maria, El",Tarragona,43810,3,15.0,841,AP-2,AP,True,1720.3077075628282
2024004402,ACCIONA - Alp,42.372997,1.8843437,"Carrer Mancomunitat, 4",Alp,Girona,17538,5,120.0,301,N-260,N,False,1292.4370802179617
2024004404,ACCIONA - Cafeteria la Cadiera,41.311134,-2.0019095,"8X6x+F6 Ariza, España",Ariza,Zaragoza,50220,3,50.0,688,A-2,A,True,83.75694815622809
2024004405,ACCIONA - L'ampolla - CCS,40.811256,0.7056618,"Carrer Bassa Del Mig, 9","Ampolla, L'",Tarragona,43895,2,90.0,391,N-340,N,False,74.160963428572
2024004406,ACCIONA - Hotel Marivella - CCS,41.372723,-1.5811791,"Paraje Marivella, 228",Calatayud,Zaragoza,50300,2,100.0,689,A-2,A,True,471.31371278787736
2024004407,ACCIONA - E.S. de la Vega - CCS y CHAdeMO,42.986446,-4.1349263,"Xvp8+H2 Matamorosa, España",Campoo de Enmedio,Cantabria,39200,3,50.0,115,A-67,A,True,158.95991661167284
2024004408,ACCIONA - R. Jardín 1900 y pico,39.9776,-4.8390927,"Urbanización Piedras Muchas, 2",Oropesa,Toledo,45600,2,15.0,787,A-5,A,True,1078.06417246275
2024004409,ACCIONA - El Casar - CCS,40.70298,-3.4311576,"Calle Carretera De Fuentelsaz, S/N","Casar, El",Guadalajara,19170,2,120.0,334,N-320,N,False,452.56135676010757
2024004410,ACCIONA - Ayuntamiento Fiscal,42.499237,-0.1186829,"Carretera Bergua, 7",Broto,Huesca,22373,3,120.0,305,N-260,N,False,130.80876064361533
2024004411,ACCIONA - E.S. Pastores - CCS,36.11206,-5.453326,"Urbanizacion Ue Los Pastores Sur, 4I",Algeciras,Cádiz,11207,2,50.0,407,N-350,N,False,136.46719992360943
2024004412,ACCIONA - ANTIGA MASÍA,41.578785,1.6410168,"Carrer De La Masia, 1",Òdena,Barcelona,8711,2,100.0,699,A-2,A,True,1630.7879558110612
2024004413,ACCIONA - Hotel Beatriz - (subterráneo) - Tipo 2,39.877518,-4.0423713,"Calle De Los Concilios, 3V",Toledo,Toledo,45005,2,7.0,761,A-42,A,False,1825.9975014905026
2024004414,ACCIONA - Hotel Ebora,39.962193,-4.8176303,"Avenida De Madrid, 9",Oropesa,Toledo,45600,3,50.0,478,N-502A,N,False,712.7172057722668
2024004415,ACCIONA - L'ampolla Centre de dia,40.81402,0.7099995,"Avinguda De La Generalitat, 17","Ampolla, L'",Tarragona,43895,3,50.0,880,AP-7N,AP,True,122.53546827291454
2024004416,ACCIONA - Hotel Restaurant Hostal el Carme,41.647026,1.1031373,"Avinguda Catalunya, 4",Vilagrassa,Lleida,25330,3,50.0,949,N-2,N,False,40.25641220032594
2024004417,ACCIONA - Legarda Logroño,42.711414,-1.7777059,"P66c+Hw Legarda, España",Legarda,Navarra,31133,2,100.0,667,A-12,A,False,36.4753979417023
2024004418,ACCIONA - El Molino,42.651638,-3.0842607,"N-I, 306",Cascajares de Bureba,Burgos,9280,2,22.0,173,N-1,N,False,81.6995499541651
2024004420,ACCIONA - H. LOS CEREZOS,41.096478,-3.594362,"Calle Mayor, 884K","Acebeda, La",Madrid,28755,3,50.0,17,A-1,A,True,82.78638856894017
2024004422,ACCIONA - Hotel Las Artes - (subterráneo),40.256294,-3.6943762,"Paseo De Las Artes, 15",Pinto,Madrid,28320,2,22.0,741,A-4,A,True,347.1670540995194
2024004423,ACCIONA - Las Vegas - Burgos - CCS,42.363636,-3.6273334,"Carretera Madrid-Irún, 319",Burgos,Burgos,9007,2,120.0,171,N-1,N,False,38.213899912747884
2024004424,ACCIONA - Hotel La Seu,42.3553,1.44097,"Carretera Nacional 260, 34",Estamariu,Lleida,25710,2,90.0,304,N-260,N,False,30.260286882107437
2024004425,ACCIONA - A.S. Padrosa - Llers,42.299545,2.9380121,"Carrer Barreiros, 1",Llers,Girona,17730,2,150.0,956,N-2,N,False,204.30730157465098
2024004427,ACCIONA - C.C. Urbil 01,43.276146,-2.0241046,"Barrio Txiki-Erdi, 7",Usurbil,Gipuzkoa,20170,6,50.0,565,N-634,N,False,182.47164738940384
2024004428,ACCIONA - Grupo Engind,41.353,1.7296124,"Carrer Sant Miquel D'olèrdola, 3",Vilafranca del Penedès,Barcelona,8720,2,120.0,396,N-340,N,False,81.4016684168432
2024004429,ACCIONA - El Ejido - CCS,36.771137,-2.8267684,"N-340A, 31","Ejido, El",Almería,4700,2,100.0,403,N-340A,N,False,365.2288046638022
2024004430,ACCIONA - Molina de Segura - Calle Mayor,38.051533,-1.2108834,"Calle Mayor, 42",Abarán,Murcia,30500,3,50.0,1100,N-344,N,False,1620.7280850460165
2024004431,ACCIONA - Villamuriel de Cerrato - Calle Azucena,41.95282,-4.5155096,"Calle Azucena, 3",Villamuriel de Cerrato,Palencia,34190,3,60.0,113,A-67,A,True,962.4765692414255
2024004432,ACCIONA - A Palloza,43.05047,-7.5118375,"Lugar Muxa De Arriba, 21",Lugo,Lugo,27192,4,120.0,1269,N-640,N,False,31.305905516834247
2024004434,ACCIONA - Molina de Segura - Av. Gutiérrez Mellado,38.066143,-1.2051479,"Avenida Gutiérrez Mellado, 101",Abarán,Murcia,30500,2,120.0,55,A-30,A,True,662.2452811824035
2024004435,ACCIONA - C.C. Urbil 02,43.276146,-2.0241907,"Barrio Txiki-Erdi, 7",Usurbil,Gipuzkoa,20170,13,50.0,565,N-634,N,False,180.79632239187808
2024004437,ACCIONA - C.C. Berceo,42.46263,-2.4206483,"Calle Lérida, 1",Logroño,"Rioja, La",26006,17,100.0,670,A-13,A,False,111.91112092048652
2024004438,ACCIONA - Parke Tec - Edificio B9,43.291878,-1.9849907,"Mikeletegi Pasealekua, 51",Donostia/San Sebastián,Gipuzkoa,20009,2,7.0,1288,AP-8,AP,True,1380.99938470482
2024004439,ACCIONA - UCO Belmez,38.267597,-5.2077413,"Avenida De La Universidad, S/N",Belmez,Córdoba,14240,1,7.0,1154,N-432,N,False,1199.495264814798
2024004440,ACCIONA - Estación Medina de Pomar,42.933815,-3.4874406,"Calle Doctor Fleming, 6A",Medina de Pomar,Burgos,9500,3,30.0,561,N-629,N,False,134.5667414102138
2024004441,ACCIONA - PARKE TEC - EDIFICIO B8,43.293545,-1.9848585,"Mikeletegi Pasealekua, 58",Donostia/San Sebastián,Gipuzkoa,20009,4,7.0,1288,AP-8,AP,True,1566.3424166484112
2024004445,ACCIONA - PARKE TEC - EDIFICIO A21,43.29569,-1.9856485,"Miramon Pasealekua, 73",Donostia/San Sebastián,Gipuzkoa,20009,2,7.0,1288,AP-8,AP,True,1803.0465605282284
2024004446,ACCIONA - PARKE TEC - EDIFICIO A11,43.294125,-1.9863137,"Mikeletegi Pasealekua, 69",Donostia/San Sebastián,Gipuzkoa,20009,2,7.0,1288,AP-8,AP,True,1629.1570607697704
2024004447,ACCIONA - PARKE TEC - EDIFICIO A12,43.294952,-1.9861099,"Mikeletegi Pasealekua, 73B",Donostia/San Sebastián,Gipuzkoa,20009,2,7.0,1288,AP-8,AP,True,1720.8468316379642
2024004448,ACCIONA - UCO Rabanales,37.913322,-4.720352,"W77h+8Vc La Vega Del Montón De La Tierra, Esp",Córdoba,Córdoba,14014,3,50.0,625,N-4,N,False,698.5799923134515
2024004449,ACCIONA - C.C. Alcora Plaza,40.34332,-3.8519976,"Avenida De Europa, 22",Alcorcón,Madrid,28922,9,22.0,784,A-5,A,True,591.6889654965021
2024004450,ACCIONA - UCO Séneca,37.864883,-4.7938156,"Avenida Menéndez Pidal, 5",Córdoba,Córdoba,14004,2,22.0,782,A-4R2,A,False,920.0317694502819
2024004452,ACCIONA - Ripoll Plaça de l'Abat Arnulf,42.20086,2.189451,"Plaça Abat Arnulf, 3",Ripoll,Girona,17500,2,30.0,301,N-260,N,False,586.7200725426222
2024004453,ACCIONA - Ripoll Zona Esportiva,42.191795,2.1957667,"Carrer De Concepció Ducloux, S/N",Ripoll,Girona,17500,2,110.0,301,N-260,N,False,1619.6192318667352
2024004455,PROXIMAMENTE ACCIONA - Tanatorio de Luarca,43.5265,-6.553228,"Poblado Valtravieso, S/N",Valdés,Asturias,33791,2,22.0,820,A-8,A,True,157.502600440003
2024004457,ACCIONA - Balcón de Júcar,39.09007,-0.537396,"Plaça Numero 13, 2",Alberic,Valencia/València,46260,3,50.0,129,A-7,A,True,54.869146133845526
2024004459,PROXIMAMENTE ACCIONA - Tanatorio de Barcia,43.5372,-6.4970684,"Calle Barcia, 6",Valdés,Asturias,33787,2,22.0,582,N-634,N,False,37.91698306756205
2024004464,ACCIONA - E.S. La Colorada,43.53566,-6.705951,"G7pv+7H La Colorada, Navia, España",Coaña,Asturias,33719,4,100.0,821,A-8,A,True,384.0072994581125
2024004465,ACCIONA - CEPSA Tábara,41.820766,-5.9502416,"R2cx+8W Tábara, España",Tábara,Zamora,49140,3,50.0,1253,N-631,N,False,29.385284765604393
2024004471,Mesón La Gran Familia,38.62855,-6.369484,"Autovía A-66, Km 657",Villafranca de los Barros,Badajoz,6220,7,150.0,110,A-66,A,True,4.528694231466143
2024004472,Rest. Chorrilla,38.84326,-3.39245,"Av. Del Sur, Km. 191",Valdepeñas,Ciudad Real,13300,4,100.0,745,A-4,A,True,181.7731793479675
2024004474,Petritegi Sagardotegia,43.29049,-1.94121,"Petritegi Bidea, 8",Donostia/San Sebastián,Gipuzkoa,20014,4,150.0,1287,AP-8,AP,True,162.40494701861059
2023000087,E.S. LOS IBONES,41.66084,-0.9271814,Pº LAGOS DEL ALBA Nº2 (N-232 P.K 243 margen dcho),Zaragoza,Zaragoza,50011,3,50.0,260,N-232,N,False,42.96275698650753
2023000088,E.S. PORTAZGO,41.660816,-0.9258108,"AUTOVÍA DE LOGROÑO KM. 0,3",Zaragoza,Zaragoza,50011,3,50.0,260,N-232,N,False,28.33550905863936
2024004604,Estacionamientos Lucenses,43.01213,-7.55498,Rúa Anxel Fole s/n,Lugo,Lugo,27001,9,22.0,538,N-6,N,False,1594.3126374910264
2024004610,ÁREA AUTOCARAVANAS ABRES,43.44251,-7.0982437,Estrada General N-640,Trabada,Lugo,27765,2,22.0,1269,N-640,N,False,33.069677534876895
2024004622,DFG - Itsasondo Plaza,43.067295,-2.16492,Kalea Nagusia 1,Itsasondo,Gipuzkoa,20249,2,22.0,656,A-1,A,True,151.64552315914665
2024004623,DFG - Zizurkil Ernio,43.19004,-2.0570576,"Cam. Ernio, 930, 20150, Gipuzkoa",Aduna,Gipuzkoa,20150,2,22.0,656,A-1,A,True,492.1827283707818
2024004625,DFG - Zizurkil Ayto,43.197712,-2.0735164,"Teodoro Hernandorena Bertsozalearen Kalea, 13",Asteasu,Gipuzkoa,20159,2,22.0,656,A-1,A,True,1884.3037374045252
2024004629,DFG - Berrobi,43.14472,-2.0248957,"Lugar Jose Maria Goikoetxea, 918, 20493 Berro",Berastegi,Gipuzkoa,20493,2,22.0,681,A-15,A,True,1828.8316276780752
2024004630,DFG - Elduain,43.14152,-2.001014,"Elduain Hirigunea Gunea, 68-62, 20493 Elduain",Berastegi,Gipuzkoa,20493,2,22.0,681,A-15,A,True,697.7344120800396
2024004631,DFG - Irura,43.16775,-2.06542,"C. Zillar, 20270 Irura, Gipuzkoa",Irura,Gipuzkoa,20271,6,22.0,656,A-1,A,True,59.53632581341758
2024004632,DFG - Ibarra,43.12959,-2.066055,"Otarreaga Kalea, 20400 Ibarra, Gipuzkoa",Ibarra,Gipuzkoa,20400,2,22.0,656,A-1,A,True,524.1005849635391
2024004633,DFG - Leaburu,43.124485,-2.0517375,"Leaburu Auzoa, 3, 20491 Leaburu, Gipuzkoa",Belauntza,Gipuzkoa,20491,2,22.0,656,A-1,A,True,1817.587544377812
2024004634,DFG - Berastegui,43.125107,-1.9798801,"Matxiku Erreka Kalea, 4B, 20492 Berastegi, Gi",Berastegi,Gipuzkoa,20492,4,22.0,681,A-15,A,True,1044.0854879662818
2024004635,DFG - Alegia,43.10007,-2.096296,"Biblioteca, Beistin Auzoa, 8 (Inaxio Begirist",Alegia,Gipuzkoa,20260,2,22.0,656,A-1,A,True,222.52195791484039
2024004636,DFG - Ikaztegieta,43.095535,-2.1239376,"20267 Icazteguieta, Gipuzkoa",Ikaztegieta,Gipuzkoa,20267,2,22.0,656,A-1,A,True,356.73840308673533
2024004637,DFG - Itsasondo Hostal,43.069313,-2.163656,"Kale Nagusia Kalea, 10, 20249 Itsasondo, Gipu",Itsasondo,Gipuzkoa,20249,2,22.0,656,A-1,A,True,175.8763865615732
2024004638,DFG - Altzaga,43.064205,-2.1541305,"20248 Alzaga, Gipuzkoa",Arama,Gipuzkoa,20248,2,22.0,656,A-1,A,True,772.3979908369563
2024004639,DFG - Arama,43.063354,-2.166364,"Diseminado, Arama Plaza, 10, 20248 Aram",Arama,Gipuzkoa,20248,2,22.0,656,A-1,A,True,86.61948230237843
2024004644,CENTRO EMPRENDEMENTO ESTACION RIBADULLA 1,42.77662,-8.428024,"LG. GALEGOS, Nº 28 (SANTA CRUZ DE RIBADULLA)",Vedra,"Coruña, A",15880,2,22.0,495,N-525,N,False,149.10612515617848
2024004645,CENTRO SAUDE VEDRA 1,42.77553,-8.48324,"AVDA. MESTRE M. GOMEZ, Nº 38 (VEDRA)",Vedra,"Coruña, A",15885,2,22.0,852,AP-53,AP,False,1356.5890934783727
2024004673,SADENA. Delta 4,40.48774,-3.664458,"Av. De Manoteras, 46",Madrid,Madrid,28050,8,7.4,14,A-1,A,False,1852.6349389991722
2024004674,Catella. Parc Cugat,41.490078,2.080152,"Av. Can Fatjó Dels Aurons, 9",Sant Cugat del Vallès,Barcelona,8174,10,7.4,875,AP-7N,AP,True,241.23806782004417
2024004675,SADENA. Delta 6,40.48712,-3.664431,"Av. De Manoteras, 46",Madrid,Madrid,28050,12,7.4,14,A-1,A,False,1918.4001616489431
2024004656,SHELL URNIETA,43.234943,-1.99994,Bo Ergoien. Poligono Industrial,Urnieta,Gipuzkoa,20130,2,50.0,682,A-15,A,False,212.36115755819267
2024004657,SHELL MAKRO BARAJAS,40.444645,-3.5824182,"Cl Campezo Pg. Las Mercedes, 7",Madrid,Madrid,28022,2,60.0,685,A-2,A,True,578.3196776418649
2024004659,SHELL SANCTI SPIRITUS,40.697113,-6.41704,"Cr N-620 Km, 309",Sancti-Spíritus,Salamanca,37470,2,90.0,1210,N-620,N,False,124.6636096911565
2024004660,SHELL CAPMANY MONTAÑA (N),42.38007,2.8905396,Cr N-Ii Km 771,Capmany,Girona,17750,2,60.0,956,N-2,N,False,7.027824555320021
2024004696,E-LO-Logroño-007,42.48762,-2.426882,"Las Cañas,22",Logroño,"Rioja, La",26006,2,150.0,670,A-13,A,False,588.271943672532
2024004698,E-BU-Burgos-006,42.304417,-3.702258,"Madrid Irun,234",Burgos,Burgos,9001,2,150.0,19,A-1,A,True,28.132234665080492
2024004712,E-MU-Murcia-006,37.990658,-1.127706,"Teniente General Gutierrez Mellado,1",Murcia,Murcia,30001,4,7.4,723,A-30,A,True,1386.8922798187907
2024004700,SA-Salamanca-013,40.95021,-5.65528,"Salamanca S/N  (Parquin Centro Comercial,350",Salamanca,Salamanca,37002,4,175.0,798,A-50,A,True,348.57461726145095
2024004713,E-A-Benidorm-005,38.53539,-0.155074,"Avda Villajoyosa  S/N,1",Benidorm,Alicante/Alacant,3502,3,50.0,364,N-332,N,False,1090.4594494571431
2024004715,M-AlcaladeHenares-014,40.49562,-3.354961,"Miguel De Unamuno,68",Alcalá de Henares,Madrid,28805,2,7.4,685,A-2,A,True,1082.6925560977213
2024004702,E-OU-Ourense-001,42.28701,-7.859841,"Madrid,231",San Cibrao das Viñas,Ourense,32910,2,150.0,801,A-52,A,True,1213.7481041115036
2024004705,E-LE-Ponferrada-004,42.555,-6.615,"Cl C/ Lisboa Portal 6, . Ponferrada, 24400, Leon (España) 6,6",Ponferrada,León,24404,2,22.0,536,N-6,N,False,1481.17294568623
2024004719,E-V-Valencia-029,39.46806,-0.412599,"Mendizabal,1",Xirivella,Valencia/València,46014,8,22.0,53,A-3,A,False,451.8455268784156
2024004720,E-A-Orihuela-019,37.8972,-0.753795,"Teodoro Llorente Campoamor,2",Elche/Elx,Alicante/Alacant,3191,2,22.0,1047,N-332,N,False,621.7967348339444
2024004722,E-C-SantiagoDeCompostela-004,42.90147,-8.52297,"N-550  Km57,N/A",Santiago de Compostela,"Coruña, A",15890,2,150.0,809,A-54,A,True,1129.5447139659454
2024004724,Z-Calatayud-011,41.35501,-1.640091,"San Nicolás De Francia,N/A",Calatayud,Zaragoza,50300,2,22.0,945,N-2,N,False,826.4966568214847
2024004725,O-OVIEDO-035,43.36437,-5.85875,"Principe Asturias,N/A",Oviedo,Asturias,33012,2,22.0,1218,N-630,N,False,966.9355411144576
2024004728,A-Alicante-023,38.38384,-0.4896,"Musico Jose Torregrosa,33",Alicante/Alacant,Alicante/Alacant,3112,3,50.0,138,A-70,A,True,78.23145179560285
2024004731,E-MU-Lorca-005,37.666294,-1.703926,"Soto,8",Lorca,Murcia,30800,2,7.3,135,A-7,A,True,508.55473130553224
2024004736,ES-LA-CARIDAD-01,43.543655,-6.848585,"Autovía Del Cantábrico (A8),489","Franco, El",Asturias,33759,2,50.0,821,A-8,A,True,195.06534275818714
2024004737,E-A-Torrevieja-002,37.963043,-0.704644,"Joannes Kepler,8",Torrevieja,Alicante/Alacant,3185,2,22.0,1048,N-332,N,False,210.04419362762707
2024004740,E-MU-Lorca-007,37.663013,-1.707011,"Salud,N/A",Lorca,Murcia,30800,2,7.3,135,A-7,A,True,403.4963162278055
2024004741,E-C-Oleiros-001,43.327236,-8.365778,"Rua Prados,15",Oleiros,"Coruña, A",15179,2,150.0,160,AP-9,AP,True,1525.6652985615797
2024004743,E-MU-Cartagena-011,38.004112,-1.146764,"Luxemburgo (Pg.Cabezo Beaza),1",Murcia,Murcia,30009,6,22.0,723,A-30,A,True,792.9482863340786
2024004747,E-A-Elche/Elx-016,38.310097,-0.606167,"A-70,25",Elche/Elx,Alicante/Alacant,3295,4,22.0,140,A-70,A,True,126.30846487678679
2024004759,E-M-Algete-001,40.517693,-3.617031,"Barajas A Fuente El Saz (M-111),16",Alcobendas,Madrid,28109,6,7.4,15,A-1,A,True,1609.4594614661312
2024004763,E-A-Elche/Elx-018,38.3081,-0.60596,"A-70,25",Elche/Elx,Alicante/Alacant,3295,2,22.0,140,A-70,A,True,95.9346289216133
2024004764,SA-SALAMANCA-008,40.96916,-5.656893,"Estacion,11",Salamanca,Salamanca,37004,3,50.0,1229,N-630,N,False,1890.4540484465601
2024004765,E-BI-Bilbao-007,43.244488,-2.9338,"San Adrian,48",Arrigorriaga,Bizkaia,48003,4,50.0,150,A-8,A,False,254.274954613216
2024004767,E-MU-Lorca-006,37.66366,-1.69474,"San Fernando,1",Lorca,Murcia,30800,2,7.3,135,A-7,A,True,1363.6337780692613
2024004768,E-CA-LosBarrios-001,36.17108,-5.459255,"Fresno,7","Barrios, Los",Cádiz,11379,2,150.0,604,A-381,A,True,61.207052684454325
2024004770,E-BI-Berriz-002,43.16579,-2.58226,"Eitua,33",Berriz,Bizkaia,48249,2,22.0,566,N-634,N,False,14.358343478542198
2024004771,E-O-Gijon-002,43.51003,-5.689451,"As 1219,N/A",Gijón,Asturias,33211,2,150.0,814,A-8,A,True,550.1338539811792
2024004777,Z-Calatayud-008,41.3503,-1.64686,"Fernandez Ardavin,N/A",Calatayud,Zaragoza,50300,2,22.0,945,N-2,N,False,416.8479637087863
2024004779,E-M-Madrid-037,40.378696,-3.779392,"Oliva De Plasencia,1",Madrid,Madrid,28044,2,7.3,783,A-5,A,False,1728.7946598185338
2024004780,E-MU-Lorca-008,37.67186,-1.696709,"Carruajes,1",Lorca,Murcia,30800,2,7.3,135,A-7,A,True,970.4120229128098
2024004783,E-LE-Leon-009,42.58851,-5.62066,"Pablo Diez,1",León,León,24010,2,150.0,211,N-120,N,True,34.972425801289035
2024004785,E-A-Orihuela-020,38.08453,-0.967868,"Enmedio,N/A",Orihuela,Alicante/Alacant,3300,2,22.0,1065,N-340,N,False,781.6232361332673
2024004788,SO-SORIA-005,41.775387,-2.483663,"Las Casas - Calle A,9",Golmayo,Soria,42190,2,22.0,981,N-234,N,False,773.6767351932812
2024004791,O-OVIEDO-053,43.3588,-5.8446,"Arzobispo Guisasola,2",Oviedo,Asturias,33008,2,22.0,1218,N-630,N,False,932.373956247
2024004794,LE-ValverdedelaVirgen-002,42.58344,-5.64351,"Pablo Diez,60",Valverde de la Virgen,León,24198,2,7.3,211,N-120,N,True,417.62217492001037
2024004796,E-MU-Murcia-018,38.00138,-1.128258,"Nuestra Señora De Atocha,1",Murcia,Murcia,30007,2,7.4,723,A-30,A,True,1911.5004243465764
2024004798,E-A-Altea-010,38.574444,-0.07441,"Viejo De Altea,51","Alfàs del Pi, l'",Alicante/Alacant,3581,4,22.0,366,N-332,N,False,1614.905767899795
2024004803,E-A-Elche/Elx-017,38.310143,-0.606173,"A-70,25",Elche/Elx,Alicante/Alacant,3295,2,22.0,140,A-70,A,True,131.4410255674068
2024004807,E-CA-JerezDeLaFrontera-002,36.6963,-6.161715,"El Calvario,0",Jerez de la Frontera,Cádiz,11408,4,7.36,754,A-4,A,True,599.6657192828538
2024004808,E-MU-Lorca-003,37.680466,-1.687419,"Canal De San Diego,17",Lorca,Murcia,30800,2,7.3,135,A-7,A,True,1103.7187683396949
2024004809,E-MU-Lorca-004,37.680443,-1.687419,"Cristo De La Sangre,1",Lorca,Murcia,30800,2,7.4,135,A-7,A,True,1106.19977207443
2024004811,E-SE-Sevilla-013,37.38955,-5.945306,"Fernandez Murube,32",Sevilla,Sevilla,41007,2,150.0,827,A-92,A,True,546.2914834422844
2024004815,BI-Zamudio-007,43.29385,-2.863988,"Tecnologico,207",Derio,Bizkaia,48170,4,22.0,564,N-633,N,True,1386.1471862867286
2024004830,ECI-Tomás Breton,40.396736,-3.691036,"Calle De Tomás Bretón, 53",Madrid,Madrid,28045,2,22.0,740,A-4,A,False,1245.6871195164088
2024004832,Mcdonald's Andújar,38.038357,-4.037858,"Avda. De Londres, 1",Andújar,Jaén,23740,2,100.0,746,A-4,A,True,215.96230593050635
2024004834,Hotel ex-convento Mave,42.72309,-4.274733,"Monasterio s/n, C. Mayor Smmv, 31",Aguilar de Campoo,Palencia,34492,1,11.0,114,A-67,A,False,1199.7082219288134
2024004835,JANEIRO RANILLA SUMINISTROS ALTO LEON SL,42.636784,-5.589879,C TRA NACIONAL 630 PK 140,Villaquilambre,León,24193,1,50.0,1220,N-630,N,False,12.910098769824216
2024004841,ECI - CC Sanchinarro,40.496628,-3.659886,"Calle De Margarita De Parma, 1",Madrid,Madrid,28050,5,120.0,14,A-1,A,False,805.2021930138396
2024004843,ECI - Oficinas. Tomás Bretón,40.396736,-3.691036,"Calle De Tomás Bretón, 53",Madrid,Madrid,28045,2,22.0,740,A-4,A,False,1245.6871195164088
2024004850,NA-Tudela-008,42.039196,-1.588469,"Canal De Mañeru,2",Tudela,Navarra,31500,2,150.0,118,A-68,A,False,514.9861186267269
2024004855,NA-LIEDENA-001,42.61366,-1.27795,"Dos,407",Liédena,Navarra,31487,10,150.0,704,A-21,A,True,668.0679279023617
2024004861,V-Cullera-003,39.16168,-0.248555,"Andres Piles,0",Cullera,Valencia/València,46400,4,22.0,372,N-332,N,False,1753.8677386633317
2024004864,J-Andujar-005,38.03442,-4.056306,"Antigua Madrid-Cádiz,N/A",Andújar,Jaén,23740,2,100.0,746,A-4,A,True,396.9468353139824
2024004870,E-V-Rafelbuñol-003,39.591892,-0.334747,"Carlos Alonso Palate,3",Rafelbunyol,Valencia/València,46138,2,22.0,126,A-7,A,True,1928.0050515379357
2024004871,ESTACIÓN DE SERVICIO NAFTE BARAKALDO,43.28669,-3.0027654,CALLE RETUERTO 42,Barakaldo,Bizkaia,48903,1,60.0,1292,AP-8,AP,True,973.4549270123753
2024004873,FAST Río Norte,40.53189,-3.644366,"Carretera de Fuencarral, 4",Alcobendas,Madrid,28108,3,120.0,15,A-1,A,True,138.4408937643298
2024004874,"INEL, SL",38.830948,-0.575768,"Avenida del Textil,67",Ontinyent,Valencia/València,46870,2,3.7,130,A-7,A,False,1004.2610107036951
2024004875,"ENSECONIL, SL",36.342014,-6.095611,"CARRETERA NACIONAL 331 KM 42,8",Conil de la Frontera,Cádiz,11149,2,22.0,777,A-48,A,False,1486.0476612217412
2024004877,AYUNTAMIENTO CARRION DE LOS CONDES,42.337505,-4.604279,Plaza Condes de Carrión,Carrión de los Condes,Palencia,34120,2,22.0,208,N-120,N,False,779.0027508008585
2024004879,FAST Hyuconsa Palencia,42.00651,-4.516563,"Calle Andalucía, 16",Palencia,Palencia,34004,2,60.0,94,A-65,A,True,1300.0196654677368
2024004880,"ENILEC, SL",38.685978,-0.474025,C/ Avinguda de d`Elx 29,Alcoy/Alcoi,Alicante/Alacant,3801,2,22.0,380,N-340,N,False,1123.2570073444217
2024004882,HOTEL CIUDAD DE ALCAÑIZ SA,41.052532,-0.1533179,"AVDA. ZARAGOZA, 88",Alcañiz,Teruel,44600,2,22.0,280,N-232A,N,False,10.886882952891135
2024004883,HOTEL PEDRO I DE ARAGON SL,42.139175,-0.4130737,"C/ DEL PARQUE, 34",Huesca,Huesca,22003,2,22.0,30,A-23,A,True,1426.9431778375365
2024004886,Alpicat,41.669407,0.550937,Passeig del Parc S/n (Pavello municipal),Alpicat,Lleida,25110,1,22.0,713,A-22,A,True,1753.009235980848
2024004708,E-MU-Murcia-022,38.006283,-1.148281,"Central (Polig.Industrial),13",Murcia,Murcia,30009,4,22.0,723,A-30,A,True,898.7807998356182
2024004709,E-PO-Tomiño-001,42.223,-8.673,"Cr Ctra Granxola Portal 4, Bajo. Tomiño (Santa Maria P.), Tomiño, 36730, Ponteve,4",Vigo,Pontevedra,36215,2,22.0,811,A-55,A,True,864.9194559851161
2023000086,Atenoil Valdepeñas,38.89988,-3.39051,"carretera del sur a4,185",Valdepeñas,Ciudad Real,13310,2,60.0,745,A-4,A,True,32.16344087055148
2023000097,Golf Altorreal Murcia,38.059143,-1.210108,Avenida golf 3,Molina de Segura,Murcia,30500,2,60.0,55,A-30,A,True,1546.1571661521966
2023002106,Parla,40.24045,-3.753668,Carretera Pinto-parla km1,Parla,Madrid,28983,2,0.06,761,A-42,A,False,1766.1359894416962
2023002107,Cellnex Lleida.,41.66552,0.525833,"Avinguda d'Alpicat ur Buenos Aires, 2",Alpicat,Lleida,25110,4,0.06,993,N-240,N,False,72.33170909729563
2024004894,SHELL CAPMANY MS (RÍO),42.380924,2.8892117,"CR N-II, KM.,771",Capmany,Girona,17750,2,150.0,956,N-2,N,False,50.469917427718705
2024004912,Espacio Ciudadano Reina Mercedes,37.356983,-5.986235,"Av. De La Reina Mercedes, 59",Sevilla,Sevilla,41012,2,22.0,748,A-4,A,True,1729.893826361922
2024004914,Calle Torres Farfán,37.323162,-5.968887,"Calle Torres-Farfan, S/N, 0",Sevilla,Sevilla,41014,2,22.0,627,N-4,N,False,1223.4368297463946
2024004915,IES Salvador Tavora,37.3779,-5.9548,"C. Puerto De Los Alazores, 7",Sevilla,Sevilla,41006,2,22.0,827,A-92,A,True,1567.1197098158823
2024004916,Hospital De Valme Frente,37.31864,-5.968507,"Avda De Bellavista, 155",Sevilla,Sevilla,41014,2,22.0,627,N-4,N,False,729.559874284899
2024004923,BP Campohermoso,36.9408,-2.138573,Av. Príncipe de Asturias 4117,Níjar,Almería,4110,2,60.0,632,A-7S,A,True,1267.0183276797477
2024004924,Abanto Las Carreras,43.318974,-3.0981588,"Haritzalde Enparantza, 7",Abanto y Ciérvana-Abanto Zierbena,Bizkaia,48500,2,22.0,567,N-634,N,False,19.888427467409127
2024004929,E-CA-ElPuertoDeSantaMaria-002,36.61067,-6.209373,"Inventor Pedro Cawley,33","Puerto de Santa María, El",Cádiz,11500,2,22.0,754,A-4,A,True,1976.7327317093807
2024004931,A-ALTEA-005,38.630924,-0.001601,"Campomanes Nautico P.,1",Altea,Alicante/Alacant,3599,2,22.0,367,N-332,N,False,98.19393309470755
2024004932,T-Montblanc-006,41.38666,1.157002,"Lleida,4",Montblanc,Tarragona,43400,2,150.0,991,N-240,N,False,144.91087682033233
2024004936,E-CA-JerezDeLaFrontera-004,36.707775,-6.118386,"Nacional Iv Madrid-Cadiz,0",Jerez de la Frontera,Cádiz,11407,2,150.0,754,A-4,A,True,935.8702407452306
2024004942,E-M-Madrid-210,40.39931,-3.62574,"Ladera De Los Almendros,28",Madrid,Madrid,28032,18,22.0,46,A-3,A,True,823.5229850968435
2024004944,E-CO-Montoro-001,38.010853,-4.380841,"Atalaya Y Morron,S/N",Montoro,Córdoba,14600,4,22.0,746,A-4,A,True,152.33879323229516
2024004947,E-M-Madrid-219,40.402782,-3.720876,"Melancólicos,30",Madrid,Madrid,28005,8,22.0,761,A-42,A,False,1774.0787133245358
2024004950,E-SA-Aldeatejada-001,40.94343,-5.679997,"A Vecinos,S/N",Aldeatejada,Salamanca,37187,4,22.0,106,A-66,A,True,373.99025564102493
2024004951,E-M-Madrid-107,40.349518,-3.702419,"Alcocer,39",Madrid,Madrid,28041,4,22.0,761,A-42,A,False,1727.6150976380243
2024004955,E-M-VillarejoDeSalvanes-001,40.16424,-3.27003,"Encomienda (De La),56",Perales de Tajuña,Madrid,28590,4,22.0,47,A-3,A,True,109.52174395341972
2024004956,E-CS-Vinaros-001,40.482197,0.473385,"Viejo De Rosell,2",Vinaròs,Castellón/Castelló,12500,6,22.0,1090,N-340A,N,False,49.82853179589398
2024004962,E-A-L'AlfasDelPi-001,38.57229,-0.075995,"Vell D'altea,51","Alfàs del Pi, l'",Alicante/Alacant,3580,6,22.0,366,N-332,N,False,1376.723331628207
2024004966,E-LO-Haro-001,42.57617,-2.853561,"Portugal,2",Haro,"Rioja, La",26200,6,22.0,933,N-124,N,False,910.0366732232858
2024004972,E-LU-Foz(santiago)-001,43.566387,-7.262719,"Alvaro Cunqueiro,60",Foz,Lugo,27780,4,22.0,1281,N-642,N,True,726.857154965771
2024004975,E-MA-Manilva-001,36.36469,-5.229147,"Bolivia,18",Manilva,Málaga,29691,4,22.0,4,A-7S,A,True,36.87320731670468
2024004980,HU-Barbastro-004,42.034687,0.127809,"Pablo Sahun,2",Barbastro,Huesca,22300,2,22.0,285,N-240,N,False,564.8235526573326
2024004981,E-MA-Malaga-014,36.753002,-4.42376,"Casabermeja,64",Málaga,Málaga,29014,2,22.0,776,A-45,A,False,393.9569891777238
2024004983,E-M-ParedesDeBuitrago-001,40.488823,-3.875356,"Comunidad De Madrid,6","Rozas de Madrid, Las",Madrid,28231,4,22.0,63,A-6,A,True,743.5427900277709
2024004985,E-CS-LaVallD'uixo-01,39.823273,-0.230521,"Corazon De Jesus,13","Vall d'Uixó, la",Castellón/Castelló,12600,2,22.0,124,A-7,A,False,1748.6329336923336
2024004987,E-BA-Badajoz-004,38.874916,-6.953651,"Madrid-Lisboa,399",Badajoz,Badajoz,6009,2,50.0,1131,N-430,N,False,405.09305419547564
2024004989,E-AB-Albacete-007,39.005714,-1.885102,"Constantino Romero,0",Albacete,Albacete,2006,6,22.0,1003,N-322,N,True,248.3627176086755
2024004991,E-SE-Bormujos-001,37.375965,-6.063122,"Hernan Cortes,S/N",Bormujos,Sevilla,41930,2,22.0,778,A-49,A,True,812.798132134758
2024004993,E-LU-Quiroga-002,42.475483,-7.275459,"Cl Cl C/ Rosalía De Castro Portal 5, . Quiroga, 27320,5",Quiroga,Lugo,27320,1,22.0,215,N-120,N,False,186.53760622696868
2024004994,E-V-Manises-001,39.491554,-0.466913,"Valencia,0",Manises,Valencia/València,46940,4,22.0,245,N-220,N,False,265.78871757878505
2023000002,Mercado Puente de Vallecas,40.395336,-3.667804,"C. de Martínez de la Riva, 4, 28053 Madrid",Madrid,Madrid,28053,5,60.0,740,A-4,A,False,1112.2021677476287
2024005470,PUERTO DE ARCADE,42.340363,-8.612991,"Rúa do peirao, 8",Soutomaior,Pontevedra,36690,2,22.0,513,N-550,N,False,286.2654181173875
2024005471,VÍA DE TREN ARCADE,42.34157,-8.610695,"Estrada Estacon, 30A",Soutomaior,Pontevedra,36690,2,22.0,513,N-550,N,False,67.25391399587355
2024005476,Hotel Eden Park by Brava Hotels,41.897316,2.776284,"Salida 8, Ap-7, S/N",Campllong,Girona,17457,2,22.0,872,AP-7N,AP,True,117.05416881676459
2024005480,RTVE_San Cugat del Vallés,41.492157,2.072385,Avinguda De La Generalitat,Sant Cugat del Vallès,Barcelona,8174,12,22.0,875,AP-7N,AP,True,397.0483905627596
2024000001,ESTACIÓN DE SERVICIO NAFTE MIGUEL SERVET 280,41.632866,-0.8614023,"MIGUEL SERVET, 280",Zaragoza,Zaragoza,50013,2,60.0,120,A-68,A,False,147.03471526248532
2023002122,IONITY Pola de Lena,43.182007,-5.811178,"A-66, Km 58",Lena,Asturias,33695,2,350.0,98,A-66,A,True,57.89536717450981
2023002123,IONITY Ariza Sur,41.3113,-2.003104,"A-2 Km 197,1",Ariza,Zaragoza,50220,2,350.0,688,A-2,A,True,112.33833210708839
2023002124,IONITY Imarcoain,42.73238,-1.618726,Ap-15 Km 78,Noáin (Valle de Elorz)/Noain (Elortzibar),Navarra,31119,2,350.0,606,AP-15,AP,True,102.7860523453369
2024005490,SERVICIOS PUENTE LIÑARES SL,42.698254,-8.459119,CTRA ESTRADA- LALIN KM 201.700,"Estrada, A",Pontevedra,36687,1,26.0,1275,N-640,N,False,51.157583882561916
2023002125,IONITY Puerto Lumbreras,37.575718,-1.801359,"A-7, Km 580",Lorca,Murcia,30890,2,350.0,135,A-7,A,True,204.20202217583608
2023002126,IONITY Vila Sana,41.64386,0.931523,A-2 Km 489,Golmés,Lleida,25241,4,350.0,698,A-2,A,True,144.5865729102932
2023002127,IONITY Palleja,41.42051,2.001623,Ronda De Santa Eulàlia,Pallejà,Barcelona,8780,4,350.0,700,A-2,A,True,119.76544029927764
2023002128,IONITY Trigueros Norte,37.334072,-6.789409,"A-49, Km 70 Sentido Portugal",Santa Olalla del Cala,Huelva,21620,2,350.0,778,A-49,A,True,56.63872084920408
2023002129,IONITY El Hidalgo,38.823765,-3.3963635,A-4 Km 193,Valdepeñas,Ciudad Real,13300,4,350.0,745,A-4,A,True,66.40595311140407
2023002130,IONITY Ariza Norte,41.31289,-2.001533,"A-2 Km 197,1",Ariza,Zaragoza,50220,4,350.0,688,A-2,A,True,104.50515272068017
2023002131,IONITY Casabermeja,36.898254,-4.429885,A-45 Km 124,Casabermeja,Málaga,29160,4,350.0,774,A-45,A,True,191.0225802987785
2023002132,IONITY Merida Ciudad,38.93402,-6.343309,"Avenida De Felipe Vi, S/N",Mérida,Badajoz,6800,2,350.0,1236,N-630,N,False,549.3370858182416
2023002133,IONITY Briviesca Norte,42.529476,-3.331824,"Ap-1 Km 36, Sentido Burgos",Briviesca,Burgos,9240,2,350.0,834,AP-1,AP,True,102.71345132204873
2023002134,IONITY Briviesca Sur,42.526173,-3.333109,"Ap-1 Km 36, Sentido Vitoria",Briviesca,Burgos,9240,2,350.0,834,AP-1,AP,True,84.40672417482659
2023002135,IONITY Martin de Yeltes Sur,40.769604,-6.28666,A-62 Km 297,Castraz,Salamanca,37494,2,350.0,88,A-62,A,True,181.85563834848492
2023002136,IONITY O Corgo Sur,42.964878,-7.45764,A-6 Km 487 Sentido Madrid,"Corgo, O",Lugo,27163,2,350.0,74,A-6,A,True,123.864233597785
2023002137,IONITY O Corgo Norte,42.96586,-7.454562,A-6 Km 487 Sentido A Coruna,"Corgo, O",Lugo,27163,2,350.0,74,A-6,A,True,110.50996009065744
2023002138,IONITY Girona,41.89873,2.770511,"N-156, 902 Vilobi D'onyar",Vilobí d'Onyar,Girona,17185,4,350.0,231,N-156,N,False,56.27354556431491
2023002139,IONITY La Marina Este,38.534855,-0.2033622,"Ap-7, Km 655.4 Sentido Valencia","Villajoyosa/Vila Joiosa, la",Alicante/Alacant,3570,2,350.0,884,AP-7N,AP,True,71.38633149953456
2023002140,IONITY La Marina Oeste,38.53609,-0.2022194,"Ap-7, Km 655.4 Sentido Alicante","Villajoyosa/Vila Joiosa, la",Alicante/Alacant,3570,2,350.0,884,AP-7N,AP,True,70.9472088964517
2023002141,IONITY Sotogrande,36.286793,-5.312391,"A-7 Km 133, Centro Comercial Mar Y Sol",San Roque,Cádiz,11310,2,350.0,5,A-7S,A,True,126.77795085110846
2023002142,IONITY Jarama,40.616077,-3.585191,"Vía De Servicio A-1, Km 28",Colmenar Viejo,Madrid,28707,6,350.0,16,A-1,A,True,202.71287797333932
2023002143,IONITY Albacete,38.96892,-1.823691,"Polígono Nº 71, Parcela Nº 678",Albacete,Albacete,2008,2,350.0,54,A-30,A,True,454.01726645452646
2023002144,IONITY Trigueros Sur,37.331757,-6.8012576,"A-49 Km 71,3 Sentido Sevilla",Santa Olalla del Cala,Huelva,21620,2,350.0,778,A-49,A,True,93.02323497736607
2023002145,IONITY Tudela Sur,42.012207,-1.600613,"Ap-68 Km 223, Area De Servicio De Tudela Sentido Zaragoza",Fontellas,Navarra,31512,2,350.0,865,AP-68,AP,True,101.910550615071
2023002146,IONITY Logroño Norte,42.4503,-2.369494,"Ap-68, Km 136, Área De Servicio De Logroño",Logroño,"Rioja, La",26006,2,350.0,864,AP-68,AP,True,51.98626730280696
2023002147,IONITY Zaragoza,41.66782,-0.92309,Camino De Monzalbarba Sn,Zaragoza,Zaragoza,50003,2,350.0,121,A-68,A,False,503.4453976007439
2023002148,IONITY Logroño Sur,42.449924,-2.369992,"Ap-68, Km 136, Área De Servicio De Logroño",Logroño,"Rioja, La",26006,2,350.0,864,AP-68,AP,True,103.93040361737638
2023002149,IONITY Tudela Norte,42.01257,-1.600367,"Ap-68, Km 223 Área De Servicio De Tudela Sentido Logrono",Fontellas,Navarra,31512,2,350.0,865,AP-68,AP,True,57.12341254891916
2023002150,IONITY Campo de las Naciones,40.458576,-3.616638,"M-40, Km 7.4",Madrid,Madrid,28042,4,350.0,684,A-2,A,False,990.866575798271
2023002151,IONITY Milagros,41.59416,-3.696811,"A-1, Km 149",Milagros,Burgos,9460,2,350.0,18,A-1,A,True,63.05327738057465
2023002152,IONITY Arrigorriaga,43.190083,-2.896621,Ap-68 Km 6,Ugao-Miraballes,Bizkaia,48490,4,350.0,859,AP-68,AP,True,78.36385609251542
2024003517,Palleja,41.42051,2.001623,Ronda De Santa Eulàlia,Pallejà,Barcelona,8780,2,350.0,700,A-2,A,True,119.76544029927764
2024003518,Campo de las Naciones,40.458565,-3.616632,Corralejos,Madrid,Madrid,28042,2,350.0,684,A-2,A,False,989.6498854447468
2024003519,Girona,41.89873,2.770511,"N-156, 902 Vilobi D'onyar",Vilobí d'Onyar,Girona,17185,2,350.0,231,N-156,N,False,56.27354556431491
2024003521,Cazalegas,39.98403,-4.731859,Polígono Industrial Sector 3,Cazalegas,Toledo,45683,6,350.0,787,A-5,A,True,256.48625343089407
2024003522,Marmolejo,38.029778,-4.164194,Avenida Américas,Marmolejo,Jaén,23770,2,350.0,746,A-4,A,True,87.80465103533152
2024003523,Tordesillas,41.515945,-5.019691,Mijo,Tordesillas,Valladolid,47100,6,350.0,69,A-6,A,True,323.4659570694409
2024003524,La Zenia,37.925743,-0.735977,Calle Malaquita,Orihuela,Alicante/Alacant,3189,6,350.0,887,AP-7N,AP,False,296.8091031403642
2024003525,Tarragona,41.129868,1.181225,"Autovía Del Mediterráneo, A-7",Reus,Tarragona,43204,6,350.0,137,A-7,A,False,118.33075096036895
2024006376,"Torrent Southbound, Spain",39.400635,-0.493216,"Eess Galp, Ap-7, Km. 515",Torrent,Valencia/València,46901,4,150.0,128,A-7,A,True,50.40798207322187
2024006377,"Guarromán, Spain",38.142612,-3.722908,"Polígono Industrial De Guadiel, Sn",Guarromán,Jaén,23210,20,150.0,745,A-4,A,True,273.66268459653276
2024006378,"Jerez, Spain",36.692684,-6.16101,"Ronda Aurora Boreal, S/N",Jerez de la Frontera,Cádiz,11408,20,150.0,754,A-4,A,True,772.7777283273483
2024006379,"Aguadulce, Spain",37.25629,-4.985605,Av. Aguadulce,Aguadulce,Sevilla,41550,16,120.0,828,A-92,A,True,145.5012949791804
2024006380,"L´Aldea, Spain",40.75304,0.607524,"Nacional  235, Km 11,5","Aldea, L'",Tarragona,43896,24,250.0,391,N-340,N,False,90.05714391173626
2024006381,"Girona, Spain",41.998302,2.817128,"C/ Francesc Ferrer , 16-18",Girona,Girona,17007,8,150.0,317,N-2A,N,False,221.68701135413394
2024006382,"Salamanca, Spain",40.945602,-5.639297,"Av. E. Leclerc, 2",Arapiles,Salamanca,37188,8,250.0,797,A-50,A,True,186.7386754258489
2024006383,"La Seu d'Urgell, Spain",42.3589,1.462299,"Carrer Del Bisbe Benlloch, 40",Montferrer i Castellbò,Lleida,25700,20,150.0,303,N-260,N,False,646.3149871160109
2024006384,"Tarragona, Spain",41.134686,1.16877,"Autovia T-11, Exit 12",Tarragona,Tarragona,43110,4,150.0,879,AP-7N,AP,True,352.72709764108635
2024006385,"Atalaya del Cañavate, Spain",39.538227,-2.253902,"Autovia A-3, Km. 175",Atalaya del Cañavate,Cuenca,16710,20,150.0,49,A-3,A,True,283.46319726734646
2024006386,"Getafe, Spain",40.289993,-3.695315,"Av. Ada Lovelace, 23",Getafe,Madrid,28906,16,150.0,741,A-4,A,True,338.72350399892133
2024006387,"Burgos, Spain",42.31076,-3.70314,"Autovía A1, Km 235",Burgos,Burgos,9001,12,150.0,19,A-1,A,True,54.13417753444154
2024006388,"Sagunto, Spain",39.6726,-0.264922,"Carrer Moreres, S/N",Petrés,Valencia/València,46500,8,250.0,386,N-340,N,False,1127.0172058686167
2024006389,"Ondara, Spain",38.81686,0.022159,"Cc Portal De La Marina, Avda Costa Blanca 27",Ondara,Alicante/Alacant,3760,16,250.0,884,AP-7N,AP,True,284.40644558182703
2024006390,"Reocín, Spain",43.356525,-4.094394,"Autovía Del Cantábrico, Km 234",Reocín,Cantabria,39538,16,150.0,155,A-8,A,True,161.28481718014172
2024006391,"Manzanares, Spain",39.006496,-3.38313,"Autovia De Andalucía, Km 173",Manzanares,Ciudad Real,13200,20,150.0,1137,N-430,N,False,37.948211187596975
2024006392,"Cullar, Spain",37.553677,-2.613384,Km58,Cúllar,Granada,18891,16,150.0,601,A-92N,A,True,44.30914060471458
2024006393,"Bembibre, Spain",42.623318,-6.452986,"Camino Real, 1",Bembibre,León,24318,16,150.0,73,A-6,A,True,94.00845525695021
2024006394,"Merida, Spain",38.92241,-6.375284,"Rest Via De La Plata, C. Las Palmas 17",Mérida,Badajoz,6800,24,250.0,792,A-5,A,True,305.4066592091626
2024006395,"Benavente, Spain",42.007854,-5.663134,Calle Simón Bolívar,Benavente,Zamora,49600,12,250.0,71,A-6,A,True,110.36803859355108
2024006396,"Lleida, Spain",41.663864,0.605782,"La Variant, S N",Torrefarrera,Lleida,25123,8,250.0,697,A-2,A,True,165.15225388146732
2024006397,"Ariza, Spain",41.31299,-2.002211,"Carretera De Madrid, 197",Ariza,Zaragoza,50220,12,250.0,688,A-2,A,True,88.85351098763645
2024006398,"Sant Cugat, Spain",41.49795,2.07285,"Cami De Can Camps, 15-17",Sant Cugat del Vallès,Barcelona,8174,24,150.0,875,AP-7N,AP,True,1030.6149970109916
2024006399,"Fuengirola, Spain",36.5806,-4.595466,"Avenida Del Higuerón, 48",Benalmádena,Málaga,29630,18,250.0,620,AP-7S,AP,True,698.266741163676
2024006400,"Lugo, Spain",43.03624,-7.568783,"Rua Veiga Grande, S/N",Lugo,Lugo,27003,18,250.0,539,N-6,N,False,496.82971578179024
2024006401,"Aranda de Duero, Spain",41.623672,-3.686607,"N-I, Km 152",Fuentelcésped,Burgos,9471,16,150.0,889,N-1,N,False,10.957395735818857
2024006402,"Torrent Northbound, Spain",39.40059,-0.491542,"Eess Galp, Ap-7, Km. 515",Torrent,Valencia/València,46901,4,150.0,128,A-7,A,True,66.82370312629126
2024006404,"Caldes de Malavella, Spain",41.85912,2.766586,"Carretera N-Ii, Km 701",Caldes de Malavella,Girona,17455,30,250.0,702,A-2,A,False,691.639981311374
2024006405,"Pamplona,  Spain",42.783726,-1.63107,"Barrio La Morea , S/N",Galar,Navarra,31191,8,250.0,675,A-15,A,True,366.9523799014778
2024006406,"Rivabellosa, Spain",42.70116,-2.919299,Poligono Industrial Arasur,Erriberagoitia/Ribera Alta,Araba/Álava,1213,20,250.0,647,A-1,A,False,101.41134282129448
2024006407,"Almaraz, Spain",39.791306,-5.697251,Km 200,Almaraz,Cáceres,10350,20,150.0,1177,N-5,N,False,44.738700585388216
2024006408,"Granada, Spain",37.18115,-3.927585,"A-92, S/N",Cacín,Granada,18370,20,150.0,830,A-92,A,True,43.890464365293354
2024006409,"Valencia, Spain - Paterna",39.54298,-0.45153,"Carrer De Leonardo Da Vinci, S/N",Paterna,Valencia/València,46980,12,250.0,126,A-7,A,True,162.68317578776086
2024006410,"Albacete, Spain",39.134872,-2.038425,Km 52,"Gineta, La",Albacete,2110,8,250.0,725,A-31,A,True,219.27242344988144
2024006411,"Zaragoza, Spain",41.625343,-1.009737,"A-2, Km 309",Zaragoza,Zaragoza,50197,30,250.0,689,A-2,A,True,54.57665139503111
2024006414,"Alcobendas, Spain",40.520172,-3.657219,"Avenida De Europa, 13",Alcobendas,Madrid,28108,20,250.0,15,A-1,A,True,415.4381767979991
2024006415,"Barbastro, Spain",42.03384,0.104106,"Ctra. N-240 Km. 162, Hotel Rey Sancho Ramírez",Barbastro,Huesca,22300,8,250.0,285,N-240,N,False,7.538507227159426
2024006416,"El Ejido, Spain",36.752422,-2.805396,"Parque Comercial Copo, A-389, S/N","Ejido, El",Almería,4700,8,250.0,635,A-7S,A,True,457.33212839962533
2024006417,"Tordesillas, Spain",41.51644,-4.94205,"Ctra. Burgos Salamanca, Km 147",Tordesillas,Valladolid,47100,20,250.0,84,A-62,A,True,63.8521672826604
2024006419,"Sevilla, Spain",37.39243,-6.009126,Calle Camino De Los Descubrimientos,Sevilla,Sevilla,41092,26,250.0,1245,N-630,N,False,550.2353748240903
2024006420,"Aldaia, Spain",39.47156,-0.485578,"Ctra. A-3, Km. 345",Aldaia,Valencia/València,46960,12,250.0,52,A-3,A,True,353.2909641869694
2024006421,"Lugones, Spain",43.389305,-5.803328,"Autovía De La Plata, Km. 4,5",Siero,Asturias,33429,12,250.0,96,A-66,A,True,289.9546424800355
2024006422,"Barakaldo, Spain - MegaPark",43.294,-3.005368,"Avenida De La Ribera, S/N",Barakaldo,Bizkaia,48902,16,250.0,1292,AP-8,AP,True,1215.306206076088
2024006423,"San José de la Rinconada, Spain",37.43967,-5.885387,"Calle Finca Los Espartales, 3","Rinconada, La",Sevilla,41300,12,250.0,747,A-4,A,True,608.4324961014017
2024006424,"Vigo, Spain",42.221233,-8.723149,"Rua Do Miradoiro, 2",Vigo,Pontevedra,36204,12,250.0,810,A-55,A,True,829.7709514768177
2024006425,"Xinzo de Limia, Spain",42.078247,-7.715945,"Pista De Morgade, S/N",Xinzo de Limia,Ourense,32636,12,250.0,801,A-52,A,True,335.9204160736333
2024006426,"San Pedro del Pinatar, Spain",37.823204,-0.810102,N-332,San Pedro del Pinatar,Murcia,30740,12,250.0,887,AP-7N,AP,False,658.3316326004726
2024006427,"Jaén, Spain",37.789257,-3.774731,"Paraje De Las Lagunillas, 1",Jaén,Jaén,23009,12,250.0,768,A-44,A,True,1478.441683156146
2024006428,"Málaga, Spain",36.655025,-4.479943,"Cc Plaza Mayor, C. Alfonso Ponce De León 3",Málaga,Málaga,29004,12,250.0,621,AP-7S,AP,True,1422.9234541912772
2024006429,"La Jonquera, Spain",42.40268,2.879961,"Avinguda De Galícia, 22","Jonquera, La",Girona,17709,12,250.0,957,N-2,N,False,48.06541843435333
2024006430,"Algeciras, Spain",36.134953,-5.461627,"Autovía Del Mediterráneo A-7, Salida 106",Algeciras,Cádiz,11204,8,250.0,9,A-7S,A,True,50.941738619649215
2024006431,"Antequera, Spain",37.112293,-4.566783,"Eess San José, Autovia De Málaga A-45 Salida 92",Antequera,Málaga,29250,8,250.0,1041,N-331,N,False,144.28728796978706
2024006433,"Vila-seca, Spain",41.096214,1.15018,"Av. De L'alcalde Pere Molas, 36",Vila-seca,Tarragona,43480,8,250.0,137,A-7,A,False,448.11443492393323
2024006435,"La Puebla de Valverde, Spain",40.218452,-0.939816,"Autovía A-23, Km. 92","Puebla de Valverde, La",Teruel,44450,12,250.0,24,A-23,A,True,189.04165652151738
2024006436,"Ocaña, Spain",39.934128,-3.489804,"A-4, P.K. 64",Ocaña,Toledo,45300,8,250.0,742,A-4,A,True,174.92853906049442
2024006437,"León, Spain",42.591316,-5.61956,"Av. Del Párroco Pablo Díez, S/N",León,León,24010,4,250.0,211,N-120,N,True,205.1784028501694
2024006438,"Castellón, Spain",40.00517,-0.05575,"Partida Bovalar, 57",Castelló de la Plana,Castellón/Castelló,12004,12,250.0,881,AP-7N,AP,True,86.56510910158373
2024006439,"Valdepeñas, Spain",38.77972,-3.38861,"C. Bodegas Sánchez Barba, S/N",Valdepeñas,Ciudad Real,13300,8,250.0,745,A-4,A,True,591.578839410454
2024006440,"Toledo, Spain",39.863243,-3.974073,Av. Del Río Boladiez,Toledo,Toledo,45007,8,250.0,761,A-42,A,False,1443.5306429640166
2024006441,"Marbella, Spain",36.5048,-4.925205,"Av. Bulevar Príncipe Alfonso De Hohenlohe, S/N",Marbella,Málaga,29602,4,250.0,0,A-7S,A,True,902.2869015091901
2024006442,"Hellín, Spain",38.496284,-1.63704,"Autovía A-30, Km. 63",Hellín,Albacete,2409,4,250.0,54,A-30,A,True,242.1505534014569
2024006443,"Hernani, Spain",43.276432,-1.987754,"Jauregi Bailara, S/N",Hernani,Gipuzkoa,20120,8,250.0,1288,AP-8,AP,True,321.85948922486153
2024006444,"Torija, Spain",40.748154,-3.033513,"A-2, 73, 19190 Torija, Guadalajara",Chiloeches,Guadalajara,19190,8,250.0,686,A-2,A,True,210.24319411842097
2024006445,"Vitoria, Spain",42.84658,-2.740098,"Lermandabidea Kalea, 8",Vitoria-Gasteiz,Araba/Álava,1015,12,250.0,651,A-1,A,True,703.4363223534907
2024006446,"La Roca Village, Spain",41.607613,2.340885,"La Roca Village, S/N","Roca del Vallès, La",Barcelona,8430,12,250.0,873,AP-7N,AP,True,174.8438502767321
2024006447,"Torre del Mar, Spain",36.752308,-4.096622,C. Ruta Del Pomelo,Vélez-Málaga,Málaga,29740,8,250.0,642,A-7S,A,True,476.1844196763301
2024006449,"Estepona, Spain",36.457203,-5.061507,"Ctra. N-340,  Km 164, Salida Parque Antena",Estepona,Málaga,29689,8,250.0,2,A-7S,A,False,249.96408368248532
2024006413,"Santiago de Compostela, Spain",42.90952,-8.49237,"Rua Do Pais Vasco, 65",Santiago de Compostela,"Coruña, A",15707,4,125.0,162,AP-9,AP,True,622.9689081582765
2024006450,ACCIONA - Restaurante El Chivo,41.533443,-5.301149,"Avenida Comuneros, 96",Morales de Toro,Zamora,49810,2,100.0,919,N-122,N,False,391.25619294307677
2024006452,ACCIONA - Meson del Aceite,41.81918,-1.6089104,"N-122, 8",Ambel,Zaragoza,50546,2,100.0,909,N-122,N,False,24.87929163153928
2024006453,ACCIONA - Ayuntamiento de Azaila,41.29086,-0.494857,"Calle Extramuros, 27",Azaila,Teruel,44590,2,100.0,259,N-232,N,False,32.86119168248959
2024006490,E-HU-Huesca-002,42.1435,-0.415602,"Tarragona,S/N",Huesca,Huesca,22004,2,22.0,30,A-23,A,True,1082.2101287622763
2024006493,GR-LOJA-005,37.170933,-4.153749,"Tierno Galván,5",Huétor Tájar,Granada,18300,4,22.0,830,A-92,A,True,975.4836675977974
2024006497,E-Z-Zaragoza-019,41.67372,-0.898858,"Jose Atares,103",Zaragoza,Zaragoza,50018,6,22.0,692,A-2,A,True,716.0196548257536
2024006498,E-C-Paredes-sanLazaroSantiago-001,42.901196,-8.506861,"Eslovenia (De),S/N",Santiago de Compostela,"Coruña, A",15707,8,22.0,809,A-54,A,True,206.7257155287389
2024006506,E-V-TavernesDeLaValldigna-002,39.07138,-0.260874,"De Gandia,16",Tavernes de la Valldigna,Valencia/València,46760,4,22.0,884,AP-7N,AP,True,1491.967068000589
2024006508,VI-Vitoria-031,42.854885,-2.710506,"Bremen,4",Vitoria-Gasteiz,Araba/Álava,1010,8,60.0,651,A-1,A,True,1860.364560197167
2024006509,E-Z-Calatayud-002,41.34642,-1.64115,"Diputacion,13",Calatayud,Zaragoza,50300,6,22.0,689,A-2,A,True,967.2453625556207
2024006456,ACCIONA - Ayuntamiento La Guardia,39.786774,-3.476161,"Plaza Sur, 2","Guardia, La",Toledo,45760,3,50.0,1173,N-4A,N,False,98.89692655682465
2024006457,ACCIONA - Ayto San Martín de Valdeiglesias - Avda Madrid,40.360783,-4.3965583,"Avenida Madrid, 22A",San Martín de Valdeiglesias,Madrid,28680,2,100.0,434,N-403A,N,False,519.1667780167944
2024006458,ACCIONA - Mengíbar - Geolit,37.940243,-3.7916265,"Calle Sierra Morena, 11",Mengíbar,Jaén,23620,2,7.0,767,A-44,A,True,230.90986728846332
2024006460,ACCIONA - Parque Guadaíra,37.353424,-5.858124,Avenida Príncipe De Asturias,Alcalá de Guadaíra,Sevilla,41500,2,100.0,828,A-92,A,True,170.46214826240626
2024006462,PRÓXIMAMENTE ACCIONA - Restaurant El Parador,42.129673,2.9031188,"Diseminado Afueras, 55O",Bàscara,Girona,17468,1,22.0,954,N-2,N,False,29.5365932208055
2024006463,ACCIONA - Ayuntamiento Mallén,41.901154,-1.4210047,"Calle Gotor Aisa, 16",Mallén,Zaragoza,50550,2,100.0,261,N-232,N,False,554.3896987869764
2024006466,ACCIONA - Posada del Almudí,41.114655,-1.414849,"Calle Grajera, 5",Daroca,Zaragoza,50360,2,30.0,978,N-234,N,False,166.08539869637337
2024006467,ACCIONA - Parke CIC,43.291985,-1.9871848,"Mikeletegi Pasealekua, 182",Donostia/San Sebastián,Gipuzkoa,20009,2,7.0,1288,AP-8,AP,True,1393.7337520258302
2024006468,ACCIONA - Ayto San Martín de Valdeiglesias - Crta Toledo,40.36021,-4.402988,"Travesia Garbanzal, 7",San Martín de Valdeiglesias,Madrid,28680,2,100.0,434,N-403A,N,False,30.0542388538258
2024006469,ACCIONA - Restaurante Los Castaños,41.743263,-6.4900355,Camino De Trabazos,Trabazos,Zamora,49516,2,100.0,925,N-122,N,True,21.389683478171047
2024006472,ACCIONA - Restaurante A Campiña,43.032955,-7.5324817,Carretera Vegadeo-Pontevedra,Lugo,Lugo,27192,2,100.0,1270,N-640,N,False,66.74133876296239
2024006473,ACCIONA - Restaurante Antela,42.073082,-7.7315392,"Avenida De Ourense, 162",Xinzo de Limia,Ourense,32630,2,100.0,493,N-525,N,False,24.90016256761271
2024006476,La Brasssa Cerdera (Grupo Elias),41.65271,0.5503817,"Carretera Tarranona-Bilbao , Km 90",Lleida,Lleida,25198,1,22.0,713,A-22,A,True,59.37724608790626
2024006479,ACCIONA - La Muga,42.37301,1.7629805,"Carretera Seu D'urgell, 6",Bellver de Cerdanya,Lleida,25720,3,50.0,303,N-260,N,False,15.780356567082231
2024006480,ACCIONA - A Cañiza - Casa da Cultura,42.21529,-8.268682,"Rúa Progreso, S/N","Cañiza, A",Pontevedra,36880,2,22.0,898,N-120,N,False,41.76703090742854
2024006481,PRÓXIMAMENTE ACCIONA - Hotel Piqué,41.05815,0.4417201,"Avenida De Cataluña 68, 43780 Gandesa, Tarrag",Gandesa,Tarragona,43780,2,100.0,1112,N-420,N,False,24.007668590921426
2024006484,ACCIONA - IKEA Asturias,43.387447,-5.807418,"95Pv+X2 Oviedo, España",Siero,Asturias,33429,20,120.0,96,A-66,A,True,162.78149677811228
2024006510,PLAZA CRISTO REY 6,41.506565,-5.736246,"Plaza de Cristo Rey 5 Zamora, Zamora",Zamora,Zamora,49019,2,7.4,924,N-122,N,False,1094.5281200670786
2024006511,AYUNTAMIENTO DE ALICANTE (APEME),38.346863,-0.488116,"Avenida Alfonso X El Sabio, 27 Alicante, Alicante",Alicante/Alacant,Alicante/Alacant,3001,2,7.4,730,A-31,A,True,1873.4021968318614
2024006512,AIECS CASTELLON,39.967255,-0.055581,"Poligono Industrial Fadrell, Bulevar Fuente en Segures, 95 Castellón, Castellón",Castelló de la Plana,Castellón/Castelló,12005,2,7.4,251,N-225,N,False,346.8020698110196
2024006514,AGUILAR DE CAMPOO,42.795628,-4.265761,"Barrio Jose Gómez Briz S/N Aguilar de Campoo, Palencia",Aguilar de Campoo,Palencia,34800,2,7.4,1198,N-611,N,False,953.0418416655992
2024006517,Parking Centro de Salud MUTILVA,42.789818,-1.617759,"Calle Las Escuelas, S/N MUTILVA, Navarra",Aranguren,Navarra,31192,2,7.4,675,A-15,A,True,1648.907092627829
2024006521,C. Carabela la Niña. Sevilla,37.40722,-5.951584,"Calle Carabela La Niña, 5",Sevilla,Sevilla,41007,2,22.0,747,A-4,A,True,253.09401747112204
2024006522,Espacio Ciudadano Reina Mercedes. Sevilla,37.356983,-5.986235,"Av. De La Reina Mercedes, 59",Sevilla,Sevilla,41012,2,22.0,748,A-4,A,True,1729.893826361922
2024006523,RTVE_Torrespaña C,40.420475,-3.661948,"Calle Del Alcalde Sainz De Baranda, 92",Madrid,Madrid,28028,16,7.4,45,A-3,A,False,1643.6409647533994
2024006525,C.E.I.P Hispalis. Sevilla,37.407135,-5.942782,"Calle Alhami, 104",Sevilla,Sevilla,41020,2,22.0,747,A-4,A,True,255.0169627741098
2024006526,RTVE_Torrespaña B,40.420605,-3.662978,"Calle Del Alcalde Sainz De Baranda, 92",Madrid,Madrid,28028,12,22.0,45,A-3,A,False,1673.8421196645277
2024006529,RTVE_Instituto,40.456017,-3.732062,"Carr. De La Dehesa De La Villa, 14",Madrid,Madrid,28040,8,22.0,62,A-6,A,False,986.9098194206091
2024006530,C. Flor de la Porcelana. Sevilla,37.394417,-5.91658,"Calle Flor De La Porcelana, 2",Sevilla,Sevilla,41020,2,100.0,827,A-92,A,True,963.2346653403425
2024006531,C. Torres Farfán. Sevilla,37.323162,-5.968887,"Calle Torres-Farfan, S/N",Sevilla,Sevilla,41014,2,22.0,627,N-4,N,False,1223.4368297463946
2024006532,Estación ITV El Pino. Sevilla,37.382004,-5.92469,"Calle Pino Central, 39",Sevilla,Sevilla,41016,2,22.0,827,A-92,A,True,439.65315482030803
2024006533,C. Fray Francisco de Pareja. Sevilla,37.4005,-5.949243,"Calle Fray Francisco De Pareja, 53",Sevilla,Sevilla,41007,2,22.0,747,A-4,A,True,544.9756623953331
2024006534,Aernnova,42.865643,-2.660098,"Portal De Gamarra, 40",Vitoria-Gasteiz,Araba/Álava,1013,2,22.0,652,A-1,A,True,1683.839509640943
2024006537,Parking Acueducto. Segovia - Parkia,40.944706,-4.121022,"Avenida Del Acueducto, S/N",Segovia,Segovia,40002,4,22.0,181,N-110,N,False,1445.3543614936675
2024006538,IES Salvador Tavora. Sevilla,37.3779,-5.9548,"C. Puerto De Los Alazores, 7",Sevilla,Sevilla,41006,2,22.0,827,A-92,A,True,1567.1197098158823
2024006539,TK Elevators Home - Angel Romeo,40.496334,-3.858335,"Camino De Tomillarón, 59","Rozas de Madrid, Las",Madrid,28231,1,7.4,63,A-6,A,True,890.192307770741
2024006540,Hospital De Valme Frente. Sevilla,37.31864,-5.968507,"Avda De Bellavista, 155",Sevilla,Sevilla,41014,2,22.0,627,N-4,N,False,729.559874284899
2024006541,RGA ATUREM. Sevilla,37.398045,-5.926527,"C. Demófilo, 36-5",Sevilla,Sevilla,41020,2,22.0,827,A-92,A,True,1347.6424478141073
2024006554,Parking Rúa da Ribeira do Berbés - Parkia,42.23729,-8.729285,"Rúa Da Ribeira Do Berbés, S/N",Vigo,Pontevedra,36202,2,22.0,168,AP-9V,AP,False,1032.0423407378548
2024006562,SABIÑANIGO,42.526115,-0.36066243,"Avda. Biescas, 34 SABIÑANIGO, Huesca",Sabiñánigo,Huesca,22600,2,7.4,1018,N-330,N,True,120.7145590304498
2024006564,AYUNTAMIENTO DE MOIXENT,38.874123,-0.752036,"Plaza Mayor, 1 46640 Mogente, Valencia",Mogente/Moixent,Valencia/València,46640,4,7.4,736,A-35,A,True,808.3565889623372
2024006565,Ayuntamiento Beniflá,38.927586,-0.18989468,"Avenida Regne de Valencia, 42 Beniflá, Valencia",Beniflá,Valencia/València,46722,2,22.0,884,AP-7N,AP,True,1192.8672648731297
2024006569,El Franco,43.550896,-6.828793,El Franco,"Franco, El",Asturias,33750,1,7.4,584,N-634,N,False,364.0468513530209
2024006572,AhorraMas Tomelloso,39.15709,-3.026592,C. Nueva 69,Tomelloso,Ciudad Real,13700,4,22.0,331,N-310,N,False,959.9080007707626
2024006579,ESTACIÓN DE AUTOBUSES AYUNTAMIENTO,41.522755,0.344168,"Paseo Constitución S/N Fraga, Huesca",Fraga,Huesca,22520,2,6.0,695,A-2,A,False,1489.7189226688618
2024006580,AYUNTAMIENTO DE VIANA,42.51618,-2.3717446,"C/ El Hoyo, S/N VIANA, Navarra",Viana,Navarra,31230,2,22.0,190,N-111,N,False,358.7470246591424
2024006581,EATIM JESUS POBRE,38.798283,0.086162,"C/ Diagonal S/N JESÚS POBRE, Alicante",Dénia,Alicante/Alacant,3749,2,22.0,369,N-332,N,False,1680.1127607112949
2024006568,AhorraMas Azuqueca de Henares Avda. Ferrocarril,40.56354,-3.263299,Av. Del Ferrocarril S/N,Azuqueca de Henares,Guadalajara,19200,4,22.0,685,A-2,A,True,652.2854924340128
2024006582,Torredembarra,41.152176,1.393741,"Carretera De La Riera, T-214",Torredembarra,Tarragona,43830,4,350.0,396,N-340,N,False,728.588870786783
2024006583,Lleida,41.649857,0.563747,Camí Vell,Alpicat,Lleida,25110,6,350.0,713,A-22,A,True,255.92182683216063
2024006584,Benavente,41.998814,-5.659825,Carretera De La Riera,Benavente,Zamora,49600,6,350.0,491,N-525,N,False,282.3641522457535
2024006585,ESTACIÓN DE SERVICIO OLÍMPICA,40.342316,-3.814522,"FRAGUAS 1, POLÍGONO INDUSTRIAL URTINSA ALCORCÓN, Madrid",Alcorcón,Madrid,28923,2,11.0,784,A-5,A,True,1539.995194162393
2024006591,Decathlon Lugo,43.037315,-7.552978,"Parque Empresarial As Gándaras Via A, Parcel",Lugo,Lugo,27003,2,22.0,1271,N-640,N,False,345.6615100564006
2024006592,CAMPO 10,43.25981,-4.068684,"Campoo,10","Corrales de Buelna, Los",Cantabria,39400,2,7.4,115,A-67,A,True,278.4676013393103
2024006598,JAIME SIGNES S.L.,38.775143,0.085907,"C/ REIS CATOLICS, 7 GATA DE GORGOS, Alicante",Gata de Gorgos,Alicante/Alacant,3740,2,7.4,369,N-332,N,False,57.78928617020993
2024006601,CENTRO DE EXPOSICIONES Y CONGRESOS LIENZO NORTE,40.65984,-4.705732,"Av. de Madrid, 102 ÁVILA, Ávila",Ávila,Ávila,5001,2,7.4,467,N-501,N,False,786.969459765709
2024006602,CARRETERA ALDEHUELA 67 (2),41.506645,-5.728588,"CARRETERA ALDEHUELA, 67 Zamora, Zamora",Zamora,Zamora,49021,2,11.0,105,A-66,A,True,1170.1137015116403
2024006605,CARRETERA ALDEHUELA 67 (3),41.506645,-5.728588,"CARRETERA ALDEHUELA, 67 Zamora, Zamora",Zamora,Zamora,49021,2,11.0,105,A-66,A,True,1170.1137015116403
2024006606,(en reparacion) CARRETERA ALDEHUELA 67 (4),41.506645,-5.728588,"CARRETERA ALDEHUELA, 67 Zamora, Zamora",Zamora,Zamora,49021,2,11.0,105,A-66,A,True,1170.1137015116403
2024006607,CARRETERA ALDEHUELA 67 (5),41.506645,-5.728588,"CARRETERA ALDEHUELA, 67 Zamora, Zamora",Zamora,Zamora,49021,2,11.0,105,A-66,A,True,1170.1137015116403
2024006611,CARRETERA ALDEHUELA 67 (1),41.506645,-5.728588,"CARRETERA ALDEHUELA, 67 Zamora, Zamora",Zamora,Zamora,49021,2,11.0,105,A-66,A,True,1170.1137015116403
2024006621,LE-LEON-023,42.588863,-5.602154,"Agustinos De Leon,2",León,León,24009,4,22.0,210,N-120,N,True,451.2688622571724
2024006622,E-BA-Badajoz-005,38.874886,-6.954292,"Madrid-Lisboa,399",Badajoz,Badajoz,6009,2,150.0,1131,N-430,N,False,414.161231719904
2024006624,E-MU-Lorca-014,37.6581,-1.707468,"Sierra De La Carrasquilla,2",Lorca,Murcia,30800,6,22.0,135,A-7,A,True,758.0282685841944
2024006625,E-MA-Mijas-004,36.489582,-4.719289,"Mérida De Jarales,4",Mijas,Málaga,29649,4,22.0,646,A-7S,A,False,73.96028923332082
2024006627,E-CA-SanRoque-001,36.291496,-5.300579,"N-340 (Cadiz-Malaga),25",San Roque,Cádiz,11360,4,22.0,1061,N-340,N,False,24.47948414497643
2024006629,E-M-AlcalaDeHenares-009,40.491917,-3.351551,"Complutense,111",Alcalá de Henares,Madrid,28805,8,22.0,685,A-2,A,True,1336.1802785405841
2024006630,E-S-Santander-005,43.45069,-3.86036,"Parayas,11",Santander,Cantabria,39011,2,150.0,1202,N-611,N,False,27.44067281996851
2024006633,E-SG-Segovia-003,40.937057,-4.11202,"Juan Carlos I,22",Segovia,Segovia,40005,2,22.0,857,AP-61,AP,False,1496.3527607006663
2024006635,E-MU-Cartagena-017,37.61805,-0.954893,"Luxemburgo,Sn",Cartagena,Murcia,30392,4,22.0,723,A-30,A,True,156.12845311133978
2024006636,E-MA-VelezMalaga-001,36.71405,-4.227741,"Jacaranda,S/N",Vélez-Málaga,Málaga,29790,4,22.0,642,A-7S,A,True,833.624068944033
2024006640,SE-Sevilla-043,37.38213,-5.993529,"Roma,N/A",Sevilla,Sevilla,41001,6,7.4,1245,N-630,N,False,1839.2407449506568
2024006643,E-T-Reus-003,41.14229,1.116809,"Universitat,10",Reus,Tarragona,43204,4,22.0,1113,N-420,N,False,1525.8738359843812
2024006644,Z-Calatayud-010,41.35232,-1.6487,"Aragon,N/A",Calatayud,Zaragoza,50300,2,22.0,945,N-2,N,False,144.86310522588494
2024006645,E-M-Mostoles-001,40.34302,-3.87026,"Ramon Verea,2",Móstoles,Madrid,28935,6,22.0,785,A-5,A,True,204.36698007666888
2024006646,E-C-Naron-002,43.49033,-8.197366,"Gandara,102",Narón,"Coruña, A",15570,6,22.0,167,AP-9F,AP,True,1436.055919186206
2024006647,E-VA-Valladolid-012,41.6224,-4.772903,"Salamanca,25",Arroyo de la Encomienda,Valladolid,47195,6,22.0,84,A-62,A,True,992.1704550277972
2024006650,E-MA-Benagalbon-001,36.713795,-4.258141,"Pepa Flores Gonzalez,0",Moclinejo,Málaga,29738,4,22.0,642,A-7S,A,True,1170.6112188739896
2024006654,MU-Lorca-010,37.653854,-1.714075,"Granada (N-340A),80",Lorca,Murcia,30817,2,150.0,135,A-7,A,True,417.1700387251586
2024006656,E-AL-Almeria-007,36.84625,-2.459001,"Federico Garcia Lorca,242",Almería,Almería,4008,2,22.0,634,A-7S,A,True,1547.9452375691315
2024006658,E-LE-Leon-012,42.59229,-5.566512,"Alcalde Miguel Castaño,32",León,León,24005,2,22.0,209,N-120,N,False,582.5001051660428
2024006659,E-CC-Caceres-011,39.488014,-6.367753,"Pozo De La Nieve.,8",Cáceres,Cáceres,10004,4,22.0,485,N-521,N,False,697.8613089598284
2024006662,E-M-Valdemoro-003,40.193657,-3.690849,"Emilia Pardo Bazan,5",Valdemoro,Madrid,28342,4,22.0,741,A-4,A,True,1286.6229121204176
2024006665,E-M-Madrid-114,40.372097,-3.742153,"Secoya,6",Madrid,Madrid,28044,4,22.0,761,A-42,A,False,1870.4228546678087
2024006669,3692 - MERCADONA,36.524506,-4.895615,"Doña Francisca Carrillo Casux Mercadona,S/N",Marbella,Málaga,29602,4,22.0,0,A-7S,A,True,689.642283958417
2024006671,E-CE-Ceuta-001,35.880795,-5.336193,"Cabrerizas Bajas,S/N",Ceuta,Ceuta,51003,6,22.0,597,N-352,N,False,125.43185560444026
2024006673,E-A-Elche/Elx-019,38.261524,-0.713642,"Antonio Machado,84",Elche/Elx,Alicante/Alacant,3201,4,22.0,1071,N-340,N,False,21.133099191067416
2024006675,O-Aviles-006,43.556507,-5.925996,"Del Doctor Graiño,17",Avilés,Asturias,33401,2,7.4,1258,N-632A,N,True,449.86638543895793
2024006676,E-PO-Pontevedra-002,42.440037,-8.618166,"Casanovas,26",Pontevedra,Pontevedra,36164,2,150.0,502,N-541,N,False,16.460331336342033
2024006677,E-A-Elche/Elx-014,38.26081,-0.65899,"Alzabares Alto (Pol.1),280",Elche/Elx,Alicante/Alacant,3208,2,16.0,1071,N-340,N,False,1525.5695782754983
2024006678,E-MA-Estepona-005,36.46306,-5.041913,"De Bel Air,2",Estepona,Málaga,29688,4,22.0,2,A-7S,A,False,59.103424161386044
2024006679,E-T-ElVendrell-001,41.19301,1.522257,"Estiu,2","Vendrell, El",Tarragona,43880,6,22.0,396,N-340,N,False,129.86459421285508
2024006681,E-M-Valdemoro-002,40.175842,-3.669433,"Narciso Monturiol,1",Valdemoro,Madrid,28341,4,22.0,741,A-4,A,True,132.66500281902634
2024006690,E-M-Madrid-098,40.371983,-3.72934,"Juan Ron,2",Madrid,Madrid,28054,6,22.0,761,A-42,A,False,787.0650728374225
2024006691,E-M-Getafe-017,40.3096,-3.735103,"Felipe Calleja,6",Getafe,Madrid,28904,4,22.0,761,A-42,A,False,465.44867489145633
2024006694,BENAVENTE (BARRIO DE LAS ERAS),42.005344,-5.680263,"C/RIO DUERO Benavente, Zamora",Benavente,Zamora,49600,2,7.4,491,N-525,N,False,1234.5187826038582
2024006697,AYUNTAMIENTO DE COCENTAINA,38.74138,-0.43859166,"Avenida País Valencia, 89 Cocentaina, Alicante",Cocentaina,Alicante/Alacant,3820,4,8.4,382,N-340,N,False,545.819725802936
2024006700,POLIESPORTIU MOIXENT (PARKING),38.877857,-0.745934,"C/ CRONISTA LLUIS JORQUES, 12 Moixent, Valencia",Mogente/Moixent,Valencia/València,46640,4,7.4,736,A-35,A,True,445.38714028399136
2024006704,Ayuntamiento de Santo Domingo de la Calzada,42.44204,-2.953473,"Avenida de Burgos, 10 Santo Domingo de la Calzada, La Rioja",Santo Domingo de la Calzada,"Rioja, La",26250,2,22.0,204,N-120,N,False,885.0368568620654
2024006705,AJUNTAMENT DE L'OLLERIA,38.91185,-0.554818,"C/ J.BAUTISTA FERRERE FRENTE Nº 9 L'OLLERIA, Valencia","Olleria, l'",Valencia/València,46850,2,22.0,130,A-7,A,False,1763.7328181833689
2024002016,AhorraMas Señorio de Illescas,40.154034,-3.828316,Av. Sta Clara,Illescas,Toledo,45200,4,22.0,761,A-42,A,False,524.5290943925647
2023002275,Casintra,43.38382,-5.758603,Poligono Granda Este 1,Siero,Asturias,33199,6,200.0,579,N-634,N,False,40.04320278524053
2024006710,AYUNTAMIENTO DE ADEMUZ (Centro médico),40.066086,-1.283313,"Avenida de Valencia Ademuz, Valencia",Ademuz,Valencia/València,46140,2,7.4,349,N-330,N,False,848.6534769302339
2024006712,CASA DE CULTURA DE BERIAIN,42.73892,-1.6339802,"PLAZA LARRE, 7 Beriain, Navarra",Beriáin,Navarra,31191,2,22.0,907,N-121,N,False,62.353591239331365
2024006715,EL BARCO DE ÁVILA,40.358887,-5.5234694,"Plaza de la Constitución, 10 El Barco de Ávila, Ávila","Barco de Ávila, El",Ávila,5600,2,7.4,183,N-110,N,False,49.13961221950986
2024006717,AYUNTAMIENTO DE CASAS BAJAS,40.022846,-1.26065,"CAMINO DEL PUENTE Casas Bajas, Valencia",Casas Bajas,Valencia/València,46146,2,7.4,1025,N-330A,N,False,7.016131061646862
2024006762,AYUNTAMIENTO DE LOS MONTESINOS,38.026836,-0.743847,"AVDA LA MARQUESA, 12 Los Montesinos, Alicante","Montesinos, Los",Alicante/Alacant,3187,2,7.4,887,AP-7N,AP,False,1845.521420965282
2024006763,Ayuntamiento de Casabermeja,36.896355,-4.4304857,"CAMINO DE COLMENAR, S/N Casabermeja, Málaga",Casabermeja,Málaga,29160,2,7.4,774,A-45,A,True,22.85427283871468
2024006765,ESTACION DE RENFE,40.340984,-1.109281,"Victor Pruneda, 1 Teruel, Teruel",Teruel,Teruel,44001,2,22.0,978,N-234,N,False,277.76159685035003
2024006766,PLAZA DE TOROS,40.336617,-1.104042,"Avenida de Segorbe Teruel, Teruel",Teruel,Teruel,44002,2,22.0,247,N-223,N,False,48.20033289018647
2024006767,Aguilar de Campoo (2),42.788998,-4.258028,"Paseo del Soto, 9 Aguilar de Campoo, Palencia",Aguilar de Campoo,Palencia,34800,2,7.4,1198,N-611,N,False,353.44794982827926
2024006769,CALLE VERANO 46 AYTO TORREJON,40.44653,-3.4869685,"Calle Verano, 46",Torrejón de Ardoz,Madrid,28850,1,22.0,685,A-2,A,True,1804.9567352048791
2024006773,Estadio Benito Villamarín. Sevilla,37.35692,-5.983788,"Av. Padre García Tejero, 8",Sevilla,Sevilla,41012,2,22.0,748,A-4,A,True,1668.73009711571
2024006776,C. Antioquía (Antonio Momplet). Sevilla,37.398186,-5.956194,"Calle Antioquía, 54",Sevilla,Sevilla,41007,2,100.0,747,A-4,A,True,1060.3557180425248
2024006777,Petrol Station A Rúa,42.396057,-7.106389,"Rúa Campo Grande, 59","Rúa, A",Ourense,32350,2,100.0,215,N-120,N,False,471.982165174234
2024006778,P.C. Arroyomolinos,40.288013,-3.917853,Av. De La Unión Europea 61,Arroyomolinos,Madrid,28939,8,150.0,785,A-5,A,True,1708.3294075961192
2024006779,ECI - CC Vista Alegre,40.386333,-3.739069,"Calle Matilde Hernández, 100",Madrid,Madrid,28025,20,180.0,761,A-42,A,False,1796.0083085775402
2024006792,E-CR-Puertollano-004,38.685837,-4.10289,"Primero De Mayo,0",Puertollano,Ciudad Real,13500,2,22.0,1107,N-420,N,False,893.5770420922717
2024006794,E-CR-Tomelloso-002,39.154648,-3.007637,"Juan Carlos I (De),S/N",Tomelloso,Ciudad Real,13700,6,22.0,763,A-43,A,True,1018.9358574506422
2024006806,E-BI-Barakaldo-011,43.28532,-3.003211,"Retuerto,55",Barakaldo,Bizkaia,48903,6,22.0,1292,AP-8,AP,True,825.6195961389626
2024006810,E-A-Torrevieja-011,37.98904,-0.686242,"Rosa Mazon Valero,1",Torrevieja,Alicante/Alacant,3181,8,22.0,1048,N-332,N,False,168.9210282764873
2024006817,E-SS-Oiartzun-004,43.319004,-1.867614,"Elbarrena Kalea,1",Oiartzun,Gipuzkoa,20180,4,22.0,1287,AP-8,AP,True,424.9128511288639
2024006823,MA-MALAGA-072,36.730217,-4.433279,"Arroyo De Los Angeles,52",Málaga,Málaga,29011,4,22.0,645,A-7S,A,True,1806.2184533725226
2024006827,E-V-Alaquas-002,39.459145,-0.448585,"Blasco Ibañez,67-71",Alaquàs,Valencia/València,46970,4,22.0,53,A-3,A,False,1933.6965376265612
2024006831,CU-CUENCA-004,40.076397,-2.151211,"De Los Alfares,9",Cuenca,Cuenca,16002,7,50.0,758,A-40,A,False,91.56827411649913
2024006832,E-LU-Lugo-005,43.00395,-7.547084,"Sanxillao,N/A",Lugo,Lugo,27002,2,22.0,537,N-6,N,False,1389.7177923118547
2024006833,E-GR-Motril-006,36.741795,-3.510022,"Generosidad,1",Motril,Granada,18600,6,22.0,1062,N-340,N,False,1169.4047078152976
2024006834,E-V-RealDeGandia-002,38.95,-0.19,"Falconera,14","Real de Gandía, el",Valencia/València,46727,2,22.0,370,N-332,N,False,720.2209375014054
2024006839,E-S-ElAstillero-001,43.394318,-3.821002,"Ria De Solia,7","Astillero, El",Cantabria,39610,4,22.0,1264,N-635,N,False,463.02198487451705
2024006840,E-PO-Redondela-001,42.28272,-8.618046,"Do Cerqueiro,S/N",Redondela,Pontevedra,36812,4,22.0,518,N-552,N,False,42.27701406452422
2024006841,E-Z-CuarteDeHuerva-001,41.59099,-0.944,"Emperador Domiciano,S/N",Cuarte de Huerva,Zaragoza,50410,6,22.0,354,N-330,N,False,60.56775083825868
2024006844,E-CO-PeñarroyaPueblonuevo-001,38.29874,-5.268947,"Extremadura (De),5",Espiel,Córdoba,14200,4,22.0,1154,N-432,N,False,928.2836332667165
2024006846,E-O-LosCampos-polaDeLena-001,43.146984,-5.824464,"Robledo,0",Lena,Asturias,33638,6,22.0,98,A-66,A,True,46.53604552342796
2024006849,E-CU-Cuenca-001,40.07513,-2.150406,"San Julian,1",Cuenca,Cuenca,16002,6,22.0,758,A-40,A,False,38.58458342748815
2024006850,E-CR-LaSolana-001,38.93819,-3.232824,"Constitucion,149","Solana, La",Ciudad Real,13240,4,22.0,1138,N-430,N,False,555.6884713464398
2024006857,PICO DEL PAJARO 21,41.515076,-5.757183,"CALLE PICO DEL PAJARO , 21 Zamora, Zamora",Zamora,Zamora,49024,1,19.0,922,N-122,N,False,306.4501777437031
2024006862,US_003_Arganda_del_Rey,40.306667,-3.463858,Avenida De Madrid 66,Arganda del Rey,Madrid,28500,1,60.0,46,A-3,A,True,1250.0650698173565
2024006864,US_007_Madrid_II,40.367638,-3.691119,Avda. Los Rosales 15,Madrid,Madrid,28041,1,60.0,740,A-4,A,False,1048.5298547703296
2024006867,US_014_Rivas_,40.354095,-3.5435965,Calle Carretilla,Rivas-Vaciamadrid,Madrid,28522,1,60.0,46,A-3,A,True,594.515768936023
2024006868,US_013_Elche_I,38.28061,-0.7149116,Avda. Almansa 19,Elche/Elx,Alicante/Alacant,3206,1,60.0,133,A-7,A,True,743.1802055650635
2024006870,US_025_Murcia_II,37.94617,-1.1325094,Avda. Costera Sur,Murcia,Murcia,30151,1,60.0,723,A-30,A,True,1044.8936488643446
2024006871,US_039_Torremolinos,36.63307,-4.5004396,Calle Cañada De Los Cardos 1,Antequera,Málaga,29620,1,60.0,621,AP-7S,AP,True,915.8016303322237
2024006872,US_052_Vilalba_,43.300854,-7.6752295,Rúa Campos Puente 72,Vilalba,Lugo,27800,1,60.0,587,N-634,N,True,1023.8475398676247
2024006873,US_059_Miranda_de_Ebro,42.692898,-2.9505982,Crta. Bilbao,Miranda de Ebro,Burgos,9200,1,60.0,173,N-1,N,False,351.0596134273743
2024006874,US_065_Alfaz_del_Pi_II,38.582138,-0.1061698,Avda. País Valencià 47,"Alfàs del Pi, l'",Alicante/Alacant,3580,1,60.0,884,AP-7N,AP,True,362.7645259709882
2024006875,US_073_O_Porriño,42.153584,-8.620415,Avda. Domingo Bueno 65,"Porriño, O",Pontevedra,36400,1,60.0,813,A-55,A,True,470.53846663829586
2024006876,US_074_Algarrobo,36.76212,-4.04972,Calle Talleres 4; Algarrobo,Algarrobo,Málaga,29750,1,60.0,642,A-7S,A,True,302.74629353191455
2024006877,US_077_Madrid_III,40.39753,-3.59894,Calle Pirotecnia 2,Madrid,Madrid,28052,1,60.0,46,A-3,A,True,1381.6953079119262
2024006879,US_085_Guadarrama,40.66652,-4.080401,Paseo Del Molino Del Rey 39,Guadarrama,Madrid,28440,1,60.0,526,N-6,N,False,94.88129219208398
2024006881,US_091_Madrid_VI,40.343456,-3.6950545,Calle San Dalmacio 13,Madrid,Madrid,28021,1,60.0,741,A-4,A,True,1644.5103098679986
2024006882,US_096_Tomelloso,39.153805,-3.0093925,Avda. Juan Carlos I,Tomelloso,Ciudad Real,13700,1,60.0,763,A-43,A,True,1111.5208876586455
2024006883,US_104_Ourense,42.326283,-7.877635,Rúa Marcelo Macías 142,Barbadás,Ourense,32002,1,60.0,1182,N-525,N,False,144.8214330836952
2024006884,US_106_Madrid_V,40.377308,-3.631055,Camino De Hormigueras 177,Madrid,Madrid,28031,1,60.0,46,A-3,A,True,1646.6389378225606
2024006887,US_115_Córdoba_I,37.888256,-4.7495637,C/ Lapislázuli,Córdoba,Córdoba,14014,1,60.0,746,A-4,A,True,111.82155795735412
2024006889,US_119_Guadalajara_I,40.637558,-3.1881702,Calle Francisco Aritio 78,Guadalajara,Guadalajara,19004,1,60.0,685,A-2,A,True,1198.6206339228324
2024006891,US_129A_Oleiros,43.323215,-8.322574,Rúa Canizo,Oleiros,"Coruña, A",15171,1,60.0,1187,N-6,N,False,87.15893832062937
2024006893,US_133_Yecla,38.61415,-1.1312166,Avda. De La Paz 187,Yecla,Murcia,30510,1,60.0,1102,N-344,N,False,1926.669738673391
2024006894,US_136A_Cocentaina,38.74858,-0.4398068,Avda. Xátiva,Cocentaina,Alicante/Alacant,3820,1,60.0,382,N-340,N,False,524.2180693261306
2024006895,US_138_Almería_IV,36.863834,-2.4490192,Ctra. Granada,Almería,Almería,4009,1,60.0,634,A-7S,A,True,1326.5878772138046
2024006896,US_141_Salamanca,40.95878,-5.649654,Avenida Aldehuela,Salamanca,Salamanca,37003,1,60.0,798,A-50,A,True,863.0482351655997
2024006898,US_145_Fernán_Núñez,37.672684,-4.7310944,Avda. Juan Carlos I,Fernán-Núñez,Córdoba,14520,1,60.0,1037,N-331,N,False,1838.7634138119595
2024006899,US_146A_Córdoba_III,37.857365,-4.792339,Avenida De La Torrecilla S/N,Córdoba,Córdoba,14013,1,60.0,782,A-4R2,A,False,295.2213004305836
2024006900,US_147_Cartagena_I,37.624226,-0.9651938,Avda. Tito Didio,Cartagena,Murcia,30392,1,60.0,723,A-30,A,True,1264.9138148521017
2024006903,US_154_Mos_,42.20672,-8.661883,Polígono Industrial Do Rebullón 9,Mos,Pontevedra,36416,1,60.0,812,A-55,A,True,229.248038923503
2024006904,US_155_Vigo_I,42.22189,-8.6984,Rúa Do Gandarón 52A,Vigo,Pontevedra,36214,1,60.0,810,A-55,A,True,585.4070132673107
2024006905,US_161_Alicante_II,38.371483,-0.4576129,Avda. Denia 37,Alicante/Alacant,Alicante/Alacant,3015,1,60.0,377,N-334,N,False,1033.2205424257004
2024006906,US_162_Alicante_I,38.369843,-0.4642168,Avda. Antonio Ramos Carratalá 26,Alicante/Alacant,Alicante/Alacant,3015,1,60.0,138,A-70,A,True,1099.8882576467424
2024006909,US_165_A_Orihuela_III,37.937355,-0.7218518,Calle Santa Alodia 4C,Orihuela,Alicante/Alacant,3189,1,60.0,1047,N-332,N,False,89.59184770857986
2024006910,US_166_Antequera_II,37.02627,-4.5372334,Avda. Principal 4,Antequera,Málaga,29200,1,60.0,1043,N-331,N,False,1139.0428037314125
2024006911,US_167_Collado_Villalba_II,40.625965,-4.024393,Calle Azuela 62,Collado Villalba,Madrid,28400,1,60.0,854,AP-6,AP,True,1497.5911785746137
2024006912,US_171_Lugo,43.0387,-7.574124,Avda. Benigno Rivera 29,Lugo,Lugo,27003,1,60.0,539,N-6,N,False,257.65081744998116
2024006913,US_174_Vigo_II,42.215332,-8.70732,Estrada De Moledo 2,Vigo,Pontevedra,36214,1,60.0,810,A-55,A,True,451.3026330085709
2024006914,US_175_Torrejón_II,40.46513,-3.442731,Avenida De La Constitución 249,Torrejón de Ardoz,Madrid,28850,1,60.0,685,A-2,A,True,249.5932263146159
2024006915,US_176_Úbeda,38.018776,-3.3829947,Ctra. Córdoba-Valencia 5,Úbeda,Jaén,23400,1,60.0,999,N-322,N,False,296.6400553137786
2024006916,US_177_Fuengirola,36.548687,-4.6266747,Calle Alcalde Clemente Día Ruiz 34,Fuengirola,Málaga,29640,1,60.0,646,A-7S,A,False,223.74317685981725
2024006918,US_181_Illescas,40.14294,-3.8299563,Ctra. Torrecárdenas,Illescas,Toledo,45200,1,60.0,761,A-42,A,False,296.70856355535255
2024006919,US_183_Ciudad_Real_I,38.973824,-3.931851,Calle Tomelloso,Ciudad Real,Ciudad Real,13005,1,60.0,1117,N-420A,N,False,557.0141724988754
2024006920,US_184_Chiclana_de_la_Frontera,36.43209,-6.142707,Avda. Mueble 8,Chiclana de la Frontera,Cádiz,11130,1,60.0,777,A-48,A,False,1342.6386986985146
2024006923,US_194_San_Javier_II,37.79788,-0.8383811,Calle Isla Graciosa 1,San Javier,Murcia,30730,1,60.0,887,AP-7N,AP,False,305.1660269047089
2024006924,US_196_Santurce,43.31972,-3.0449536,Avda. Antonio Alzaga,Santurtzi,Bizkaia,48980,1,60.0,1292,AP-8,AP,True,432.7135916191413
2024006927,US_203_Guadalajara_II,40.628925,-3.18785,Calle Méjico 18,Guadalajara,Guadalajara,19004,1,60.0,685,A-2,A,True,280.25219724831646
2024006928,US_207_Torrevieja_I,37.991116,-0.6807607,Avda. Rosa Mazón Valero,Torrevieja,Alicante/Alacant,3183,1,60.0,1048,N-332,N,False,265.54344815630355
2024006929,US_209_Leganés_III,40.324944,-3.7417312,Ronda S´Albufera,Leganés,Madrid,28914,1,60.0,761,A-42,A,False,931.6336807189831
2024006930,US_210_Jérez_de_la_Frontera,36.69682,-6.150275,Crta,Jerez de la Frontera,Cádiz,11404,1,60.0,754,A-4,A,True,1440.6731309098452
2024006931,US_211_Almería_V,36.865166,-2.4494827,C. Almendros,Almería,Almería,4009,1,60.0,634,A-7S,A,True,1240.8267168922434
2024006932,US_212_Segovia,40.926186,-4.114856,Calle Alicante,Segovia,Segovia,40006,1,60.0,857,AP-61,AP,False,590.9803164474808
2024006935,US_220_Bergara,43.123558,-2.4231873,Calle Santalaitz,Bergara,Gipuzkoa,20570,1,60.0,837,AP-1,AP,True,412.03422800612697
2024006936,US_222_Cartes,43.333096,-4.065552,Poblado Santiago De Cartes,Cartes,Cantabria,39311,1,60.0,115,A-67,A,True,1248.8190737808063
2024006938,US_227_Alcala_de_Guadaira,37.37409,-5.909257,Calle Palmetillo 4,Alcalá de Guadaíra,Sevilla,41500,1,60.0,827,A-92,A,True,969.3150595752966
2024006940,US_229_Osuna,37.237827,-5.115188,C/ Sor Angela De La Cruz,Osuna,Sevilla,41640,1,60.0,828,A-92,A,True,933.2101077326755
2024006941,US_231_Tudela,42.061195,-1.6224803,Avda. Ricardo Mella 137,Tudela,Navarra,31500,1,60.0,118,A-68,A,False,611.1420334170708
2024006942,US_232_Torrevieja_III,37.99869,-0.69223,Calle José Lorca García 7B,Torrevieja,Alicante/Alacant,3184,1,60.0,1048,N-332,N,False,864.4283078359854
2024006943,US_236_Torrevieja_V,37.950966,-0.713338,Urbanización Las Barcas,Torrevieja,Alicante/Alacant,3185,1,60.0,1047,N-332,N,False,64.03366848211384
2024006944,US_237_Mijas_II,36.538258,-4.6401634,Camino Viejo De Coin,Mijas,Málaga,29651,1,60.0,646,A-7S,A,False,481.57560159915204
2024006946,US_242_San_Juan_II,38.394028,-0.4326734,Avda Miguel Hernandez,Alicante/Alacant,Alicante/Alacant,3550,1,60.0,138,A-70,A,True,1579.8350756645764
2024006951,US_256_Elche_III,38.26365,-0.72374,Calle Alcorcón,Elche/Elx,Alicante/Alacant,3205,1,60.0,1071,N-340,N,False,410.22025845314784
2024006952,US_260_Parla_I,40.228645,-3.777979,Calle Toledo,Parla,Madrid,28981,1,60.0,761,A-42,A,False,459.27609408143724
2024006953,US_262_Ferrol_,43.510918,-8.218712,C/Camiño Pau Bandeira,Ferrol,"Coruña, A",15405,1,60.0,592,N-655,N,False,944.3851727683184
2024006956,US_268_Laguna_de_duero,41.59191,-4.722905,Calle Roble,Laguna de Duero,Valladolid,47140,1,60.0,1189,N-601,N,False,121.99231435140679
2024006957,US_27_Valladolid_III,41.61745,-4.69264,Avda. Soria,Valladolid,Valladolid,47012,1,60.0,662,A-11,A,False,207.48645330558458
2024006959,US_272_Albacete_II,39.00559,-1.884538,Calle De Constantino Romero,Albacete,Albacete,2005,1,60.0,1003,N-322,N,True,281.1894261120943
2024006961,US_279_Petrer,38.45594,-0.783408,Poligono 21 312,Petrer,Alicante/Alacant,3610,1,60.0,728,A-31,A,True,104.21611396957529
2024006964,US_283_Valladolid_II,41.664295,-4.730425,Avenida De Burgos,Valladolid,Valladolid,47009,1,60.0,83,A-62,A,True,1752.3716615897085
2024006966,US_286_Toledo,39.875668,-4.042546,Calle Concilio De Toledo,Toledo,Toledo,45005,1,60.0,761,A-42,A,False,1859.0487474394263
2024006967,US_290_Villajoyosa,38.51536,-0.2350199,Avda. Castellón,"Villajoyosa/Vila Joiosa, la",Alicante/Alacant,3570,1,60.0,363,N-332,N,False,343.48463878958864
2024006968,US_295_Alcoy,38.68363,-0.4712277,Calle Navacerrada,Alcoy/Alcoi,Alicante/Alacant,3801,1,60.0,380,N-340,N,False,788.2922509386714
2024006969,US_29A_La_Mojonera,36.796246,-2.687973,C/ Escultores 72,"Mojonera, La",Almería,4746,1,60.0,635,A-7S,A,True,199.45379842271166
2024006970,US_302_Villarreal_,39.931896,-0.0980725,Avda.Carbajosa De La Sagrada 44,Vila-real,Castellón/Castelló,12540,1,60.0,387,N-340,N,False,370.67989946146963
2024006971,US_309_Seseña,40.105156,-3.654547,Ctra. Andalucía,Seseña,Toledo,45224,1,60.0,741,A-4,A,True,662.959997755603
2024006972,US_310_Castellón_,39.999737,-0.0397423,Ctra. Andalucía,Castelló de la Plana,Castellón/Castelló,12004,1,60.0,881,AP-7N,AP,True,1444.0472474439398
2024006973,US_315_Gines,37.3783,-6.08278,Avda. Marchalomar,Gines,Sevilla,41960,1,60.0,778,A-49,A,True,299.4546889470842
2024006976,US_326_Rivas_Vaciamadrid_II,40.34525,-3.530715,Calle Fundición,Rivas-Vaciamadrid,Madrid,28522,1,60.0,46,A-3,A,True,803.0668655022386
2024006979,US_339_Guardamar,38.095383,-0.661179,Camí De La Lloma,Guardamar del Segura,Alicante/Alacant,3140,1,60.0,1050,N-332,N,False,300.632102756589
2024006981,US_344_Leganes_II,40.32345,-3.751388,Calle Rey Pastor,Leganés,Madrid,28914,1,60.0,761,A-42,A,False,1524.5448175100855
2024006983,US_351_Daimuz,38.971867,-0.157258,C/ Oliva,Daimús,Valencia/València,46710,1,60.0,1052,N-337,N,False,596.4383306090468
2024006984,US_371_Lorca,37.65545,-1.7126029,Ctra. De Granada Con C/ Bartolomé Franco Navarro,Lorca,Murcia,30800,1,60.0,135,A-7,A,True,508.3247293226294
2024006987,US_450_Salamanca_,40.938988,-5.683544,Parcela 8,Carbajosa de la Sagrada,Salamanca,37008,1,60.0,107,A-66,A,True,151.87791252936196
2024006988,US_46_Burgos_,42.361824,-3.6540248,Calle Alcalde Martín Cobos,Burgos,Burgos,9007,1,60.0,170,N-1,N,False,702.643105078894
2024006990,US_63A_Bellreguard,38.949978,-0.1660383,Camino Vell De Gandía,Bellreguard,Valencia/València,46713,1,60.0,370,N-332,N,False,74.81803192606709
2024006993,GALP Villarejo de Salvanes,40.172264,-3.292031,"Av. Juan Carlos I Rey De España, 5, 28590 Vi",Perales de Tajuña,Madrid,28590,2,150.0,47,A-3,A,True,63.075322050432774
2024006994,Ibis - Alcalá La Garena,40.475044,-3.392638,"C. Antonio Suárez, 8",Alcalá de Henares,Madrid,28802,5,200.0,685,A-2,A,True,1053.7858517134268
2024006997,Galp - Gironès Norte,41.90677,2.773299,"Ap-7, 70, 500 Mi",Aiguaviva,Girona,17181,2,50.0,872,AP-7N,AP,True,52.38513507920971
2024007000,Galp - Parbayón,43.35925,-3.924742,"Bo. La Pasiega, 1A",Piélagos,Cantabria,39470,2,120.0,553,N-623,N,False,30.428630983665382
2024007001,CC Puerta de Toledo,39.95211,-3.995296,"Pl. Sector 6, 3, 45280 Olías Del Rey, Toledo",Olías del Rey,Toledo,45280,11,22.0,761,A-42,A,False,418.5477538033042
2024007002,Burger King - Orihuela,38.08033,-0.941976,"Av. De La Vega, 3, 03300 Orihuela, Alicante,",Orihuela,Alicante/Alacant,3300,2,150.0,1065,N-340,N,False,1923.78179326757
2024006863,US_002_Alcalá_de_Henares,40.474583,-3.4009986,Avda. Madrid 60,Alcalá de Henares,Madrid,28802,1,60.0,685,A-2,A,True,538.9758386713127
2024006995,Novotel - Barcelona Cornellà,41.351933,2.090828,"Avinguda Del Maresme, 37, 08940 Cornellà De",Cornellà de Llobregat,Barcelona,8940,5,80.0,701,A-2,A,True,810.1311993187361
2024007009,COFRADÍA PESCADORES DE GANDIA,38.99272,-0.159608,"RECINTO PORTUARIO, S/N GRAU I PLATJA DE GANDIA, Valencia",Gandia,Valencia/València,46730,2,22.0,1053,N-337,N,False,591.1544033836464
2024007010,Guardamar de la Safor,38.96164,-0.148179,"C/ Sant Joan S/N Guardamar de la Safor, Valencia",Guardamar de la Safor,Valencia/València,46711,4,22.0,1052,N-337,N,False,1714.264509380321
2024007011,AYUNTAMIENTO DE AGULLENT,38.825638,-0.55476314,"Avenida de Ontinyent Agullent, Valencia",Agullent,Valencia/València,46890,2,22.0,130,A-7,A,False,629.7501932518712
2024007014,AAIE-GRANADA,37.227592,-3.6344812,"POLÍGONO NAVEGRÁN, C/MELILLA Peligros, Granada",Peligros,Granada,18210,2,7.4,831,A-92,A,True,1864.5613893781904
2024007018,KIA GARTE TURISMOS,42.4576,-2.472779,"C/ Prado Viejo, 39 Logroño, La Rioja",Logroño,"Rioja, La",26007,2,50.0,195,N-111,N,False,1322.3290190828595
2024007020,IDAKI,42.835083,-1.6381406,"C/ MENDIKALE 1 ANSOAIN, Navarra",Ansoáin/Antsoain,Navarra,31013,2,22.0,611,N-121-A,N,True,1614.332714795309
2024007021,CARGADOR 2,38.02963,-1.1665024,"C. Practicante Pedro Pardo, 4 Espinardo, Murcia",Murcia,Murcia,30100,2,22.0,721,A-30,A,True,416.194236108149
2024007022,CARGADOR 1,38.029606,-1.1665332,"C. Practicante Pedro Pardo, 4 Espinardo, Murcia",Murcia,Murcia,30100,2,22.0,721,A-30,A,True,416.2111436901592
2024007024,SOBRARBE MOTOR S.L.,42.410755,0.152696,"Polígono Industrial Sobrarbe, Nave 1 y 2 Ainsa, Huesca",Aínsa-Sobrarbe,Huesca,22330,2,22.0,305,N-260,N,False,54.92316530778994
2024007025,Ayuntamiento Xeraco 2,39.033485,-0.21519408,"PLAÇA ESGLESIA Nº 4 Xeraco, Valencia",Xeraco,Valencia/València,46770,4,11.0,371,N-332,N,False,354.63094992203634
2024007026,Ayuntamiento Xeraco 1,39.03602,-0.2147104,"CALLE RONDA DE BRUGUIERES, 81 Xeraco, Valencia",Xeraco,Valencia/València,46770,4,11.0,371,N-332,N,False,417.4933227626351
2024007027,Ayuntamiento de Almoines,38.94114,-0.1833378,"C/ Molí, S/N (Frente Campo Futbol) Almoines, Valencia",Almoines,Valencia/València,46723,2,22.0,884,AP-7N,AP,True,328.16850581740755
2024007035,US_159_Torrejón_de_Ardoz_I,40.454872,-3.489767,Avda. Constitución 1,San Fernando de Henares,Madrid,28830,1,60.0,685,A-2,A,True,850.0132832999113
2024007036,US_223_Murcia_III,37.96925,-1.1392845,Avda. Del Palmar,Murcia,Murcia,30152,1,60.0,723,A-30,A,True,79.83530238389203
2024007038,US_084_Murcia_I,38.024414,-1.1627897,Ctra. Madrid 22A,Murcia,Murcia,30100,1,60.0,721,A-30,A,True,166.80679179991083
2024007039,US_126_Ourense_II,42.31131,-7.856596,Parcela Ex.1.2 Sunp I-33-R-Iñás Oleiros,Ourense,Ourense,32005,1,60.0,1182,N-525,N,False,701.2529874939746
2024007040,US_70_Vilanova_de_Arousa_II,42.572506,-8.720384,Lugar San Simón,Vilagarcía de Arousa,Pontevedra,36614,1,60.0,1277,N-640A,N,False,63.67159150100217
2024007041,US_380_Villares_de_la_Reina,40.988564,-5.646514,Crta. Valladolid Km.1,Salamanca,Salamanca,37005,1,60.0,86,A-62,A,True,1302.1901599623916
2024007042,US_289_Almería_VI,36.85471,-2.4697,C/ José Manuel,Almería,Almería,4160,1,60.0,634,A-7S,A,True,276.24147397332365
2024007028,US_152_Santiago_de_Compostela,42.9027,-8.508863,Rúa Polonia 7,Santiago de Compostela,"Coruña, A",15704,1,60.0,809,A-54,A,True,409.72116000011744
2024007030,US_83_Granada,37.19856,-3.64282,Avda. Andalucía 130,Granada,Granada,18014,1,60.0,1156,N-432,N,False,553.6630012077626
2024007031,US_253_Santiago_de_Compostela_II,42.91434,-8.528799,Via Nobel,Santiago de Compostela,"Coruña, A",15890,1,60.0,507,N-550,N,False,1587.2049756449953
2024007049,ADJ ALMOINES - CALLE JOAN FUSTER,38.945244,-0.1781911,"CALLE JOAN FUSTER Almoines, Valencia",Almoines,Valencia/València,46723,2,10.0,884,AP-7N,AP,True,964.2322339081952
2024007053,TALLER ANDRES CONIL,36.282333,-6.083511,"C/ CARRETERA, 43 Conil de la frontera, Cádiz",Conil de la Frontera,Cádiz,11140,2,3.7,1059,N-340,N,False,1803.4867145278276
2024007057,CENTRO CULTURAL ESPIRDO,40.997147,-4.074821,"C/ Segovia, 17 Espirdo, Segovia",Espirdo,Segovia,40191,2,22.0,180,N-110,N,False,1807.37105110143
2024007059,CARGADOR 3,38.029716,-1.1664795,"C. Practicante Pedro Pardo, 4 Espinardo, Murcia",Murcia,Murcia,30100,2,22.0,721,A-30,A,True,421.60179723002636
2024007060,CARGADOR 4,38.02985,-1.166394,"C. Practicante Pedro Pardo, 4 Espinardo, Murcia",Murcia,Murcia,30100,2,22.0,721,A-30,A,True,427.2876098951452
2024007061,AVINGUDA DE LA MAR (AJUNTAMENT),38.946598,-0.16185023,"AVINGUDA DE LA MAR, 2 BELLREGUARD, Valencia",Bellreguard,Valencia/València,46713,2,22.0,370,N-332,N,False,71.59195308426892
2024007062,CAMI VELL DEL GANDIA (MAGATZEM MUNICIPAL),38.95091,-0.1671,"CAMI VELL DEL GANDIA, 35 BELLREGUARD, Valencia",Bellreguard,Valencia/València,46713,2,4.1,370,N-332,N,False,114.04676177294517
2024007064,BENAVENTE (AVD. EL FERIAL),41.99708,-5.6772437,"Avda. EL FERIAL, Nº101-102 Benavente, Zamora",Benavente,Zamora,49600,2,22.0,491,N-525,N,False,529.8212787472348
2024007074,CARGADOR 5,38.03002,-1.1662524,"C. Practicante Pedro Pardo, 4 Espinardo, Murcia",Murcia,Murcia,30100,2,22.0,721,A-30,A,True,432.84603187912063
2024007075,CARGADOR 6,38.030052,-1.1661988,"C. Practicante Pedro Pardo, 4 Espinardo, Murcia",Murcia,Murcia,30100,2,22.0,721,A-30,A,True,432.47447538617314
2024007076,AVINGUDA DELS ESPORTS (CENTRAL DE POLICIA),38.94422,-0.16451395,"AVINGUDA DELS ESPORT, 6 BELLREGUARD, Valencia",Bellreguard,Valencia/València,46713,2,22.0,370,N-332,N,False,276.4289056338406
2024007077,CUESTA EL BOLÓN PR1,41.511524,-5.748288,"C/ Cuesta el Bolón, 2BIS Zamora, Zamora",Zamora,Zamora,49023,2,22.0,922,N-122,N,False,298.8212979209654
2024007078,CARGADOR MARJALS 2,38.81863,0.018371236,"C/ Sagra o C/ Orba Ondara, Alicante",Ondara,Alicante/Alacant,3760,2,22.0,370,N-332,N,False,136.23120511952038
2024007079,CARGADOR MARJALS 1,38.81867,0.017736731,"C/ Sagra o C/ Orba Ondara, Alicante",Ondara,Alicante/Alacant,3760,2,22.0,370,N-332,N,False,151.47320691576337
2024007086,AYUNTAMIENTO DE LOS MONTESINOS (1),38.027775,-0.7397246,"C/ Lima esquina con Avda. del Mar Los Montesinos, Alicante","Montesinos, Los",Alicante/Alacant,3187,2,22.0,887,AP-7N,AP,False,1959.8899542674726
2024007087,EATIM JESUS POBRE . C/ PINARET,38.79827,0.08309598,"CALLE PINARET S/N Jesus Pobre, Alicante",Dénia,Alicante/Alacant,3749,2,17.0,369,N-332,N,False,1563.1777249505674
2024007089,POLIGONO INDUSTRIAL ALMOAINES,38.950222,-0.18171994,"CALLE GREMIS N12-14 Poligono Insdutrial Almoines, Valencia",Almoines,Valencia/València,46723,2,11.0,370,N-332,N,False,654.6427418286191
2024007236,PR PUERTA NUEVA 1,41.502666,-5.7415185,"C/ Puerta Nueva, 34 Zamora, Zamora",Zamora,Zamora,49016,2,22.0,924,N-122,N,False,695.4322330562584
2024007237,PR PUERTA NUEVA 2,41.502693,-5.741469,"C/ Puerta Nueva, 34 Zamora, Zamora",Zamora,Zamora,49002,2,22.0,924,N-122,N,False,698.1129482578789
2024007238,CUESTA EL BOLÓN PR3,41.511734,-5.7484326,"C/ Cuesta el Bolón, 2BIS Zamora, Zamora",Zamora,Zamora,49023,2,22.0,922,N-122,N,False,292.51702380473125
2024007239,CUESTA EL BOLÓN PR4,41.51206,-5.7483916,"C/ Cuesta el Bolón, 2BIS Zamora, Zamora",Zamora,Zamora,49023,2,22.0,922,N-122,N,False,304.2874598507616
2024007240,(PTE REPARACIÓN) CUESTA EL BOLÓN PR5,41.512016,-5.7484894,"C/ Cuesta el Bolón, 2BIS Zamora, Zamora",Zamora,Zamora,49023,2,22.0,922,N-122,N,False,295.2066502877933
2024007244,POLÍGONO LA HINIESTA PR1,41.5177,-5.7611184,"C. de la Muela Quebrada, 75 Zamora, Zamora",Zamora,Zamora,49024,2,22.0,922,N-122,N,False,537.6782724529212
2024007245,POLÍGONO LA HINIESTA PR2,41.517742,-5.761024,"C. de la Muela Quebrada, 75 Zamora, Zamora",Zamora,Zamora,49024,2,22.0,922,N-122,N,False,528.9733139979173
2024007246,POLÍGONO LA HINIESTA PR3,41.51782,-5.760873,"C. de la Muela Quebrada, 75 Zamora, Zamora",Zamora,Zamora,49024,2,22.0,922,N-122,N,False,514.8367113432165
2024007247,OBISPO ACUÑA PR1,41.50331,-5.7378163,"Av. Obispo Acuña, 2 Zamora, Zamora",Zamora,Zamora,49017,2,22.0,924,N-122,N,False,971.234077274992
2024007248,OBISPO ACUÑA PR2,41.503292,-5.7379546,"Av. Obispo Acuña, 2 Zamora, Zamora",Zamora,Zamora,49017,2,22.0,924,N-122,N,False,960.3316636143787
2024007249,OBISPO ACUÑA PR3,41.503273,-5.738045,"Av. Obispo Acuña, 2 Zamora, Zamora",Zamora,Zamora,49017,2,22.0,924,N-122,N,False,953.3835121919984
2024007250,LOS PELAMBRES PR1,41.494408,-5.7550883,"C/ Los Pelambres, 2 Zamora, Zamora",Zamora,Zamora,49027,2,22.0,924,N-122,N,False,688.9548918994228
2024007251,LOS PELAMBRES PR2,41.49436,-5.7551985,"C/ Los Pelambres, 2 Zamora, Zamora",Zamora,Zamora,49027,2,22.0,924,N-122,N,False,693.3681928556481
2024007254,Mercado de Heliópolis. Sevilla,37.353905,-5.987317,"Calle Bolivia, 17",Sevilla,Sevilla,41012,2,22.0,748,A-4,A,True,1446.7805694200297
2024007258,RTVE_Cantabria,43.43006,-3.815181,"Polígono De Raos, S/N",Camargo,Cantabria,39600,2,22.0,1266,N-636,N,False,1223.4747923329282
2024007259,RTVE_Murcia,37.996674,-1.12439,"C. Navegante Juan Fernández, 5",Murcia,Murcia,30007,2,22.0,723,A-30,A,True,1954.041771692784
2024007260,RTVE_Toledo,39.87408,-4.025176,"C. De París, 15",Toledo,Toledo,45003,2,22.0,761,A-42,A,False,481.65211956084903
2024007264,MERCADO DE ABASTOS,41.504753,-5.7428145,"Plaza del Mercado de Abastos Zamora, Zamora",Zamora,Zamora,49003,2,22.0,924,N-122,N,False,535.1456132669898
2024007265,LOS PELAMBRES PR3,41.494328,-5.75526,"C/ Los Pelambres, 2 Zamora, Zamora",Zamora,Zamora,49027,2,22.0,924,N-122,N,False,696.4667504687349
2024007270,AZORIN HERMANOS SA PR5,40.379856,-3.7316067,"C/ CAMINO VIEJO DE LEGANES, Nº 181",Madrid,Madrid,28025,1,7.4,761,A-42,A,False,1062.3277427148585
2024007273,Supermercado Consum 0192 - Sant Vicent del Raspeig,38.39597,-0.5206,"C. Gral. Ibáñez, 26, 03690 San Vicente Del Raspeig, Alicante",San Vicente del Raspeig/Sant Vicent del Raspeig,Alicante/Alacant,3690,2,30.0,147,A-77A,A,False,1110.2197311729865
2024007275,Supermercado Consum 1084 - Cartagena,37.64762,-1.00734,"C. Llagostera, 1A, 30310 Cartagena, Murcia",Cartagena,Murcia,30310,4,120.0,887,AP-7N,AP,False,1659.412780083785
2024007277,Supermercado Consum Atarfe,37.22166,-3.69363,"Av. De La Estación, 22, 18230 Atarfe, Granada",Atarfe,Granada,18230,3,120.0,1155,N-432,N,False,441.8752357998061
2024007284,Supermercado Consum Elche,38.27554,-0.71462,"Avinguda De Novelda, 113, 03205 Elx, Alacant",Elche/Elx,Alicante/Alacant,3205,2,30.0,133,A-7,A,True,1250.7566360387139
2024007287,Parking Europa - Calle CF Hercules,38.33668,-0.50706,"Carrer Club De Futbol Hercules, S/N, 03008 Alacant, Alicante",Alicante/Alacant,Alicante/Alacant,3008,6,30.0,730,A-31,A,True,140.69081242024427
2024007288,Real Club de Golf de Castiello,43.50213,-5.63869,"Cam. Del Golf, 696, Periurbano - Rural, 33394 Bernueces, Asturias",Gijón,Asturias,33391,2,7.4,158,A-8,A,True,1773.873174214492
2024007289,Tanatorio Valles del Trubia,43.33842,-5.98234,Barrio Requejo,Grado,Asturias,33119,3,60.0,580,N-634,N,False,1943.5969975226435
2024007290,Restaurante Amandi Sidrería Casa Cortina,43.46735,-5.44401,"Aldea San Juan, 41, 33311 Amandi, Asturias",Villaviciosa,Asturias,33311,4,150.0,1255,N-632,N,False,1728.2901696413126
2024007291,Casa Rural La Ren Lecrés,41.6398,-3.57041,"C. San Sebastian, 37, 09491 Vadocondes, Burgos",Fresnillo de las Dueñas,Burgos,9491,1,7.4,916,N-122,N,False,806.5960549918431
2024007293,Centro Comercial N4,37.53007,-5.08593,"Avenida Del Genil, 41400 Écija, Sevilla",Écija,Sevilla,41400,4,120.0,747,A-4,A,True,40.545144716732416
2024007294,Tanatorio de Avilés,43.56326,-5.94048,"C. Emilia Pardo Bazán, 36",Avilés,Asturias,33401,6,120.0,1256,N-632,N,False,597.134151171644
2024007295,Casa Rula,43.51534,-5.3668,"Terienzu, 27, 33316 Selorio, Asturias",Villaviciosa,Asturias,33316,2,60.0,1255,N-632,N,False,1393.1049292749497
2024007297,Tanatorio de Cabueñes,43.52453,-5.60916,"Los Prados, 337",Gijón,Asturias,33394,6,120.0,1255,N-632,N,False,1223.2087391866526
2024007298,BPX Valladolid,41.61192,-4.74979,"C. Felipe Sánchez Román, S/N, 47008 Valladolid",Valladolid,Valladolid,47008,12,60.0,1189,N-601,N,False,1969.9841925539454
2024007300,Supermercado Consum Oliva,38.92141,-0.1143,"Passeig Francisco Brines, 15, 46780 Oliva, Valencia",Oliva,Valencia/València,46780,2,30.0,370,N-332,N,False,331.59028339181697
2024007306,Restaurante La Carbayera,43.50086,-5.66179,"Camino De La Carbayera 306, Granda De Arriba, 33391 Gijón",Gijón,Asturias,33391,4,60.0,814,A-8,A,True,1483.28003787206
2024007309,Supermercado Consum Torrellano,38.29253,-0.5917,"Av. De Illice, S/N, N-340, 17, 03320 Torrellano, Alicante",Elche/Elx,Alicante/Alacant,3320,3,60.0,1073,N-340,N,False,37.348382124529145
2024007310,Parking Edificio Los Cubos Sotano -2 Zona Sur,40.44269,-3.65784,"C. De Albacete, 5, Cdad. Lineal, 28027 Madrid",Madrid,Madrid,28027,3,3.6,684,A-2,A,False,1395.2807630419722
2024007311,Supermercado Consum Granollers,41.60125,2.28756,"Carrer De Francesc Macià I Llussà, 67-68, 08401 Granollers, Barcelona, España",Granollers,Barcelona,8402,2,30.0,873,AP-7N,AP,True,1997.1846196139418
2024007312,Supermercado Consum Vilafranca del Penedes,41.34178,1.69517,"Avinguda De Tarragona, 97, 101, 08720 Vilafranca Del Penedès, Barcelona",Vilafranca del Penedès,Barcelona,8720,3,30.0,396,N-340,N,False,851.914524744354
2024007317,Supermercado Consum Segorbe,39.84775,-0.49153,"Av. España, 130, 12400 Segorbe, Castellón",Segorbe,Castellón/Castelló,12400,2,30.0,24,A-23,A,True,472.2582947934894
2024007321,Supermercado Consum Albacete Avda. Ramon Menendez Pidal,39.0039,-1.86417,"Av. Ramón Menéndez Pidal, 60, 02005 Albacete",Albacete,Albacete,2005,3,30.0,1003,N-322,N,True,839.5068108368263
2024007322,Residencia de Estudiantes Yugo Luna,40.96915,-5.68026,"C. Henry Collet, 12, 1B, 37007 Salamanca",Salamanca,Salamanca,37007,7,100.0,87,A-62,A,True,1261.3980950485084
2024007323,Colegio Corazón de María de Gijón,43.51685,-5.66306,"Carretera Del Obispo 125, 33209 Gijón, Asturias",Gijón,Asturias,33209,4,60.0,814,A-8,A,True,268.6105679404277
2024007324,Supermercado Consum Nijar,36.93955,-2.13383,"C. Málaga, Campohermoso, Níjar, Almería",Níjar,Almería,4110,3,120.0,632,A-7S,A,True,1457.264684907271
2024007325,Sant Cugat Business Park,41.48322,2.05038,"Av. De La Via Augusta, 15, 08174 Sant Cugat Del Vallès, Barcelona",Sant Cugat del Vallès,Barcelona,8174,20,7.4,875,AP-7N,AP,True,153.44099774812318
2024007327,Supermercado Diaz Cadenas La Carolina,38.27831,-3.60797,"Av. Madrid, 27, 23200 La Carolina, Jaén","Carolina, La",Jaén,23200,3,120.0,745,A-4,A,True,359.90967379947705
2024007329,Supermercado Consum Molina de Segura,38.06704,-1.17787,"Centro Comercial Green Park, Av. Del Golf, 117, 30506 Altorreal, Murcia",Molina de Segura,Murcia,30506,2,30.0,55,A-30,A,True,1262.9019166640035
2024007330,Edificio Polaris Planta Visitas,40.4883,-3.66998,"Av. De Manoteras, 12, Hortaleza, 28050 Madrid",Madrid,Madrid,28050,6,30.0,14,A-1,A,False,1975.1370948187985
2024007331,Supermercado Consum La Vall d'Uixó Miquel V Arnau Abad,39.82074,-0.22906,"C/ De Miguel, Carrer De Miquel V Arnau Abad, 8, 12600 La Vall D'uixó, Castelló","Vall d'Uixó, la",Castellón/Castelló,12600,2,30.0,124,A-7,A,False,1513.7367963617212
2024007334,Supermercado Diaz Cadenas Andujar,38.03844,-4.04088,"Av. Blás Infante, 18, 23740 Andújar, Jaén",Andújar,Jaén,23740,3,120.0,746,A-4,A,True,384.819052435908
2024007335,Aparcamiento Vista Alegre,41.97608,2.82625,"Carrer De L'olivera, 21, 17004 Girona",Girona,Girona,17004,3,22.0,953,N-2,N,False,1545.6227348504567
2024007336,Sherry Golf Jerez,36.65992,-6.15498,"Calle Suiza, S/N, 11408 Jerez De La Frontera, Cádiz",Jerez de la Frontera,Cádiz,11408,3,120.0,630,N-4,N,False,1125.4441321166662
2024007338,Hotel Miracielos,43.43463,-4.82446,"Playa De Miracielos - Barro, 33595 Llanes",Llanes,Asturias,33595,4,60.0,157,A-8,A,True,767.5096332923332
2024007339,Supermercado Consum Orihuela,37.90921,-0.74463,"C. Sector Y-1 Campoa-Sector Nort, 171, 03189 Orihuela, Alicante",Orihuela,Alicante/Alacant,3189,3,120.0,1047,N-332,N,False,145.36331627258352
2024007340,Supermercado BM Las Rozas,40.49651,-3.86105,"C. Boj, 4, 28231 Las Rozas De Madrid, Madrid","Rozas de Madrid, Las",Madrid,28231,8,3.6,63,A-6,A,True,672.9701569352231
2024007342,Sevilla - Calle Max Planck 3 esq. Gregor Mendel,37.40291,-6.00544,"C. Max Planck & C. Gregor J. Mendel, 41092 Sevilla",Sevilla,Sevilla,41092,2,22.0,1245,N-630,N,False,1672.822519950894
2024007343,Sevilla - Calle Leonardo da Vinci esq. Calle Louis Braille,37.40495,-6.00709,"C. Leonardo Da Vinci & C. Louis Braille, 41092 Sevilla",Sevilla,Sevilla,41092,2,22.0,1245,N-630,N,False,1821.0044548653948
2024007345,Sevilla - Avenida Grecia 28-34 esq. Avenida Italia,37.35096,-5.98424,"Av. De Grecia, 34, 41012 Sevilla",Sevilla,Sevilla,41012,2,22.0,748,A-4,A,True,1039.9322365240448
2024007346,Supermercado BM Majadahonda,40.47524,-3.87511,"C. Puerto De Los Leones, 2, 28220 Majadahonda, Madrid",Majadahonda,Madrid,28220,3,60.0,63,A-6,A,True,1512.7269857369065
2024007347,Tanatorio Los Arenales,43.34554,-5.83533,"S/N, Calle Arenales, Los",Oviedo,Asturias,33195,4,120.0,96,A-66,A,True,539.206372594882
2024007349,Sevilla - Calle Max Planck 15,37.40134,-6.00574,"C. Max Planck, 15, 41092 Sevilla",Sevilla,Sevilla,41092,2,22.0,1245,N-630,N,False,1507.1070914990275
2024007350,Estación de Servicio Talluntxe,42.77413,-1.6338,"Polígono Talluntxe Ii C/Q Nº 1, 31192 Tajonar, Navarra",Aranguren,Navarra,31192,2,150.0,608,AP-15,AP,False,231.85165359230888
2024007351,Supermercado Consum La Solana,38.94346,-3.23314,"C. Gral. Espartero, 5, 13240 La Solana, Ciudad Real","Solana, La",Ciudad Real,13240,3,60.0,1138,N-430,N,False,1112.2292466395168
2024007355,Parking Edificio Los Cubos Sotano -2 Zona Norte,40.4434,-3.6581,"C. De Albacete, 5, Cdad. Lineal, 28027 Madrid",Madrid,Madrid,28027,26,7.4,684,A-2,A,False,1373.3381846775412
2024007356,Parking Edificio Los Cubos Sotano -1 Zona Norte,40.44343,-3.65769,"C. De Albacete, 5, Cdad. Lineal, 28027 Madrid",Madrid,Madrid,28027,4,7.4,684,A-2,A,False,1341.5216808509458
2024007359,Sevilla - Avenida de los Gavilanes 77,37.37324,-5.95284,"Av. Los Gavilanes, 77, 41006 Sevilla",Sevilla,Sevilla,41006,2,22.0,827,A-92,A,True,1813.277038685079
2024007360,Tanatorio Jove-Gijón,43.55161,-5.7006,"Av. De Eduardo Castro, 165, Gijon-Oeste, 33212 Gijón, Asturias",Gijón,Asturias,33212,3,120.0,1278,N-641,N,True,990.0179176992128
2024007362,Sevilla - Calle Padre Mediavilla 2,37.35764,-5.98305,"C. Padre Mediavilla, 2, 41012 Sevilla",Sevilla,Sevilla,41012,2,22.0,748,A-4,A,True,1736.5733522307519
2024007364,Tanatorio Cangas de Onís,43.34996,-5.1134,"Mercado De Ganados, Pozu Los Llobos, S/N, 33550 Cangas De Onís, Asturias",Cangas de Onís,Asturias,33559,3,60.0,558,N-625,N,False,1405.9270604400956
2024007365,Restaurante Casa Kilo,43.53161,-5.54261,"Sta. Ana - Playa España, 5-6, 33314 Villaviciosa, Asturias",Villaviciosa,Asturias,33314,2,60.0,1255,N-632,N,False,1733.4859617375746
2024007369,PadelSpirit Club - Madrid,40.39622,-3.59101,"Vicálvaro, C. Pirotecnia, 59, Vicálvaro, 28052 Madrid",Madrid,Madrid,28052,5,60.0,46,A-3,A,True,1721.962509921424
2024007371,Supermercado Consum Vinaròs,40.47051,0.46992,"Carrer De La Mare De Déu Del Pilar, S/N, 12500 Vinaròs, Castelló",Vinaròs,Castellón/Castelló,12500,3,60.0,1090,N-340A,N,False,401.5038029691965
2024007373,Supermercado BM San Agustín de Guadalix,40.68603,-3.61196,"Av. Alcalde Lorenzo Ginés Brandín, 2, 28750 San Agustín Del Guadalix, Madrid",Colmenar Viejo,Madrid,28750,3,150.0,16,A-1,A,True,245.0263177491772
2024007374,Campoastur Grado,43.39631,-6.05398,"Via De Servicio, Carretera N-634, La, Ctra. La Recta Peñaflor, 22, 33829 Grado, Asturias",Colunga,Asturias,33820,2,22.0,580,N-634,N,False,38.529129416420574
2024007375,Sevilla - Calle Metalurgia 61,37.41168,-5.95532,"C. Metalurgia, 61, Norte, 41007 Sevilla",Sevilla,Sevilla,41007,2,22.0,747,A-4,A,True,747.2148959194832
2024007377,Estación de Servicio Daimús,38.97114,-0.1577,"Carrer Oliva, 2, 46710 Daimús, Valencia",Daimús,Valencia/València,46710,2,80.0,1052,N-337,N,False,644.0677686676735
2024007379,Sevilla - Avenida Ronda del Tamarguillo,37.38051,-5.96036,"Av. Ronda Del Tamarguillo, 41006 Sevilla",Sevilla,Sevilla,41005,2,22.0,827,A-92,A,True,1864.448342318238
2024007380,Hotel Las Carolinas Garden,43.46361,-3.82199,"P.º Del Gral. Dávila, 115, 39006 Santander, Cantabria",Santander,Cantabria,39006,4,60.0,1202,N-611,N,False,682.9770341923719
2024007383,Estación de Servicio Texacoil,41.62104,-4.70394,"C. Pirita, 49, 47012 Valladolid",Valladolid,Valladolid,47012,2,120.0,662,A-11,A,False,946.3956209659416
2024007392,Parking Carballiño,42.4307,-8.07789,"Rúa Da Alameda, 6, 32500 O Carballiño, Ourense","Carballiño, O",Ourense,32500,3,50.0,502,N-541,N,False,405.12108017581727
2024007393,Supermercado Consum Lorca,37.66721,-1.70185,"C. Jerónimo Sta. Fe, 41, 30800 Lorca, Murcia",Lorca,Murcia,30800,2,30.0,135,A-7,A,True,677.5709130518085
2024007399,Gasolinera TJ OIL Salteras,37.45534,-6.05513,"C. Castilla La Mancha, 181, 41909 Salteras, Sevilla",Salteras,Sevilla,41909,3,120.0,1242,N-630,N,False,539.8275174765669
2024007401,Supermercado Consum Roquetas de Mar - Aguadulce,36.81347,-2.57451,"C. Encinar, 47, 04720 Aguadulce, Almería",Roquetas de Mar,Almería,4720,4,60.0,635,A-7S,A,True,935.5937554442729
2024007402,Supermercado Consum Torreblanca,40.21912,0.1996,"Carrer De Saragossa, 44, 12596 Torreblanca, Castelló",Torreblanca,Castellón/Castelló,12596,2,30.0,389,N-340,N,True,311.6934702770193
2024007403,Tanatorio Arriondas,43.38326,-5.18566,"Lugar, Pozu El Barreñu, 401A, 33540 Arriondas, Asturias",Parres,Asturias,33540,3,60.0,577,N-634,N,False,335.31857291564756
2024007404,Campoastur Oviedo,43.37836,-5.83324,"Calle Camino De La Cerámica, 4, 33194 Oviedo, Asturias",Oviedo,Asturias,33011,3,60.0,96,A-66,A,True,1669.9783861752526
2024007405,Gasolinera ES AGLA Valle Zahor,36.99913,-3.577,"C. La Trinchera, 18650 Dúrcal, Granada",Albuñuelas,Granada,18659,3,120.0,771,A-44,A,True,1768.7797203791904
2024007408,Gasolinera Easygas Gijón,43.50831,-5.68928,"C. Nicolás Copérnico, 311, Periurbano - Rural, 33211 Gijón, Asturias",Gijón,Asturias,33211,2,120.0,814,A-8,A,True,712.2013054786355
2024007409,BOJ Hipermueble Avilés,43.57078,-5.92417,"C. Marqués De Teverga, 4, 33401 Avilés, Asturias",Avilés,Asturias,33401,3,120.0,1259,N-632A,N,False,331.8782622878794
2024007410,Supermercado Consum Aldaia Solidaritat,39.47582,-0.45757,"Carrer Solidaritat, 4, 46960 Aldaia, Valencia",Aldaia,Valencia/València,46960,3,120.0,53,A-3,A,False,609.726083129344
2024007411,Bauhaus Girona,41.95908,2.81217,"Carrer De Joan Amades I Gelats, 299, 17003 Girona",Girona,Girona,17003,4,30.0,953,N-2,N,False,1721.6770314823625
2024007413,Sevilla - Calle Miguel Angel 111,37.32108,-5.96791,"C. Miguel Ángel, 111, 41014 Sevilla",Sevilla,Sevilla,41014,2,22.0,627,N-4,N,False,1005.5979241155351
2024007414,Sevilla - Calle Gaviota 17,37.38437,-5.95525,"C. Gaviota, 17, 41006 Sevilla",Sevilla,Sevilla,41006,2,22.0,827,A-92,A,True,1313.909864998109
2024007417,Estación de Servicio Orcoyen Agustinos,42.8261,-1.68824,"Polígono Comarca I, 24, 31160 Orcoyen, Navarra",Orkoien,Navarra,31160,2,60.0,675,A-15,A,True,992.3069584185404
2024007419,Hotel Gastronómico Venta Magullo,40.96091,-4.10087,"C. Rafael De Las Heras, 1, 40196 La Lastrilla, Segovia","Lastrilla, La",Segovia,40196,4,150.0,180,N-110,N,False,1666.2673864148665
2024007420,Supermercado Consum Puçol,39.61808,-0.31021,"Av. Molí De Vent, 5, 46530 Puçol, València",Puçol,Valencia/València,46530,3,120.0,126,A-7,A,True,1110.8419717464392
2024007422,Tanatorio Puente Nora,43.39339,-5.8155,"Cam. De Paredes, 33429 Paredes, Asturias",Siero,Asturias,33420,3,120.0,96,A-66,A,True,758.7238020659416
2024007424,Sevilla - Calle Juan Carvallo 3,37.37721,-5.95396,"C. Juan Carvallo, 3, 41006 Sevilla",Sevilla,Sevilla,41006,2,22.0,827,A-92,A,True,1556.9338549819015
2024007425,BPX Loja,37.17266,-4.15582,"Av. Fernando De Los Ríos, 3, 18300 Loja, Granada",Huétor Tájar,Granada,18300,3,120.0,830,A-92,A,True,1054.48726578901
2024007429,AZORIN HERMANOS SA PR1,40.379986,-3.732016,"C/ CAMINO VIEJO DE LEGANES, Nº 181",Madrid,Madrid,28025,2,22.0,761,A-42,A,False,1098.247581220906
2024007430,AZORIN HERMANOS SA PR2,40.380096,-3.7316716,"C/ CAMINO VIEJO DE LEGANES, Nº 181",Madrid,Madrid,28025,2,7.4,761,A-42,A,False,1070.252123580422
2024007431,AZORIN HERMANOS SA PR3,40.38006,-3.7315745,"C/ CAMINO VIEJO DE LEGANES, Nº 181",Madrid,Madrid,28025,1,7.4,761,A-42,A,False,1061.678302137335
2024007432,AZORIN HERMANOS SA PR4,40.37995,-3.731742,"C/ CAMINO VIEJO DE LEGANES, Nº 181",Madrid,Madrid,28025,1,7.4,761,A-42,A,False,1074.7199617313242
2024007434,E-PO-Ponteareas-001,42.170967,-8.500752,"Sarmiento Rivera,15",Ponteareas,Pontevedra,36860,6,22.0,899,N-120,N,False,1204.425419106924
2024007437,E-V-QuartDePoblet-005,39.48033,-0.445952,"13 Rosas,21",Quart de Poblet,Valencia/València,46930,6,22.0,53,A-3,A,False,279.9306694448302
2024007438,E-V-Benimamet-001,39.478794,-0.403979,"Valle De La Ballestera,58",València,Valencia/València,46015,4,22.0,53,A-3,A,False,1587.947350955646
2024007444,E-CA-LaLineaDeLaConcepcion-001,36.16272,-5.344642,"Mª Auxiliadora,2","Línea de la Concepción, La",Cádiz,11300,4,22.0,409,N-351,N,False,755.5578929916891
2024007445,S-BEZANA-001,43.434746,-3.914942,"De La Santa Cruz,56",Santa Cruz de Bezana,Cantabria,39100,5,50.0,116,A-67,A,True,50.41456585004719
2024007446,BI-Zamudio-004,43.29476,-2.8625,"Tecnologico,206",Derio,Bizkaia,48170,4,22.0,564,N-633,N,True,1529.9067793510471
2024007447,E-GI-Vidreres-001,41.79131,2.777792,"Costa Brava,53",Vidreres,Girona,17411,2,7.4,702,A-2,A,False,1609.1561426036922
2024007462,SHELL EMPORDÁ,42.251583,2.993694,"Carrer la Pireta, s/n","Far d'Empordà, El",Girona,17469,2,90.0,954,N-2,N,False,749.4838536152912
2024007463,SHELL PLAZA ELIPTICA,40.386246,-3.7170293,"P.º de Sta. María de la Cabeza,168",Madrid,Madrid,28019,2,60.0,761,A-42,A,False,34.130797662629426
2024007464,CONSUM ALBAIDA,38.840874,-0.5214257,"Avd. de la Fira, 25",Albaida,Valencia/València,46860,3,120.0,130,A-7,A,False,1208.027154429845
2024007465,CONSUM REQUENA,39.48732,-1.1014501,"C.de Villajoyosa,3",Requena,Valencia/València,46340,3,120.0,12,N-3,N,False,599.2257482768816
2024007467,CONSUM CHIVA,39.472385,-0.7179286,"Avd. de Castilla, 51A",Chiva,Valencia/València,46370,3,120.0,50,A-3,A,True,1200.0754685691988
2024007468,US_62A_Carbajosa_de_la_Sagrada,40.94018,-5.6544294,Paseo De Arromolinos 37,Carbajosa de la Sagrada,Salamanca,37008,1,6.0,798,A-50,A,True,1011.8670523180709
2024007469,US_180_El_Ejido,36.77696,-2.7939787,Avda. El Treinta 105,"Ejido, El",Almería,4710,1,6.0,635,A-7S,A,True,1335.7009184733283
2024007470,US_355_Santiago_III,42.909153,-8.491505,Rúa País Vasco,Santiago de Compostela,"Coruña, A",15707,1,6.0,162,AP-9,AP,True,559.992624716445
2024006963,US_282_Palencia,42.02041,-4.5287356,Ctra. De Santander,Palencia,Palencia,34003,1,60.0,94,A-65,A,True,1276.6506387450431
2024007472,San Vicente de la Barquera,43.383804,-4.399194,"Avda. Miramar, 1",San Vicente de la Barquera,Cantabria,39540,2,7.4,574,N-634,N,False,11.45422978222824
2024007476,AIRA OIL TABOADA,42.723904,-7.770747,"Poligono Parque Empresarial de Taboada S/N, 27550, Taboada, Lugo",Taboada,Lugo,27550,3,50.0,500,N-540,N,False,485.7279185158034
2024007477,US_345_San_Juan_III,38.406525,-0.439435,Avda. Mutxamiel,Alicante/Alacant,Alicante/Alacant,3550,1,60.0,138,A-70,A,True,178.0724051927692
2024007480,CENTRO CÍVICO SOTOPALACIOS,42.435112,-3.6812942,"Calle Carrebarriuso, 3",Merindad de Río Ubierna,Burgos,9140,4,22.0,551,N-623,N,False,45.63512358749367
2024007488,CONSUM OLLERIA,38.913284,-0.5532312,"AVENIDA DE LA DIPUTACION PROVINCIAL,32","Olleria, l'",Valencia/València,46850,3,120.0,130,A-7,A,False,1854.198995511811
2024007489,CONSUM ALMANSA,38.86562,-1.0941365,"CALLE DE LA CORREDERA,100",Almansa,Albacete,2640,3,120.0,1144,N-430A,N,False,1149.9463902245477
2024007497,M-Leganes-016,40.33065,-3.742271,"Lengua Española,15",Leganés,Madrid,28916,3,50.0,761,A-42,A,False,1319.4918936818192
2024007504,E-P-Palencia-005,42.00572,-4.51498,"Andalucia,21",Palencia,Palencia,34004,4,22.0,94,A-65,A,True,1188.3183213655514
2024007509,CONSUM GANDIA,38.963116,-0.185076,"CL. SANT VICENT FERRER,67",Gandia,Valencia/València,46702,1,30.0,370,N-332,N,False,758.311277095416
2025000002,E-SE-Arahal-001,37.252228,-5.549419,"Villamartin,1",Arahal,Sevilla,41600,4,22.0,828,A-92,A,True,181.19531874802436
2025000005,E-MU-PuertoLumbreras-001,37.574898,-1.796847,"Juan Carlos I,97",Lorca,Murcia,30890,4,22.0,135,A-7,A,True,149.28013095813458
2025000007,E-PO-AEstrada-001,42.685684,-8.500277,"Pontevedra,S/N","Estrada, A",Pontevedra,36680,6,22.0,1275,N-640,N,False,125.39626914815119
2025000008,E-BI-Santurtzi-004,43.32021,-3.046288,"El Arbol,17",Santurtzi,Bizkaia,48980,4,22.0,1292,AP-8,AP,True,363.7768051984766
2025000012,E-CO-Cordoba-008,37.877228,-4.80197,"Manolete,S/N",Córdoba,Córdoba,14005,6,22.0,1167,N-437,N,False,1354.0991842613257
2025000013,E-GU-Guadalajara-004,40.628616,-3.185901,"Trafalgar,4",Guadalajara,Guadalajara,19004,6,22.0,685,A-2,A,True,196.55158396125586
2025000016,E-CO-LaCarlota-001,37.676052,-4.924514,"De La Industria,15","Carlota, La",Córdoba,14100,6,22.0,747,A-4,A,True,636.858645602144
2025000017,E-O-Oviedo-003,43.388973,-5.819199,"Molin De La Casuca,S/N",Oviedo,Asturias,33011,6,22.0,96,A-66,A,True,750.2973971961181
2025000019,E-MA-Estepona-002,36.4314,-5.14751,"Andalucia,S/N",Estepona,Málaga,29680,2,22.0,3,A-7S,A,True,467.6294675831691
2025000020,E-M-Torrelodones-002,40.57135,-3.924426,"Luarca,1",Galapagar,Madrid,28250,4,22.0,64,A-6,A,True,92.71082802082157
2025000021,E-GI-Figueres-002,42.25903,2.956025,"Met Miravitlles,S/N",Figueres,Girona,17600,6,22.0,312,N-2A,N,False,316.85320340845476
2025000029,E-GI-Olot-001,42.1907,2.47685,"Sant Joan De Les Abadeses,S/N",Olot,Girona,17800,6,22.0,309,N-260A,N,False,1914.4787310581112
2025000031,E-CA-Algeciras-001,36.140587,-5.451821,"Virgen Del Carmen,30",Algeciras,Cádiz,11204,4,22.0,9,A-7S,A,True,504.0860229605633
2025000032,E-MA-Fuengirola-002,36.55633,-4.617325,"Francisco Rivera Paquirri Mercadona,S/N",Fuengirola,Málaga,29640,4,22.0,646,A-7S,A,False,262.7514502823238
2025000036,E-CR-CiudadReal-004,38.969498,-3.928334,"Santa Cruz De Mudela,4",Ciudad Real,Ciudad Real,13005,6,22.0,760,A-41,A,True,721.5964636917786
2025000038,E-MA-AlhaurinDeLaTorre-002,36.65781,-4.543844,"De Los Cortijos,S/N",Alhaurín de la Torre,Málaga,29130,4,22.0,645,A-7S,A,True,1551.2139651611583
2025000039,O-OVIEDO-045,43.358,-5.8526,"Calvo Sotelo,S/N",Oviedo,Asturias,33007,2,22.0,1218,N-630,N,False,319.51302440282126
2025000041,ZA-BENAVENTE-001-3,42.003296,-5.660266,"Paraguay,10",Benavente,Zamora,49600,2,150.0,71,A-6,A,True,77.51744456256598
2025000042,E-M-Madrid-170,40.444885,-3.653894,"Condesa De Venadito,5",Madrid,Madrid,28027,2,7.4,684,A-2,A,False,982.2733555664015
2025000045,E-PO-Vilagarcia(diseminados)-001,42.59267,-8.771592,"Valle Inclan,0",Vilagarcía de Arousa,Pontevedra,36600,6,22.0,1276,N-640,N,False,502.63717993772093
2025000053,CONSUM TOMELLOSO,39.14953,-3.0174217,CL. RIA DE AROUSA,Tomelloso,Ciudad Real,13700,5,120.0,763,A-43,A,True,1012.0963236280666
2025000055,CONSUM ALCOY TIRANT LO BLANC,38.70889,-0.4716289,"AVD.TIRANT LO BLANC, 2B",Alcoy/Alcoi,Alicante/Alacant,3804,4,120.0,381,N-340,N,False,998.3235151755443
2025000056,"ENILEC, S.L.",38.685978,-0.474025,"Avinguda D'elx, 29",Alcoy/Alcoi,Alicante/Alacant,3801,2,22.0,380,N-340,N,False,1123.2570073444217
2025000066,RTVE_Zaragoza,41.669804,-0.904143,"Av. Ranillas, 5",Zaragoza,Zaragoza,50018,2,22.0,692,A-2,A,True,1213.0546615467251
2025000071,Madrid Activa 3,40.51829,-3.342658,"Calle Punto Mobi, 9-11",Alcalá de Henares,Madrid,28805,6,100.0,685,A-2,A,True,1618.9140189788548
2025000072,Cárcel de la Ranilla. Sevilla,37.38654,-5.962197,"Calle Mariano Benlliure, 2",Sevilla,Sevilla,41005,2,22.0,827,A-92,A,True,1911.0881404839256
2025000077,Centro Deportivo Rochelambert. Sevilla,37.37333,-5.951106,"Avenida De Doña Francisquita, 2",Sevilla,Sevilla,41006,2,22.0,827,A-92,A,True,1717.585246218958
2025000087,Charolistas. Sevilla,37.42201,-5.961107,"Calle Esparteros, 1",Sevilla,Sevilla,41015,2,100.0,747,A-4,A,True,1925.0369408872234
2025000088,Pol. Ind. Store. Sevilla,37.407604,-5.961668,"Calle Nivel, 8",Sevilla,Sevilla,41008,2,100.0,747,A-4,A,True,1147.0978970457147
2025000090,Madrid Activa 5,40.51522,-3.339089,"Calle Punto Mobi, 1-3",Alcalá de Henares,Madrid,28805,6,100.0,685,A-2,A,True,1340.9986859974513
2025000091,Madrid Activa 1,40.514465,-3.340239,"Calle Punto Net, 2-4",Alcalá de Henares,Madrid,28805,6,100.0,685,A-2,A,True,1306.5161351772117
2025000092,Madrid Activa 4,40.516743,-3.340874,"Calle Punto Mobi, 5-7",Alcalá de Henares,Madrid,28805,6,100.0,685,A-2,A,True,1513.8968222202227
2025000094,Madrid Activa 2,40.517593,-3.3437,"Calle Punto Net, 10-14",Alcalá de Henares,Madrid,28805,6,100.0,685,A-2,A,True,1516.7677079500486
2025000097,RTVE_Oviedo,43.347855,-5.827282,"Calle San Esteban De Las Cruces, 92",Oviedo,Asturias,33195,2,22.0,96,A-66,A,True,586.0987613247484
2025000101,L-Vinaixa-001,41.429195,0.971549,"Escoles Obras Pcl,N/A",Vinaixa,Lleida,25440,6,120.0,991,N-240,N,False,311.0532427720887
2023002449,HYC22BZ2902A-,38.534702,-0.169479,"Avinguda Ausiàs March, Benidorm, Alicante,",Finestrat,Alicante/Alacant,3509,2,150.0,364,N-332,N,False,354.611621265513
2023002450,HYC22BZ2821A-,43.467102,-3.834137,"C. Josefina De La Maza, 39012 Santander,",Santander,Cantabria,39012,2,150.0,1202,N-611,N,False,1107.4897054904002
2023002451,HYC22BZ1873A-,39.872612,-4.040235,"N-403, 2V, 45005 Toledo, Spain",Toledo,Toledo,45004,2,100.0,761,A-42,A,False,1736.6165456478088
2023004159,HYC23BZ0447A-,40.642387,-4.039017,"Ap-6 Pk: 42, 3, 28200 San Lorenzo De El Escorial, Madrid, Spain",San Lorenzo de El Escorial,Madrid,28200,3,200.0,854,AP-6,AP,True,81.5164604485494
2023004160,HYC22BZ1817A-,40.32005,-3.87555,"Av. De Portugal, 79, 28934 Móstoles, Madrid, Spain",Móstoles,Madrid,28934,2,150.0,785,A-5,A,True,1643.9596836498627
2023004162,HYC23BZ0213A-,40.067764,-2.13503,"C. Fermín Caballero, 19, 16004 Cuenca, Spain",Cuenca,Cuenca,16004,2,150.0,758,A-40,A,False,740.2651291083157
2023004163,HYC23BZ0443A-,40.64373,-4.038636,"Ap-6 Pk: 42, 3, 28200 San Lorenzo De El Escorial, Madrid, Spain",San Lorenzo de El Escorial,Madrid,28200,3,50.0,854,AP-6,AP,True,70.88851602237015
2024006742,HYC22BZ0339A-,40.3786,-3.6143,"Av. Del Ensanche De Vallecas, 2, Vallecas, 28051, Comunidad De Madrid, Spain",Madrid,Madrid,28051,2,150.0,46,A-3,A,True,997.8396451637528
2024006721,HYC23BZ0200A-,40.432934,-3.633964,"Calle De Los Hermanos García Noblejas, 35, 28037 Madrid, Comunidad De Madrid, Spain",Madrid,Madrid,28037,1,150.0,684,A-2,A,False,1746.0233232032933
2024006743,C8A233S023JMUFULDH-,41.622257,-4.77187,"Parque Empresarial Monasterio Del Prado, 4, 47195, Valladolid, Castilla Y León, Spain",Arroyo de la Encomienda,Valladolid,47195,2,200.0,84,A-62,A,True,1061.2403474443915
2024006748,HYC22BZ0341A-,40.37865,-3.614332,"Av. Del Ensanche De Vallecas, 2, Vallecas, 28031, Comunidad De Madrid, Spain",Madrid,Madrid,28031,2,150.0,46,A-3,A,True,998.5082863442494
2024006749,HYC22BZ3242A-,40.93761,-4.110855,"Av. Juan Carlos I, 19, 40006, Segovia, Castilla Y León, Spain",Segovia,Segovia,40006,1,150.0,857,AP-61,AP,False,1541.262418318697
2024006755,HYC22BZ3243A-,40.458855,0.407149,"E-15, 358, 12580 Benicarló, Comunidad Valenciana, Spain",Benicarló,Castellón/Castelló,12580,1,100.0,880,AP-7N,AP,True,66.18424478127979
2024006756,HYC22BZ2912A-,40.45885,0.407149,"E-15, 358, 12580 Benicarló, Comunidad Valenciana, Spain",Benicarló,Castellón/Castelló,12580,1,100.0,880,AP-7N,AP,True,66.45599035690388
2024006758,HYC23BZ0196A-,42.80685,-1.67679,"Av. Central, 2, 31010 Barañáin, Navarra, Spain",Pamplona/Iruña,Navarra,31010,1,150.0,667,A-12,A,False,1588.2254309138066
2024006759,HYC23BZ0195A-,42.80685,-1.67679,"Av. Central, 2, 31010 Barañáin, Navarra, Spain",Pamplona/Iruña,Navarra,31010,1,150.0,667,A-12,A,False,1588.2254309138066
2024006723,HYC23BZ0208A-,40.4021,-3.676106,"Avenida De La Ciudad De Barcelona, 61, 28007 Madrid, Comunidad De Madrid, Spain",Madrid,Madrid,28007,1,150.0,740,A-4,A,False,1341.6739097086029
2024006724,22XP22T3QQ1AN00823-,42.526028,-3.334111,"Ap-1 Pk: 35, 5, 09240 Briviesca, Burgos, Spain",Briviesca,Burgos,9240,2,44.0,834,AP-1,AP,True,33.574441625995064
2024006725,22XP22T3QQ1AN00839-,42.651974,-3.068028,"A-1, Pk: 235, 09001 Burgos, Spain",Altable,Burgos,9219,2,44.0,834,AP-1,AP,True,69.46612562994777
2024006726,22XP22T3QQ1AN00852-,42.528862,-3.332083,"Ap-1 Pk: 35, 5, 09240 Briviesca, Burgos, Spain",Briviesca,Burgos,9240,2,44.0,834,AP-1,AP,True,64.04686665778549
2024006727,22XP22T3QQ1AN00845-,42.651974,-3.068028,"A-1, Pk: 235, 09001 Burgos, Spain",Altable,Burgos,9219,2,44.0,834,AP-1,AP,True,69.46612562994777
2024006728,22XP22T3QQ1AN00814-,42.65061,-3.069667,"A-1, Pk: 235, 09001 Burgos, Spain",Altable,Burgos,9219,2,44.0,834,AP-1,AP,True,44.95419078921354
2024006729,22XP22T3QQ1AN00844-,42.65061,-3.069667,"A-1, Pk: 235, 09001 Burgos, Spain",Altable,Burgos,9219,2,44.0,834,AP-1,AP,True,44.95419078921354
2024006734,C8A233S023DXEJQQSX-,37.890842,-4.75873,"Avda. De Libia, 34, 37004 Córdoba, Spain",Córdoba,Córdoba,14007,2,180.0,746,A-4,A,True,849.1213911215291
2024006735,HYC23BZ0933A-,42.73453,-1.633457,"Ctra. N-121, Km. 9,400, 25005 Pamplona, Spain",Galar,Navarra,31191,1,150.0,907,N-121,N,False,15.18434952982541
2024006736,C8A233S023DKYBKATA-,40.952175,-5.649138,"Ctra. De Madrid, 9, 37900 Salamanca, Spain",Santa Marta de Tormes,Salamanca,37900,2,180.0,798,A-50,A,True,218.077807123843
2024006738,C8A233S023JBGMTWZD-,38.315155,-6.302123,"A-66 Pk: 694, 06249 Badajoz, Extremadura, Spain",Calzadilla de los Barros,Badajoz,6249,2,180.0,111,A-66,A,True,193.5486769167117
2024006739,HYC22BZ3231A-,40.297028,-3.692278,"A-4 Pk: 14,3, 28906 Getafe, Madrid",Getafe,Madrid,28906,1,150.0,741,A-4,A,True,64.05607708933164
2024006740,HYC22BZ2909A-,40.297028,-3.692278,"A-4 Pk: 14,3, 28906 Getafe, Madrid",Getafe,Madrid,28906,1,150.0,741,A-4,A,True,64.05607708933164
2024006741,C8A233S023BBGJKJBM-,36.69435,-6.100985,"Avenida Arcos, Sector 28 La Marquesa Norte, 11406 Cadiz, Andalucía, Spain",Jerez de la Frontera,Cádiz,11405,2,180.0,781,A-4R1,A,False,1880.2845877754721
2025000117,CONSUM CAMPELLO,38.422653,-0.3949398,"AVENIDA AUSIAS MARCH,4","Campello, el",Alicante/Alacant,3560,3,100.0,138,A-70,A,True,1794.9734395413168
2025000154,TK Elevators Home - Miguel Magan,41.332996,2.09999,"Calle Les Moreres, 18-20","Prat de Llobregat, El",Barcelona,8820,1,7.4,701,A-2,A,True,1622.1316213223051
2025000159,MU-MURCIA-025,37.993046,-1.130392,"Circular,0",Murcia,Murcia,30008,3,50.0,723,A-30,A,True,1300.0678543721037
2025000177,E-MA-Churriana-003,36.62929,-4.49145,"Playamar,13",Antequera,Málaga,29620,2,22.0,621,AP-7S,AP,True,1552.0511676611968
2025000180,E-LE-Leon-015,42.60303,-5.59623,"San Andres,71",León,León,24010,2,22.0,211,N-120,N,True,1881.1342566402016
2025000183,SE-SEVILLA-046,37.359215,-5.981231,"La Palmera,49",Sevilla,Sevilla,41013,4,7.4,748,A-4,A,True,1894.3886861145477
2025000195,Carrer Major,41.39628,1.95918,"Major,152",Cervelló,Barcelona,8758,4,22.0,397,N-340,N,False,665.3601463364303
2025000196,Av. Generalitat - F. Macià,41.43658,2.00921,"Generalitat De Catalunya,68","Papiol, El",Barcelona,8754,4,22.0,700,A-2,A,True,1262.3820579105711
2025000198,Av. Generalitat - C. del Riu,41.42302,1.99694,"Generalitat,28",Pallejà,Barcelona,8780,4,21.0,700,A-2,A,True,407.89261960280834
2025000054,ESTACION SERVICIO CASTEJON DEL PUENTE - Moeve,41.950005,0.15355359,CTA NAC 240 PK. 149.500,Castejón del Puente,Huesca,22310,3,50.0,285,N-240,N,False,43.103821048899114
2025000057,ESTACION SERVICIO JAIME I - REPSOL,41.911148,0.19667546,AVENIDA LERIDA 31,Monzón,Huesca,22400,3,35.0,285,N-240,N,False,1690.2583998426717
2025000293,"Camargo, Spain",43.42935,-3.838126,Calle Alday Valle Real 3,Camargo,Cantabria,39600,8,250.0,1265,N-636,N,True,412.5631925603652
2025000294,"Saelices, Spain",39.91699,-2.798463,"Autovía A-3, Salida 104",Saelices,Cuenca,16430,4,250.0,49,A-3,A,True,323.2760097832707
2025000295,"Totana, Spain",37.77606,-1.454229,"2 C. El Olivo, Totana, Mc 30850, Es, 2",Murcia,Murcia,30850,8,250.0,135,A-7,A,True,331.6689312897969
2025000297,"Córdoba, Spain",37.88988,-4.749699,"Calle Gema, 7",Córdoba,Córdoba,14014,8,250.0,746,A-4,A,True,265.4796166692702
2024007507,Elx_Rectorado_1,38.274883,-0.684929,AVENIDA DE LA UNIVERSIDAD S/N. RECTORADO Y CONSEJO SOCIAL,Elche/Elx,Alicante/Alacant,3202,4,22.0,1071,N-340,N,False,629.8802254537485
2025000301,E-MA-Fuengirola-003,36.54168,-4.62529,"Cordoba,35",Fuengirola,Málaga,29640,2,22.0,646,A-7S,A,False,810.426273593614
2025000305,VISTAGIRALDA,37.3634,-6.039264,"CR SE-640 KM 0,750 MARGEN DERECHO, S/N",San Juan de Aznalfarache,Sevilla,41920,2,90.0,778,A-49,A,True,1938.5320239220002
2025000306,Nuevo parking Estadio El Bayu,43.3846,-5.660876,"Cl El Bayu 1,",Cudillero,Asturias,33519,4,22.0,93,A-64,A,True,65.16557569096213
2025000307,Nuevo aparcamiento plaza el ferroviario,43.38537,-5.703455,Calle Rodrigo Muñiz Fernández,Siero,Asturias,33186,3,150.0,579,N-634,N,False,32.28026810287774
2025000308,Aparcamiento polideportivo y piscina municipal,43.39256,-5.649494,Cl Carretera Nacional 634 S/N,Siero,Asturias,33580,8,22.0,93,A-64,A,True,717.9331717776048
2025000309,Complejo deportivo municipal,43.406742,-5.810471,"Avenida Conde De Sta Barbara, S/N",Siero,Asturias,33420,4,22.0,95,A-66,A,True,988.7869981552718
2025000310,Aparcamiento Campo de futbol,43.38207,-5.697552,"Calle San Martín, El Berrón",Siero,Asturias,33186,6,22.0,93,A-64,A,True,239.89194156974128
2025000311,Aparcamiento Centro de Salud La Fresneda,43.416252,-5.789939,"Cam De La Viesca, 2",Siero,Asturias,33429,2,22.0,95,A-66,A,True,873.3816611251357
2025000312,Aparcamiento Plaza Mayor La Fresneda,43.412296,-5.790207,"Cam De Los Castaños 11, Urbanización La Fresneda",Siero,Asturias,33420,3,150.0,95,A-66,A,True,734.1345154144306
2025000313,Aparcamiento Polideportivo La Fresneda,43.417515,-5.789173,Av De La Fontona 1,Siero,Asturias,33429,2,22.0,95,A-66,A,True,972.9272232212738
2025000314,Aparcamiento Siero Este - Naves de la tejera,43.3906,-5.654424,Cl Juan Hevia S/N,Siero,Asturias,33510,6,22.0,93,A-64,A,True,585.8424398438699
2025000315,Elx_Torrevaíllo_3,38.27775,-0.69163454,AVENIDA DE LA UNIVERSIDAD S/N. EDIFICIO TORREVAÍLLO,Elche/Elx,Alicante/Alacant,3207,2,22.0,1071,N-340,N,False,1112.140328668269
2025000316,Elx_Altea_7,38.600338,-0.05687981,"Carrer Benidorm, s/n",Altea,Alicante/Alacant,3590,2,22.0,884,AP-7N,AP,True,1205.768508811272
2025000317,Elx_Sant Joan_4,38.38959,-0.436039,"Ctra. Valencia, 546",Sant Joan d'Alacant,Alicante/Alacant,3550,4,22.0,138,A-70,A,True,1407.6320119987047
2025000153,"Aparcamiento I.E.S. Villanueva, Estación FFCC",43.39091,-5.666429,Cl Asturias S/N,Siero,Asturias,33510,6,22.0,579,N-634,N,False,131.2109257603625
2025000320,E-Z-Calatayud-001,41.374615,-1.577303,"N-Ii (Madrid-Barcelona),S/N",Calatayud,Zaragoza,50300,2,7.3,689,A-2,A,True,330.9140559222256
2025000328,M-Madrid-152,40.465347,-3.786321,"Zarzuela,21",Madrid,Madrid,28023,5,100.0,63,A-6,A,True,146.94128550783418
2025000334,CARREFOUR AUGUSTA,41.65923,-0.9188606,AVDA NAVARRA 180,Zaragoza,Zaragoza,50011,2,50.0,260,N-232,N,False,345.0582556394844
2025000343,CARREFOUR RIVAS,40.340855,-3.5363479,AVDA DE LA TECNICA S/N,Rivas-Vaciamadrid,Madrid,28524,2,150.0,46,A-3,A,True,195.9735143943277
2025000348,Decathlon Usera,40.366158,-3.711676,C. Del Simca S/N,Madrid,Madrid,28041,10,150.0,761,A-42,A,False,758.3633590929188
2025000351,Carrefour L`Hostal Nou I la Codosa,41.638073,2.373145,"Carretera Granollers A Sant Celoni Cantonada,",Cànoves i Samalús,Barcelona,8440,6,22.0,873,AP-7N,AP,True,1248.718945423929
2025000352,Decathlon San Sebastián,43.280277,-2.013636,Fernando Mugica Kalea 2,Donostia/San Sebastián,Gipuzkoa,20018,18,150.0,565,N-634,N,False,164.71124844259256
2025000353,Decathlon Mérida,38.92164,-6.373924,"Polígono Industrial El Prado, C. Las Palmas",Mérida,Badajoz,6800,6,22.0,792,A-5,A,True,166.98785478989177
2025000356,AhorraMas José del Hierro,40.440998,-3.64264,C. De José Del Hierro 57,Madrid,Madrid,28027,2,22.0,684,A-2,A,False,899.0111821076283
2025000357,Ahorramas Tarancón,40.004986,-3.003184,Av. Del Rey Juan Carlos I 53,Tarancón,Cuenca,16400,4,22.0,48,A-3,A,True,1217.8270132480777
2025000374,Aldi Caleta de Velez,36.75046,-4.0723443,"Av. de Andalucía, 340",Vélez-Málaga,Málaga,29751,2,98.0,642,A-7S,A,True,1319.621909703136
2025000377,CARREFOUR ELCHE,38.258324,-0.7303978,AVDA. CREVILLENTE 31,Elche/Elx,Alicante/Alacant,3205,2,50.0,1070,N-340,N,False,56.958171067609854
2025000382,S.C.L. AGROPIENSO,41.820404,0.319636,"CR TARRAGONA SAN SEBASTIAN KM.128,100",Esplús,Huesca,22535,2,150.0,993,N-240,N,False,178.9275378743646
2025000393,CU-Cuenca-002,40.0791,-2.14794,"Rodolfo Llopis,0",Cuenca,Cuenca,16003,4,50.0,758,A-40,A,False,442.3463630766948
2025000394,O-Oviedo-013,43.364937,-5.84389,"Victor Chavarri,2",Oviedo,Asturias,33001,5,7.4,1218,N-630,N,False,1364.4821868695292
2025000395,TO-Illescas-002,40.12506,-3.829198,"Los Pradillos,7",Illescas,Toledo,45200,3,50.0,761,A-42,A,False,391.95360164734166
2025000397,T-Tarragona-019,41.10982,1.23883,"De Salou,18",Tarragona,Tarragona,43004,4,100.0,1114,N-420,N,False,717.514308520575
2025000398,E-PO-Tui-001,42.037487,-8.661517,"Anta,S/N",Tui,Pontevedra,36700,6,22.0,57,A-55,A,True,265.8950597687334
2025000399,E-SE-Sevilla-027,37.327034,-5.964696,"Jerez,13",Sevilla,Sevilla,41014,4,22.0,627,N-4,N,False,1715.2963376430919
2025000405,M-Madrid-156,40.381687,-3.715047,"Santoña,4",Madrid,Madrid,28026,5,100.0,761,A-42,A,False,307.0677706538124
2025000407,E-MU-Torrecilla-001,37.679913,-1.696389,"Pg. Industrial Sapre Parcela 8 G Inversiones Ricamar * Torrecilla,2",Lorca,Murcia,30800,2,7.4,135,A-7,A,True,1092.3894420567337
2025000410,E-MU-Torrecilla-002,37.67383,-1.688773,"Pg. Industrial Sapre Parcela 8 G Inversiones Ricamar * Torrecilla,2",Lorca,Murcia,30800,2,7.4,135,A-7,A,True,1642.2138208317006
2025000200,Telpark - Glorieta de España,37.982933,-1.130549,"Glorieta De España, S/N",Murcia,Murcia,30004,3,22.0,723,A-30,A,True,723.4088355430328
2025000201,Telpark - Catedral,38.99518,-1.8565356,"Plaza La Constitución, 6",Albacete,Albacete,2002,6,22.0,726,A-31,A,True,1183.8170566358374
2025000202,Telpark - Mercado de Marbella,36.5113,-4.886388,"Avda. Del Mercado, Esquina Jacinto Benavente",Marbella,Málaga,29601,6,22.0,0,A-7S,A,True,890.5189577429302
2025000203,Telpark - Complejo Hospitalario de León,42.61762,-5.5738244,"Calle Altos De Nava, S/N",León,León,24008,3,22.0,1246,N-630A,N,False,462.5152352557573
2025000209,Telpark - Ordoño II,42.596474,-5.577025,"Avda. Ordoño Ii, 39",León,León,24001,7,22.0,210,N-120,N,True,1314.9730398047745
2025000210,Telpark - Valdecilla - México,43.457687,-3.826288,"Jerónimo S. De La Maza, S/N",Santander,Cantabria,39008,12,22.0,1202,N-611,N,False,83.11928213685567
2025000211,Telpark - El Grande,40.65418,-4.6963606,"Pza. De Santa Teresa, S/N",Ávila,Ávila,5001,7,22.0,429,N-403,N,False,890.4830535573439
2025000213,Telpark - Plaza San Juan,43.33864,-1.7894084,"Pza San Juan Harria, S/N",Irun,Gipuzkoa,20304,3,22.0,1286,AP-8,AP,True,797.0113264318168
2025000216,Telpark - Santa Eulalia,40.966652,-5.661674,"Pza. Santa Eulalia, S/N",Salamanca,Salamanca,37001,3,22.0,1229,N-630,N,False,1428.4276514309568
2025000222,Telpark - San Atón,38.87677,-6.971166,"Martín Cansado, 2",Badajoz,Badajoz,6002,6,22.0,1157,N-432A,N,False,789.4225338226732
2025000224,Telpark - La Pedrera,41.113396,1.2526704,"Pompeu Fabra, S/N",Tarragona,Tarragona,43004,10,22.0,137,A-7,A,False,1100.8377761141833
2025000229,Telpark - Marina Española,41.507774,-5.740589,"Pza. De La Marina Española, S/N",Zamora,Zamora,49012,7,22.0,924,N-122,N,False,775.3715811271735
2025000230,Telpark - Plaza España (Fuengirola),36.53679,-4.626981,"Plaza España, S/N",Fuengirola,Málaga,29640,7,22.0,646,A-7S,A,False,572.3986314867874
2025000232,Telpark - Zona Hospitalaria,42.80592,-1.66591,"Pza. Protomedicato, S/N",Pamplona/Iruña,Navarra,31008,12,22.0,675,A-15,A,True,1659.8895154153831
2025000235,Telpark - Rambla Nova,41.11847,1.2465266,"Rambla Nova, S/N",Tarragona,Tarragona,43001,10,120.0,137,A-7,A,False,664.900344173449
2025000236,Telpark - Los Remedios,37.379925,-6.000565,"C/ Paraíso, S/N",Sevilla,Sevilla,41010,6,22.0,1245,N-630,N,False,1231.0561734322214
2025000238,Telpark - Alhóndiga,43.259872,-2.9358678,"Alameda De Urquijo, 43",Bilbao,Bizkaia,48010,10,120.0,150,A-8,A,False,1808.9110082139273
2025000242,Telpark - Plaza de Portugal,42.236336,-8.718535,Plaza De Portugal S/N,Vigo,Pontevedra,36201,5,22.0,168,AP-9V,AP,False,138.1419731906008
2025000244,Telpark - Plaça Ajuntament,41.359825,2.0992675,"Carrer De L’Església, 12","Hospitalet de Llobregat, L'",Barcelona,8901,8,22.0,701,A-2,A,True,1889.1173923033862
2025000245,Telpark - Passeig Nou Centre,42.266502,2.9579804,"Passeig Nou, 1B",Figueres,Girona,17600,7,22.0,312,N-2A,N,False,11.15484936247631
2025000246,Telpark - Cuatre Cantons,41.471622,2.082546,"Plaça Quatre Cantons, S/N",Sant Cugat del Vallès,Barcelona,8172,6,22.0,875,AP-7N,AP,True,1822.006726561955
2025000247,Telpark - Plaza de España (Pontevedra),42.431637,-8.647867,"Plaza De España, S/N",Pontevedra,Pontevedra,36002,13,120.0,163,AP-9,AP,True,483.4010860675229
2025000249,Telpark - Dávalos,40.63406,-3.1695855,"Calle Alvarfañez De Minaya, 10",Guadalajara,Guadalajara,19001,2,22.0,685,A-2,A,True,979.0408907921045
2025000251,Telpark - Área Central,42.88312,-8.529274,"Rua De Berlín S/N, Pol.Fontiñas, S/N",Santiago de Compostela,"Coruña, A",15707,6,22.0,163,AP-9,AP,True,1034.8010280139463
2025000252,Telpark - Plaça de la Vila,41.471294,2.085429,"Pza. De La Vila, S/N",Sant Cugat del Vallès,Barcelona,8172,4,22.0,875,AP-7N,AP,True,1888.5113753661813
2025000253,Telpark - Hospital de Figueres,42.269127,2.954748,"C/ Gloria Compte Massachs, S/N",Figueres,Girona,17600,11,22.0,312,N-2A,N,False,252.0037761557629
2025000255,Telpark - Colón,40.961494,-5.6633744,Juan De La Fuente 14,Salamanca,Salamanca,37001,3,22.0,1229,N-630,N,False,888.9265796517479
2025000256,Telpark - Oliveros,36.834045,-2.462677,"Calle Maestro Serrano, 9",Almería,Almería,4004,3,22.0,1077,N-340A,N,True,1505.7363555482139
2025000257,Telpark - El Rastro,40.654297,-4.702124,"Calle Beata Mª Teresa Jesús De Jornet, S/N",Ávila,Ávila,5002,6,22.0,429,N-403,N,False,623.1197287328855
2025000258,Telpark - Gran Via Majadahonda,40.47124,-3.8739982,"C/ Gran Vía, S/N, Majadahonda",Majadahonda,Madrid,28220,10,22.0,63,A-6,A,True,1806.2880088328573
2025000261,Telpark - El Ferial,40.626335,-3.1639235,"Pza. Baluarte, S/N",Guadalajara,Guadalajara,19002,12,22.0,685,A-2,A,True,361.5492356858055
2025000262,Telpark - Plaza del Pati,41.285946,1.2504002,"Plaza Del Pati S/N,",Valls,Tarragona,43800,3,22.0,988,N-240,N,False,814.4808075060904
2025000263,Telpark - Paseo de Colón,43.34002,-1.7944515,"Pº Colón, 27",Irun,Gipuzkoa,20302,4,22.0,1286,AP-8,AP,True,1014.2282312373515
2025000266,Telpark - Plaza Santo Domingo,40.630867,-3.1648083,Plaza Santo Domingo S/N,Guadalajara,Guadalajara,19001,5,22.0,685,A-2,A,True,749.3088307373873
2025000269,Telpark - Plaza Alameda,42.33556,-7.8671374,"Paseo Central Alameda Del Concejo, S/N,",Ourense,Ourense,32005,4,22.0,1183,N-525,N,False,973.4014824544473
2025000274,Telpark - Mercado Benidorm,38.537197,-0.1316207,"C/ Mercado, Nº 1",Benidorm,Alicante/Alacant,3501,6,22.0,364,N-332,N,False,1752.9009111712899
2025000278,Telpark - Sant Francesc,41.283253,1.2519372,Pl. Sant Francesc S/N,Valls,Tarragona,43800,6,22.0,988,N-240,N,False,510.20092753109446
2025000280,Telpark - Tomás Orduño,38.541542,-0.1337432,"C/ Tomás Ortuño, Prox 77",Benidorm,Alicante/Alacant,3501,6,22.0,364,N-332,N,False,1262.596417410298
2025000283,Telpark - Montero Rios,42.429703,-8.649733,Av. Raíña Vitoria Uxía S/N,Pontevedra,Pontevedra,36001,10,22.0,163,AP-9,AP,True,514.4576901635656
2025000287,Telpark - Santissim Crist,39.20166,-0.311092,"C/ Valencia, 69, Sueca",Sueca,Valencia/València,46410,2,22.0,372,N-332,N,False,286.6908536180433
2025000289,Telpark - Calle Oriente,39.20437,-0.3077282,"Carrer De L'orient, 17, 46410 Sueca, València",Sueca,Valencia/València,46410,3,50.0,372,N-332,N,False,670.849672321847
2025000290,Telpark  - Calle Valencia,39.203773,-0.3146857,"C/ Valencia, 69, Sueca",Sueca,Valencia/València,46410,2,22.0,372,N-332,N,False,166.20537891297485
2025000425,Complejo Leo Monesterio - A66 Salida 730,38.02801,-6.220289,"Venta El Culebrin,1",Monesterio,Badajoz,6260,10,120.0,1239,N-630,N,False,68.64713082583238
2025000426,ES_BP_LA SAFOR II,39.040337,-0.228151,"Ap-7 (Mrg. Dcho) Km. 570,S/N",Xeraco,Valencia/València,46770,2,150.0,884,AP-7N,AP,True,51.387253250982646
2025000427,JV_BURGER KING - San Fulgencio,38.119175,-0.65702,"Mar Cantabrico- Sector Viii,15",Daya Vieja,Alicante/Alacant,3177,2,120.0,1051,N-332,N,False,132.96358896568816
2025000429,Viñarás Premium - Concesionario Oficial Volvo - Toledo,39.913914,-4.007656,"Madrid-Toledo,25D",Olías del Rey,Toledo,45280,2,150.0,761,A-42,A,False,65.46950019127898
2025000430,JV_B-LaPanadella-003,41.616684,1.400437,"Nacional Ii,536",Argençola,Barcelona,8717,10,350.0,699,A-2,A,True,600.5740467705886
2025000431,ES_BP_LA SAFOR I,39.03951,-0.226643,"Ap-7 (Mrg. Izqdo) Km. 570,S/N",Xeraco,Valencia/València,46770,2,150.0,884,AP-7N,AP,True,70.96783284375306
2025000433,Q8 Gasolinera Algeciras,36.14999,-5.454406,"N-340, Km 107,3",Algeciras,Cádiz,11203,2,120.0,9,A-7S,A,True,34.230530525212544
2025000434,CC THADER Murcia,38.0331,-1.1477,"Victor Garrigos,9",Murcia,Murcia,30110,10,360.0,134,A-7,A,True,203.9681809674438
2025000435,ES_BP_NTRA SRA DEL VALME,37.274258,-5.931441,"Cadiz-Madrid Km 555,5,S/N",Dos Hermanas,Sevilla,41701,2,150.0,628,N-4,N,False,1253.711229825667
2025000436,Estación bp La Vega de Mijas,36.5379,-4.6413,"Viejo De Coin,Cr-Ma-426",Mijas,Málaga,29651,3,100.0,646,A-7S,A,False,588.7943919327842
2025000437,Estación bonÀrea - Golmes,41.630672,0.91401,"Tarragona,2",Golmés,Lleida,25241,1,100.0,698,A-2,A,True,1416.4022685565715
2025000438,Estación Valcarce La Joyosa by Porsche,41.736553,-1.066887,"De Logroño A-68,Salida 257","Joyosa, La",Zaragoza,50692,10,350.0,123,A-68,A,False,74.06302583357993
2025000439,AUDI RIOJA MOTOR,42.487694,-2.426572,"Avda. Puntido Nave 4 Pol. Ind. Las Cañas,S/N",Logroño,"Rioja, La",26006,2,150.0,670,A-13,A,False,564.0664949512259
2025000440,ES_BP_ESTEPONA. ESTEPONA,36.4295,-5.1297,"Av. Litoral,S/N",Estepona,Málaga,29680,2,150.0,2,A-7S,A,False,606.5932128435276
2025000441,ES_BP_CAMINO SUAREZ. MALAGA,36.7295,-4.4449,"Av. Valle Inclan,S/N",Cártama,Málaga,29010,2,150.0,645,A-7S,A,True,1521.7338265203618
2025000442,Bonaval Premium Concesionario A Coruña,42.90147,-8.52297,"Carretera De La Coruña, Km. 59,200",Santiago de Compostela,"Coruña, A",15890,2,150.0,809,A-54,A,True,1129.5447139659454
2025000443,CC Portal de  la Marina by Porsche,38.81834,0.023807,"Costa Blanca,1",Ondara,Alicante/Alacant,3760,10,350.0,370,N-332,N,False,87.33833765818609
2025000445,JV_E.S. Oropesa - Saras 01,39.9269,-5.185408,"C-5105,1",Oropesa,Toledo,45560,6,150.0,787,A-5,A,True,226.20564411680644
2025000447,URB. GUADACORTE PARK. AUTOVÍA A-7,36.19547,-5.428848,"Urb. Guadacorte Park. Autovía A-7,115","Barrios, Los",Cádiz,11370,7,150.0,5,A-7S,A,True,65.77141043139616
2025000448,JV_Área de Servicio Extremadura 2000 - 02,38.93821,-6.36091,"A5 - Salida 341,N/A",Mérida,Badajoz,6800,5,150.0,791,A-5,A,True,168.93288331446323
2025000449,JV_Plaza de Santa Ana 7 - 01,40.655552,-4.690103,"Santa Ana,7",Ávila,Ávila,5001,3,100.0,429,N-403,N,False,1403.1727717997526
2025000450,JV_RESTAURANTE AURELIO - 03,37.90418,-6.221099,"Marina Española,77",Santa Olalla del Cala,Huelva,21260,7,150.0,1240,N-630,N,False,60.31096624935984
2025000451,JV_Avenida de Madrid 102 - 01,40.660503,-4.704019,"Madrid,102",Ávila,Ávila,5005,3,100.0,467,N-501,N,False,856.6358892263632
2025000452,JV_AVENIDA JUAN PABLO II 14 - 01,40.647675,-4.696885,"Juan Pablo Ii,14",Ávila,Ávila,5003,3,100.0,429,N-403,N,False,419.56802196181695
2025000453,JV_CALLE RIO CEA 1 - 01,40.66817,-4.685987,"Rio Cea,1",Ávila,Ávila,5005,3,100.0,430,N-403,N,False,853.9693738936967
2025000454,JV_Porsche HPC_AG Express Direcc. Alicante 2,38.30772,-0.60557,"Ciento Sesenta Y Tres,1135",Elche/Elx,Alicante/Alacant,3295,10,400.0,140,A-70,A,True,141.9382913278103
2025000455,JV_Porsche HPC_CETRAMESA GOTEMBURGO - 03,40.959454,-5.726509,"Puerto De Gotemburgo,2",Salamanca,Salamanca,37009,10,400.0,88,A-62,A,True,290.3285601032291
2025000456,JV_Porsche HPC_AG EXPRESS DIRECC. ELCHE 2,38.30987,-0.605645,"Ciento Sesenta Y Tres,1135",Elche/Elx,Alicante/Alacant,3295,10,400.0,140,A-70,A,True,96.1040871381819
2025000457,JV_PADEL PERELLO-01,41.95728,2.800894,"Mas Falgas,2",Girona,Girona,17005,4,180.0,872,AP-7N,AP,True,1264.2134063953804
2025000458,JV_CC E.TORROJA-LEG-001,40.318268,-3.744669,"Eduardo Torroja,7",Leganés,Madrid,28914,8,100.0,761,A-42,A,False,731.26829534078
2025000459,JV_CAMINO ARTZANEGI 1 - 01,43.004578,-1.895971,"Arzanegui,1",Lekunberri,Navarra,31870,4,100.0,680,A-15,A,True,336.3519292891876
2025000460,JV_VOLVO MURCIA - 01,38.029167,-1.172282,"N-301,32",Murcia,Murcia,30100,4,100.0,721,A-30,A,True,800.8301971984981
2025000461,JV_NORAUTO - Pamplona - 01,42.786053,-1.633366,"Comercial Galaria Calle T,1",Galar,Navarra,31191,4,100.0,675,A-15,A,True,394.77564644587136
2025000464,JV_NORAUTO - Finestrat - 01,38.53453,-0.17187,"Rei Jaume I,9",Finestrat,Alicante/Alacant,3509,4,100.0,364,N-332,N,False,232.99058328719366
2025000465,REST. ALDAIA - HOLIDAY INN EXPRESS,42.829258,-2.748476,"Paduleta,57",Vitoria-Gasteiz,Araba/Álava,1015,4,100.0,651,A-1,A,True,650.6596033356936
2025000466,PARKE TEKNOLOGIKO MIÑANO EDIF CENTRAL,42.91003,-2.663482,"Hermanos Lumiere,2",Arratzua-Ubarrundia,Araba/Álava,1510,6,100.0,836,AP-1,AP,True,1120.798865116725
2025000467,POPEYES - Teresa Claramunt 01,40.644882,-3.156205,"Teresa Claramunt,2",Guadalajara,Guadalajara,19005,2,120.0,685,A-2,A,True,1225.9361011012809
2025000469,JV_DISFRIMUR Murcia 01,37.952126,-1.249102,"Rio Ebro,6",Moratalla,Murcia,30834,6,150.0,135,A-7,A,True,610.4490865403675
2025000470,JV_DISFRIMUR San Isidro 01,38.16997,-0.852144,"Italia (Pg.Ind.La Granadina),8",Cañada,Alicante/Alacant,3349,6,150.0,133,A-7,A,True,935.1923173924104
2025000474,JV_CALLE AUSTRIA 11 - 01,41.883465,-0.783205,"Austria,11",Zuera,Zaragoza,50800,2,100.0,30,A-23,A,True,526.5273535472978
2025000477,JV_BURGER KING - San Vicente del Raspeig,38.39146,-0.51141,"Bronce,7",San Vicente del Raspeig/Sant Vicent del Raspeig,Alicante/Alacant,3690,2,100.0,147,A-77A,A,False,1080.762529908792
2025000478,JV_PARKE TECNOLOGICO EDIFICIO 502- 02,43.29508,-2.867507,"Tecnologico,502",Derio,Bizkaia,48160,6,100.0,564,N-633,N,True,1156.869853962523
2025000482,JV_BURGER KING - Andoain -  01,43.22486,-2.02355,"Buruntza Auzoa,105",Andoain,Gipuzkoa,20140,2,100.0,682,A-15,A,False,95.8532524453713
2025000485,JV_Porsche HPC_BK Azuqueca Avda Industria 02,40.57081,-3.24951,"Industria,6",Azuqueca de Henares,Guadalajara,19200,2,300.0,685,A-2,A,True,300.38876343997276
2025000486,JV_Porsche HPC_Burger King Villarrobledo-01,39.276688,-2.591971,"Reyes Catolicos,123",Villarrobledo,Albacete,2600,2,300.0,331,N-310,N,False,642.6743657383736
2025000487,Porsche HPC_ES VALCARCE MOS,42.16848,-8.626205,"Sanguiñeda Monte,118",Mos,Pontevedra,36419,2,300.0,813,A-55,A,True,196.79665935408286
2025000488,JV_Porsche HPC_AVENIDA CASTELLON 25 - 02,39.83436,-0.467797,"Castellon,25",Geldo,Castellón/Castelló,12412,2,300.0,24,A-23,A,True,321.5633144430624
2025000489,JV_Porsche HPC_HR ABADESA,42.30732,-3.702918,"Avda. Pedernales,4",Burgos,Burgos,9001,10,350.0,19,A-1,A,True,55.175357127181954
2025000490,JV_Estación de Autobuses de Elche 02,38.27259,-0.690474,"Cami De La Bassa Dels Moros,7",Elche/Elx,Alicante/Alacant,3202,4,120.0,1071,N-340,N,False,535.6623906193649
2025000492,ES_BP_LA CORONELITA. ALICANTE,37.9687,-0.74301,"De Denia,S/N",Torrevieja,Alicante/Alacant,3186,2,150.0,887,AP-7N,AP,False,110.84309089257043
2025000493,ES_BP_VALDERAS,40.34324,-3.80548,"Cl Mazo S/N,S/N",Alcorcón,Madrid,28923,2,150.0,784,A-5,A,True,1932.2162465486517
2025000494,Porsche HPC_RESTAURANTE LA HACIENDA - LA BAÑEZA,42.286953,-5.913263,"Madrid-Coruña Nac.Vi C/ Cruce 6.22,303","Bañeza, La",León,24750,10,350.0,72,A-6,A,True,89.13025920367292
2025000496,ES_BP_VIAPARK - VICAR,36.8164,-2.5998,"Comercial Viapark, Parc. 4,S/N",Vícar,Almería,4738,2,150.0,635,A-7S,A,True,213.2729368680711
2025000499,ES_BP_ALFAZ DEL PI. ALICANTE,38.5713,-0.0966,"Mallorca,S/N","Alfàs del Pi, l'",Alicante/Alacant,3580,2,150.0,366,N-332,N,False,760.5946578198981
2025000500,ES_BP_CASTILVIEJO,39.456802,-0.404252,"Cl Dels Coeters. 14,S/N",Xirivella,Valencia/València,46014,2,150.0,53,A-3,A,False,1794.4029773786779
2025000501,ES_BP_LA ZENIA - ORIHUELA COSTA,37.92701,-0.735901,"Villamartin S/N Orihuela Costa,S/N",Orihuela,Alicante/Alacant,3189,2,150.0,887,AP-7N,AP,False,287.2361493467815
2025000503,ES_BP_GETAFE PG SAN MARCOS,40.303852,-3.702273,"Cl Diesel C/V P John Lennon. S.N.,S/N",Getafe,Madrid,28906,2,150.0,741,A-4,A,True,891.0396895014759
2025000504,ES_BP_GETAFE M406,40.31748,-3.744087,"Cr. M-406 10,S/N",Getafe,Madrid,28907,2,150.0,761,A-42,A,False,641.5283312345664
2025000506,ES_BP_PUERTO DE SANTA MARIA,36.6196,-6.2073,"N-Iv Km. 649.8,S/N","Puerto de Santa María, El",Cádiz,11500,2,150.0,754,A-4,A,True,1747.3912126905032
2025000508,ES_BP_EL SAPO - ALCOBENDAS,40.5284,-3.6599,"M.Valdelatas/Sepulveda,S/N",Alcobendas,Madrid,28108,2,150.0,15,A-1,A,True,987.4366684352099
2025000509,ES_BP_PICASSENT,39.360634,-0.455567,"C/ Camino De La Paridera Nº 2,S/N",Alcàsser,Valencia/València,46220,2,150.0,128,A-7,A,True,621.9841457939883
2025000511,ES_BP_MOSTOLES II,40.33301,-3.853901,"Avenida De Mostoles S/N,S/N",Alcorcón,Madrid,28922,2,150.0,785,A-5,A,True,1413.2692071934619
2025000514,ES_BP_ALMAZORENSE,39.951374,-0.075426,"Alcora,S/N",Almassora,Castellón/Castelló,12550,3,100.0,1088,N-340A,N,False,414.02829117749656
2025000515,Estación bonÀrea - Espluga de Francoli,41.40307,1.10504,"Les Eres ,Parcela 7","Espluga de Francolí, L'",Tarragona,43440,2,100.0,991,N-240,N,False,140.01864814323872
2025000517,ES_BP_POLIGONO ROMPECUBAS,40.163494,-3.664653,"Calle Narciso Monturiol. 32,S/N",Valdemoro,Madrid,28341,2,150.0,741,A-4,A,True,153.41553153491768
2025000518,ES_BP_EL FLORIN - CHICLANA DE LA FRONTERA,36.394318,-6.146459,"Fuenteamarga Esq. Carr. De Las Lagunas,S/N",Chiclana de la Frontera,Cádiz,11130,2,150.0,1058,N-340,N,False,1803.9777871129613
2025000520,ES_BP_RAMBLA INIESTA. ALMERIA,36.8653,-2.4486,"Cuesta De Los Callejones Km 1,S/N",Almería,Almería,4009,2,150.0,634,A-7S,A,True,1310.9977966529607
2025000521,ES_BP_CARVISA,40.627888,-4.018414,"C. Escofina (Poligono Ind. P-29),S/N",Collado Villalba,Madrid,28400,2,150.0,854,AP-6,AP,True,1057.2652938922658
2025000522,ES_BP_CASTRO URDIALES,43.3688,-3.2129,"Barrio Brazomar S/N,S/N",Castro-Urdiales,Cantabria,39709,2,150.0,152,A-8,A,True,604.2900183584219
2025000525,ES_BP_CHURRA,38.018932,-1.137268,"Avda Juan De Borbon S/N,S/N",Murcia,Murcia,30110,2,150.0,134,A-7,A,True,1980.6887236522555
2025000527,ES_BP_VIA COMPLUTENSE,40.497204,-3.34321,"Vía Complutense. 165,S/N",Alcalá de Henares,Madrid,28802,2,69.3,685,A-2,A,True,507.7509200971402
2025000531,ES_BP_MUCHAMIEL. ALICANTE,38.40701,-0.463901,"De L'ossa Major,1",Mutxamel,Alicante/Alacant,3110,2,150.0,138,A-70,A,True,1415.4416642351775
2025000532,ES_BP_CERRO LARGO,36.606625,-4.510296,"Av De Carlota Alexandre 210,S/N",Antequera,Málaga,29620,2,150.0,620,AP-7S,AP,True,1360.5983380180216
2025000533,ES_BP_EL PINAR DE AVILA,40.667576,-4.685658,"Jorge Ruiz De Santayana,54",Ávila,Ávila,5005,2,150.0,430,N-403,N,False,899.0654561058974
2025000535,ES_BP_ISLA AZUL,40.36817,-3.74106,"Cl. Aguacate 47,S/N",Madrid,Madrid,28054,2,150.0,761,A-42,A,False,1745.5043969772687
2025000537,ES_BP_VILLAVA,42.83497,-1.60919,"Avenida Carretera Francia S/N,S/N",Villava/Atarrabia,Navarra,31610,2,150.0,611,N-121-A,N,True,1536.7855539807795
2025000540,ES_BP_ISIDORO,40.4821,-3.3965,"Juan Carlos I,44",Alcalá de Henares,Madrid,28806,9,150.0,685,A-2,A,True,323.8001145442091
2025000541,Popeyes Albacete - 01,39.007282,-1.874932,"Municipio De Molinicos,24",Albacete,Albacete,2006,2,100.0,1003,N-322,N,True,448.6520199091203
2025000542,Estación bp Cheyper,40.3682,-3.7209,"A-42,14",Madrid,Madrid,28041,12,150.0,761,A-42,A,False,36.420228715309484
2025000543,ES_BP_LA MONTERA,36.17789,-5.490284,"La Montera,S/N","Barrios, Los",Cádiz,11370,2,150.0,604,A-381,A,True,401.5017875780929
2025000545,Porsche_HPC_McDonald's Santa Faz,38.382797,-0.451484,"Enebro,1",Alicante/Alacant,Alicante/Alacant,3559,2,350.0,377,N-334,N,False,323.5909263133849
2025000546,CC Gran Via Alicante - 05,38.367912,-0.469139,"Jose Garcia Selles,2",Alicante/Alacant,Alicante/Alacant,3015,2,150.0,138,A-70,A,True,1321.6345439949023
2025000547,McDonald's Palero,41.63624,-4.746889,"Puerto Rico,8",Valladolid,Valladolid,47014,3,50.0,84,A-62,A,True,1948.649555972559
2025000550,McDonald's Talavera de la Reina,39.963722,-4.811045,"Pablo Picasso,0",Oropesa,Toledo,45600,5,100.0,478,N-502A,N,False,1298.6503262354224
2025000552,Porsche HPC_Hoces del Cabriel,39.53624,-1.43924,"Carretera,1",Villargordo del Cabriel,Valencia/València,46317,5,350.0,11,N-3,N,False,307.6859584779582
2025000553,Hiperber San Pedro del Pinatar - 01,37.83232,-0.792689,"Miguel De Unamuno,4",San Pedro del Pinatar,Murcia,30740,2,100.0,887,AP-7N,AP,False,1437.567838129496
2025000555,Burger King - Amposta,40.69835,0.58008,"De La Ràpita,265",Amposta,Tarragona,43870,3,100.0,390,N-340,N,False,209.10965608419642
2025000556,Popeyes Alcalá de Guadaira - 01,37.351757,-5.859829,"Principe De Asturias,6",Alcalá de Guadaíra,Sevilla,41500,2,90.0,828,A-92,A,True,379.89277046205433
2025000557,JV_AV-AREVALO-001-2,41.078594,-4.734442,"Langa,1",Arévalo,Ávila,5200,8,400.0,66,A-6,A,True,81.69887420795311
2025000558,ES_BP_BELLATERRA MD,41.493042,2.09921,"Ap-7 Km 151 (Dir. Tarragona),S/N",Cerdanyola del Vallès,Barcelona,8193,2,150.0,875,AP-7N,AP,True,46.75394510853264
2025000559,ES_BP_BELLATERRA MI,41.492336,2.10207,"Ap-7 Km 151 (Dir. Girona),S/N",Cerdanyola del Vallès,Barcelona,8193,2,150.0,875,AP-7N,AP,True,70.11903684563818
2025000560,Popeyes Sagunto - 01,39.674107,-0.261999,"De La Mallada,1",Petrés,Valencia/València,46500,2,90.0,386,N-340,N,False,1418.7589556075004
2025000561,Estación bp Misán Gasolineras,37.29127,-4.882517,"Sevilla-Malaga,Km 109",Estepa,Sevilla,41560,2,150.0,828,A-92,A,True,1072.4159977157165
2025000562,Automoviles La Oscense Sabiñanigo,42.522877,-0.357507,"Fenilosa,55",Sabiñánigo,Huesca,22600,2,100.0,1018,N-330,N,True,144.94804201679452
2025000563,ES-BP-BORMUJOS,37.38118,-6.064437,"Francisco Tomas Y Valiente,S/N",Bormujos,Sevilla,41930,3,100.0,778,A-49,A,True,222.24530793529718
2025000564,Q8 Gasolinera Badajoz,38.89818,-6.99012,"Antonio Nevado Gonzalez,35",Badajoz,Badajoz,6007,3,100.0,794,A-5,A,True,1010.7419393560914
2025000565,Burger King Ibi,38.608315,-0.594106,"Leon,4",Ibi,Alicante/Alacant,3440,4,150.0,130,A-7,A,False,207.29919291935883
2025000566,Consum - Elche,38.26141,-0.712164,"Antonio Machado ,69",Elche/Elx,Alicante/Alacant,3204,2,50.0,1071,N-340,N,False,13.834649264525341
2025000567,Popeyes San Juan de Alicante - 01,38.409405,-0.424872,"Carrer Sant Antoni,146",Alicante/Alacant,Alicante/Alacant,3550,2,150.0,138,A-70,A,True,817.2103847163868
2025000569,Admon. Hacienda Ciudad Rodrigo,40.598785,-6.527923,"De Béjar,36",Ciudad Rodrigo,Salamanca,37500,2,100.0,88,A-62,A,True,839.4976268977266
2025000571,Gasolinera BonÀrea - Tudela,42.039196,-1.588469,"Calle Canal De Mañeru,332",Tudela,Navarra,31500,2,150.0,118,A-68,A,False,514.9861186267269
2025000573,PEREZ RUMBAO VIGO - CONCESIONARIO AUDI,42.21848,-8.703101,"Madrid,197",Vigo,Pontevedra,36214,2,130.0,810,A-55,A,True,42.40278444542978
2025000574,Hotel Puerta de Santillana,43.35543,-4.09482,"Autovía Del Cantábrico, Km 234,S/N",Reocín,Cantabria,39530,5,100.0,155,A-8,A,True,35.387617938973015
2025000580,Hotel Restaurante Baviera,43.375175,-4.487485,"N-634, Km 180,S/N",San Vicente de la Barquera,Cantabria,39548,4,100.0,574,N-634,N,False,20.55867252659034
2025000581,Mesón Ibérico Casa Marco - Fresno Alhándiga,40.69916,-5.623416,"Carretera N-630, Km 372,S/N",Beleña,Salamanca,37789,10,360.0,1230,N-630,N,False,21.22917048222382
2025000582,Estación de servicio Ferlu by Porsche,39.926792,-5.184937,"Madrigal,Km 0",Oropesa,Toledo,45560,10,360.0,787,A-5,A,True,216.03747417620582
2025000583,Burger King Bollullos Par del Condado - 01,37.350136,-6.540862,"La Palma,1",Bollullos Par del Condado,Huelva,21710,2,90.0,778,A-49,A,True,879.1571314849865
2025000585,Q8 Gasolinera La Lloreda - Gijón,43.522278,-5.715472,"Joaquin Alonso Diaz,Sn",Gijón,Asturias,33211,2,150.0,815,A-8,A,True,347.6942636341426
2025000586,CC VERDECORA M50-LEG,40.296,-3.763405,"Recomba,21A",Leganés,Madrid,28914,10,100.0,761,A-42,A,False,1970.6768986720394
2025000587,Popeyes - Collado Villalba,40.634167,-4.008893,"Juan Carlos I,41",Collado Villalba,Madrid,28400,2,90.0,854,AP-6,AP,True,124.41633511353359
2025000589,Hotel Abades Benacazón,37.36009,-6.19977,"A-49 Km. 16,S/N",Benacazón,Sevilla,41805,12,400.0,778,A-49,A,True,116.65483572087247
2025000590,Breogan Car Lugo,43.03534,-7.574098,"N-Vi (Estrada Da Coruña),Km 32",Lugo,Lugo,27003,7,150.0,539,N-6,N,False,70.57103633284147
2025000591,Burger King Picassent,39.364433,-0.472777,"De Monserrat,8",Alcàsser,Valencia/València,46220,2,100.0,128,A-7,A,True,1563.2604119124073
2025000592,Burger King Puigcerda - 01,42.42675,1.929813,"Carrer Puigcerda,225",Puigcerdà,Girona,17520,2,100.0,226,N-152,N,True,102.05846331113112
2025000593,AN Energéticos Tafalla - Navarra,42.52332,-1.685096,"Miranda De Arga, S/N",Tafalla,Navarra,31300,3,100.0,908,N-121,N,False,1697.0715068591028
2025000594,Estación GM Orkoien - La Muga,42.8213,-1.6886,"Parque Empresarial La Muga,15",Orkoien,Navarra,31160,2,100.0,675,A-15,A,True,1445.7656552253638
2025000596,ES-BP-RONDA SUR,39.980316,-0.076047,"Aranda ,21",Castelló de la Plana,Castellón/Castelló,12006,2,150.0,388,N-340,N,True,962.3007410780202
2025000597,BADAJOZ - CENTROWAGEN AUDI,38.874863,-6.953573,"Madrid-Lisboa,Km 399",Badajoz,Badajoz,6009,2,150.0,1131,N-430,N,False,410.23762917262593
2025000598,Autocas Mercedes-Benz Castellón,39.97825,-0.077218,"Grecia,33",Castelló de la Plana,Castellón/Castelló,12006,8,150.0,388,N-340,N,True,828.8153190251785
2025000599,Restaurante Ruta de Europa - Dirección Vitoria,42.817654,-2.78025,"A-1,Km. 341",Vitoria-Gasteiz,Araba/Álava,1195,10,400.0,651,A-1,A,True,87.56134822721297
2025000601,Popeyes - Ciudad Real,38.97296,-3.92725,"De Los Reyes Católicos,1",Ciudad Real,Ciudad Real,13005,4,120.0,1133,N-430,N,False,769.6474461806367
2025000603,ES_BP_APADIS - SAN SEBASTIAN DE LOS REYES,40.5579,-3.61301,"Cr Antigua Nacional,1",San Sebastián de los Reyes,Madrid,28703,2,150.0,232,N-1A,N,False,397.44519584209826
2025000604,ES_BP_LAS ROZAS,40.489964,-3.874174,"Las Cruces,S/N","Rozas de Madrid, Las",Madrid,28231,4,150.0,63,A-6,A,True,597.4273118635397
2025000605,ES_BP_ILLESCAS,40.1246,-3.8283,"Cm 4010 Illescas-Yeles ,S/N",Illescas,Toledo,45200,2,150.0,761,A-42,A,False,479.23985748800163
2025000608,ES_BP_CENTRAL LECHERA,43.390408,-5.781552,"Natalio,1",Siero,Asturias,33429,3,150.0,93,A-64,A,True,195.74712933454424
2025000610,ES_BP_VILLACASTIN_SUR,40.77063,-4.398679,"Ap-6 Km 80. Dirección Madrid,S/N",Villacastín,Segovia,40150,2,150.0,855,AP-6,AP,True,79.58673907335385
2025000611,ES_BP_VILLACASTIN_NORTE,40.772217,-4.397368,"Ap-6 Km 80. Dirección La Coruña,S/N",Villacastín,Segovia,40150,2,150.0,855,AP-6,AP,True,73.1295989744317
2025000613,DISFRIMUR MURCIA,37.952126,-1.249102,"Rio Ebro,6",Moratalla,Murcia,30834,6,1000.0,135,A-7,A,True,610.4490865403675
2025000614,ES-BP-LA BAHIA,36.42959,-6.143762,"Industrial El Torno,Ii Pac 9",Chiclana de la Frontera,Cádiz,11130,2,150.0,777,A-48,A,False,1625.1083672713366
2025000615,Estación bonÀrea - Huesca,42.12827,-0.41701,"Ballobar,13",Huesca,Huesca,22004,2,100.0,30,A-23,A,True,1131.3613716867676
2025000616,Ditram Automoción Mercedes-Benz | Lugo - Grupo Angal,43.03536,-7.532136,"N-640,Km 89",Lugo,Lugo,27192,4,175.0,1270,N-640,N,False,104.06469693581904
2025000617,Talleres Manchegos Audi Cuenca,40.0247,-2.11374,"Pol. Ind. Crta. Motilla-Sepes Parcela ,57",Cuenca,Cuenca,16193,2,150.0,332,N-320,N,False,935.684805350448
2025000618,VEPERSA PONTEVEDRA - CONCESIONARIO AUDI,42.440037,-8.618166,"Casanovas,26",Pontevedra,Pontevedra,36164,2,150.0,502,N-541,N,False,16.460331336342033
2025000620,ES_BP_SAN VICENTE,38.3885,-0.512022,"Avenida De Alicante,79",San Vicente del Raspeig/Sant Vicent del Raspeig,Alicante/Alacant,3690,2,150.0,147,A-77A,A,False,848.2142062883247
2025000622,Q8 Gasolinera Fuengirola,36.55674,-4.626629,"Carretera A-387, C. Viriato, Esquina,S/N",Fuengirola,Málaga,29640,2,100.0,646,A-7S,A,False,471.7033188949417
2025000624,Popeyes Tudela,42.041256,-1.591034,"Zaragoza,97",Tudela,Navarra,31500,2,90.0,118,A-68,A,False,612.9299975778641
2025000625,GasDen - Gata de Gorgos,38.77853,0.086139,"Jávea,44",Gata de Gorgos,Alicante/Alacant,3740,3,100.0,369,N-332,N,False,220.9557925706509
2025000628,Bar Tres Columnas - Ciudad Rodrigo,40.604214,-6.52882,"Salamanca,43",Ciudad Rodrigo,Salamanca,37500,4,100.0,88,A-62,A,True,1321.890027138908
2025000631,E.S. BonÀrea Montblanc,41.38666,1.157002,"Calle Des Esmoladors,2",Montblanc,Tarragona,43400,2,150.0,991,N-240,N,False,144.91087682033233
2025000633,Estación BP Bencir,37.38578,-6.046559,"Pº Velero,1",Camas,Sevilla,41900,3,100.0,778,A-49,A,True,381.8794955313916
2025000634,Talleres Manchegos Ciudad Real - Audi,38.97201,-3.90446,"Segadores,24",Miguelturra,Ciudad Real,13170,2,150.0,760,A-41,A,True,662.8948081179736
2025000637,E.S. bonÀrea Tàrrega,41.65246,1.149984,"Avda. Barcelona,26",Tàrrega,Lleida,25300,1,100.0,698,A-2,A,True,834.584040854812
2025000641,Q8 Gasolinera Beriain,42.734444,-1.63507,"Morea Norte, C.B.,43",Galar,Navarra,31191,3,150.0,907,N-121,N,False,147.2316571808066
2025000642,Burger King Torredembarra,41.14801,1.415725,"Joaquim Torrens Ibern,17",Torredembarra,Tarragona,43830,2,150.0,396,N-340,N,False,1269.1790157000767
2025000644,ESTACIÓN BP EL ZOCO,38.05852,-0.74652,"Cv-940, Km 9.6,S/N",Algorfa,Alicante/Alacant,3176,2,150.0,887,AP-7N,AP,False,193.46314850295752
2025000646,SKATE PARK ZARATAN,41.661507,-4.778119,"Don Enrique Tierno Galvan,7",Zaratán,Valladolid,47610,2,100.0,1191,N-601,N,False,130.52058506991057
2025000650,AUDI ALMERIA VERA IMPORT,36.87572,-2.44579,"Sol,74",Huércal de Almería,Almería,4230,2,150.0,634,A-7S,A,True,1198.3982547958356
2025000651,Iruñamóvil - Concesionario Oficial Audi,42.819748,-1.688151,"Parque Empresarial La Muga,12",Orkoien,Navarra,31160,2,150.0,675,A-15,A,True,1617.8394298363905
2025000652,F. Tomé - Concesionario Oficial Audi,40.45017,-3.56892,"Tauro,27",Madrid,Madrid,28042,2,150.0,685,A-2,A,True,55.88923830631916
2025000653,A66  El Caleyu,43.32506,-5.87612,"El Lugar Caleyo,1",Oviedo,Asturias,33170,8,180.0,97,A-66,A,True,52.07016304224597
2025000655,ES_BP_COSLADA - AV SAN PABLO,40.436752,-3.532732,"Avenida De San Pablo,26",Coslada,Madrid,28823,2,150.0,685,A-2,A,True,1078.800919476453
2025000657,Q8 - Gasolinera Cascante,42.0364,-1.631,"N-121C ,Km 3,55",Cascante,Navarra,31520,4,180.0,865,AP-68,AP,True,624.9327633460643
2025000660,Hortigüela Calle Espolón - 01,42.0695,-3.4271,"Espolón,78",Cascajares de la Sierra,Burgos,9640,2,100.0,984,N-234A,N,False,5.354809899548277
2025000661,Norauto - Alcorcón,40.34815,-3.852317,"Europa,12",Alcorcón,Madrid,28922,2,100.0,784,A-5,A,True,132.63970145885878
2025000662,Gasolinera Las Palmeras - El Berrón,43.38168,-5.700237,"Langreo,18",Siero,Asturias,33186,2,100.0,93,A-64,A,True,276.48074279510945
2025000663,Pol. Ind. Da Granxa - O Porriño,42.115368,-8.618379,"Industrial A Granxa, Rúa D, Pa","Porriño, O",Pontevedra,36475,4,100.0,813,A-55,A,True,273.35192278040927
2025000665,ES_BP_SAN MARTIN I,40.35755,-3.837793,"Alcorcón-San Martín Km 1.5,S/N",Alcorcón,Madrid,28922,2,150.0,784,A-5,A,True,336.6919790256234
2025000667,ES_BP_LAS SALINAS,36.611473,-6.19633,"Albert Einstein,15","Puerto de Santa María, El",Cádiz,11500,2,150.0,754,A-4,A,True,810.7865050762367
2025000668,ES_BP_PAGAN,38.00215,-1.147802,"Ciclista Mariano Rojas,S/N",Murcia,Murcia,30009,2,150.0,723,A-30,A,True,572.5607718468309
2025000669,La Cerdanya by Volkswagen,42.424328,1.923309,"Estació,2",Puigcerdà,Girona,17520,6,300.0,301,N-260,N,False,21.71779326820889
2025000670,ES_BP_MARINETTO CHAUCHINA,37.19138,-3.777263,"Carretera A-92, Salida 227,S/N",Chauchina,Granada,18330,2,150.0,830,A-92,A,True,75.60577465185345
2025000672,Burger King El Palmetillo,37.37436,-5.909397,"Palmetillo Cuatro,11",Alcalá de Guadaíra,Sevilla,41500,2,100.0,827,A-92,A,True,946.9482185147637
2025000674,"Avinyonet del Penedes, Carrer Doctor Parellada",41.36179,1.776414,"Doctor Parellada,N/A",Avinyonet del Penedès,Barcelona,8793,4,120.0,396,N-340,N,False,52.27330049336979
2025000676,Hotel Complejo Latorre,42.613552,-1.277457,"Pamplona-Jaca, Km 40,S/N",Liédena,Navarra,31487,10,150.0,704,A-21,A,True,700.5010047835074
2025000677,Hotel Ciudad de Burgos,42.380978,-3.584118,"N-I,Km 249",Arlanzón,Burgos,9199,14,150.0,834,AP-1,AP,True,110.0950512822831
2025000679,Estación bp Juncal,40.53388,-3.618912,"Av. Fernando Alonso,2",Alcobendas,Madrid,28108,9,150.0,15,A-1,A,True,147.29708147565213
2025000680,Q8 Gasolinera Tremañes - Gijón,43.5253,-5.7118,"Metalurgia ,2",Gijón,Asturias,33211,2,50.0,815,A-8,A,True,696.6340310624537
2025000683,JV_L-Lleida-011,41.62202,0.66487,"Josep Segura Farré,701",Lleida,Lleida,25191,5,50.0,992,N-240,N,False,187.16802492830772
2025000684,JV_CS-LesAlqueríes-001,39.8983,-0.126218,"Migjorn,4","Alqueries, les/Alquerías del Niño Perdido",Castellón/Castelló,12539,10,350.0,387,N-340,N,False,419.0158617011157
2025000685,Ilerdauto Tàrrega,41.65372,1.15346,"Cervera,S/N",Tàrrega,Lleida,25300,4,120.0,698,A-2,A,True,608.8256221231824
2025000686,JV_FONSA MOTOR - UBEDA,38.02476,-3.36654,"Floristeria,1",Úbeda,Jaén,23400,2,120.0,731,A-32,A,True,624.6528570594731
2025000687,BMW Begar Alicante,38.345524,-0.539848,"De Madrid Km 4,S/N",Alicante/Alacant,Alicante/Alacant,3006,2,100.0,139,A-70,A,True,146.51703586318175
2025000688,Burger King Puzol - 01,39.623318,-0.30439,"Carr. De Barcelona,44",Puçol,Valencia/València,46530,2,100.0,126,A-7,A,True,866.6826790001795
2025000689,AN Energéticos Cintruénigo - Navarra,42.071514,-1.794573,"Na-6801, Km 91.5,S/N",Cintruénigo,Navarra,31592,3,100.0,202,N-113,N,True,437.1969842965115
2025000690,ES Nueva Montaña - 01,43.440266,-3.839394,"Nueva Montaña ,2B",Santander,Cantabria,39011,2,150.0,116,A-67,A,True,361.59745659726457
2025000691,Estación Valcarce Tudela,42.120697,-1.675233,"Pol. Ind. Montes Del Cierzo Cn-232,Km 86",Tudela,Navarra,31500,8,400.0,118,A-68,A,False,215.33276824226527
2025000693,Telenauto - Concesionario Audi León,42.58853,-5.620492,"Av. Del Párroco Pablo Díez,487",León,León,24010,2,150.0,211,N-120,N,True,39.0500635684862
2025000696,Restaurante Oleus - Area Cambrils,41.086,1.036717,"Autovia A-7 Km. 1143, Crta. T-312 Km. 2,2",Cambrils,Tarragona,43850,11,50.0,137,A-7,A,False,263.7529885860469
2025000538,ES_BP_SAN MARTIN II,40.35707,-3.837386,"Alcorcón-San Martín Km 1.5,S/N",Alcorcón,Madrid,28922,2,150.0,784,A-5,A,True,276.8640250837115
2025000539,Estación bp Castello,39.999687,-0.041314,"Casas De La Breva,37",Castelló de la Plana,Castellón/Castelló,12004,3,100.0,881,AP-7N,AP,True,1344.1742655475232
2025000267,Telpark - Calle Italia,38.34037,-0.4914773,"Calle Italia, 24",Alicante/Alacant,Alicante/Alacant,3003,5,22.0,730,A-31,A,True,1134.938206934394
FRSX03ZDDQFZRR5BN0EB,SE-Carmona-002,37.46376,-5.65177,"Doctor Villa,N/A",Carmona,Sevilla,41410,4,50.0,1175,N-4A,N,False,1232.1012312817588
6HRIOIJSIPNFIN1EREG1,E-B-SantCugatDelValles-003,41.47137,2.085129,"Del Celler,S/N",Sant Cugat del Vallès,Barcelona,8172,4,22.0,875,AP-7N,AP,True,1876.1433285178045
ZNZZAIMTXV5KDPTEEHJD,E-V-Gandia-011,38.986507,-0.185721,"Gran Via Castell De Bairen,42",Gandia,Valencia/València,46701,2,22.0,370,N-332,N,False,195.3539332381374
LMRLGA7KAYPFONPIMFO1,E-V-QuartDePoblet-002,39.47247,-0.501581,"Comarques Del Pais Valencia,100",Quart de Poblet,Valencia/València,46930,2,22.0,52,A-3,A,True,52.648982924774025
KIJ2YFBTKWK9LBZGFSX2,E-J-Villacarrillo-001,38.113525,-3.095912,"Arquillos,S/N",Villacarrillo,Jaén,23300,4,22.0,1000,N-322,N,False,35.38229872578986
EJFJ6BPUY6E4UJODCHQP,M-Madrid-158,40.34949,-3.691061,"Santa Florencia,1",Madrid,Madrid,28021,5,100.0,741,A-4,A,True,1163.6640887967567
XZPSF3YQBNKTMNPMV6XF,SE-SEVILLA-048,37.379707,-5.997831,"De Cuba,N/A",Sevilla,Sevilla,41011,2,7.4,1245,N-630,N,False,1474.3031555389161
WGCGKPLCY3UXDGQKLXT0,"ESTACION DE SERVICIO LOW COST 2015, S.L.",42.51358,-8.678049,POLIGONO INDUSTRIAL BARRO-MEIS PARCELA A1,Barro,Pontevedra,36692,2,44.0,163,AP-9,AP,True,1135.3438186118476
HKOPRCJBDA84MMVP5JMO,Estación bp El Ejido Santa María del Águila,36.76919,-2.827595,"Adra,S/N","Ejido, El",Almería,4700,3,100.0,635,A-7S,A,True,283.1673288698093
YQLCSCGJ4IAHERKPPQH5,Estación bonÀrea - Cambrils,41.078514,1.039429,"Industria,Sn",Cambrils,Tarragona,43850,2,150.0,880,AP-7N,AP,True,320.4143075672443
OGYKP2MIPISX4UY76O8E,MercaBilbao - Basauri,43.231552,-2.88675,"Ibarreta,5021",Basauri,Bizkaia,48970,4,200.0,149,A-8,A,True,48.53013483755082
QQXWQCN2XKERUOJV6OIJ,Estación bp El Águila,43.54166,-6.02618,"N-632,Km 109",Soto del Barco,Asturias,33458,3,150.0,1256,N-632,N,False,28.74160810289943
59ASK7MBHLMHFUTDOBAX,Villamediana de Iregua - C. Juan Ramon Jimenez,42.42305,-2.419463,"Juan Ramon Jimenez,2",Villamediana de Iregua,"Rioja, La",26142,2,100.0,864,AP-68,AP,True,1656.7095717926532
2EW0YKPB26JTZVSXWQUO,AUDI VERA IMPORT VERA,37.249897,-1.874,"Calle Ancha,49",Vera,Almería,4621,2,150.0,887,AP-7N,AP,False,1404.2083433780606
WNUHWEVBBWTVNVENM894,Consum - Torrevieja,37.982742,-0.678944,"Maestro Francisco Casanovas,1",Torrevieja,Alicante/Alacant,3182,4,60.0,1048,N-332,N,False,759.6759035054288
FTN1DZA5UBWLRV01FBBM,Burger King Pilar Miró - Rivas-Vaciamadrid,40.348774,-3.517737,"Pilar Miró,2",Rivas-Vaciamadrid,Madrid,28521,3,100.0,46,A-3,A,True,1969.085002705618
6ASA1QWVAYYBS3F80YDF,Estación bp San Pablo,43.165848,-5.829136,"Hermanos Granda ,S/N",Lena,Asturias,33630,2,150.0,98,A-66,A,True,242.1885567078849
UCQ3J28XLMWUYPDIGUAT,Consum - Alicante,38.366123,-0.49629,"De Novelda,127",Alicante/Alacant,Alicante/Alacant,3009,3,150.0,138,A-70,A,True,1569.530646743192
BFHCDCPVDBYSTQZS44X3,Burger King - Palencia,42.011024,-4.518934,"Brasilia,7",Palencia,Palencia,34004,3,100.0,94,A-65,A,True,1269.4241587364659
ARZEJ6LQWJ134B385V2T,Villamediana de Iregua - C. Anastasio Mateo 39,42.43064,-2.417773,"Anastasio Mateo ,39",Villamediana de Iregua,"Rioja, La",26142,2,100.0,864,AP-68,AP,True,971.8606168898697
1FKDL0BTGDFAUJUTHZH9,BeePlanet Factory,42.81821,-1.691467,"Ipertegui Ii,12",Orkoien,Navarra,31160,3,150.0,675,A-15,A,True,1678.8859076227486
2024003899,CC San Agustín,43.54103,-5.659416,"Pza. Romualdo Alvargonzález Lanquine, 5",Gijón,Asturias,33202,4,22.0,1279,N-641,N,True,1948.0144718413765
2024003924,Hotel Txintxua,43.259827,-1.966318,"Zikuñaga Bailara, 72",Hernani,Gipuzkoa,20120,4,130.0,682,A-15,A,False,527.5251748740834
2024003929,PCTEX Cáceres,39.478878,-6.34477,"Parque Científico Y Tecnológico Extremadura, Avd. De Las Ciencias, S/N",Cáceres,Cáceres,10004,1,43.0,485,N-521,N,False,120.43059727554333
2024003955,Hotel Melia Sol Príncipe,36.63183,-4.490428,"Paseo Del Colorado, 26",Antequera,Málaga,29620,2,22.0,621,AP-7S,AP,True,1307.3842616980073
2024003961,Hotel Hyatt Regency Barcelona Tower,41.346214,2.108574,"Avinguda De La Gran Via De L’Hospitalet, 144","Hospitalet de Llobregat, L'",Barcelona,8907,5,50.0,701,A-2,A,True,1673.9260000101606
2024003973,Residencia Virgen de los Remedios,37.48122,-3.612599,"Camino Yesera, S/N",Campotéjar,Granada,18565,2,22.0,768,A-44,A,True,883.8531677459084
2024003990,Navarrete. Parking Público,42.42842,-2.559644,"Camino La Mora, 6",Navarrete,"Rioja, La",26370,7,140.0,864,AP-68,AP,True,1114.8592841260847
2024004029,Hotel Brasería La Barca,37.283684,-7.178576,"Ctra. N-431, Km 113.5",Lepe,Huelva,21440,4,100.0,1149,N-431,N,False,122.14953885284895
2024004031,Hostal Rest. José Carlos,40.489574,-5.677265,"Autovía A-66, Km 396","Cabeza de Béjar, La",Salamanca,37773,6,35.0,107,A-66,A,True,57.38661260753409
2024004033,Castillejo de Mesleón,41.280235,-3.600876,"Calle Camino Del Cerezo, 1",Castillejo de Mesleón,Segovia,40593,4,75.0,239,N-1A,N,False,197.350853136891
2024004059,Rest. Mirador de Arlanzón,42.178455,-4.059539,"Autovía A-62, Km 40","Balbases, Los",Burgos,9119,4,100.0,81,A-62,A,True,272.2828238272231
2024004064,E.S. El Berrocal,39.873554,-5.549945,"Autovía A-5, Km 182",Navalmoral de la Mata,Cáceres,10300,8,175.0,787,A-5,A,True,128.93254348156978
2024004091,Rest. La Zarzuela,39.91263,-5.202213,"Ctra. N-V, Km 150",Lagartera,Toledo,45567,5,135.0,787,A-5,A,True,650.4439165543332
2024004093,Rest. Los Cordobeses,37.13427,-4.284149,"Autovía A-92, Salida 177",Loja,Granada,18314,4,75.0,830,A-92,A,True,28.672354428534142
2024004094,E.S. CEPSA Mavilar,43.18165,-7.967766,"N-634 Pk: 658,9",Curtis,"Coruña, A",15310,4,100.0,589,N-634,N,False,64.32182602179718
2024004099,Hotel Plazaola,42.919125,-1.831256,"Aralar Kalea, 8",Irurtzun,Navarra,31860,4,150.0,680,A-15,A,True,362.5772399464078
2024004100,Rest. La Aguzadera,38.78982,-3.393747,"Autovía A-4, Km 197",Valdepeñas,Ciudad Real,13300,6,90.0,745,A-4,A,True,95.03006559250753
2024004127,Hotel NH Collection Palacio de los Castellanos,40.961124,-5.664349,"Calle San Pablo, 58-64",Carbajosa de la Sagrada,Salamanca,37008,2,7.4,1229,N-630,N,False,802.8159851687333
2024004128,Hotel NH Valladolid Bálago,41.65771,-4.741015,"Calle Las Mieses, 28",Valladolid,Valladolid,47009,2,7.4,1190,N-601,N,False,1596.8620827807588
2024004141,Parking Virgen de Luján. Sevilla - Parkia,37.37479,-5.997828,"C. Virgen De Luján, S/N",Sevilla,Sevilla,41011,5,22.0,1245,N-630,N,False,1509.7218360070626
2024004147,Parking Begoña. Gijón - Parkia,43.539513,-5.66162,"P.º Begoña, S/N",Gijón,Asturias,33201,16,50.0,1279,N-641,N,True,1702.9489186937897
2024004148,Parking Paseo de Colón. Sevilla - Parkia,37.386703,-6.000502,"P.º De Cristóbal Colón, 10",Sevilla,Sevilla,41001,12,50.0,1245,N-630,N,False,1205.6235935480581
2024004160,Hotel Pazo de Bendoiro,42.67936,-8.175402,"Calle Bendoiro De Abaixo, S/N",Lalín,Pontevedra,36512,4,50.0,495,N-525,N,False,257.75626071341935
2024004161,Rest. Casa Consuelo,43.540142,-6.594661,"Ctra. Nacional 634, Km. 511",Valdés,Asturias,33792,4,110.0,582,N-634,N,False,35.21977014415204
2024004169,Hostal El Cercao,41.031166,-2.528108,"Don Juan Manuel Pardo Gayoso, 2",Estriégana,Guadalajara,19262,4,100.0,940,N-2,N,False,131.178827901591
2024004172,LARAVACA Car Wash,40.46465,-3.78319,"Blanca De Castilla, 6",Madrid,Madrid,28023,4,100.0,63,A-6,A,True,111.89760626484758
2024004174,Hotel Marino I,39.59617,-2.280002,"Autovía Del Este, Km 168",Honrubia,Cuenca,16730,8,200.0,49,A-3,A,True,64.20006893170817
2024004184,Parking Hosp. Santísima Trinidad - Parkia,40.96749,-5.668979,"Av. De Villamayor, 1",Salamanca,Salamanca,37007,7,22.0,1229,N-630,N,False,1205.7596666534635
2024004200,Euroindoor. Alcorcón,40.340347,-3.808636,"Calle Los Pintores, 7",Alcorcón,Madrid,28923,5,50.0,784,A-5,A,True,1994.3352830311094
2024004262,Parking Jardinillos - Promoparc,42.016174,-4.5354,"Calle Estación Nte, 10",Palencia,Palencia,34005,2,7.4,1197,N-610A,N,False,876.994389893522
2024004273,Rest. MA,40.95703,-4.614996,"Autovía Del Noroeste,",Adanero,Ávila,5296,4,200.0,66,A-6,A,True,76.44651746096794
2024004277,CC Parque Oleiros,43.321175,-8.316465,"Avenida Das Mariñas, 54",Oleiros,"Coruña, A",15171,6,100.0,1187,N-6,N,False,54.73080451768936
2024004278,Hotel Miramar,40.21714,0.188568,"Av. Valencia, 6",Torreblanca,Castellón/Castelló,12596,4,100.0,389,N-340,N,True,23.97055443403613
2024004280,Rest. Don Pepe,42.037926,-7.054695,"Ctra. N-525, Km 93,","Mezquita, A",Ourense,32548,4,100.0,492,N-525,N,False,38.73774556246989
2024004285,Hotel Tancat de Codorniu,40.528893,0.509209,"Partida Las Mallad, 54",Alcanar,Tarragona,43530,2,150.0,389,N-340,N,True,236.58940638648352
2024004288,Hotel Salobreña Suites,36.74432,-3.621349,"C. Carretera Málaga, 323",Salobreña,Granada,18680,2,50.0,1062,N-340,N,False,78.0734492447759
2024004299,Ayto. Fuenlabrada de los Montes,39.12897,-4.939501,"Ctra Ba-702, Km 0.1",Fuenlabrada de los Montes,Badajoz,6660,4,100.0,472,N-502,N,False,1745.1038836708392
2024004318,NODE. Alcobendas,40.53102,-3.661345,"Av. Del Monte Valdelatas, 24",Alcobendas,Madrid,28108,13,7.4,15,A-1,A,True,1225.7239722382558
2024004475,Hotel Hesperia Zaragoza,41.65511,-0.887546,"C. Del Conde De Aranda, 48",Zaragoza,Zaragoza,50003,1,7.4,355,N-330,N,False,1978.4697918672039
2024004829,Maskom Supermercados 61,36.66136,-4.505082,"Crta. Coín, 77",Málaga,Málaga,29140,2,100.0,645,A-7S,A,True,1138.8316451786584
2024004836,Parking Playa La Carihuela - Parkia,36.614372,-4.503782,"Av. Carlota Alessandri, 52",Antequera,Málaga,29620,4,22.0,620,AP-7S,AP,True,1376.0476003596461
2024004838,Parking Plaza de la Victoria - Parkia,36.510227,-4.886454,"C. Huerta Chica, S/N",Marbella,Málaga,29601,3,22.0,0,A-7S,A,True,1006.3574507474499
2024004842,Parking Playa Rincón de la Victoria - Parkia,36.716015,-4.284299,"C. Jaén, 1",Rincón de la Victoria,Málaga,29730,4,22.0,642,A-7S,A,True,921.9458636440372
2024005477,Parking Plaza Constitución - Parkia,38.988125,-3.928284,"Pl. De La Constitucion, S/N",Ciudad Real,Ciudad Real,13003,4,22.0,1145,N-430C,N,False,442.38625038055505
2024006550,Parking Gran Vía Centro. Logroño - Parkia,42.465187,-2.453374,"Gran Vía Juan Carlos I, 58",Logroño,"Rioja, La",26005,4,22.0,195,N-111,N,False,1241.3015554653819
2024006551,Daimler Trucks,40.254906,-3.689493,"Carretera De Andalucía A 4, Km 19.2",Pinto,Madrid,28320,3,100.0,741,A-4,A,True,63.9955302045395
2024007256,C. Vía Traiana. Sevilla,37.382835,-5.913342,"Calle Via Traiana, 11",Sevilla,Sevilla,41016,2,22.0,827,A-92,A,True,225.86888648728464
2024007261,Parking Los Pinos. Murcia - Parkia,37.996708,-1.13583,"Avenida De Los Pinos, Av. Juan Carlos I, S/N",Murcia,Murcia,30009,4,22.0,723,A-30,A,True,1075.2654377000779
2025000060,Parking Igualada Centre - Parkia,41.579212,1.615591,"Plaça De La Creu, S/N",Igualada,Barcelona,8700,4,22.0,699,A-2,A,True,1645.7364617146438
2025000061,Parking Hosp. Mollet del Vallés - Parkia,41.543858,2.201655,"Ronda Dels Pinetons, S/N",Mollet del Vallès,Barcelona,8100,4,22.0,874,AP-7N,AP,True,471.8714077416187
2025000062,Parking Parc de les Pruneres-Centre - Parkia,41.53807,2.216568,"Rambla De Pompeu Fabra, 09-19",Mollet del Vallès,Barcelona,8100,4,22.0,874,AP-7N,AP,True,1281.9898172766007
2025000063,Parking Mercat de Rubí - Parkia,41.489166,2.035394,"Carrer De Cal Gerrer, S/N",Rubí,Barcelona,8191,4,22.0,875,AP-7N,AP,True,1258.002572755154
2025000065,Parking Garvayo Dinelli. Motril - Parkia,36.74573,-3.514856,"Calle Cáceres, S/N",Motril,Granada,18600,4,22.0,1062,N-340,N,False,1450.752120483712
2025000069,RTVE_Merida,38.91456,-6.362836,"Calle Antonio Nebrija, S/N",Mérida,Badajoz,6800,2,22.0,792,A-5,A,True,989.4139029289422
2025000070,RTVE_Logroño,42.464363,-2.398744,"C. Canicalejo, S/N",Logroño,"Rioja, La",26006,2,22.0,864,AP-68,AP,True,1145.9613869088264
2025000089,Hotel Mabú,42.35534,-7.88348,"C/Carretera De Vigo, 37",Ourense,Ourense,32001,3,100.0,895,N-120,N,False,23.335659548767843
2025000093,RTVE_Santiago,42.890923,-8.476793,"Rúa De San Marcos Bando, S/N",Santiago de Compostela,"Coruña, A",15820,2,22.0,808,A-54,A,True,568.2345154762502
2025000096,Parking Plaza Andalucía. Torremolinos - Parkia,36.625492,-4.498356,"Calle Marques De Salamanca,",Antequera,Málaga,29620,4,22.0,621,AP-7S,AP,True,1391.0346372526087
2023004050,E-BI-Barakaldo-001,43.291878,-3.006671,"La Ribera,3",Barakaldo,Bizkaia,48902,4,7.4,1292,AP-8,AP,True,1022.5053604747783
2023004051,M-TORREJONDEARDOZ-001,40.458603,-3.466383,"Constitucion,108",Torrejón de Ardoz,Madrid,28850,6,50.0,685,A-2,A,True,929.1809270625295
2023004053,E-T-Cambrils-001,41.07409,1.0552,"Adelaida,3",Cambrils,Tarragona,43850,6,22.0,393,N-340,N,False,417.2936487388436
2024000013,Z-Borja-001,41.83104,-1.519394,"Poligono,1",Borja,Zaragoza,50540,5,50.0,909,N-122,N,False,74.36917373145846
2024000015,M-SANSEBASTIANDELOSREYES-001,40.56683,-3.60891,"Salvador De Madariaga,6",San Sebastián de los Reyes,Madrid,28702,6,50.0,232,N-1A,N,False,769.5723289627634
2024000019,O-Cudillero-001,43.557884,-6.283715,"Nacional 632 Loc,632",Cudillero,Asturias,33157,2,50.0,820,A-8,A,True,86.06547261927928
2024000025,VA-VALLADOLID-002,41.629353,-4.710149,"Los Palillos,86",Valladolid,Valladolid,47012,3,50.0,662,A-11,A,False,1791.3916398080844
2024000047,E-AV-Avila-002,40.646263,-4.70534,"Burgohondo,18",Ávila,Ávila,5002,2,150.0,429,N-403,N,False,78.91019463486623
2024000082,SS-SanSebastian-002,43.30434,-1.949693,"Ubegi Zh,2",Donostia/San Sebastián,Gipuzkoa,20014,3,50.0,682,A-15,A,False,1594.0488420224008
2024000083,E-CS-Benicarlo-001,40.424137,0.42247,"De Magallanes,78",Benicarló,Castellón/Castelló,12580,2,7.3,389,N-340,N,True,1652.6436184616477
2024000084,CR-CiudadReal-010,38.974308,-3.917266,"Membrilla,21",Ciudad Real,Ciudad Real,13005,3,50.0,760,A-41,A,True,475.0918642574961
2024000093,CU-Cuenca-001,40.05931,-2.138847,"Reyes Catolicos,68",Cuenca,Cuenca,16003,3,50.0,758,A-40,A,False,1445.1350818515584
2024000095,E-GR-Loja-001,37.163635,-4.130184,"De Andalucia,78",Huétor Tájar,Granada,18300,4,22.0,830,A-92,A,True,360.52379834105477
2024000101,LE-LABAÑEZA-006,42.29836,-5.904782,"Vía De La Plata,94","Bañeza, La",León,24750,2,7.3,72,A-6,A,True,1532.213744770532
2024000110,E-M-AlcalaDeHenares-011,40.50825,-3.352892,"Meco,2",Alcalá de Henares,Madrid,28805,4,22.0,685,A-2,A,True,330.1305900725525
2024000113,M-Villaverde-002,40.331253,-3.71582,"La Acebeda,59",Madrid,Madrid,28021,3,50.0,761,A-42,A,False,796.2208601628297
2024000117,E-MU-Murcia-004,37.9828,-1.120074,"Intendente Jorge Palacios,25",Murcia,Murcia,30003,4,7.4,723,A-30,A,True,1566.2553570191162
2024000126,E-NA-Sartaguda-001,42.38061,-2.058693,"Fueros,18",Sartaguda,Navarra,31589,2,22.0,864,AP-68,AP,True,1960.7181166908858
2024000128,E-TO-Toledo-005,39.882977,-4.025467,"Grecia,3",Toledo,Toledo,45005,4,22.0,761,A-42,A,False,511.5401769859832
2024000129,TO-Yuncler-001,40.0476,-3.91509,"Ventorrillo,2",Lominchar,Toledo,45529,4,50.0,761,A-42,A,False,75.77178736483285
2024000130,E-V-BenifairoDeLesValls-001,39.727306,-0.267946,"Jesus Balanza,19",Benifairó de les Valls,Valencia/València,46511,2,7.3,124,A-7,A,False,1595.5469200588511
2024000132,V-Aldaia-003,39.470974,-0.484438,"Parque Comercial Bonaire,2",Aldaia,Valencia/València,46960,2,120.0,52,A-3,A,True,448.1738524560508
2024000135,E-SG-ElEspinar-002,40.737324,-4.18814,"Garganta,40","Espinar, El",Segovia,40400,2,7.36,854,AP-6,AP,True,948.9882474182123
2024000136,S-Cabezon-001,43.32847,-4.19246,"Cabrojo,71",Cabezón de la Sal,Cantabria,39509,4,50.0,574,N-634,N,False,105.93446970229859
2024000137,E-V-Algemesi-001,39.197067,-0.431049,"Els Serrans,2",Algemesí,Valencia/València,46680,2,22.0,884,AP-7N,AP,True,1453.428436562879
2024000138,SA-Montalvo-001,40.940186,-5.668186,"Hoces Del Duraton Montalvo Ii,1",Carbajosa de la Sagrada,Salamanca,37008,3,50.0,1230,N-630,N,False,47.45399615423439
2024000139,E-SA-SantaMartaDeTormes-001,40.948853,-5.615075,"Madrid,40",Santa Marta de Tormes,Salamanca,37900,2,22.0,797,A-50,A,True,486.67096816416296
2024000150,BI-Artea-001,43.132305,-2.782802,"Herriko,1",Artea,Bizkaia,48142,6,50.0,289,N-240,N,False,273.51091140132866
2024000151,E-BI-Durango-003,43.16793,-2.643134,"San Roke Auzoa,22",Durango,Bizkaia,48200,2,22.0,566,N-634,N,False,854.7784584471221
2024000156,BI-Zeanuri-001,43.09959,-2.750419,"Igertualde,1",Zeanuri,Bizkaia,48144,3,50.0,289,N-240,N,False,144.0989285738279
2024000185,CA-PuertoReal-004,36.528484,-6.18309,"Ubrique,N/A",Puerto Real,Cádiz,11510,4,50.0,754,A-4,A,True,1324.156962567986
2024000186,E-CU-MotillaDelPalancar-001,39.552948,-1.902784,"Albacete A Motilla (N-320),711",Motilla del Palancar,Cuenca,16200,2,22.0,11,N-3,N,False,481.4004196484304
2024000195,O-OVIEDO-019,43.3597,-5.8551,"Luis Fernandez Vega Sanz,S/N",Oviedo,Asturias,33005,2,22.0,1218,N-630,N,False,411.011693407099
2024000196,L-Alpicat-003,41.667553,0.552556,"Bosc,N/A",Alpicat,Lleida,25110,3,50.0,713,A-22,A,True,1625.3495459630121
2024000198,E-GU-ElCasar-001,40.698334,-3.435993,"Fuente El Saz,51","Casar, El",Guadalajara,19170,6,22.0,334,N-320,N,False,1110.2255196795957
2024000199,E-GU-Guadalajara-003,40.634346,-3.157759,"Barcelona,10",Guadalajara,Guadalajara,19005,2,22.0,685,A-2,A,True,922.2075897893411
2024000203,M-Leganes-001,40.360542,-3.777628,"Mondragon,1",Leganés,Madrid,28917,6,50.0,61,A-5R,A,False,552.0032555573068
2024000205,M-Alcorcon-013,40.34825,-3.850106,"Luxemburgo,4",Alcorcón,Madrid,28922,3,50.0,784,A-5,A,True,220.0946733099587
2024000206,M-Valdemoro-002,40.19398,-3.69273,"Rosalia De Castro,1",Valdemoro,Madrid,28342,3,50.0,741,A-4,A,True,1429.050057974505
2024000209,E-MA-Marbella-006,36.48601,-4.954574,"Muelle Ribera,1",Marbella,Málaga,29660,1,175.0,2,A-7S,A,False,391.9157512787981
2024000213,E-MU-Lorca-010,37.677032,-1.692754,"Santa Clara,0",Lorca,Murcia,30800,2,7.3,135,A-7,A,True,1308.679538361717
2024000215,NA-Aizoain-001,42.84359,-1.68169,"Guipuzcoa,34",Berrioplano/Berriobeiti,Navarra,31195,3,50.0,609,AP-15,AP,True,717.0000105532417
2024000218,NA-Pamplona-007,42.78959,-1.63945,"Industrial Calle B,2",Galar,Navarra,31191,5,50.0,675,A-15,A,True,553.7901766297765
2024000220,NA-Yesa-001,42.62066,-1.203379,"Rene Petit,8",Yesa,Navarra,31410,3,50.0,704,A-21,A,True,215.7896203591473
2024000221,NA-Olite-001,42.493904,-1.665235,"Industrial La Nava 2006 Ampliacion,1",Olite/Erriberri,Navarra,31390,6,50.0,908,N-121,N,False,308.67300345552894
2024000223,E-V-Albaida-001,38.83598,-0.524154,"De Josep Giner I Marco (Pg Laberinto),5",Albaida,Valencia/València,46860,2,22.0,130,A-7,A,False,763.1841683085714
2024000236,V-Chiva-002,39.4531,-0.734921,"Incolla (Pg La Pahilla),281",Chiva,Valencia/València,46370,2,320.0,50,A-3,A,True,197.51968110304742
2024000239,SA-Salamanca-003,40.81054,-5.631658,"Nacional 630,359",Éjeme,Salamanca,37891,6,50.0,1230,N-630,N,False,87.21185061703397
2024000240,E-V-Oliva-003,38.92155,-0.11685,"Padre Antonio Salelles,9",Oliva,Valencia/València,46780,3,50.0,370,N-332,N,False,153.14407236859495
2024000245,SA-Peñaranda-001,40.90495,-5.208743,"Salamanca,32",Peñaranda de Bracamonte,Salamanca,37300,5,50.0,468,N-501,N,False,381.93665856662767
2024000247,TE-Teruel-008,40.360207,-1.140202,"Paz,172",Teruel,Teruel,44195,2,320.0,978,N-234,N,False,20.563589216943356
2024000250,SG-Segovia-001,40.935024,-4.101716,"Gerardo Diego,N/A",Segovia,Segovia,40006,6,50.0,857,AP-61,AP,False,1369.0885613439973
2024000252,V-Paterna-004,39.513454,-0.460703,"Gijon (Pg Indust. Fuente De Jarro),3",Paterna,Valencia/València,46988,6,50.0,245,N-220,N,False,731.5449730100534
2024000253,E-V-Puzol-001,39.62452,-0.30446,"Mare Deu Al Peu De Creu,2",Puçol,Valencia/València,46530,2,22.0,126,A-7,A,True,756.3429146003529
2024000254,E-V-Paterna-005,39.54828,-0.463818,"Guglielmo Marconi (Fisico-Inventor),11",Paterna,Valencia/València,46980,4,22.0,127,A-7,A,True,1305.1534914171773
2024000258,E-T-ElVendrell-002,41.22669,1.528116,"De Miquel Batllori I Munné,4","Vendrell, El",Tarragona,43700,6,22.0,878,AP-7N,AP,True,268.0537723639111
2024000263,Z-Cetina-001,41.305973,-1.964591,"N-Ii (Barcelona-Madrid),200",Cetina,Zaragoza,50292,3,50.0,688,A-2,A,True,134.32903815146832
2024000266,ZA-Villalpando-001,41.826984,-5.379479,"Madrid-Coruña,1471",Villalpando,Zamora,49630,6,50.0,69,A-6,A,True,148.0661597173203
2024000293,SS-Acitain-001,43.190002,-2.454243,"Barrena Kalea,19",Eibar,Gipuzkoa,20600,3,50.0,565,N-634,N,False,89.50375491860497
2024000297,E-CS-Oropesa-001,40.11687,0.149474,"Central,11",Oropesa del Mar/Orpesa,Castellón/Castelló,12594,8,22.0,389,N-340,N,True,674.3436820169876
2024000298,O-Lena-001,43.106342,-5.817404,"Estacion,N/A",Lena,Asturias,33620,6,50.0,1220,N-630,N,False,49.87279060310293
2024000308,LE-HospitaldeOrbigo-001,42.461903,-5.868871,"N-120,335",Hospital de Órbigo,León,24286,6,50.0,214,N-120,N,False,97.87804882614861
2024000309,E-P-Palencia-001,42.00454,-4.510767,"Francia,35",Palencia,Palencia,34004,4,7.4,94,A-65,A,True,818.2287813914442
2024000314,L-BellverdeCerdanya-002,42.37341,1.775243,"Puigcerdà,45",Bellver de Cerdanya,Lleida,25720,5,50.0,303,N-260,N,False,10.337247408585288
2024000320,E-M-Madrid-117,40.364353,-3.599003,"Bernardino De Pantorba,20",Madrid,Madrid,28051,4,22.0,46,A-3,A,True,941.5401932483875
2024000321,M-NAVALCARNERO-002,40.290733,-3.994007,"Mina El Cotorro (P.I.Alparrache),2",Navalcarnero,Madrid,28600,4,50.0,785,A-5,A,True,160.70292103137155
2024000329,E-MA-Nerja-001,36.757996,-3.868598,"Sierramar,S/N",Nerja,Málaga,29780,6,22.0,642,A-7S,A,True,992.2511878025811
2024000332,NA-Campanas-001,42.688374,-1.651849,"Zaragoza,20",Tiebas-Muruarte de Reta,Navarra,31397,3,50.0,907,N-121,N,False,22.231607244295933
2024000335,NA-Villatuerta-001,42.662083,-1.995539,"Sarrea,0",Villatuerta,Navarra,31132,3,50.0,667,A-12,A,False,906.5236201793929
2024000337,NA-Tudela-001,42.062332,-1.620353,"Corella,10",Tudela,Navarra,31500,3,50.0,118,A-68,A,False,826.6532468051547
2024000343,E-TO-Torrijos-001,39.989574,-4.281154,"La Mata,11",Torrijos,Toledo,45500,4,22.0,755,A-40,A,False,301.20716895003
2024000345,E-V-Almussafes-004,39.30447,-0.41657,"Gregal (Pg Rey Juan Carlos I),1",Almussafes,Valencia/València,46440,2,22.0,884,AP-7N,AP,True,1190.9675246510405
2024000346,TO-Toledo-007,39.864708,-3.969728,"Rio Jarama,4",Toledo,Toledo,45007,3,50.0,761,A-42,A,False,1808.9899018265573
2024000348,E-V-Almussafes-001,39.288483,-0.415473,"Lluis Duart Alabarta,16",Almussafes,Valencia/València,46440,2,22.0,884,AP-7N,AP,True,1088.143287003261
2024000351,SE-ElArahal-001,37.24716,-5.552974,"Virgen Montemayor,1",Arahal,Sevilla,41600,3,50.0,828,A-92,A,True,316.96806151588333
2024000355,T-Reus-005,41.14483,1.131461,"Argentina,7",Reus,Tarragona,43204,4,50.0,1113,N-420,N,False,316.1983468089525
2024000356,TO-Maqueda-001,40.05906,-4.371031,"Carretera N-V,16",Maqueda,Toledo,45515,6,50.0,786,A-5,A,True,93.24446471614655
2024000357,E-T-Tarragona-005,41.10749,1.24881,"Tarraco,3",Tarragona,Tarragona,43004,12,22.0,1114,N-420,N,False,1352.7172452151244
2024000365,E-Z-Zaragoza-010,41.65639,-0.93704,"Ibon De Plan,50",Zaragoza,Zaragoza,50011,2,22.0,222,N-125,N,True,667.3675458829575
2024000373,Z-Zaragoza-018,41.67022,-0.86065,"Alcalde F. Caballero,50",Zaragoza,Zaragoza,50014,5,50.0,693,A-2,A,True,1037.7737376589655
2024000396,SS-Hernani-001,43.26708,-1.96846,"Akerregi Bailara,23",Hernani,Gipuzkoa,20120,3,50.0,682,A-15,A,False,189.3637420263748
2024000400,SS-Astigarraga-001,43.281902,-1.916705,"Inaxio Berasarte Hiribidea,8",Astigarraga,Gipuzkoa,20115,5,50.0,1287,AP-8,AP,True,172.7858897274731
2024000401,CU-CAÑETE-001,40.04108,-1.6479,"Polo Y Peirolon,2",Cañete,Cuenca,16300,4,22.0,1110,N-420,N,False,68.73520431181485
2024000403,O-Aviles-003,43.547928,-5.856443,"Silvota,1",Corvera de Asturias,Asturias,33468,2,50.0,817,A-8,A,True,397.50094693910563
2024000405,GR-Baza-002,37.50821,-2.73867,"A-92, Salida 46,460",Baza,Granada,18800,6,50.0,601,A-92N,A,True,314.9236529849063
2024000407,O-OVIEDO-057,43.3691,-5.850957,"Ramón Prieto Bances,S/N",Oviedo,Asturias,33011,2,22.0,1218,N-630,N,False,1499.47499833616
2024000408,LE-Villaquilambre-001,42.602642,-5.549665,"Vago,1",Valdefresno,León,24195,3,50.0,209,N-120,N,False,1660.3777382697758
2024000413,M-AlcaladeHenares-004,40.4817,-3.394622,"Fausto Elhuyar,3",Alcalá de Henares,Madrid,28806,6,50.0,685,A-2,A,True,477.95112402381034
2024000416,L-ALPICAT-001,41.66666,0.555652,"Lleida,N/A",Alpicat,Lleida,25110,3,50.0,713,A-22,A,True,1647.3363793786398
2024000420,M-RivasVaciamadrid-001,40.330677,-3.524351,"Areneros,20",Rivas-Vaciamadrid,Madrid,28521,3,50.0,46,A-3,A,True,108.84863857364026
2024000427,MU-Murcia-017,37.969105,-1.127512,"Sur,5",Murcia,Murcia,30012,6,50.0,723,A-30,A,True,887.6358971382579
2024000428,MA-VelezMalaga-005,36.762177,-4.099677,"Juan Carlos I,N/A",Vélez-Málaga,Málaga,29700,3,50.0,642,A-7S,A,True,626.8072634857498
2024000429,MA-Malaga-018,36.65861,-4.48531,"Velazquez.,389",Málaga,Málaga,29140,3,50.0,621,AP-7S,AP,True,1495.8329046903466
2024000430,MU-Totana-003,37.775192,-1.453744,"El Granado (Pg. Industrial El Saladar),1",Murcia,Murcia,30850,3,50.0,135,A-7,A,True,249.61559823112907
2024000432,NA-Estella-001,42.66445,-2.03245,"Carlos Vii,22",Estella-Lizarra,Navarra,31200,3,50.0,667,A-12,A,False,1669.7459435844414
2024000433,MU-Yecla-006,38.615654,-1.10346,"Feria,27",Yecla,Murcia,30510,3,50.0,1102,N-344,N,False,1389.3463101576745
2024000435,NA-Ezcabarte-001,42.856155,-1.619069,"Irun,16",Ezcabarte,Navarra,31194,2,50.0,611,N-121-A,N,True,7.685617327641381
2024000438,V-Aldaia-002,39.470486,-0.46363,"Miguel Hernandez,35",Aldaia,Valencia/València,46960,3,50.0,52,A-3,A,True,1078.5729294069554
2024000443,V-Gandia-001,38.989227,-0.162188,"Estribor,3",Gandia,Valencia/València,46730,3,50.0,1053,N-337,N,False,651.6228733549178
2024000445,V-Gandia-007,38.95783,-0.17394,"Exportacion,28",Gandia,Valencia/València,46702,8,22.0,370,N-332,N,False,206.23318874724032
2024000452,E-V-RealDeGandia-001,38.94926,-0.195079,"Valencia,17","Real de Gandía, el",Valencia/València,46727,2,22.0,884,AP-7N,AP,True,482.25818943287027
2024000453,E-T-MoraDEbre-001,41.080887,0.638284,"Nacional 420,S/N",Móra d'Ebre,Tarragona,43740,6,22.0,1112,N-420,N,False,31.049112329712262
2024000454,VA-Lagunadeduero-001,41.58686,-4.71882,"Madrid,1",Laguna de Duero,Valladolid,47140,3,50.0,1189,N-601,N,False,79.63659604370147
2024000456,SO-SORIA-004,41.773098,-2.499592,"Querer (Ur.Las Camaretas),14",Golmayo,Soria,42190,6,50.0,914,N-122,N,False,204.4644799306315
2024000457,VA-Valladolid-036,41.619064,-4.747645,"Vega Sicilia,1",Valladolid,Valladolid,47008,4,22.0,1189,N-601,N,False,1800.2833377990873
2024000466,E-BI-Bilbao-028,43.24783,-2.92745,"Gernika Lorategia,29",Arrigorriaga,Bizkaia,48003,6,7.4,150,A-8,A,False,499.9421754935392
2024000497,E-SS-Irun-003,43.32547,-1.835486,"Mazuola Kalea,2",Irun,Gipuzkoa,20305,10,22.0,1287,AP-8,AP,True,739.6879686749147
2024000505,O-OVIEDO-051,43.3573,-5.861204,"Policarpo Herrero,10",Oviedo,Asturias,33006,2,100.0,1218,N-630,N,False,457.51531491201877
2024000507,GI-Salt-001,41.96719,2.787213,"Carlins,2",Salt,Girona,17190,4,50.0,872,AP-7N,AP,True,660.6559659459217
2024000509,J-Bailen-002,38.090443,-3.78294,"Vente Vacío,N/A",Bailén,Jaén,23710,4,50.0,1012,N-323,N,False,471.49571617796454
EJECBGOA333C7FTOMDHS,MA-VELEZMALAGA-006,36.751823,-4.089982,"Del Sol,31",Vélez-Málaga,Málaga,29740,2,22.0,642,A-7S,A,True,575.0776523282727
2024000516,E-LE-Astorga-002,42.45389,-6.05192,"Padres Redentoristas,5",Astorga,León,24700,2,22.0,534,N-6,N,False,922.9686296900063
2024000517,L-BellverdeCerdanya-003,42.368927,1.778291,"Bergueda,N/A",Bellver de Cerdanya,Lleida,25720,5,50.0,303,N-260,N,False,526.5046112010452
H2XLHPQTLOOKZDRSEEMA,E-SA-CarbajosaDeLaSagrada-009,40.956753,-5.677873,"Cesar Real De La Riva,30",Carbajosa de la Sagrada,Salamanca,37008,2,22.0,1229,N-630,N,False,147.53599406191327
MRGVGPH6AXL0STPWX1NT,E-VA-MedinaDelCampo-003,41.323395,-4.921399,"Madrid Coruña,14",Medina del Campo,Valladolid,47400,6,22.0,66,A-6,A,True,698.36418076188
2024000529,M-Madrid-059,40.37387,-3.77723,"Poema Sinfonico,5",Madrid,Madrid,28054,4,50.0,61,A-5R,A,False,1371.7516980121995
LMYRRVFU9PNF8XZ53YSM,E-O-IglesiaDeAbajo-002,43.519646,-5.67468,"Velazquez,54",Gijón,Asturias,33211,2,22.0,814,A-8,A,True,711.6726264171118
2024000540,NA-Corella-001,42.112774,-1.789068,"Eduardo Hernandez Asiain,0",Corella,Navarra,31591,2,100.0,202,N-113,N,True,1811.8519036178516
2024000541,NA-Orkoien-001,42.82009,-1.68909,"Empresarial La Muga,0",Orkoien,Navarra,31160,3,50.0,675,A-15,A,True,1552.4498098971285
EBJPUVSVCZQHKR22SJIG,E-NA-Barañain-001,42.801445,-1.686475,"Eulza/Eultzako Etorbidea,1",Pamplona/Iruña,Navarra,31010,6,22.0,675,A-15,A,True,761.242606744293
2024000547,SA-Salamanca-004,40.93196,-5.466889,"Madrid,14",Alba de Tormes,Salamanca,37893,3,50.0,469,N-501,N,True,25.68219564761847
2024000548,SE-Sevilla-023,37.373253,-6.080172,"Juan Diego,N/A",Bormujos,Sevilla,41930,3,50.0,778,A-49,A,True,300.88027582744803
2024000550,S-Reinosa-003,42.99426,-4.13165,"La Vega,56",Campoo de Enmedio,Cantabria,39200,6,50.0,115,A-67,A,True,404.25875223689695
2024000552,E-T-AmetllaDeMar-001,40.891068,0.796013,"Zn Sector,22","Ametlla de Mar, L'",Tarragona,43860,6,22.0,880,AP-7N,AP,True,514.3121895353396
2024000555,E-SE-Gines-001,37.379528,-6.081054,"Del Trabajo,S/N",Gines,Sevilla,41960,6,22.0,778,A-49,A,True,327.4657838551268
2024000556,SA-Salamanca-005,40.95899,-5.665279,"Rector Esperabe,18",Carbajosa de la Sagrada,Salamanca,37008,3,50.0,1229,N-630,N,False,580.1301954267685
2024000557,E-S-Laredo-001,43.39888,-3.440848,"Wenceslao Lopez Albo,15",Laredo,Cantabria,39770,6,22.0,152,A-8,A,True,102.47898122184505
2024000565,VA-Valladolid-030,41.645046,-4.745014,"Mº De Sto. Domingo De Silos,1",Valladolid,Valladolid,47015,4,22.0,84,A-62,A,True,1747.6495797280554
2024000567,BI-Galdakao-001,43.23122,-2.840362,"Juan Bautista Uriarte,63",Galdakao,Bizkaia,48960,4,50.0,149,A-8,A,True,181.06223752830186
2024000568,E-BI-Sestao-001,43.311375,-3.003176,"Los Tres Concejos,1",Sestao,Bizkaia,48910,2,22.0,1292,AP-8,AP,True,1858.4045635204225
2024000596,CU-GrajadeIniesta-001,39.51712,-1.674444,"Dieciseis,119",Graja de Iniesta,Cuenca,16251,2,100.0,11,N-3,N,False,70.09899324827038
2024000597,CU-Tarancon-001,40.006413,-3.01901,"Adolfo Suarez,30",Tarancón,Cuenca,16400,6,50.0,417,N-400,N,False,453.22706464466904
2024000598,E-H-Gibraleon-001,37.37669,-6.962499,"Reina Sofía,34",Gibraleón,Huelva,21500,2,22.0,1148,N-431,N,False,308.4094089315362
2024000599,C-SantiagodeCompostela-010,42.90209,-8.509587,"De Polonia,1",Santiago de Compostela,"Coruña, A",15704,4,22.0,809,A-54,A,True,359.41439180958196
2024000604,O-OVIEDO-024,43.3657,-5.8463,"Foncalada,28",Oviedo,Asturias,33002,2,22.0,1218,N-630,N,False,1307.3931364937216
2024000605,CU-AtalayaDelCañavate-001,39.538723,-2.254855,"Cuenca-Roda,66",Atalaya del Cañavate,Cuenca,16710,3,50.0,49,A-3,A,True,227.9815225588643
2024000615,O-LLanes-003,43.38573,-4.571241,"N-634,285",Ribadedeva,Asturias,33590,3,50.0,575,N-634,N,False,41.29786618007893
2024000617,M-AlcaladeHenares-015,40.50872,-3.32239,"Nacional Ii (Margen Izquierdo),2",Alcalá de Henares,Madrid,28805,6,22.0,685,A-2,A,True,120.52826174329661
2024000618,E-LO-Logroño-009,42.464676,-2.433986,"De La Paz,57",Logroño,"Rioja, La",26004,2,22.0,670,A-13,A,False,948.2742749471546
2024000619,E-LO-Cenicero-001,42.481728,-2.648003,"Gregoria Artacho,37",Cenicero,"Rioja, La",26350,2,22.0,264,N-232,N,False,89.7983497478115
2024000625,M-Getafe-011,40.27087,-3.695308,"Rio Guadalquivir,22",Getafe,Madrid,28906,3,50.0,741,A-4,A,True,387.22023717757236
2024000626,E-L-Lleida-004,41.66941,0.55124,"Del Parc,N/A",Alpicat,Lleida,25110,4,22.0,713,A-22,A,True,1764.214474013969
2024000631,M-RivasVaciamadrid-004,40.353863,-3.548924,"Tecnica,4",Rivas-Vaciamadrid,Madrid,28522,5,50.0,46,A-3,A,True,228.51041794924566
2024000632,M-Torrelodones-001,40.57143,-3.926225,"Sama De Langreo,1",Galapagar,Madrid,28250,6,50.0,64,A-6,A,True,190.46895082142902
2024000639,MU-Lorca-001,37.655003,-1.711529,"Granada (N-340A),1470",Lorca,Murcia,30800,3,50.0,135,A-7,A,True,610.5185563893906
2024000645,TO-Toledo-001,39.87848,-4.040725,"Concilios De Toledo,2",Toledo,Toledo,45005,6,50.0,761,A-42,A,False,1683.0848345975899
2024000647,E-V-Benavites-001,39.741333,-0.260278,"De Les Parres,38",Benavites,Valencia/València,46514,3,50.0,124,A-7,A,False,1905.81761741033
2024000650,SA-SALAMANCA-011,40.964634,-5.656304,"San Antonio,40",Salamanca,Salamanca,37003,2,22.0,798,A-50,A,True,1559.4977041520324
2024000653,S-Islares-001,43.40378,-3.30663,"Islares,58",Castro-Urdiales,Cantabria,39798,3,50.0,569,N-634,N,False,88.49022014778713
2024000656,SA-SALAMANCA-010,40.968304,-5.672277,"Filiberto Villalobos,43",Salamanca,Salamanca,37007,2,22.0,1229,N-630,N,False,1207.4158181767452
2024000659,TO-Illescas-001,40.13496,-3.835956,"Tilo,54",Illescas,Toledo,45200,4,50.0,761,A-42,A,False,493.53110391452424
2024000671,E-ZA-Benavente-001,41.993324,-5.678612,"Via Canal,225",Benavente,Zamora,49600,4,22.0,491,N-525,N,False,108.17990344062817
2024000701,E-CS-Benicassim-001,40.04149,0.05059,"Gimeno,16",Benicasim/Benicàssim,Castellón/Castelló,12560,2,7.36,389,N-340,N,True,599.40504468426
2024000711,E-CR-Valdepeñas-002,38.76957,-3.394011,"Nuestra Señora De Los Llanos,1",Valdepeñas,Ciudad Real,13300,4,22.0,745,A-4,A,True,814.0357051303185
2024000715,CR-VillartadeSanJuan-001,39.250523,-3.430358,"Andalucia,145",Villarta de San Juan,Ciudad Real,13210,6,50.0,744,A-4,A,True,108.41528935587901
2024000723,E-PO-CaldasDeReis-002,42.60975,-8.62176,"Lugar Baxe,901",Caldas de Reis,Pontevedra,36653,2,22.0,1275,N-640,N,False,142.99872845014846
2024000724,E-SA-VillaresDeLaReina-001,40.99113,-5.64386,"Calzada De Toro,41",Villares de la Reina,Salamanca,37184,2,150.0,86,A-62,A,True,990.8870506991847
2024000729,E-MA-Estepona-001,36.406254,-5.192107,"Josefina Samper,S/N",Estepona,Málaga,29693,4,22.0,4,A-7S,A,True,84.87530854928167
2024000738,E-CO-Cordoba-001,37.90327,-4.723948,"Quemadas,14",Córdoba,Córdoba,14014,2,150.0,746,A-4,A,True,1087.410749924502
2024000739,J-Linares-001,38.092113,-3.650127,"Carretera Cordoba Valencia,2",Linares,Jaén,23700,3,50.0,996,N-322,N,False,867.0828021363731
2024000740,M-Mostoles-006,40.34168,-3.86029,"Fragua,16",Móstoles,Madrid,28933,2,50.0,785,A-5,A,True,310.35851759876084
2024000741,MU-Lorca-009,37.658337,-1.705069,"Vera,1",Lorca,Murcia,30800,3,50.0,135,A-7,A,True,878.1210881837382
2024000748,CA-JerezdelaFrontera-016,36.699135,-6.124987,"Alcalde Alvaro Domecq,35",Jerez de la Frontera,Cádiz,11407,6,50.0,754,A-4,A,True,1883.515926696615
2024000749,P-VentadeBaños-001,41.900192,-4.518805,"Autovia De Castilla A-62 (N-620),90",Venta de Baños,Palencia,34208,6,50.0,82,A-62,A,True,54.63017741250677
2024000750,MA-Malaga-011,36.40831,-5.189074,"Josefina Samper,2",Estepona,Málaga,29693,5,50.0,4,A-7S,A,True,96.26177888002829
2024000752,E-OU-Barbadas-001,42.31748,-7.883468,"Do Viso,1",Barbadás,Ourense,32002,2,22.0,801,A-52,A,True,230.09743687412805
2024000756,M-AlcaladeHenares-009,40.50296,-3.36688,"Jose Espronceda,0",Alcalá de Henares,Madrid,28806,3,50.0,685,A-2,A,True,87.9578367442503
2024000762,Z-Calatayud-006,41.32703,-1.64168,"La Charluca,26",Calatayud,Zaragoza,50300,5,50.0,978,N-234,N,False,138.88477788998634
2024000765,CO-Cordoba-012,37.86788,-4.781741,"De Cadiz,68",Córdoba,Córdoba,14013,3,50.0,746,A-4,A,True,1215.6216693476874
2024000767,E-GR-Salobreña-001,36.746334,-3.584,"Juan Ramon Jimenez,2",Salobreña,Granada,18680,4,22.0,1062,N-340,N,False,28.150876085449056
2024000772,E-MU-LosAlcazares-001,37.75989,-0.844998,"Cartagena,0",Torre-Pacheco,Murcia,30710,4,22.0,887,AP-7N,AP,False,635.4719811327388
2024000779,E-MA-Malaga-002,36.658543,-4.482725,"Jose Carreras Bahia Malaga Loc Ikea,S/N",Málaga,Málaga,29140,8,7.4,621,AP-7S,AP,True,1586.258386491155
2024000780,E-MU-MolinaDeSegura-004,38.08266,-1.231227,"Crta Madrid,373",Abarán,Murcia,30500,4,22.0,55,A-30,A,True,822.5411990412532
2024000781,E-S-Camargo-002,43.439312,-3.891163,"La Esprilla,1",Camargo,Cantabria,39608,4,22.0,1202,N-611,N,False,14.638103411500374
2024000782,CA-Conil-001,36.283848,-6.083033,"De La Música,2",Conil de la Frontera,Cádiz,11140,4,50.0,1059,N-340,N,False,1678.5629367748236
2024000786,LO-Logroño-001,42.46155,-2.469268,"Burgos,49",Logroño,"Rioja, La",26007,3,50.0,195,N-111,N,False,1274.8210414920943
2024000831,GU-Guadalajara-007,40.636135,-3.189736,"Francisco Aritio,86",Guadalajara,Guadalajara,19004,3,50.0,685,A-2,A,True,1090.4962758568495
2024000836,HU-Barbastro-002,42.0249,0.053188,"Barbastro - Naval,62",Barbastro,Huesca,22300,6,50.0,716,A-22,A,True,217.1588088854206
2024000838,O-Gijon-013,43.533997,-5.706241,"Del Melon,61",Gijón,Asturias,33211,5,50.0,1278,N-641,N,True,1252.2225693778726
2024000849,LE-LaRobla-001,42.806454,-5.631977,"Polideportivo,5","Robla, La",León,24640,5,50.0,1220,N-630,N,False,34.05112583189313
2024000857,MU-MolinadeSegura-005,38.05938,-1.2174,"Madrid,129",Abarán,Murcia,30500,4,50.0,1100,N-344,N,False,1159.1729961344595
2024000859,NA-Alsasua-002,42.891235,-2.160999,"Iruñeko Etorbidea,24",Altsasu/Alsasua,Navarra,31800,5,50.0,605,A-10,A,True,167.47826565508737
2024000860,MA-Antequera-004,37.02616,-4.53764,"Principal,2",Antequera,Málaga,29200,6,50.0,1043,N-331,N,False,1174.3296913161137
2024000861,MA-Fuengirola-001,36.527805,-4.631994,"De La Encarnación,1",Fuengirola,Málaga,29640,5,50.0,646,A-7S,A,False,253.82362178901613
2024000863,NA-Tudela-002,42.121582,-1.674866,"Poligono 24,61",Tudela,Navarra,31500,5,50.0,118,A-68,A,False,288.0184327127947
2024000864,MU-Murcia-004,37.76728,-1.070244,"Gasolinera Garceran-Junto,6",Fuente Álamo de Murcia,Murcia,30332,3,50.0,723,A-30,A,True,103.68288367463812
2024000871,E-P-Villarramiel-001,42.043613,-4.912684,"El Corro,1",Villarramiel,Palencia,34350,2,7.3,1195,N-610,N,False,629.0833924101834
2024000872,NA-Tudela-003,42.040707,-1.589498,"Canal De Tauste,3",Tudela,Navarra,31500,6,50.0,118,A-68,A,False,615.8102937878448
2024000873,SA-Salamanca-007,40.945755,-5.554553,"Madrid,2",Calvarrasa de Abajo,Salamanca,37181,3,50.0,470,N-501,N,False,24.37316221296679
2024000875,E-V-Benifaio-003,39.28678,-0.425035,"Fuente,1",Benifaió,Valencia/València,46450,2,22.0,738,A-38,A,False,1847.099582311995
2024000876,V-GANDIA-MOTORPACIFICO-IPB,38.98472,-0.185155,"Gran Via Castell De Bairen,34",Gandia,Valencia/València,46701,2,150.0,370,N-332,N,False,371.3389922709171
2024000879,E-SG-Segovia-001,40.92645,-4.112856,"Navacerrada,7",Segovia,Segovia,40006,2,22.0,857,AP-61,AP,False,463.83026864543916
2024000881,E-S-Reinosa-001,42.994415,-4.131486,"La Vega,56",Campoo de Enmedio,Cantabria,39200,2,22.0,115,A-67,A,True,401.9404674456031
2024000882,E-S-LosCorralesDeBuelna-001,43.25573,-4.068341,"Cantabria,23","Corrales de Buelna, Los",Cantabria,39400,2,7.33,115,A-67,A,True,301.1792516312324
2024000889,E-SE-Sevilla-003,37.385677,-6.00312,"Lugar Mercado De Triana Mercado Plaza Abast S,N/A",Sevilla,Sevilla,41010,4,7.3,1245,N-630,N,False,977.9135578172385
2024000891,E-SE-Tomares-001,37.37185,-6.035936,"Sor Angela De La Cruz,S/N",Tomares,Sevilla,41940,4,22.0,778,A-49,A,True,1026.5407797982134
2024000896,VA-Valladolid-038,41.65314,-4.740017,"Pio Del Rio Hortega,2",Valladolid,Valladolid,47014,4,22.0,1190,N-601,N,False,1847.2334860226124
2024000901,E-BI-Zamudio-005,43.283077,-2.863471,"Nekazari,1",Derio,Bizkaia,48170,4,7.4,564,N-633,N,True,1528.848711064232
2024000904,BI-Basauri-003,43.238163,-2.875778,"Urbi,4",Basauri,Bizkaia,48970,3,50.0,566,N-634,N,False,266.5390081618898
2024000907,E-BI-Iurreta-002,43.184917,-2.668586,"Arriandi,1",Iurreta,Bizkaia,48215,6,7.4,566,N-634,N,False,25.279814393314485
2024000908,ZA-MuelasdelPan-001,41.52112,-5.96704,"San Roque,2",Muelas del Pan,Zamora,49167,5,50.0,925,N-122,N,True,1318.0422485481506
2024000911,BI-Galdakao-002,43.23125,-2.845262,"Euskadi,15",Galdakao,Bizkaia,48960,6,50.0,566,N-634,N,False,301.8711446526442
2024000946,SS-Irun-001,43.319534,-1.837503,"Ventas Auzoa,80",Irun,Gipuzkoa,20305,6,50.0,1287,AP-8,AP,True,111.84709118790329
2024000949,SS-Mondragon-001,43.048717,-2.497361,"San Andres Auzoa,7",Arrasate/Mondragón,Gipuzkoa,20500,3,50.0,837,AP-1,AP,True,99.04706833257494
2024000950,H-LaPalmadelCondado-001,37.36031,-6.54288,"Bodega Espinosa,1","Palma del Condado, La",Huelva,21700,2,50.0,778,A-49,A,True,260.97605045324497
2024000951,SS-Tolosa-001,43.144993,-2.071293,"Larramendi Kalea,28",Ibarra,Gipuzkoa,20400,2,320.0,656,A-1,A,True,118.10750871686247
2024000956,CU-Saelices-001,39.91926,-2.805598,"Madrid-Valencia,4",Saelices,Cuenca,16430,5,50.0,49,A-3,A,True,463.7372973124224
2024000957,CR-CiudadReal-005,38.98421,-3.91394,"De Europa,1",Ciudad Real,Ciudad Real,13005,4,50.0,1133,N-430,N,False,518.148418397117
2024000958,E-GI-Alp-001,42.33725,1.942701,"Pista Llarga Hotel Loc,N/A",Alp,Girona,17537,2,22.0,301,N-260,N,False,1424.153619661368
2024000961,E-GR-Peligros-001,37.228523,-3.63566,"Industrial Navegran,0",Peligros,Granada,18210,4,22.0,831,A-92,A,True,1816.0203838861523
2024000962,O-Noreña-001,43.39013,-5.70127,"Langreo,1",Noreña,Asturias,33180,3,50.0,579,N-634,N,False,467.6728869112359
2024000963,O-Gijon-009,43.53497,-5.637553,"Óscar Muñiz,8",Gijón,Asturias,33203,3,50.0,158,A-8,A,True,1403.7092563115382
2024000966,LO-Calahorra-001,42.306587,-1.971331,"Bebricio,71",Calahorra,"Rioja, La",26500,3,50.0,263,N-232,N,False,741.1148838477433
2024000973,M-AlcaladeHenares-006,40.504185,-3.330597,"Tamajon,N/A",Alcalá de Henares,Madrid,28805,6,50.0,685,A-2,A,True,59.78990784823932
2024000975,M-Alcorcon-007,40.34862,-3.851249,"Europa,10",Alcorcón,Madrid,28922,3,50.0,784,A-5,A,True,134.79754078025925
2024000978,LU-Barreiros-002,43.53962,-7.263064,"Empresarial Fase 2,1",Barreiros,Lugo,27790,3,50.0,1281,N-642,N,True,45.88898669154485
2024000984,E-MA-Mijas-003,36.509533,-4.647612,"Urb Playa Marina,1",Mijas,Málaga,29649,2,16.5,646,A-7S,A,False,178.12728548268026
2024000988,MU-Blanca-001,38.19207,-1.334314,"Comunidad Valenciana,4",Blanca,Murcia,30540,4,50.0,328,N-301,N,False,144.85879264602022
2024000989,MU-Cieza-003,38.25941,-1.433424,"De La Industria (Pg. Industrial Ascoy),0",Cieza,Murcia,30530,3,50.0,54,A-30,A,True,208.80754334894212
2024000994,MU-Murcia-010,38.011433,-1.150188,"Juan Carlos I,77",Murcia,Murcia,30100,3,50.0,723,A-30,A,True,1321.0469112364012
2024000998,E-PO-Vigo-001,42.2154,-8.701267,"Vigo De Madrid,0",Vigo,Pontevedra,36214,2,22.0,810,A-55,A,True,69.87631093991504
2024001000,E-S-Torrelavega-001,43.354034,-4.065631,"Oviedo,3",Torrelavega,Cantabria,39300,6,22.0,155,A-8,A,True,236.82446226971095
2024001009,TO-Ocaña-002,39.96833,-3.546863,"Autovia A-4,57",Ocaña,Toledo,45300,6,50.0,742,A-4,A,True,67.43691511733554
2024001010,E-T-Valls-003,41.28896,1.254716,"De La Vallvera,20",Valls,Tarragona,43800,4,22.0,988,N-240,N,False,974.5564448451528
2024001017,BI-Galdakao-003,43.21966,-2.82107,"Meatzeta,0",Galdakao,Bizkaia,48960,6,50.0,289,N-240,N,False,355.76715181099263
2024001019,BI-Arrankudiaga-001,43.1494,-2.94057,"Zuloaga,8",Arakaldo,Bizkaia,48498,3,50.0,859,AP-68,AP,True,162.97622184678798
2024001024,E-HU-Barbastro-002,42.00594,0.141634,"Industrial Valle Del Cinca,48",Barbastro,Huesca,22300,2,22.0,285,N-240,N,False,322.945057381718
2024001025,LO-Logroño-010,42.471943,-2.417448,"Mendavia,14",Logroño,"Rioja, La",26009,3,50.0,670,A-13,A,False,99.01695075400579
2024001032,SS-Hernani-002,43.27765,-1.999467,"Jauregi Bailara,66",Hernani,Gipuzkoa,20120,2,22.0,1288,AP-8,AP,True,145.25954215566554
2024001035,E-VA-CubillasDeSantaMarta-001,41.82064,-4.597436,"Valoria,16",Cubillas de Santa Marta,Valladolid,47290,2,22.0,82,A-62,A,True,1433.1725282329073
2024001039,PO-Vigo-004,42.220196,-8.706229,"Avenida Madrid,124",Vigo,Pontevedra,36214,3,50.0,810,A-55,A,True,25.38511001973081
2024001042,E-Z-Cariñena-003,41.362667,-1.206406,"Nacional 330,445",Cariñena,Zaragoza,50400,2,7.3,351,N-330,N,False,38.66884003491013
2024001043,CS-Castellondelaplana-006,39.97498,-0.06269,"Parque Comercial Estepark,1",Castelló de la Plana,Castellón/Castelló,12006,6,50.0,251,N-225,N,False,688.8346945026865
2024001045,GR-Almuñecar-001,36.735996,-3.688359,"Fenicia,573",Almuñécar,Granada,18690,4,50.0,1062,N-340,N,False,111.5604018473076
2024001046,MA-MIJAS-001,36.54043,-4.634351,"San Cristobal,26",Mijas,Málaga,29651,3,50.0,646,A-7S,A,False,59.83129710017699
2024001049,C-Betanzos-002,43.275963,-8.214091,"Jesús García Naveira,59",Betanzos,"Coruña, A",15300,3,50.0,540,N-6,N,False,316.9761866568335
2024001050,SA-CarbajosadelaSagrada-002,40.946762,-5.642512,"Calle De Las Columnas,0",Arapiles,Salamanca,37188,3,50.0,798,A-50,A,True,200.25202142956675
2024001051,E-SS-Eibar-003,43.194763,-2.452464,"Industrial Azitain,3",Eibar,Gipuzkoa,20600,2,7.4,565,N-634,N,False,453.0447732469701
2024001052,E-TE-LaPueblaDeValverde-001,40.214413,-0.941628,"Camarena,1","Puebla de Valverde, La",Teruel,44450,2,7.3,24,A-23,A,True,500.03982591972846
2024001054,E-VA-ValbuenaDeDuero-001,41.642696,-4.318316,"Renedo - Pesquera De Duero,300",Olivares de Duero,Valladolid,47359,4,22.0,918,N-122,N,False,1644.5536371493838
2024001056,E-VA-MedinaDelCampo-001,41.31145,-4.896514,"Autovia Del Noroeste A-6 (N-Vi),157",Medina del Campo,Valladolid,47400,2,22.0,66,A-6,A,True,126.85517595514723
2024001063,BI-BARAKALDO-001,43.289112,-3.007839,"Retuerto,58",Barakaldo,Bizkaia,48903,2,7.3,1292,AP-8,AP,True,817.2012938725362
2024001065,BI-Barakaldo-002,43.287457,-3.007974,"Kareaga,0",Barakaldo,Bizkaia,48903,6,50.0,1292,AP-8,AP,True,725.0624832612241
2024001066,E-GR-Motril-004,36.73629,-3.512435,"Tegucigalpa,3",Motril,Granada,18600,2,50.0,1062,N-340,N,False,521.9686006341966
2024001067,E-GI-Ripoll-001,42.19306,2.1951,"Concepcion Ducloux,S/N",Ripoll,Girona,17500,6,22.0,301,N-260,N,False,1478.5003771099848
2024001069,E-LU-Lugo-002,43.04178,-7.55311,"Aller Ulloa Ramón María,23",Lugo,Lugo,27003,2,150.0,1271,N-640,N,False,837.2673242017947
2024001070,E-OU-Ourense-004,42.34324,-7.853364,"Otero Pedrayo,12",Ourense,Ourense,32004,2,22.0,902,N-120A,N,False,328.33464242953676
2024001076,E-C-Ferrol-002,43.484993,-8.227173,"Españoleto,1",Ferrol,"Coruña, A",15403,2,22.0,167,AP-9F,AP,True,1992.3873131550258
2024001080,E-BI-Basauri-001,43.239136,-2.876341,"Urbi,57",Basauri,Bizkaia,48970,4,22.0,566,N-634,N,False,241.9349717278331
2024001084,E-CA-ElPuertoDeSantaMaria-001,36.610886,-6.199989,"Albert Einstein,13","Puerto de Santa María, El",Cádiz,11500,2,22.0,754,A-4,A,True,1144.6603704392367
2024001094,E-TO-Valmojado-001,40.203766,-4.077914,"Rey Felipe Vi,1",Valmojado,Toledo,45940,6,22.0,786,A-5,A,True,1617.5327746955736
2024001096,E-V-Cullera-001,39.162834,-0.255504,"La Bega,7",Cullera,Valencia/València,46400,4,22.0,372,N-332,N,False,1169.6961141037048
2024001097,E-CR-Puertollano-003,38.703037,-4.100603,"Argamasilla,44",Puertollano,Ciudad Real,13500,4,22.0,1107,N-420,N,False,62.40686655708053
2024001100,E-PO-Lalin-002,42.666473,-8.115733,"Trigueiriza,S/N",Lalín,Pontevedra,36500,6,22.0,1274,N-640,N,False,213.47300369574464
2024001829,E-GR-Chauchina-001,37.192055,-3.779008,"La Rosa,15",Chauchina,Granada,18330,6,22.0,830,A-92,A,True,144.30186039654197
2024001830,E-GR-Almuñecar-001,36.73234,-3.696529,"Mar De Plata,4",Almuñécar,Granada,18690,6,22.0,1062,N-340,N,False,743.5954882501253
2024001831,E-MA-Benahavis-001,36.49226,-5.017651,"Marques De Atalaya C/Pico De Alcazaba,S/N",Benahavís,Málaga,29679,4,22.0,618,AP-7S,AP,True,553.5319843258711
2024001833,E-TO-Yuncos-001,40.084797,-3.867484,"Castilla La Mancha,6",Yuncos,Toledo,45210,6,22.0,761,A-42,A,False,568.885220094221
2024001834,E-LE-Bembibre-001,42.61899,-6.421869,"Catoute,6",Bembibre,León,24300,4,22.0,535,N-6,N,False,194.33121325270648
2024001836,E-OU-OCarballiño-001,42.430687,-8.067169,"25 De Xullo,72","Carballiño, O",Ourense,32500,4,22.0,502,N-541,N,False,51.27021231985968
2024001837,E-M-Parla-001,40.24513,-3.77695,"Lago Del Retiro,4",Parla,Madrid,28981,2,22.0,761,A-42,A,False,166.39822361196082
2024001838,NA-Tajonar-001,42.775543,-1.628231,"Berroa,0",Aranguren,Navarra,31192,3,50.0,608,AP-15,AP,False,250.0204042395416
2024001844,E-MA-VelezMalaga-002,36.73683,-4.102033,"Mar Tirreno,S/N",Vélez-Málaga,Málaga,29740,6,22.0,399,N-340A,N,False,893.2379987032778
2024001845,E-SE-AlcalaDeGuadaira-001,37.33838,-5.8509,"Duquesa De Talavera,56",Alcalá de Guadaíra,Sevilla,41500,2,22.0,828,A-92,A,True,1613.5480958965418
2024001846,E-Z-LaAlmuniaDeDoñaGodina-001,41.4846,-1.370204,"Zaragoza,S/N","Almunia de Doña Godina, La",Zaragoza,50100,4,22.0,689,A-2,A,True,303.2416968795194
2024001853,E-M-SanMartinDeValdeiglesias-004,40.358932,-4.409769,"Mecanicos,3",San Martín de Valdeiglesias,Madrid,28680,6,22.0,434,N-403A,N,False,38.1466252091213
2024001856,E-M-TorrejonDeArdoz-003,40.460953,-3.489726,"San Fernando,9",Torrejón de Ardoz,Madrid,28850,4,22.0,685,A-2,A,True,211.48090574137245
2024001857,E-MU-SanJavier-001,37.802372,-0.827036,"Recuerdo,1",San Javier,Murcia,30730,4,22.0,887,AP-7N,AP,False,1410.193047448252
2024001865,E-GR-Atarfe-001,37.218777,-3.687706,"Diputación,45",Atarfe,Granada,18230,4,22.0,1155,N-432,N,False,438.91945783537693
2024001866,E-CO-Baena-001,37.616573,-4.320113,"Cervantes,33",Baena,Córdoba,14850,6,22.0,448,N-432A,N,False,197.81435686579067
2024001867,E-HU-Fraga-001,41.52554,0.338313,"Hermana Andresa,27",Fraga,Huesca,22520,4,22.0,695,A-2,A,False,1734.3101988638596
2024001870,E-SA-CiudadRodrigo-001,40.6043,-6.532296,"España,73",Ciudad Rodrigo,Salamanca,37500,2,22.0,542,N-620A,N,False,1313.5529862412318
2024001871,E-SA-Bejar-002,40.39036,-5.748846,"Salamanca,7",Béjar,Salamanca,37700,6,22.0,1250,N-630A,N,False,35.33020066283248
2024001876,E-V-Alginet-002,39.263733,-0.466469,"Poble Nou,41",Alginet,Valencia/València,46230,4,22.0,129,A-7,A,True,621.1650909529213
2024001878,E-V-Buñol-002,39.43008,-0.779574,"Blasco Ibañez,95",Buñol,Valencia/València,46360,4,22.0,13,N-3,N,False,292.60093365569816
2024001879,E-CC-Caceres-009,39.448845,-6.373423,"Torre De Floripes,41",Cáceres,Cáceres,10005,6,22.0,1235,N-630,N,False,590.6275759924245
2024001881,M-Alcobendas-010,40.525604,-3.657265,"San Rafael,2",Alcobendas,Madrid,28108,16,7.4,15,A-1,A,True,637.6227475091071
2024001882,E-M-ArgandaDelRey-002,40.3023,-3.452355,"De Paris,S/N",Arganda del Rey,Madrid,28500,6,22.0,46,A-3,A,True,1307.035628206294
2024001884,E-M-Getafe-012,40.31568,-3.735925,"Alcalde Angel Arroyo,1",Getafe,Madrid,28904,2,22.0,761,A-42,A,False,46.61977464945246
2024001891,E-T-SantCarlesDeLaRapita-001,40.619774,0.581609,"De Catalunya,71",Sant Carles de la Ràpita,Tarragona,43540,6,22.0,389,N-340,N,True,529.7758263871334
2024001892,E-L-LaSeuDUrgell-001,42.36126,1.456807,"Valls D'andorra,S/N",Montferrer i Castellbò,Lleida,25700,8,22.0,225,N-145,N,False,173.05953127793444
2024001893,E-A-SanFulgencio-001,38.11664,-0.657141,"N-332 Alicante-Cartagena,74",Guardamar del Segura,Alicante/Alacant,3140,4,22.0,1051,N-332,N,False,64.42949541154204
2024001894,E-V-Mislata-002,39.474457,-0.420218,"Gregorio Gea,57",Mislata,Valencia/València,46920,2,22.0,53,A-3,A,False,576.1883632777101
2024001904,E-CO-Montilla-001,37.584293,-4.641022,"Parra Mercadona La,S/N",Montilla,Córdoba,14550,4,22.0,1037,N-331,N,False,1689.5414729140327
2024001916,E-CA-LosBarrios-002,36.18023,-5.491711,"Tercer Centenario,18","Barrios, Los",Cádiz,11370,4,22.0,604,A-381,A,True,574.5648371700653
2024001918,E-J-Andujar-001,38.039238,-4.040899,"Blas Infante,S/N",Andújar,Jaén,23740,6,22.0,746,A-4,A,True,456.30613240417387
2024001920,E-SE-Camas-001,37.397175,-6.033301,"Alcalde Manuel Cabello,S/N",Camas,Sevilla,41900,4,22.0,778,A-49,A,True,818.8094793178346
2024001922,E-Z-Tarazona-001,41.894474,-1.723078,"Teresa Cajal,S/N",Tarazona,Zaragoza,50500,6,22.0,909,N-122,N,False,95.8503668368333
2024001923,E-TO-Illescas-002,40.15005,-3.824799,"De Las Naciones,25",Illescas,Toledo,45200,6,22.0,761,A-42,A,False,83.07265349693132
2024001929,E-T-Vandellos-001,41.000397,0.916593,"Carrer President Companys,S/N",Vandellòs i l'Hospitalet de l'Infant,Tarragona,43890,6,22.0,137,A-7,A,False,324.914773357808
2024001933,E-C-Betanzos-001,43.275833,-8.218406,"Fraga Iribarne,7",Betanzos,"Coruña, A",15300,6,22.0,540,N-6,N,False,177.7352455363677
2024001934,E-M-SanAgustinDeGuadalix-005,40.68063,-3.620845,"Felix Rodriguez Fuente,1",Colmenar Viejo,Madrid,28750,4,22.0,16,A-1,A,True,849.2004338012504
2024001940,E-J-Linares-001,38.088108,-3.631277,"Del Ajedrez,S/N",Linares,Jaén,23700,6,22.0,996,N-322,N,False,619.6543800868722
2024001941,E-TO-Bargas-001,39.933254,-4.02252,"Cruces,21",Bargas,Toledo,45593,4,22.0,756,A-40,A,False,1652.9914357612568
2024002032,AB-Albacete-007,39.0069,-1.878388,"Saturnino Calleja,7",Albacete,Albacete,2006,3,50.0,1003,N-322,N,True,370.9795968469367
2024002034,E-A-Orihuela-005,37.933033,-0.726847,"Picasso,1",Orihuela,Alicante/Alacant,3300,2,22.0,1047,N-332,N,False,253.49935292338665
2024002044,LU-Lugo-005,43.036446,-7.568884,"Infanta Elena,213",Lugo,Lugo,27003,6,50.0,539,N-6,N,False,500.4443724434987
2024002051,E-MU-Murcia-002,37.995647,-1.129383,"Marques De Los Velez,25",Murcia,Murcia,30008,4,7.3,723,A-30,A,True,1511.173105394884
2024002058,E-V-Puzol-004,39.61576,-0.30842,"Mancomunitat H.Nord,19",Puçol,Valencia/València,46530,2,22.0,126,A-7,A,True,1409.7518054648763
2024002059,E-VA-ValbuenaDeDuero-003,41.638935,-4.258472,"Renedo - Pesquera,350",Olivares de Duero,Valladolid,47359,2,22.0,918,N-122,N,False,1699.63084087135
2024002062,E-Z-Cariñena-002,41.34212,-1.239903,"Aguaron,471",Cariñena,Zaragoza,50400,2,7.3,351,N-330,N,False,1686.8726080847903
2024002084,LE-Villamanin-001,42.938076,-5.659927,"Asturias,1001",Villamanín,León,24680,6,50.0,1220,N-630,N,False,72.84176122934682
2024002086,M-Parla-006,40.23964,-3.755969,"Paris,14",Parla,Madrid,28983,3,50.0,761,A-42,A,False,1729.122714130424
2024002088,E-MU-SanPedroDelPinatar-003,37.83373,-0.790182,"Doctor Cortezo,2",San Pedro del Pinatar,Murcia,30740,2,7.4,887,AP-7N,AP,False,1299.340180498858
2024002089,E-MU-SanPedroDelPinatar-002,37.83363,-0.790133,"Doctor Cortezo,2",San Pedro del Pinatar,Murcia,30740,2,7.36,887,AP-7N,AP,False,1310.9032451683242
2024002093,NA-Tudela-005,42.05252,-1.59828,"Gardachales,0",Tudela,Navarra,31500,10,22.0,118,A-68,A,False,1504.9907085243592
2024002098,E-BI-Bilbao-013,43.25387,-2.912555,"Karmelo,17",Bilbao,Bizkaia,48004,6,7.4,566,N-634,N,False,970.9765591869541
2024002123,O-OVIEDO-046,43.36248,-5.86735,"Alejandro Casona,S/N",Oviedo,Asturias,33013,2,22.0,1218,N-630,N,False,1194.855538164942
2024002124,O-OVIEDO-018,43.3658,-5.8587,"Peña Santa De Enol,S/N",Oviedo,Asturias,33012,2,22.0,1218,N-630,N,False,1119.5233339894905
2024002132,E-SG-ElEspinar-003,40.718346,-4.247316,"Francisco San Juan,1","Espinar, El",Segovia,40400,2,7.4,527,N-6,N,False,1365.2469804572092
2024002133,E-V-Rafelbuñol-002,39.59063,-0.341129,"Bobalar,35",Rafelbunyol,Valencia/València,46138,2,22.0,126,A-7,A,True,1644.8571815730381
2024002137,E-BI-Bilbao-014,43.256927,-2.933727,"Zabalburu,2",Arrigorriaga,Bizkaia,48003,6,7.4,150,A-8,A,False,1453.6471769526722
2024002168,E-V-Almussafes-005,39.294426,-0.414043,"Dels Tarongers,50",Almussafes,Valencia/València,46440,2,22.0,884,AP-7N,AP,True,969.9882945036525
2024002170,SA-SantaMartadeTormes-001,40.94988,-5.628358,"Versalles,1",Santa Marta de Tormes,Salamanca,37900,4,7.4,797,A-50,A,True,592.3004491417881
2024002174,E-SG-ElEspinar-001,40.714314,-4.189421,"Halcon,1","Espinar, El",Segovia,40410,2,7.36,1194,N-603,N,False,25.766043917433368
2024002178,Z-Calatayud-009,41.3533,-1.6241,"Ciudad Deportiva Ciud Deporti Diseminado,S/N",Calatayud,Zaragoza,50300,2,100.0,689,A-2,A,True,452.6573860483488
2024002187,AB-ALBACETE-013,39.00926,-1.876648,"Ilustracion,1",Albacete,Albacete,2006,10,22.0,1003,N-322,N,True,192.38200883652567
2024002203,O-Vegadeo-001,43.46518,-7.051889,"Trasera La Iglesia,3",Vegadeo,Asturias,33770,5,50.0,1269,N-640,N,False,98.17160486634154
2024002209,E-MA-Marbella-003,36.494915,-4.991673,"Helsinki,N/A",Marbella,Málaga,29670,2,150.0,618,AP-7S,AP,True,997.3567188066462
2024002212,E-MU-Murcia-005,37.99278,-1.133844,"Torre De La Marquesa,1",Murcia,Murcia,30008,4,7.4,723,A-30,A,True,1018.0214979841261
2024002213,E-MU-Murcia-015,37.99002,-1.14402,"Metal,4",Murcia,Murcia,30009,2,7.36,723,A-30,A,True,83.80948095338316
2024002214,NA-Olazagutia-001,42.88366,-2.17921,"Nacional 1,398",Altsasu/Alsasua,Navarra,31800,3,50.0,655,A-1,A,True,130.05004872569
2024002215,E-V-Almussafes-002,39.295704,-0.412893,"Sant Miquel,3",Almussafes,Valencia/València,46440,2,22.0,884,AP-7N,AP,True,883.8545051268003
2024002219,E-V-Paterna-001,39.5475,-0.459495,"Benjamin Franklin (Fisico-Inventor),8",Paterna,Valencia/València,46980,8,22.0,126,A-7,A,True,993.3794320822312
2024002221,E-VA-Valladolid-008,41.666275,-4.727157,"Burgos,54",Valladolid,Valladolid,47009,2,150.0,83,A-62,A,True,1740.0133188737232
2024002243,E-A-Orihuela-009,37.910774,-0.740454,"Fuego,1",Orihuela,Alicante/Alacant,3300,4,7.3,1047,N-332,N,False,104.42002050735827
2024002247,CA-LaLineadelaConcepcion-001,36.17654,-5.34884,"Punto Ribot,1","Línea de la Concepción, La",Cádiz,11300,4,43.4,409,N-351,N,False,1679.2467978051177
2024002249,E-GR-Granada-004,37.19723,-3.63641,"Andalucia,N/A",Benalúa,Granada,18015,2,50.0,1156,N-432,N,False,1138.8582978532208
2024002251,E-MA-Marbella-004,36.65047,-4.48805,"Velazquez,468",Málaga,Málaga,29140,2,150.0,621,AP-7S,AP,True,572.1711861752598
2024002253,MU-Cartagena-017,37.61843,-0.9596,"Luxemburgo - Pl Industria,14",Cartagena,Murcia,30203,2,100.0,723,A-30,A,True,455.7578845025478
2024002254,E-MU-Cieza-003,38.2566,-1.4306,"Buho,36",Cieza,Murcia,30530,2,22.0,54,A-30,A,True,181.52826868234285
2024002281,E-CS-CastellonDeLaPlana-011,39.973717,-0.070658,"Lairon (Ciudad Del Transporte),60",Castelló de la Plana,Castellón/Castelló,12006,2,320.0,251,N-225,N,False,516.4556012499169
2024002289,E-M-Madrid-023,40.417263,-3.672876,"Maiquez,21",Madrid,Madrid,28009,4,7.3,45,A-3,A,False,1736.0965758408222
2024002293,E-V-Algemesi-002,39.21742,-0.418498,"Moliner ,30",Algemesí,Valencia/València,46680,2,22.0,884,AP-7N,AP,True,396.97280532780684
2024002297,E-VA-ValbuenaDeDuero-002,41.64033,-4.258888,"Renedo - Pesquera,350",Olivares de Duero,Valladolid,47359,2,22.0,918,N-122,N,False,1852.2245079193376
2024002298,E-V-Oliva-001,38.899868,-0.059757,"Dalí,4",Oliva,Valencia/València,46780,4,7.36,370,N-332,N,False,1107.5924388092228
2024002301,Z-Alagon-001,41.76583,-1.12663,"De La Torremata,3",Alagón,Zaragoza,50630,5,50.0,123,A-68,A,False,331.7653880919794
2024002315,SS-Oiartzun-004,43.31663,-1.86867,"Arkotz Kalea,2",Oiartzun,Gipuzkoa,20180,4,22.0,1287,AP-8,AP,True,198.0877345841399
2024002319,O-OVIEDO-031,43.37808,-5.79779,"Luis Suarez Ximielga,1",Oviedo,Asturias,33010,2,22.0,579,N-634,N,False,445.09405066909795
2024002322,LE-Leon-015,42.601757,-5.556878,"Jose Maria Suarez Gonzalez,0",León,León,24007,4,50.0,209,N-120,N,False,1473.1329021110923
2024002326,E-MU-Lorca-011,37.67559,-1.69929,"Abastos,15",Lorca,Murcia,30800,2,22.0,135,A-7,A,True,716.6093422271152
2024002327,E-MU-Murcia-003,37.990513,-1.134187,"Libertad,1",Murcia,Murcia,30009,4,7.4,723,A-30,A,True,873.545491868842
2024002331,E-V-Massamagrell-002,39.58301,-0.34901,"Serra,Prox. 210",Massamagrell,Valencia/València,46130,2,22.0,126,A-7,A,True,1903.7312344830434
2024002336,E-V-Valencia-031,39.47053,-0.40434,"Pintor Stolz,72",València,Valencia/València,46018,3,50.0,53,A-3,A,False,1154.7404867406374
2024002338,E-CR-Puertollano-002,38.690544,-4.109281,"San Gregorio.,63",Puertollano,Ciudad Real,13500,2,22.0,1107,N-420,N,False,335.9641766924926
2024002341,E-CS-CastellonDeLaPlana-016,39.97652,0.016649,"Ferrandis Salvador,2","Alcora, l'",Castellón/Castelló,12100,6,22.0,252,N-225,N,False,1057.484374536093
2024002342,E-CS-Benicassim-002,40.05671,0.073985,"Gran Avinguda Jaume I,10",Benicasim/Benicàssim,Castellón/Castelló,12560,4,22.0,389,N-340,N,True,570.1032837145415
2024002347,E-M-Madrid-115,40.37985,-3.695278,"Antonio Lopez,241",Madrid,Madrid,28041,4,22.0,740,A-4,A,False,607.2463202138406
2024002348,E-M-Madrid-118,40.373455,-3.774884,"Sinfonia,20",Madrid,Madrid,28054,6,22.0,61,A-5R,A,False,1422.214216032069
2024002349,E-M-Madrid-188,40.49764,-3.668857,"Quintanavides,7",Madrid,Madrid,28050,6,22.0,14,A-1,A,False,1109.3530634689248
2024002351,E-MU-Lorca-013,37.683025,-1.679954,"Fuerzas Armadas,1",Lorca,Murcia,30800,4,22.0,135,A-7,A,True,807.6944420475768
2024002352,E-MU-Murcia-024,37.936886,-1.163322,"Mayor,94",Murcia,Murcia,30120,4,22.0,723,A-30,A,True,875.7994668580906
2024002356,E-SE-Sevilla-023,37.404484,-5.958024,"Potasio,S/N",Sevilla,Sevilla,41007,4,22.0,747,A-4,A,True,858.2379376640968
2024002357,O-Aviles-002,43.55275,-5.93251,"Aviles,S/N",Avilés,Asturias,33402,3,50.0,1256,N-632,N,False,559.0139238305795
2024002364,E-V-Benifaio-004,39.28854,-0.422372,"Reyes Catolicos,18",Benifaió,Valencia/València,46450,4,22.0,884,AP-7N,AP,True,1683.3086894029686
2024002366,E-M-Madrid-094,40.44793,-3.64598,"Telémaco,3",Madrid,Madrid,28027,4,22.0,684,A-2,A,False,241.3502794916227
2024002367,E-M-SanSebastianDeLosReyes-004,40.54807,-3.634333,"Sierra,46",San Sebastián de los Reyes,Madrid,28701,4,22.0,15,A-1,A,True,1673.8468214741026
2024002369,M-Madrid-077,40.4457,-3.58166,"Campezo,7",Madrid,Madrid,28022,10,7.4,685,A-2,A,True,461.8476589769866
2024002372,E-MA-Mijas-001,36.537476,-4.643968,"Viejo De Coín,0",Mijas,Málaga,29651,4,22.0,646,A-7S,A,False,832.256548043044
2024002373,E-S-Santander-007,43.45054,-3.860393,"El Castro,24",Santander,Cantabria,39011,2,50.0,1202,N-611,N,False,14.001778830303705
2024002374,E-SG-Segovia-004,40.929794,-4.097928,"Jorge Manrique,4",Segovia,Segovia,40006,4,22.0,857,AP-61,AP,False,1112.9018424250403
2024002375,E-P-Palencia-004,41.98961,-4.519373,"Madrid,24",Palencia,Palencia,34005,8,22.0,113,A-67,A,True,1388.3800990704744
2024002382,E-M-Madrid-097,40.4347,-3.631598,"Julián Camarillo,13",Madrid,Madrid,28037,4,22.0,684,A-2,A,False,1581.3475783773474
2024002384,E-M-Madrid-119,40.391785,-3.735379,"Zaida,95",Madrid,Madrid,28019,8,22.0,761,A-42,A,False,1678.1701049821565
2024002388,E-TO-Sonseca-001,39.679665,-3.971777,"Europa,7",Sonseca,Toledo,45100,4,22.0,425,N-401A,N,False,744.5109807449751
2024002390,E-M-Madrid-186,40.36278,-3.765638,"Pinar De San Jose,1",Madrid,Madrid,28054,4,22.0,61,A-5R,A,False,1525.1926891951057
2024002391,E-CO-Cordoba-010,37.892735,-4.767186,"Del Marrubial,27",Córdoba,Córdoba,14007,2,22.0,746,A-4,A,True,1548.1818124163972
2024002393,E-MA-Malaga-011,36.722378,-4.364572,"Juan Sebastian Elcano,147",Málaga,Málaga,29017,4,22.0,642,A-7S,A,True,700.5106832785051
2024002397,E-CR-CiudadReal-002,39.00117,-3.928287,"Toledo,3",Ciudad Real,Ciudad Real,13005,6,22.0,421,N-401,N,False,53.257525167651025
2024002398,E-GI-Girona-004,41.96196,2.8114,"Barcelona,215",Girona,Girona,17003,4,22.0,953,N-2,N,False,1986.5667052555523
2024002401,E-M-Mostoles-003,40.33199,-3.85679,"Alcalde De Mostoles,2",Móstoles,Madrid,28932,4,22.0,785,A-5,A,True,1386.3502805280928
2024002402,E-M-Mostoles-006,40.306026,-3.926535,"Sauces,1",Móstoles,Madrid,28935,4,22.0,785,A-5,A,True,378.66532462322675
2024002403,E-M-Madrid-120,40.398838,-3.694341,"De Las Delicias,74",Madrid,Madrid,28045,2,22.0,740,A-4,A,False,1609.7300013568145
2024002404,E-CO-Cordoba-003,37.900654,-4.768967,"Profesor Arnold J. Toynbee,S/N",Córdoba,Córdoba,14007,4,22.0,1154,N-432,N,False,1607.4358451413493
2024002405,E-BI-Zamudio-008,43.292007,-2.890588,"Santimami Auzoa,4",Derio,Bizkaia,48170,6,7.4,564,N-633,N,True,564.2721850289112
2024002406,E-Z-Zaragoza-009,41.65572,-0.904963,"Navarra,36",Zaragoza,Zaragoza,50010,2,22.0,260,N-232,N,False,1536.0888097357135
2024002407,E-Z-Zaragoza-012,41.67312,-0.87109,"San Juan De La Peña,170",Zaragoza,Zaragoza,50015,4,22.0,693,A-2,A,True,731.8375491874943
2024002412,E-M-Madrid-105,40.460728,-3.800249,"Peñalara,15",Madrid,Madrid,28023,6,22.0,63,A-6,A,True,533.9409202397103
2024002414,SS-Olaberria-002,43.042206,-2.215967,"Karobi,10",Olaberria,Gipuzkoa,20212,5,50.0,656,A-1,A,True,81.25112007576749
2024002415,E-CO-Cordoba-002,37.899647,-4.736448,"Noruega,S/N",Córdoba,Córdoba,14014,4,22.0,746,A-4,A,True,590.9332473281751
2024002417,E-MA-Mijas-002,36.507057,-4.676989,"El Limonar,S/N",Mijas,Málaga,29649,4,22.0,646,A-7S,A,False,118.2340194151136
2024002419,E-SE-Sevilla-022,37.400627,-5.924524,"De Las Ciencias,S/N",Sevilla,Sevilla,41020,6,22.0,747,A-4,A,True,1584.5525098369694
2024002422,E-VA-Valladolid-013,41.63261,-4.726406,"Arca Real,46",Valladolid,Valladolid,47013,12,22.0,1189,N-601,N,False,1655.2439397703465
2024002426,E-V-Oliva-002,38.918655,-0.113484,"Gregorio Mayans Y Ciscar,24",Oliva,Valencia/València,46780,6,22.0,370,N-332,N,False,325.8722486197055
2024002427,E-V-Sagunto-004,39.685776,-0.283116,"Roll De Xiverri,111",Petrés,Valencia/València,46500,4,22.0,882,AP-7N,AP,True,547.4172029712373
2024002428,E-M-Mostoles-005,40.329983,-3.883224,"Olimpica,25",Móstoles,Madrid,28935,6,22.0,785,A-5,A,True,439.6347745919074
2024002429,E-M-Madrid-096,40.40455,-3.670371,"Adelfas,38",Madrid,Madrid,28007,2,22.0,45,A-3,A,False,985.8430044676948
2024002430,E-M-Madrid-112,40.382896,-3.626017,"Democracia,3",Madrid,Madrid,28031,4,22.0,46,A-3,A,True,933.5357768169825
2024002432,E-M-Madrid-100,40.434254,-3.642204,"Francisco Madariaga,3",Madrid,Madrid,28017,2,22.0,684,A-2,A,False,1627.7635904975566
2024002433,CA-Algeciras-005,36.155197,-5.45548,"Alamo,N/A",Algeciras,Cádiz,11205,3,50.0,9,A-7S,A,True,64.58759032436495
2024002434,E-GR-Motril-002,36.7424,-3.5119,"Almeria,1",Motril,Granada,18600,2,150.0,1062,N-340,N,False,1181.6651963856712
2024002436,E-SE-Sevilla-024,37.378624,-5.945368,"La Revoltosa,0",Sevilla,Sevilla,41006,4,22.0,827,A-92,A,True,954.5832822482081
2024002437,E-Z-Zaragoza-011,41.660934,-0.887957,"Jose Atares,1",Zaragoza,Zaragoza,50018,4,22.0,355,N-330,N,False,1390.8437603595978
2024002443,E-V-Gandia-009,38.96711,-0.193337,"Germanies,95",Gandia,Valencia/València,46702,4,22.0,370,N-332,N,False,615.4357808312714
2024002446,E-PO-Vigo-009,42.23251,-8.733106,"Jacinto Benavente,15",Vigo,Pontevedra,36202,2,22.0,810,A-55,A,True,1213.2938665502281
2024002447,E-M-Madrid-101,40.38951,-3.700371,"Antonio Lopez,115",Madrid,Madrid,28026,2,22.0,761,A-42,A,False,1297.659787577526
2024002453,E-SE-Sevilla-030,37.374706,-5.918041,"Parsi,21",Sevilla,Sevilla,41016,6,22.0,827,A-92,A,True,1219.2250783649376
2024002454,E-Z-Zaragoza-008,41.647743,-0.864655,"Doctor Iranzo,61",Zaragoza,Zaragoza,50002,2,22.0,120,A-68,A,False,1733.332373936497
2024002457,E-VA-Valladolid-010,41.66616,-4.729794,"Burgos,23",Valladolid,Valladolid,47009,4,22.0,83,A-62,A,True,1610.8958803772616
2024002467,E-M-Madrid-084,40.364597,-3.687418,"Los Rosales,26",Madrid,Madrid,28041,6,22.0,740,A-4,A,False,776.0589607155367
2024002469,E-M-Madrid-081,40.40385,-3.6856,"Estacion Atocha,0",Madrid,Madrid,28007,1,17.5,740,A-4,A,False,1610.1253094216047
2024002470,E-M-Madrid-113,40.412216,-3.659198,"Manuel Machado,10",Madrid,Madrid,28030,2,22.0,45,A-3,A,False,706.6349207261966
2024002471,E-M-AlcalaDeHenares-007,40.480957,-3.378087,"Rusia,N/A",Alcalá de Henares,Madrid,28802,4,22.0,685,A-2,A,True,1545.498251603461
2024003416,O-Llanes-006,43.438095,-4.871545,"Monasterio De San Antolin,7",Llanes,Asturias,33594,5,50.0,157,A-8,A,True,2.2432756063326886
2024003418,HU-Boltaña-001,42.434525,0.086841,"Nacional 260 Est Serv,441",Boltaña,Huesca,22349,5,50.0,305,N-260,N,False,69.95517547101944
2024003428,CR-CiudadReal-004,38.97441,-3.931848,"Villarrubia De Los Ojos,18",Ciudad Real,Ciudad Real,13005,4,50.0,1117,N-420A,N,False,517.561392333427
2024003439,M-Getafe-003,40.27161,-3.696984,"Rio Guadalquivir,13",Getafe,Madrid,28906,5,50.0,741,A-4,A,True,527.8083330556808
2024003441,O-OVIEDO-027,43.3637,-5.875103,"Jose Maria Martinez Cachero,31",Oviedo,Asturias,33013,2,22.0,1218,N-630,N,False,1788.6463738422308
2024003453,BI-Zamudio-001,43.294605,-2.870885,"Kurribilanda,4",Derio,Bizkaia,48160,5,50.0,564,N-633,N,True,881.9056080802918
2024003542,O-Carreño-001,43.54904,-5.834445,"De Tabaza,N/A",Carreño,Asturias,33439,3,50.0,816,A-8,A,True,956.2792735888281
2024003836,O-OVIEDO-040,43.36757,-5.83239,"Joaquin Blume,1",Oviedo,Asturias,33010,2,22.0,96,A-66,A,True,1013.0366341267577
2024003837,J-Andujar-006,38.038315,-4.048308,"Hornos,60",Andújar,Jaén,23740,3,50.0,746,A-4,A,True,769.1249929440168
2024003847,MA-Fuengirola-006,36.556934,-4.629542,"Ctra A-387,N/A",Mijas,Málaga,29651,3,50.0,646,A-7S,A,False,658.9524504986358
2024003850,T-Gavarres-003,41.13034,1.19952,"Les Gavarres,8",Tarragona,Tarragona,43006,4,50.0,137,A-7,A,False,301.5714291608082
2024003851,TE-Alcañiz-006,41.04601,-0.12917,"Andres Vives,N/A",Alcañiz,Teruel,44600,5,50.0,280,N-232A,N,False,197.2075020270719
2024003856,O-OVIEDO-054,43.3642,-5.8533,"Avenida De Pedro Masaveu,41",Oviedo,Asturias,33004,2,22.0,1218,N-630,N,False,926.5960712549575
2024003862,GR-Loja-003,37.16334,-4.13142,"Andalucia,71",Huétor Tájar,Granada,18300,5,50.0,830,A-92,A,True,390.8796250427248
2024003863,ZA-ZAMORA-001,41.52189,-5.720748,"Valladolid,1",Zamora,Zamora,49022,6,50.0,921,N-122,N,False,363.6468469435646
2024003867,CA-Chiclana-004,36.42932,-6.144811,"Marquesado (Del),2",Chiclana de la Frontera,Cádiz,11130,2,50.0,777,A-48,A,False,1662.858688917269
2024003883,E-C-Naron-003,43.515087,-8.186657,"Cedeira,296",Narón,"Coruña, A",15570,8,22.0,592,N-655,N,False,513.1469407554483
2024004714,AL-Aguadulce-001,36.818264,-2.5976,"Eduardo Chillida,4",Roquetas de Mar,Almería,4720,5,50.0,635,A-7S,A,True,201.34303545221903
2024004704,E-C-Naron-001,43.520977,-8.187165,"As Lagoas,1",Narón,"Coruña, A",15570,2,22.0,592,N-655,N,False,779.3719775638293
2024004733,A-Torrevieja-003,37.948753,-0.715238,"Escorpiones (Urb. Punta Marina - La Ceñuela),2",Torrevieja,Alicante/Alacant,3185,3,50.0,1047,N-332,N,False,100.75519573589608
2024004738,CA-JerezdelaFrontera-002,36.69391,-6.153907,"Área Sur,S/N",Jerez de la Frontera,Cádiz,11408,6,50.0,754,A-4,A,True,1346.3340300843856
2024004746,A-Almoradi-001,38.116444,-0.787877,"Principe De España,13",Algorfa,Alicante/Alacant,3169,3,50.0,887,AP-7N,AP,False,854.0875887489099
2024004749,M-VALDEMORO-003,40.164043,-3.665241,"Miguel Servet,21",Valdemoro,Madrid,28341,3,50.0,741,A-4,A,True,182.85554967199772
2024004752,M-Alcorcon-018,40.34238,-3.85069,"Europa,14",Alcorcón,Madrid,28922,8,22.0,784,A-5,A,True,741.043160678573
2024004754,O-Gijon-010,43.525787,-5.665845,"Gaspar García Laviana,25",Gijón,Asturias,33209,6,50.0,1279,N-641,N,True,895.0455490179239
2024004755,V-Paterna-007,39.549488,-0.456909,"Charles Robert Darwin,2",Bétera,Valencia/València,46117,3,50.0,126,A-7,A,True,1005.6323077669906
2024004756,SA-CarbajosadelaSagrada-001,40.943394,-5.655176,"Newton Montalvo I,15",Arapiles,Salamanca,37188,3,50.0,798,A-50,A,True,786.9136727303181
2024004757,LU-Mondoñedo-001,43.42798,-7.369983,"Campo Dos Paxariños,N/A",Mondoñedo,Lugo,27740,5,50.0,587,N-634,N,True,321.3455258800055
2024004769,E-B-Barcelona-025,41.33536,2.04751,"Del Prat,3",Sant Boi de Llobregat,Barcelona,8830,2,320.0,701,A-2,A,True,1980.5522101581284
2024004774,BI-Arrigorriaga-001,43.202206,-2.897133,"Aixarte,8",Arrigorriaga,Bizkaia,48480,2,50.0,859,AP-68,AP,True,304.36596002543456
2024004781,M-SANSEBASTIANDELOSREYES-004,40.559254,-3.622623,"Tenerife,10",San Sebastián de los Reyes,Madrid,28703,3,50.0,232,N-1A,N,False,1206.4870113009647
2024004782,O-Luarca-001,43.530006,-6.557352,"N-634,1",Valdés,Asturias,33791,6,50.0,582,N-634,N,False,42.10327562246677
2024004790,ZA-Montamarta-001,41.64978,-5.806289,"Sol,4",Montamarta,Zamora,49149,2,7.4,1224,N-630,N,False,231.47055103942068
2024004793,NA-Tudela-004,42.05925,-1.630778,"Vial Rio Colmar,6",Tudela,Navarra,31500,8,22.0,118,A-68,A,False,91.58639819169265
2024004805,O-OVIEDO-021,43.3679,-5.8423,"Doctor Melquiades Cabal,1",Oviedo,Asturias,33011,2,22.0,96,A-66,A,True,1594.2839457720113
2024004813,NA-Pamplona-023,42.812813,-1.702928,"F2 Pr Polígono Landaben,0",Iza/Itza,Navarra,31170,4,22.0,675,A-15,A,True,893.8697066475244
2024004853,LU-LUGO-016,42.995438,-7.542187,"Pablo Iglesias,S/N",Lugo,Lugo,27002,4,50.0,537,N-6,N,False,590.9241471023897
2024004858,M-Madrid-157,40.39742,-3.620221,"Jose Prat,27",Madrid,Madrid,28032,5,100.0,46,A-3,A,True,751.4742227353711
2024004868,BI-Trapaga-001,43.30433,-3.03656,"Primero De Mayo,8",Valle de Trápaga-Trapagaran,Bizkaia,48510,5,50.0,1292,AP-8,AP,True,804.4636506083705
2024004706,E-C-SantiagoDeCompostela-001,42.9027,-8.51953,"Cruceiro Da Coruña,238",Santiago de Compostela,"Coruña, A",15703,2,22.0,507,N-550,N,False,874.6654775503546
2024006641,CR-CiudadReal-008,38.97742,-3.922175,"Tablas De Daimiel,1",Ciudad Real,Ciudad Real,13004,2,7.4,1133,N-430,N,False,506.3978861793646
2024006783,CA-JerezdelaFrontera-027,36.71029,-6.12509,"Agricultura,1",Jerez de la Frontera,Cádiz,11407,6,50.0,754,A-4,A,True,644.9893235770708
2024006848,M-Getafe-012,40.316437,-3.742917,"Glaser,4",Getafe,Madrid,28907,3,50.0,761,A-42,A,False,495.06571111097344
2024007498,M-Madrid-154,40.3968,-3.673064,"Luis Peidro,11",Madrid,Madrid,28007,5,100.0,740,A-4,A,False,890.2898833714264
2025000164,M-Madrid-149,40.43878,-3.654174,"Esteban Mora,43",Madrid,Madrid,28027,5,100.0,684,A-2,A,False,1469.295946326909
ZYEIZFAXYXEZRGQH9ZLK,M-Madrid-153,40.4005,-3.634459,"Hacienda De Pavones,231",Madrid,Madrid,28030,5,100.0,45,A-3,A,False,746.9024178905914
2024000892,E-TO-Madridejos-001,39.4658,-3.522898,"Antigua Carretera Madrid Cadiz,2",Borox,Toledo,45710,4,22.0,743,A-4,A,True,488.1515773249555
3I2SQL4DTXUZQWVREHQF,Aparcamiento Av. José Tartiere,43.402206,-5.8109207,Av . Jose Tartiere S/N,Siero,Asturias,33420,2,22.0,95,A-66,A,True,976.1044015801377
NDPZY9RC8DOG4GJ3M2BZ,Auditorio,43.39196,-5.6567564,"Calle Belarmino Garcia Roza, 4",Siero,Asturias,33510,3,150.0,93,A-64,A,True,742.5796481353191
SAYRRN9X9M7045GO1UR9,Elx_Orihuela_6,38.067383,-0.9810555,Carretera de Beniel,Orihuela,Alicante/Alacant,3312,2,22.0,1065,N-340,N,False,1389.6974341727826
2023002452,22XP22T3KKJAK00963,37.43946,-5.885547,"Polígono Industrial Los Espartales, A4, Km","Rinconada, La",Sevilla,41300,2,22.0,747,A-4,A,True,590.3931113969577
2023002453,HYC21BZ1388A,37.67348,-4.559241,Restaurante Alcazaba - Carretera,Espejo,Córdoba,14830,2,150.0,1155,N-432,N,False,91.2213462348749
2023002773,C6E06BCC21VJJGHAMC,40.343353,-3.809607,"B&B Hotel Madrid Alcorcon - C. Industrias,",Alcorcón,Madrid,28923,2,60.0,784,A-5,A,True,1681.869069545396
2023002778,61942049840013,42.786163,-1.624516,"Pol. Ind. Mutilva Baja, Calle A, 31,",Aranguren,Navarra,31192,3,50.0,675,A-15,A,True,965.5169705539512
2023002779,20XM32T8KK3AR00087,42.34131,-4.6172,Eess El Resiste -  34120 Carrión De Los,Carrión de los Condes,Palencia,34120,3,50.0,208,N-120,N,False,255.45027224847206
2023002781,61949051030001,39.146114,-5.901545,"Km, Ctra. De Don Benito, 1, 10100 Accesible,",Mesas de Ibor,Cáceres,10100,2,22.0,1180,N-5,N,False,1557.0530080130482
2023002782,62205058050005,41.75521,-0.83822,"C. Albert Einstein, 21, 50830 Villanueva De",Villanueva de Gállego,Zaragoza,50830,3,50.0,30,A-23,A,True,133.3250271757265
2023002785,61908006060001,43.041943,-7.55268,Concesionario Audi Lugo - Calle Ramón Mª,Lugo,Lugo,27003,2,50.0,1271,N-640,N,False,859.563785891619
2023002787,62121015980006,42.997692,-7.545415,"Av. De Madrid, 21, 27002 Lugo, Spain",Lugo,Lugo,27002,3,50.0,537,N-6,N,False,884.422187153567
2023002788,SN2108280312,40.440674,-3.53759,"P.º De Las Flores, 48, 28823 Coslada,",Coslada,Madrid,28823,1,31.5,685,A-2,A,True,693.045721480957
2023002789,62121015980007,42.997723,-7.545445,"Av. De Madrid, 21, 27002 Lugo, Spain",Lugo,Lugo,27002,3,50.0,537,N-6,N,False,888.2561822152572
2023002792,62009007340011,39.468273,-6.389936,"Cc Ruta De La Plata - C. Londres, 1, 10005",Cáceres,Cáceres,10005,2,22.0,1235,N-630,N,False,96.65916940854902
2023002793,62009007340001,39.468273,-6.389936,"Cc Ruta De La Plata - C. Londres, 1, 10005",Cáceres,Cáceres,10005,2,22.0,1235,N-630,N,False,96.65916940854902
2023002796,62106004700005,38.081707,-0.937232,"Bp - C/ Obispo Rocamora, 03300 Orihuela,",Orihuela,Alicante/Alacant,3300,3,50.0,1065,N-340,N,False,1881.098075863923
2023002797,C6E06BCC21ADCHWAYB,41.45562,1.999187,"Carrer Santa Rita, 4, 08755 Castellbisbal,",Castellbisbal,Barcelona,8755,2,60.0,875,AP-7N,AP,True,281.66693402727185
2023002798,C6E06BCC21TNNUUUWH,40.309612,-3.48133,"B&B Hotel Madrid Arganda - Av. De Madrid,",Arganda del Rey,Madrid,28500,2,60.0,46,A-3,A,True,763.8430357181626
2023002799,21XP22T3KK4AM00310,40.309643,-3.48136,"B&B Hotel Madrid Arganda - Av. De Madrid,",Arganda del Rey,Madrid,28500,2,22.0,46,A-3,A,True,763.7398328303435
2023002800,21XP22T3KK4AL00163,40.309673,-3.48139,"Av. De Madrid, 105, 28500 Arganda Del Rey,",Arganda del Rey,Madrid,28500,2,22.0,46,A-3,A,True,763.5727251065756
2023002804,20XM32T8KK4AR00081,40.967896,-4.094488,"N-110, 5A, Polígono Sector 16, 40196 Santa","Lastrilla, La",Segovia,40196,3,50.0,180,N-110,N,False,730.2525637359977
2023002808,20XM32T7KK4AR00225,38.272427,-0.668755,"Mcdonalds - Poligono Industrial D'altabix,",Elche/Elx,Alicante/Alacant,3203,3,50.0,1071,N-340,N,False,55.575726930177254
2023002809,20XM32T7KK4AR00227,38.272427,-0.668756,"Mcdonalds - Poligono Industrial D'altabix,",Elche/Elx,Alicante/Alacant,3203,3,50.0,1071,N-340,N,False,55.54880400872687
2023002810,20XM32T8KK4AR00103,40.440674,-3.53759,"P.º De Las Flores, 48, 28823 Coslada,",Coslada,Madrid,28823,3,50.0,685,A-2,A,True,693.045721480957
2023002811,62104044710016,41.67503,-4.723978,"Av De Burgos, 51, 47009 Valladolid, Spain",Valladolid,Valladolid,47009,3,50.0,83,A-62,A,True,1129.0352026794744
2023002812,62104044710015,41.67503,-4.723948,"Av De Burgos, 51, 47009 Valladolid, Spain",Valladolid,Valladolid,47009,3,50.0,83,A-62,A,True,1130.5051862811292
2023002813,62022014300014,42.337723,-7.861659,Parking Las Mercedes - Rúa Arturo Pérez,Ourense,Ourense,32005,2,22.0,219,N-120,N,False,824.1000644896012
2023002814,62048041880013,37.903023,-6.2208,"C. Marina Española, 21260 Santa Olalla Del",Santa Olalla del Cala,Huelva,21260,3,50.0,1240,N-630,N,False,45.817449414162326
2023002815,62022014300020,42.337723,-7.861659,"Rúa Arturo Pérez Serantes, 4, 32005 Ourense,",Ourense,Ourense,32005,2,22.0,219,N-120,N,False,824.1000644896012
2023002822,C6E15BCC22JADANLPN,41.13176,1.2048,"Parque Comercial Las, C/ De Joan Amades I",Tarragona,Tarragona,43006,2,150.0,137,A-7,A,False,104.20547934642778
2023002825,21XP22T3KKJAK00542,40.4881,-3.668296,"Av. De Manoteras, 20, 28050 Madrid, Spain",Madrid,Madrid,28050,2,22.0,14,A-1,A,False,1929.3103662023157
2023002826,21XP22T3KKJAK00545,40.48813,-3.668326,"Av. De Manoteras, 20, 28050 Madrid, Spain",Madrid,Madrid,28050,2,22.0,14,A-1,A,False,1927.3910070651898
2023002827,62020013930025,40.631195,-4.007132,"Calle Batalla De Bailén, 28400 Villalba,",Collado Villalba,Madrid,28400,2,22.0,853,AP-6,AP,False,444.5513984204285
2023002828,62020013930003,40.631237,-4.007162,"Calle Batalla De Bailén, 28400 Villalba,",Collado Villalba,Madrid,28400,2,22.0,853,AP-6,AP,False,439.9338863817418
2023002829,20XP22T3KK4AL00849,39.781944,-0.184096,"C. Primero De Mayo, 3, 12592 Chilches,",Chilches/Xilxes,Castellón/Castelló,12592,2,22.0,882,AP-7N,AP,True,248.60085208030458
2023002838,61949051030006,40.60361,-6.820339,"Av. Europa, 45, 37480 Fuentes De Oñoro,",Fuentes de Oñoro,Salamanca,37480,2,22.0,90,A-62,A,True,600.8713053942037
2023002840,61949051030030,40.60361,-6.820339,"Av. Europa, 45, 37480 Fuentes De Oñoro,",Fuentes de Oñoro,Salamanca,37480,2,22.0,90,A-62,A,True,600.8713053942037
2023002841,61949051030036,39.46057,-5.8697,"Av. Madrid, 52, 10200 Trujillo, Cáceres,",Torrequemada,Cáceres,10200,2,22.0,789,A-5,A,True,707.2698940086216
2023002842,62048041880012,39.46056,-5.86973,"Av. Madrid, 52, 10200 Trujillo, Cáceres,",Torrequemada,Cáceres,10200,3,50.0,789,A-5,A,True,708.7049334328539
2023002844,21XP22T3KKJAK00547,38.672977,-4.151249,"Polígono Industrial La Nava, Calle Ucrania,",Puertollano,Ciudad Real,13500,2,22.0,1107,N-420,N,False,103.3291525129522
2023002846,20XM32T8KK4AR00093,38.53256,-1.694384,"Carretra Sierra S/N, 02400 Hellín, Albacete",Hellín,Albacete,2400,3,50.0,325,N-301,N,False,510.8310987465705
2023002847,22XP22T3KKJAK00125,37.085808,-3.64908,"Hotel Boabdill - Carr. Bailén-Motril, S/N,",Alhendín,Granada,18630,2,22.0,342,N-323A,N,False,192.4823866448607
2023002848,62225021770004,38.35731,-2.79867,Ayuntamiento De Puente De Génave - Av.,Puente de Génave,Jaén,23350,3,50.0,1001,N-322,N,False,486.4004427788549
2023002849,22XP22T3KK4AK00083,42.43797,-2.447897,"C. Hermanos Maristas, S/N, 26140 Lardero, La",Lardero,"Rioja, La",26140,2,22.0,864,AP-68,AP,True,524.1472471875092
2023002850,62216014960010,36.835438,-2.461763,"Parking C. Hermanos Machado, S/N, 04004",Almería,Almería,4004,2,22.0,1077,N-340A,N,True,1558.8019208953012
2023002854,12113010520007,41.981342,2.8206,"Pl. De L'hospital, 17001 Girona, Spain",Girona,Girona,17002,1,22.0,953,N-2,N,False,1982.5628852903506
2023002855,20XM32T7KK3AR00112,37.24739,-7.19851,"Pol. Ind. El Prado, C. Estibadores, 38,",Lepe,Huelva,21440,3,50.0,1150,N-431,N,False,1847.7167165602423
2023002856,21XM32T7KK3AR00053,42.040314,-3.752322,"N-I, Km, 203, 09340 Lerma, Burgos, Spain",Madrigalejo del Monte,Burgos,9390,3,50.0,19,A-1,A,True,26.070862792917385
2023002857,61947052800012,40.60282,-6.818524,"Av. Europa, 47, 37480 Fuentes De Oñoro,",Fuentes de Oñoro,Salamanca,37480,3,50.0,90,A-62,A,True,465.88481687848537
2023002858,62108004710011,40.35432,-3.70531,"C/ De Eduardo Barreiros, 120, 28041 Madrid,",Madrid,Madrid,28041,3,50.0,761,A-42,A,False,1429.5593787135058
2023002861,62130031400002,37.65749,-1.706791,"Mcdonalds - Poligono Los Peñotes, C. Antonio",Lorca,Murcia,30800,3,50.0,135,A-7,A,True,848.2488163543427
2023002862,C6E06BCC21XYNWSVTH,38.192062,-1.334464,"Pol. Ind. San Roque, Parcela 2-3, 30540,",Blanca,Murcia,30540,2,60.0,328,N-301,N,False,155.89045203545913
2023002863,21XP22T3KKJAK00610,38.279377,-0.719718,"Carrer Almansa, 62, 03206 Carrus, Alicante,",Elche/Elx,Alicante/Alacant,3206,2,22.0,133,A-7,A,True,694.610462445727
2023002864,21XP22T3KKJAK00584,37.644176,-4.695302,"Ctra. La Estacion, 12, 14530 Montemayor,",Montemayor,Córdoba,14530,2,22.0,1037,N-331,N,False,608.1102346181435
2023002868,C6E06BCC21FHAFJDFG,42.26654,2.997957,"Poligon Vilatenim Sud Al Lado Del Decathlon,",Figueres,Girona,17484,2,60.0,954,N-2,N,False,789.0266659877384
2023002869,21XM32T7KK3AR00047,42.585518,-5.583759,"Av. De Antibióticos, 41, 24009 León, Spain",León,León,24009,3,50.0,210,N-120,N,True,31.691642262043803
2023002870,21XP22T3KK4AM00268,42.26657,2.997959,"Poligon Vilatenim Sud Al Lado Del Decathlon,",Figueres,Girona,17484,2,22.0,954,N-2,N,False,789.1150212536431
2023002873,22XP22T3KKJAK00121,37.925247,-6.71536,"C. Abajo, 1, 21291 Galaroza, Huelva, Spain",Galaroza,Huelva,21291,2,22.0,458,N-433,N,True,4.080662494733398
2023002874,C9LQ2A2105BKRXAUKJ,38.687286,-3.438042,"A-4, 210, 13730 Santa Cruz De Mudela, Ciudad",Valdepeñas,Ciudad Real,13300,2,350.0,745,A-4,A,True,155.53256440341596
2023002875,C9LQ2A2105XYJKWDMT,38.687347,-3.438102,"A-4, 210, 13730 Santa Cruz De Mudela, Ciudad",Valdepeñas,Ciudad Real,13300,2,350.0,745,A-4,A,True,163.46643343199423
2023002876,61936038490015,43.534904,-5.689936,"Av. De Los Campones, 12, 33211 Gijón,",Gijón,Asturias,33211,2,22.0,1278,N-641,N,True,137.55118592320446
2023002877,C9LQ2A2105CYSPQYMD,38.687317,-3.438072,"A-4, 210, 13730 Santa Cruz De Mudela, Ciudad",Valdepeñas,Ciudad Real,13300,2,350.0,745,A-4,A,True,159.5276901776827
2023002878,20XM32T7KK4AR00222,41.5404,1.888337,"Avenida Sedó, 1, 08640 Olesa De Montserrat,",Olesa de Montserrat,Barcelona,8640,3,50.0,699,A-2,A,True,1464.7666976086753
2023002879,20XM32T7KK4AR00224,41.540417,1.888267,"Avenida Sedó, 1, 08640 Olesa De Montserrat,",Olesa de Montserrat,Barcelona,8640,3,50.0,699,A-2,A,True,1462.6856836174468
2023002880,20XM32T7KK4AR00198,42.040283,-3.752292,"N-I, Km, 203, 09340 Lerma, Burgos, Spain",Madrigalejo del Monte,Burgos,9390,3,50.0,19,A-1,A,True,30.09070741597055
2023002881,C6E06BCC21GUBDKWCL,37.1872,-2.958882,"A-92 - Salida 321, S/N, 18512 Huéneja,",Dílar,Granada,18512,2,60.0,832,A-92,A,True,60.00814761317038
2023002882,C6E06BCC21YQVSRUBL,37.1872,-2.958882,"A-92 - Salida 321, S/N, 18512 Huéneja,",Dílar,Granada,18512,2,60.0,832,A-92,A,True,60.00814761317038
2023002884,C9LQ2A2112GHTLRTBF,38.687286,-3.438042,"A-4, 210, 13730 Santa Cruz De Mudela, Ciudad",Valdepeñas,Ciudad Real,13300,2,350.0,745,A-4,A,True,155.53256440341596
2023002886,20XM32T8KK4AR00009,38.02212,-4.05365,"23747 La Ropera, Jaén, Spain",Andújar,Jaén,23747,3,50.0,746,A-4,A,True,931.4944514971496
2023002887,20XM32T7KK4AR00192,41.326294,1.616683,"Carrer Mediterrani, 08732, Barcelona, Spain",Castellet i la Gornal,Barcelona,8732,3,50.0,877,AP-7N,AP,True,1785.259960274243
2023002892,21XM32T7KK3AR00031,42.35486,-3.662454,"Mcdonalds - C. Juan Ramón Jiménez, 1, 09007",Burgos,Burgos,9007,3,50.0,170,N-1,N,False,1018.079069567367
2023002896,22XP22T3KKJAK00096,36.81168,-2.569452,"P.º De Los Robles, 22, 04720 Aguadulce,",Roquetas de Mar,Almería,4720,2,22.0,635,A-7S,A,True,1036.8884875092745
2023002897,62115011370005,36.831802,-2.461281,"Parking Almadrabillas - C. Ángel Jover, 2,",Almería,Almería,4007,2,22.0,1077,N-340A,N,True,1697.494801547808
2023002903,22XP22T3KKJAK00088,37.838352,-0.789358,"C. Manuel Segura Tárraga, 30740 San Pedro",San Pedro del Pinatar,Murcia,30740,2,22.0,887,AP-7N,AP,False,804.7961593667234
2023002909,62008004490006,36.62541,-4.498217,"Calle Los Naranjos, 3",Antequera,Málaga,29620,1,7.4,621,AP-7S,AP,True,1405.791829188522
2023002910,62009007340006,36.74238,-4.09346,Calle Azucena,Vélez-Málaga,Málaga,29740,2,22.0,642,A-7S,A,True,1588.2733679325756
2023002911,62009007340026,40.332035,-3.714219,"Low Cost Repost - Avenida Real De Pinto, 156",Madrid,Madrid,28021,2,10.53,761,A-42,A,False,923.6711919152223
2023002913,20XM32T8KK4AR00054,39.006577,-1.885834,Eess A Y A - Avenida Escritor Rodrigo Rubio,Albacete,Albacete,2005,3,50.0,1003,N-322,N,True,134.8978650557562
2023002921,20XM32T7KK4AR00229,41.57993,1.604189,"Ronda Anoia, 13, 08710 Santa Margarida De",Santa Margarida de Montbui,Barcelona,8710,3,50.0,699,A-2,A,True,1299.592938720285
2023002922,21XP22T3KK4AM00001,41.670433,-0.890016,"Calle Zambrano, Maria, 35, 50018 Zaragoza,",Zaragoza,Zaragoza,50018,2,22.0,355,N-330,N,False,823.336843436324
2023002923,C6E06BCC21KNTXNTWH,36.88415,-2.419655,"C. Sierra De Cazorla, 33, 04240 Viator,",Viator,Almería,4240,2,60.0,833,A-92,A,False,499.83259617396754
2023002924,62118016990003,40.42113,-3.670561,Parking Saba Hospital Gregorio Marañón -,Madrid,Madrid,28009,2,11.0,45,A-3,A,False,1964.0304461592186
2023002925,62118016990004,40.42113,-3.670561,Parking Saba Hospital Gregorio Marañón -,Madrid,Madrid,28009,2,11.0,45,A-3,A,False,1964.0304461592186
2023002929,21XP22T3KKJAK00576,38.129105,-4.900421,Ayuntamiento De Villaharta - Calle De La,Espiel,Córdoba,14210,2,22.0,1154,N-432,N,False,346.80433093667153
2023002945,C6E06BCC21GYGCMRAL,41.617264,2.346419,"Mcdonalds - Polígon Can Massaguer Nord,","Roca del Vallès, La",Barcelona,8430,2,60.0,873,AP-7N,AP,True,388.9893563655188
2023002949,C6E06BCC21CNWFFFLX,41.140713,1.366203,"Carrer Del Migdia, 12, 43893 Altafulla,",Altafulla,Tarragona,43893,2,60.0,1094,N-340A,N,False,472.2923593131397
2023002950,62103041270013,36.809643,-2.597878,"C. Garcilaso De La Vega, 25, 04720 El",Roquetas de Mar,Almería,4720,3,50.0,635,A-7S,A,True,870.7244358478504
2023002954,62103041270011,36.809643,-2.597878,"C. Garcilaso De La Vega, 25, 04720 El",Roquetas de Mar,Almería,4720,3,50.0,635,A-7S,A,True,870.7244358478504
2023002955,C6E06BCC21EPCQFUCU,41.14364,0.81932,"C. De Miquel Barceló, 25, 43730 Falset,",Falset,Tarragona,43730,2,60.0,1112,N-420,N,False,552.3849605127508
2023002956,C6E06BCC21AUDFNKSE,41.14367,0.81935,"C. De Miquel Barceló, 25, 43730 Falset,",Falset,Tarragona,43730,2,60.0,1112,N-420,N,False,555.3774275909877
2023002957,62051045630017,43.358818,-5.838506,"Rda. Sur, S/N, 33008 Oviedo, Asturias, Spain",Oviedo,Asturias,33008,1,22.0,96,A-66,A,True,859.0182126786991
2023002958,62216014960001,36.835407,-2.461733,"C. Hermanos Machado, S/N, 04004 Almería,",Almería,Almería,4004,2,22.0,1077,N-340A,N,True,1561.8813138234927
2023002959,62051045630016,43.358795,-5.838476,"Rda. Sur, S/N, 33008 Oviedo, Asturias, Spain",Oviedo,Asturias,33008,1,22.0,96,A-66,A,True,856.0461094437437
2023002960,HYC22BZ2906A,40.440674,-3.53759,"P.º De Las Flores, 48, 28823 Coslada,",Coslada,Madrid,28823,1,150.0,685,A-2,A,True,693.045721480957
2023002961,21XP22T3KKJAK00515,36.694424,-6.158012,"Rda. Aurora Boreal, 11408 Jerez De La",Jerez de la Frontera,Cádiz,11408,2,22.0,754,A-4,A,True,981.0810406329384
2023002962,62051045630008,43.35877,-5.838446,"Rda. Sur, S/N, 33008 Oviedo, Asturias, Spain",Oviedo,Asturias,33008,1,22.0,96,A-66,A,True,853.0259680824402
2023002964,62051045630018,43.35885,-5.838536,"Rda. Sur, S/N, 33008 Oviedo, Asturias, Spain",Oviedo,Asturias,33008,1,22.0,96,A-66,A,True,862.2368833786194
2023002965,21XP22T3KKJAK00429,36.69381,-6.15996,"Rda. Aurora Boreal, 11408 Jerez De La",Jerez de la Frontera,Cádiz,11408,2,22.0,754,A-4,A,True,835.6540727402629
2023002966,21XP22T3KKJAK00430,36.694424,-6.158013,"Rda. Aurora Boreal, 11408 Jerez De La",Jerez de la Frontera,Cádiz,11408,2,22.0,754,A-4,A,True,980.9967667353133
2023002967,C6E15BCC21XUUATCSR,36.69442,-6.158011,"Rda. Aurora Boreal, 11408 Jerez De La",Jerez de la Frontera,Cádiz,11408,2,150.0,754,A-4,A,True,981.3138644989451
2023002968,C6E15BCC21WQGUFSPS,36.69442,-6.158011,"Rda. Aurora Boreal, 11408 Jerez De La",Jerez de la Frontera,Cádiz,11408,2,150.0,754,A-4,A,True,981.3138644989451
2023002971,20XM32T8KK4AR00015,43.487812,-8.204868,"Autogándara - Av. Nicasio Pérez, 17, 15404",Ferrol,"Coruña, A",15406,3,50.0,167,AP-9F,AP,True,1404.4691095907633
2023002979,22XP22T3KKJAK00072,36.48484,-4.97775,"Av. José Luis Carrillo, S/N, 29670 San Pedro",Marbella,Málaga,29670,2,22.0,2,A-7S,A,False,82.25812876036713
2023002980,21XP22T3KK4AL00169,39.007713,-1.883171,"Av. Escritor Rodrigo Rubio, 11, 02006",Albacete,Albacete,2005,2,22.0,1003,N-322,N,True,116.290159544456
2023002981,21XP22T3KK4AL00162,39.007942,-1.883201,"Av. Escritor Rodrigo Rubio, 11, 02006",Albacete,Albacete,2005,2,22.0,1003,N-322,N,True,92.10563988644252
2023002987,22XP22T3KK4AK00049,41.424232,0.940798,"Avinguda De Catalunya, 25, 25450 L'albi,","Albi, L'",Lleida,25450,2,22.0,841,AP-2,AP,True,377.73403592643535
2023002989,C6E06BCC21YVXVYRWF,41.424202,0.940788,"Avinguda De Catalunya, 25, 25450 L'albi,","Albi, L'",Lleida,25450,2,60.0,841,AP-2,AP,True,380.8253081175987
2023002994,62119017130008,42.327347,-7.86169,"Camiño Portalón Do Casar, 32005 Ourense,",Ourense,Ourense,32005,1,3.6,1182,N-525,N,False,1001.3192340994611
2023002995,62119017130009,42.327347,-7.86169,"Camiño Portalón Do Casar, 32005 Ourense,",Ourense,Ourense,32005,1,3.6,1182,N-525,N,False,1001.3192340994611
2023002996,62118016990002,42.327347,-7.86169,"Camiño Portalón Do Casar, 32005 Ourense,",Ourense,Ourense,32005,2,11.0,1182,N-525,N,False,1001.3192340994611
2023003006,62118016990001,38.26399,-0.691958,"Carrer Porta De La Morera, 03203 Elx,",Elche/Elx,Alicante/Alacant,3203,2,11.0,1071,N-340,N,False,333.3401200738643
2023003007,62108004710006,37.526005,-4.654436,"Av. De Córdoba, 94, 14920 Aguilar De La",Aguilar de la Frontera,Córdoba,14920,3,50.0,1037,N-331,N,False,804.6464692834504
2023003009,1590001218,38.34334,-0.489135,"Saba - Av. Maisonnave, 5, 03003 Alicante",Alicante/Alacant,Alicante/Alacant,3003,2,22.0,730,A-31,A,True,1514.1967858492394
2023003010,62121015980004,43.327003,-8.36378,"Avenida Das Mariñas, 2, 15172 Perillo, A",Oleiros,"Coruña, A",15179,3,50.0,160,AP-9,AP,True,1527.0581943159027
2023003011,62108004710002,38.781635,-0.430758,"Avinguda Del País Valencià, 40, 03830 Muro",Muro de Alcoy,Alicante/Alacant,3830,3,50.0,130,A-7,A,False,1269.0771976157666
2023003012,62108004710005,38.781605,-0.430728,"Avinguda Del País Valencià, 40, 03830 Muro",Muro de Alcoy,Alicante/Alacant,3830,3,50.0,130,A-7,A,False,1270.550377956909
2023003015,HYC21BZ1164A,42.01191,-4.519341,"Parque Comercial Arambol |, Av. Brasilia,",Palencia,Palencia,34004,2,150.0,94,A-65,A,True,1222.7683701048381
2023003016,22XP22T3KKJAK00091,40.502934,-3.366098,"C. Octavio Paz, 25, 28805 Alcalá De Henares,",Alcalá de Henares,Madrid,28806,2,11.0,685,A-2,A,True,125.3423866093314
2023003018,C6E06BCC21BUHPJGZV,41.4857,2.054599,"Av. De La Via Augusta, 51, 08174 Barcelona,",Sant Cugat del Vallès,Barcelona,8174,2,60.0,875,AP-7N,AP,True,207.83137416133502
2023003021,62130031400006,36.83496,-2.464052,"Pl. López Falcón, 04001 Almería, Spain",Almería,Almería,4001,3,50.0,1077,N-340A,N,True,1364.9360664700957
2023003023,22XP22T3KK4AK00052,36.834785,-2.463847,"Pl. López Falcón, 04001 Almería, Spain",Almería,Almería,4001,2,22.0,1077,N-340A,N,True,1386.482472411302
2023003024,20XM32T8KK3AR00051,37.18563,-3.960243,"Autovía A92, Km 210 Moraleda De Zafayona,",Cacín,Granada,18370,3,50.0,830,A-92,A,True,20.998177977504785
2023003028,62207002740003,38.581493,-0.125949,"Carrer Pagre, 7, 03530 La Nucia, Alicante,","Nucia, la",Alicante/Alacant,3530,2,22.0,884,AP-7N,AP,True,1227.680382887944
2023003031,62224021740006,40.447758,-3.635966,"C. Juan Rizi, 5, 28027 Madrid, Spain",Madrid,Madrid,28027,3,50.0,684,A-2,A,False,91.83481428502125
2023003033,62207002740005,38.581474,-0.125749,"Carrer Pagre, 7, 03530 La Nucia, Alicante,","Nucia, la",Alicante/Alacant,3530,2,22.0,884,AP-7N,AP,True,1211.3073705834302
2023003035,C6E06BCC21SWBYNBLG,38.154568,-0.88228,"Calle Río Ebro, 1, 03348 Granja De Rocamora,",Granja de Rocamora,Alicante/Alacant,3348,2,60.0,133,A-7,A,True,819.0158422248766
2023003039,21XP22T3KK4AL00132,39.512207,-0.453566,"Polígono Empresarial Táctica, Carrer De La",Paterna,Valencia/València,46988,2,22.0,245,N-220,N,False,820.3975266367985
2023003042,22XP22T3KK4AK00044,41.54158,2.222799,"Av. Dels Rabassaires, 46, 08100 Mollet Del",Mollet del Vallès,Barcelona,8100,2,22.0,874,AP-7N,AP,True,829.1435796607617
2023003044,61947051020029,39.42564,-6.690253,"Ctra. Alburquerque, 1, 10550 Aliseda,",Aliseda,Cáceres,10550,2,22.0,488,N-521,N,False,77.89514898936632
2023003051,21XP22T3KK4AM00315,36.564747,-4.601167,"Av. Carvajal, 2, 29640 Fuengirola, Málaga,",Fuengirola,Málaga,29640,2,22.0,620,AP-7S,AP,True,1727.3437851414387
2023003053,HYC22BZ0350A,42.910057,-8.492398,"Rúa Do País Vasco, 65, 15707 Santiago De",Santiago de Compostela,"Coruña, A",15707,2,150.0,162,AP-9,AP,True,680.0320513490241
2023003054,22XP22T3KK4AK00047,42.403614,3.152229,"Carrer Dels Horts, 38, 17496 Colera, Girona,",Colera,Girona,17496,2,22.0,297,N-260,N,False,172.45963032760022
2023003057,C6E15BCC21FHXZTYCV,37.592896,-2.46555,"A-92N, Spain",Cúllar,Granada,18859,2,150.0,601,A-92N,A,True,216.30769368513617
2023003058,C6E15BCC21FPNQFDPH,37.591595,-2.465149,"A-92N, Salida 73, Barrio Nuevo, Granada",Cúllar,Granada,18859,2,150.0,601,A-92N,A,True,69.47376238597114
2023003066,62106004700001,38.19655,-0.563431,"Ctra. Elche-Santa Pola, 9, 03130 Santa Pola,",Santa Pola,Alicante/Alacant,3130,3,50.0,1051,N-332,N,False,517.0554053519375
2023003067,20XM32T7KK4AR00190,41.190586,1.255876,"Carrer De Joan Palau, 5, 43152 Perafort,",Perafort,Tarragona,43152,3,50.0,988,N-240,N,False,1082.1492139081067
2023003074,19XP22T3KK4AZ00973,40.566914,-3.60838,"Calle De Salvador De Madariaga, 3",San Sebastián de los Reyes,Madrid,28702,2,20.4,232,N-1A,N,False,777.5512345025625
2023003089,22XP22T3KK4AK00045,37.354076,-5.980214,"Av. De La Palmera, S/N, 41012 Sevilla, Spain",Sevilla,Sevilla,41012,2,22.0,748,A-4,A,True,1320.8859540994692
2023003090,62106004700004,40.311153,-3.482643,"Av. De Madrid, 126, 28500 Arganda Del Rey,",Arganda del Rey,Madrid,28500,3,50.0,46,A-3,A,True,770.1671077796848
2023003091,C6E06BCC21WPPNUHPH,37.354095,-5.980244,"Av. De La Palmera, S/N, 41012 Sevilla, Spain",Sevilla,Sevilla,41012,2,60.0,748,A-4,A,True,1323.0308994014267
2023003094,3203000118,40.463894,-3.623205,"C. De La Ribera Del Loira, 28, 28042 Madrid,",Madrid,Madrid,28042,2,22.0,684,A-2,A,False,1593.0150946786853
2023003098,22XP22T3KK4AK00043,38.133957,-6.691788,"Pol. Ind. Chácara, 06350, Badajoz, Spain",Higuera la Real,Badajoz,6350,2,22.0,460,N-435,N,False,278.5236631586942
2023003099,22XP22T3KK4AK00059,38.133987,-6.691798,"Pol. Ind. Chácara, 06350, Badajoz, Spain",Higuera la Real,Badajoz,6350,2,22.0,460,N-435,N,False,276.7722613510953
2023003103,62227022080015,37.94453,-6.95272,"C. Doña Dolores Losada, 21240 Aroche,",Aroche,Huelva,21240,2,22.0,459,N-433,N,True,1254.324372965047
2023003105,61947052800013,40.440674,-3.53759,"Sgs - P.º De Las Flores, 48, 28823 Coslada,",Coslada,Madrid,28823,3,50.0,685,A-2,A,True,693.045721480957
2023003109,62253044950020,40.463894,-3.623205,"C. De La Ribera Del Loira, 28, 28042 Madrid,",Madrid,Madrid,28042,3,50.0,684,A-2,A,False,1593.0150946786853
2023003131,21XP22T3KKJAK00477,40.440674,-3.53759,"P.º De Las Flores, 48, 28823 Coslada,",Coslada,Madrid,28823,2,22.0,685,A-2,A,True,693.045721480957
2023003133,22XP22T3KKJAK00278,42.926003,-8.391931,"N-634, 707, 15821 El Pino, La Coruña, Spain","Pino, O","Coruña, A",15821,2,22.0,590,N-634,N,False,37.27294347720973
2023003134,62022014300037,40.631886,-3.167934,"C. Antonio Cañadas, 6, 19001 Guadalajara,",Guadalajara,Guadalajara,19001,2,22.0,685,A-2,A,True,773.9874039044249
2023003136,62145045000001,40.631893,-3.167944,"C. Antonio Cañadas, 6, 19001 Guadalajara,",Guadalajara,Guadalajara,19001,2,22.0,685,A-2,A,True,774.5820120469958
2023003140,21XP22T3KKJAK00519,37.675327,-4.555193,"Polígono Industrial El Alcaparral, S/N,",Espejo,Córdoba,14830,2,22.0,1155,N-432,N,False,9.816254119877646
2023003146,20XM32T7KK4AR00197,37.46759,-5.564563,"Km. 500, A-4, 41410 Sevilla, Spain",Carmona,Sevilla,41410,3,50.0,747,A-4,A,True,1536.9965735344292
2023003147,22XP22T3KK4AK00046,37.46765,-5.564623,"Km. 500, A-4, 41410 Sevilla, Spain",Carmona,Sevilla,41410,2,22.0,747,A-4,A,True,1529.9215070874764
2023003148,20XP22T3KK4AL00844,39.486664,-1.094675,"C. Constitución, 74, 46340 Requena,",Cofrentes,Valencia/València,46340,2,22.0,12,N-3,N,False,1093.6686406601034
2023003149,20XP22T3KK4AL00846,39.486694,-1.094705,"C. Constitución, 74, 46340 Requena,",Cofrentes,Valencia/València,46340,2,22.0,12,N-3,N,False,1092.108931428385
2023003150,20XM32T8KK3AR00075,43.449886,-8.170064,"Pi Vilar Do Colo, Av Astano Parcela B3,",Fene,"Coruña, A",15528,3,50.0,167,AP-9F,AP,True,99.39262893345537
2023003151,21XP22T3KKJAK00336,42.360188,3.153146,"Plaça De Les Esplanes, 17490, Girona, Spain",Llançà,Girona,17490,2,22.0,297,N-260,N,False,574.8254466635782
2023003152,C6E15BCC21HDXVTDLB,41.325336,-1.667795,"A-2, Km 3700, 50300 Calatayud, Zaragoza,",Calatayud,Zaragoza,50300,2,150.0,688,A-2,A,True,84.63250222108276
2023003155,22XP22T3KKJAK00253,37.468178,-5.564481,"Km. 500, A-4, 41410 Sevilla, Spain",Carmona,Sevilla,41410,2,22.0,747,A-4,A,True,1472.539841629154
2023003159,12104000030002,41.981342,2.8206,"Saba Aparcamientos - Plaça De L'hospital,",Girona,Girona,17002,1,22.0,953,N-2,N,False,1982.5628852903506
2023003165,20XP22T3KK4AL01107,40.440674,-3.53759,"P.º De Las Flores, 48, 28823 Coslada,",Coslada,Madrid,28823,2,22.0,685,A-2,A,True,693.045721480957
2023003173,62052045780003,41.193947,1.238754,"C. Nou, 32, 43155 Puigdelfí, Tarragona, Spain",Perafort,Tarragona,43155,2,22.0,988,N-240,N,False,362.657110108841
2023003174,C6E06BCC21UJURZSER,41.329655,2.084197,"Carretera Ca L'alaio, 3, 4, 08820 Mundiauto,","Prat de Llobregat, El",Barcelona,8820,2,60.0,701,A-2,A,True,1699.4828187052633
2023003175,62022014300029,41.018867,0.940702,"Carrer De Bolívia, 5, 43892 Mont-Roig Del",Mont-roig del Camp,Tarragona,43892,2,22.0,392,N-340,N,False,708.9684306426036
2023003177,62022014300011,41.018898,0.940732,"Carrer De Bolívia, 5, 43892 Mont-Roig Del",Mont-roig del Camp,Tarragona,43892,2,22.0,392,N-340,N,False,708.2310329892047
2023003178,20XM32T8KK4AR00079,39.016384,-1.893863,"P.I,. Campollano, Av. 4ª, Nº1, 02007",Albacete,Albacete,2007,3,50.0,1003,N-322,N,True,1143.7225133008599
2023003181,20XP22T3KK4AL00861,37.38625,-4.508612,Hospital Centro De Andalucía - C.,Lucena,Córdoba,14900,2,22.0,772,A-45,A,True,458.3787395932302
2023003185,62242045710009,40.31689,-3.734521,"C. Torroja, 13, 28904 Getafe, Madrid, Spain",Getafe,Madrid,28904,2,22.0,761,A-42,A,False,73.11187243723964
2023003186,62242045710006,40.31686,-3.734501,"C. Torroja, 13, 28904 Getafe, Madrid, Spain",Getafe,Madrid,28904,2,22.0,761,A-42,A,False,76.35905473324426
2023003187,C6E06BCC21KEYDUEWZ,40.316833,-3.734481,"C. Torroja, 13, 28904 Getafe, Madrid, Spain",Getafe,Madrid,28904,2,60.0,761,A-42,A,False,79.42362517963954
2023003191,22XP22T3KKJAK00023,37.43943,-5.885547,"Polígono Industrial Los Espartales, A4, Km","Rinconada, La",Sevilla,41300,2,22.0,747,A-4,A,True,587.2225593645175
2023002454,22XP22T3KKJAK00075,37.43944,-5.885547,"Polígono Industrial Los Espartales, A4, Km","Rinconada, La",Sevilla,41300,2,22.0,747,A-4,A,True,588.2792131182248
2023002456,22XP22T3KKJAK00021,37.439392,-5.885547,"Polígono Industrial Los Espartales, A4, Km","Rinconada, La",Sevilla,41300,2,22.0,747,A-4,A,True,583.2090931572749
2023002457,C6E06BCC22ZFUEGJYM,41.569695,-0.741913,"C. De Las Cortes B Aragón, 84, 50730 El","Burgo de Ebro, El",Zaragoza,50730,2,60.0,259,N-232,N,False,293.4738476230067
2023002458,22XP22T3KKJAK00962,37.439453,-5.885547,"Polígono Industrial Los Espartales, A4, Km","Rinconada, La",Sevilla,41300,2,22.0,747,A-4,A,True,589.6531577689742
2023002459,HYC21BZ1391A,37.67348,-4.559241,Restaurante Alcazaba - Carretera,Espejo,Córdoba,14830,2,150.0,1155,N-432,N,False,91.2213462348749
2023002461,22XP22T3KKJAK00038,41.569664,-0.741883,"C. De Las Cortes B Aragón, 84, 50730 El","Burgo de Ebro, El",Zaragoza,50730,2,22.0,259,N-232,N,False,291.5903085043856
2023002467,21XP22T3KKJAK00549,41.48568,2.054589,"Av. De La Via Augusta, 51, 08174 Barcelona,",Sant Cugat del Vallès,Barcelona,8174,2,22.0,875,AP-7N,AP,True,209.15328553703293
2023002468,62205058050002,38.279346,-0.719688,"Carrer Almansa, 62, 03206 Carrus, Alicante,",Elche/Elx,Alicante/Alacant,3206,3,50.0,133,A-7,A,True,698.6365144947081
2023002469,22XP22T3KKJAK00074,36.16579,-5.360989,"C. Los Caireles, 2, 11300 La Línea De La","Línea de la Concepción, La",Cádiz,11300,2,22.0,409,N-351,N,False,85.64149219314945
2023002470,62224021740010,36.165764,-5.360959,"C. Los Caireles, 2, 11300 La Línea De La","Línea de la Concepción, La",Cádiz,11300,3,50.0,409,N-351,N,False,85.05198657878506
2023002471,2110090085,37.439392,-5.885547,"Polígono Industrial Los Espartales, A4, Km","Rinconada, La",Sevilla,41300,2,150.0,747,A-4,A,True,583.2090931572749
2023002473,22XP22T3KKJAK00252,43.455193,-3.866098,"C/ Joaquín Rodrigo, 10, 39011 Santander,",Santander,Cantabria,39011,2,22.0,1202,N-611,N,False,687.1632590674018
2023002475,C6E15BCC22FYWSWXLH,37.591595,-2.465149,"A-92N, 18850 Cúllar, Granada, Spain",Cúllar,Granada,18859,2,150.0,601,A-92N,A,True,69.47376238597114
2023002478,22XP22T3KKJAK00248,43.455166,-3.866068,"C/ Joaquín Rodrigo, 10, 39011 Santander,",Santander,Cantabria,39011,2,22.0,1202,N-611,N,False,683.3403626071588
2023002479,22XP22T3KKJAK00078,43.455135,-3.866038,"C/ Joaquín Rodrigo, 10, 39011 Santander,",Santander,Cantabria,39011,2,22.0,1202,N-611,N,False,679.1378596228735
2023002480,22XP22T3KKJAK00296,38.35735,-2.79871,Ayuntamiento De Puente De Génave - Av.,Puente de Génave,Jaén,23350,2,22.0,1001,N-322,N,False,491.6299851366406
2023002481,20XM32T8KK3AR00042,36.462994,-5.014058,"Av. José Luis Carrillo, S/N, 29688 Atalaya",Estepona,Málaga,29688,3,50.0,2,A-7S,A,False,653.7354489545487
2023002482,C6E06BCC21ZTVSDHKY,39.51246,-0.453621,"Polígono Empresarial Táctica, Carrer De La",Paterna,Valencia/València,46988,2,60.0,245,N-220,N,False,837.6929939014832
2023002483,22XP22T3KK4AK00029,36.462963,-5.014028,"Av. José Luis Carrillo, S/N, 29688 Atalaya",Estepona,Málaga,29688,2,22.0,2,A-7S,A,False,657.7919473169982
2023002485,62045039020002,41.666134,-0.870981,"Av. De San Juan De La Peña, 50015 Zaragoza,",Zaragoza,Zaragoza,50014,3,50.0,355,N-330,N,False,1025.1151179659716
2023002487,C6E06BCC22QLQMNWFV,37.408226,-5.945831,"C. Luis Fuentes Bejarano, 45, 41020 Sevilla,",Sevilla,Sevilla,41020,2,60.0,747,A-4,A,True,65.12522393803891
2023002488,61949051030029,39.425655,-6.690295,"Ctra. Alburquerque, 1, 10550 Aliseda,",Aliseda,Cáceres,10550,2,22.0,488,N-521,N,False,76.63098629981266
2023002489,22XP22T3KKJAK00123,37.408257,-5.945861,"C. Luis Fuentes Bejarano, 45, 41020 Sevilla,",Sevilla,Sevilla,41020,2,22.0,747,A-4,A,True,61.07192281806677
2023002490,22XP22T3KKJAK00068,43.28983,-2.146357,"C/ Talai Mendi S/N , Zarauutz, 20800",Zarautz,Gipuzkoa,20800,2,22.0,1288,AP-8,AP,True,782.9277212047139
2023002495,61946052780005,43.455105,-3.866008,"C/ Joaquín Rodrigo, 10, 39011 Santander,",Santander,Cantabria,39011,3,50.0,1202,N-611,N,False,675.0304999576165
2023002498,62207002740006,36.62054,-4.497824,"C. Skal, 4, 29620 Torremolinos, Málaga, Spain",Antequera,Málaga,29620,2,14.5,621,AP-7S,AP,True,1661.4122184587895
2023002499,62207002740007,36.620567,-4.497854,"C. Skal, 4, 29620 Torremolinos, Málaga, Spain",Antequera,Málaga,29620,2,14.5,621,AP-7S,AP,True,1657.6404388840722
2023002500,62130031400008,42.2287,2.982384,"Carrer Garrotxa, 17469, Girona, Spain","Far d'Empordà, El",Girona,17469,3,50.0,954,N-2,N,False,618.4408919388767
2023002501,C6E06BCC21LAPHJYXV,43.280064,-1.951196,"Donostia Ibilbidea, 90, 20115 Astigarraga,",Astigarraga,Gipuzkoa,20115,2,60.0,682,A-15,A,False,635.845559949749
2023002516,62130031400019,42.904175,-8.51366,"R. De Amio, 15890 Santiago De Compostela, A",Santiago de Compostela,"Coruña, A",15898,3,50.0,507,N-550,N,False,449.4045982825024
2023002521,2110090082,41.66184,-0.906568,"Av. De Francia, 8, 50003 Zaragoza, Spain",Zaragoza,Zaragoza,50003,2,150.0,260,N-232,N,False,1407.1456063407932
2023002522,2112101342,42.68595,-2.931403,"Mcdonalds - C. Rda. Del Ferrocarril, 09200",Miranda de Ebro,Burgos,9200,2,150.0,938,N-1R,N,False,195.29510274265365
2023002523,62050043020003,37.03285,-4.530882,"P.I. Azucarera, C/ Aclaradores S/N, 29200",Antequera,Málaga,29200,3,50.0,1043,N-331,N,False,307.5568028290244
2023002534,21XP22T3KK4AL00135,40.440674,-3.53759,"Sgs - P.º De Las Flores, 48, 28823 Coslada,",Coslada,Madrid,28823,2,22.0,685,A-2,A,True,693.045721480957
2023002536,2203170012,43.043774,-2.214645,"Nacional, 1, Km 419, 20200 Beasain,",Beasain,Gipuzkoa,20200,2,150.0,656,A-1,A,True,69.07241574781564
2023002538,2201040367,43.330833,-1.818815,"Letxumborro Hiribidea, 89A, 20305 Irun,",Irun,Gipuzkoa,20305,2,150.0,1286,AP-8,AP,True,572.2779548412093
2023002540,20XP22T3KK4AL00851,40.440674,-3.53759,"Sgs - P.º De Las Flores, 48, 28823 Coslada,",Coslada,Madrid,28823,2,22.0,685,A-2,A,True,693.045721480957
2023002541,2203170008,43.42568,-3.837261,"C. Alday, S/N, 39600 Maliaño, Cantabria,",Camargo,Cantabria,39600,2,150.0,1265,N-636,N,True,139.47508122451956
2023002545,22XC11M2M03DB01096,40.514397,-3.671759,"Bbva - Calle De Isabel Colbrand, 4, 28050",Madrid,Madrid,28050,1,74.0,15,A-1,A,True,1236.6677717833456
2023002546,22XC11M2M03DB01107,40.514397,-3.671759,"Bbva - Calle De Isabel Colbrand, 4, 28050",Madrid,Madrid,28050,1,74.0,15,A-1,A,True,1236.6677717833456
2023002547,22XC11M2M03DB01112,40.514397,-3.671759,"Bbva - Calle De Isabel Colbrand, 4, 28050",Madrid,Madrid,28050,1,74.0,15,A-1,A,True,1236.6677717833456
2023002548,22XC11M2M03DB00753,40.514397,-3.671759,"Bbva - Calle De Isabel Colbrand, 4, 28050",Madrid,Madrid,28050,1,74.0,15,A-1,A,True,1236.6677717833456
2023002549,22XC11M2M03DB01195,40.514397,-3.671759,"Bbva - Calle De Isabel Colbrand, 4, 28050",Madrid,Madrid,28050,1,7.4,15,A-1,A,True,1236.6677717833456
2023002550,22XC11M2M03DB01191,40.514397,-3.671759,"Bbva - Calle De Isabel Colbrand, 4, 28050",Madrid,Madrid,28050,1,74.0,15,A-1,A,True,1236.6677717833456
2023002551,22XC11M2M03DB00772,40.514397,-3.671759,"Bbva - Calle De Isabel Colbrand, 4, 28050",Madrid,Madrid,28050,1,7.4,15,A-1,A,True,1236.6677717833456
2023002552,61947051020036,43.382565,-5.744795,"Ctra. Oviedo, Km 8, 33199 Santander,",Oviedo,Asturias,33199,2,22.0,579,N-634,N,False,42.82000733753385
2023002554,62130031400009,43.45312,-3.850587,"N-611, Santander, Cantabria, Spain",Santander,Cantabria,39011,3,50.0,1202,N-611,N,False,0.31525087754077763
2023002563,62130031400004,43.45312,-3.850587,"N-611, Santander, Cantabria, Spain",Santander,Cantabria,39011,3,50.0,1202,N-611,N,False,0.31525087754077763
2023002564,HYC21BZ1392A,36.976307,-5.948944,"Av. Pablo Iglesias, 80, 41730 Las Cabezas De","Cabezas de San Juan, Las",Sevilla,41730,2,150.0,844,AP-4,AP,True,398.7609373514216
2023002567,C6E06BCC21XGSZMUUC,38.344955,-0.519125,"Carr. D'ocaña, 11, 03007 Alicante (Alacant),",Alicante/Alacant,Alicante/Alacant,3007,2,60.0,350,N-330,N,False,519.2608590076554
2023002568,22XP22T3KKJAK00216,37.38573,-4.50812,"C. Pontevedra, 10, 14900 Lucena, Córdoba,",Lucena,Córdoba,14900,2,22.0,772,A-45,A,True,457.34954373491036
2023002569,22XP22T3KKJAK00230,37.38573,-4.50812,"C. Pontevedra, 10, 14900 Lucena, Córdoba,",Lucena,Córdoba,14900,2,22.0,772,A-45,A,True,457.34954373491036
2023002570,22XP22T3KK4AK00064,40.045177,0.056496,"Carrer Dels Frares, 17, 12560 Benicàssim,",Benicasim/Benicàssim,Castellón/Castelló,12560,2,22.0,389,N-340,N,True,536.3246399475448
2023002576,22XP22T3KKJAK00158,37.66709,-4.728098,"Rda. De Las Erillas, 14520 Fernán Núñez,",Fernán-Núñez,Córdoba,14520,2,22.0,1037,N-331,N,False,1323.3485302959466
2023002595,62145045000002,37.98213,-1.124134,"P.º De Garay, 5, 30003 Murcia, Spain",Murcia,Murcia,30003,2,22.0,723,A-30,A,True,1204.0897464345983
2023002596,62022014300019,37.98213,-1.124134,"P.º De Garay, 5, 30003 Murcia, Spain",Murcia,Murcia,30003,2,22.0,723,A-30,A,True,1204.0897464345983
2023002601,22XP22T3KKJAK00118,42.59653,-5.571053,"Av. Independencia, 7, 24003 León, Spain",León,León,24003,2,22.0,209,N-120,N,False,1145.7154149725873
2023002602,C6E06BCC22REJLYTUF,40.454853,0.451564,"Mcdonalds - C.C. Portal Del Mediterraneo, C.",Vinaròs,Castellón/Castelló,12500,2,60.0,1090,N-340A,N,False,158.94594033330608
2023002603,C6E06BCC22BUUEFXHQ,36.489174,-4.955361,"Av. Rotary Internacional, S/N, 29660",Marbella,Málaga,29660,2,60.0,2,A-7S,A,False,59.92569670454236
2023002604,22XP22T3KKJAK00168,36.489143,-4.955331,"Av. Rotary Internacional, S/N, 29660",Marbella,Málaga,29660,2,22.0,2,A-7S,A,False,64.2862998331807
2023002609,12233033410014,41.987076,2.822136,"Saba - Plaça Vicens Vives, 1A, 17001 Girona,",Girona,Girona,17001,1,7.4,317,N-2A,N,False,1532.3819130161432
2023002619,2112101346,37.90578,-4.758927,"Av. Agrupación Córdoba, 19, 14014 Córdoba,",Córdoba,Córdoba,14014,2,150.0,1154,N-432,N,False,557.2034916421092
2023002622,12233033410007,41.581615,1.616822,"Saba - Plaça De Cal Font, 08700 Igualada,",Igualada,Barcelona,8700,1,7.4,699,A-2,A,True,1470.41184675084
2023002623,12233033410006,41.581615,1.616822,"Saba - Plaça De Cal Font, 08700 Igualada,",Igualada,Barcelona,8700,1,7.4,699,A-2,A,True,1470.41184675084
2023002626,62243045390007,36.620598,-4.497884,"C. Skal, 4, 29620 Torremolinos, Málaga, Spain",Antequera,Málaga,29620,2,14.5,621,AP-7S,AP,True,1653.6630494532628
2023002628,22XP22T3KKJAK00225,43.455105,-3.866008,"C/ Joaquín Rodrigo, 10, 39011 Santander,",Santander,Cantabria,39011,2,22.0,1202,N-611,N,False,675.0304999576165
2023002629,19XP22T3KK4AD00309,40.438183,-3.537409,"P.º De Las Flores, 28823 Coslada, Madrid,",Coslada,Madrid,28823,2,22.0,685,A-2,A,True,953.8593955178685
2023002630,21XP22T3KK4AL00104,39.02743,-5.761344,"6, Carretera N-430, 06700, 06720 Villanueva",Villanueva de la Serena,Badajoz,6718,2,22.0,1132,N-430,N,False,72.75911173545079
2023002631,C6E15BCC21METPRKCU,40.440674,-3.53759,"P.º De Las Flores, 48, 28823 Coslada,",Coslada,Madrid,28823,2,150.0,685,A-2,A,True,693.045721480957
2023002633,61926025270005,36.988846,-5.935516,"Av. De Federico García Lorca, 51, 41730 Las","Cabezas de San Juan, Las",Sevilla,41730,3,50.0,844,AP-4,AP,True,686.4146960900285
2023002635,12233033410024,42.43329,1.926395,Parking Saba Plaça Del Call- Rambla Josep,Puigcerdà,Girona,17520,1,7.4,226,N-152,N,True,660.2899693644238
2023002636,12233033410020,42.43329,1.926395,Parking Saba Plaça Del Call- Rambla Josep,Puigcerdà,Girona,17520,1,7.4,226,N-152,N,True,660.2899693644238
2023002644,C6E06BCC22KBJJGAYA,39.667255,-0.264082,"Carrer Benjamín Franklin, 1, 46520 Sagunt,",Sagunto/Sagunt,Valencia/València,46520,2,60.0,386,N-340,N,False,1164.6490701787293
2023002651,21XP22T3KKJAK00609,39.47325,-6.393107,"Centro Comercial El Farallón, Av. Ruta De La",Cáceres,Cáceres,10001,2,22.0,1235,N-630,N,False,230.73129879204816
2023002652,20XP22T3KK4AL01140,40.440674,-3.53759,"P.º De Las Flores, 48, 28823 Coslada,",Coslada,Madrid,28823,2,22.0,685,A-2,A,True,693.045721480957
2023002654,62247049700001,40.944714,-4.121021,"Av. Acueducto, S/N, 40002 Segovia, Spain",Segovia,Segovia,40002,1,22.0,181,N-110,N,False,1445.5515979269308
2023002663,22XP22T3KK4AK00075,41.621502,-4.748319,"P.º De Zorrilla, 332, 47008 Valladolid, Spain",Valladolid,Valladolid,47008,2,22.0,1189,N-601,N,False,1902.8342132980983
2023002664,20XP22T3KK4AL01162,41.62154,-4.748299,"P.º De Zorrilla, 332, 47008 Valladolid, Spain",Valladolid,Valladolid,47008,2,22.0,1189,N-601,N,False,1902.2367550696324
2023002669,20XM32T8KK3AR00027,40.440674,-3.53759,"P.º De Las Flores, 48, 28823 Coslada,",Coslada,Madrid,28823,3,50.0,685,A-2,A,True,693.045721480957
2023002681,C6E06BCC22RHQYVERY,41.541286,-0.994009,"P.º De La Constítución, 46, 50430 María De",María de Huerva,Zaragoza,50430,2,60.0,27,A-23,A,True,612.4567554513568
2023002682,22XP22T3KKJAK00211,41.541405,-0.994148,"P.º De La Constítución & C. Tenor Fleta,",María de Huerva,Zaragoza,50430,2,11.0,27,A-23,A,True,594.8747031810335
2023002683,20XP22T3KK4AZ00148,40.440674,-3.53759,"P.º De Las Flores, 48, 28823 Coslada,",Coslada,Madrid,28823,2,22.0,685,A-2,A,True,693.045721480957
2023002688,HYC22BZ0347A,39.027462,-5.761374,"6, Carretera N-430, 06700, 06720 Villanueva",Villanueva de la Serena,Badajoz,6718,2,150.0,1132,N-430,N,False,70.20550914702004
2023002689,62104044710002,41.564114,2.228875,"Av. De Catalunya, 111, 08150 Parets Del",Parets del Vallès,Barcelona,8150,3,50.0,874,AP-7N,AP,True,1312.60863484291
2023003203,61936038160002,41.962566,2.806262,"Ctra. De Santa Coloma, 73, 17180",Girona,Girona,17005,2,22.0,872,AP-7N,AP,True,1884.3722064438211
2023003204,61910009040002,41.58872,1.62546,"Carrer D'alemanya, 17, 08700 Igualada,",Igualada,Barcelona,8700,2,50.0,699,A-2,A,True,1202.4048830631084
2023003210,61946052780015,41.66457,0.607333,"Carrer De La Variant, 25123 Torrefarrera,",Torrefarrera,Lleida,25123,3,50.0,255,N-230,N,True,63.48324971634948
2023003212,61934038200011,41.558784,2.254843,Ballenoil Montmeló - Carrer Ronda Del,Montmeló,Barcelona,8160,3,50.0,873,AP-7N,AP,True,9.016626259717835
2023003213,62104044710020,41.35292,2.105563,"Rambla De La Marina, 349, 08907 L'hospitalet","Hospitalet de Llobregat, L'",Barcelona,8907,3,50.0,701,A-2,A,True,1676.3599911158633
2023003214,1590001718,41.344715,1.698415,"Saba - Plaça Del Penedès, 08720 Vilafranca",Vilafranca del Penedès,Barcelona,8720,2,22.0,396,N-340,N,False,1014.2500779401422
2023003220,61947051020026,41.077896,0.47838,"S/N, Carrer Doctor Ferran, 43784 Corbera",Corbera d'Ebre,Tarragona,43784,2,22.0,1112,N-420,N,False,23.62010776720183
2023003221,61922022550002,42.4084,0.742,Pont De Suert - Av. Victoriano Muñoz Cruce,"Pont de Suert, El",Lleida,25520,3,50.0,256,N-230,N,True,10.576630613908037
2023003228,62009004500024,41.53816,2.216461,Parking Parkia Parc De Les Pruneres - Rambla,Mollet del Vallès,Barcelona,8100,1,7.4,874,AP-7N,AP,True,1274.383344772897
2023003229,61921022560004,41.588905,1.621893,"E.S. Petromiralles - Carrer De Guimaraes, 2,",Igualada,Barcelona,8700,3,50.0,699,A-2,A,True,982.5920886227069
2023003232,61936038490011,41.9674,2.83716,"Carrer Pic De Peguera, 15",Girona,Girona,17003,2,10.53,953,N-2,N,False,980.0619694181894
2023003233,61948051050002,41.69633,2.722205,"Consum - Av. De Fibracolor, 15-17",Tordera,Barcelona,8490,2,5.26,952,N-2,N,False,949.6896014390919
2023003239,61951054330008,41.578148,1.615737,"Parking Parkia - Plaça De La Creu, 08700",Igualada,Barcelona,8700,1,7.4,699,A-2,A,True,1756.2595706958869
2023003243,61948052810017,40.894543,0.782534,"Plaça Polígon Industrial, 3, 43860 L'ametlla","Ametlla de Mar, L'",Tarragona,43860,3,50.0,391,N-340,N,False,150.66555406984997
2023003244,20XP22T3KK4AZ00127,42.19817,2.192885,"Carrer Macià Bonaplata, 8",Ripoll,Girona,17500,2,20.4,301,N-260,N,False,974.5361035858183
2023003245,20XP22T3KK4AL01157,42.441353,1.940943,"Camping Stel - Carretera Llívia, S/N",Puigcerdà,Girona,17520,2,22.0,227,N-154,N,False,66.39831540151877
2023003247,1590001818,41.3447,1.6984,"Saba - Plaça Del Penedès, 08720 Vilafranca",Vilafranca del Penedès,Barcelona,8720,2,22.0,396,N-340,N,False,1014.5394463094303
2023003254,12004063130001,41.582535,1.619035,Saba - Pl. De Cal Font,Igualada,Barcelona,8700,2,21.06,699,A-2,A,True,1477.8038684335152
2023003255,61936038160001,41.155033,1.209893,"Plaça De Rafael De Casanovas, 1",Constantí,Tarragona,43120,2,3.4,878,AP-7N,AP,True,1164.8032819661637
2023003269,61945052640018,41.374493,2.044224,"Parking Muxu - Avinguda Onze De Setembre, 1",Sant Feliu de Llobregat,Barcelona,8980,3,50.0,701,A-2,A,True,580.1274960897819
2023003271,61943050290008,41.571808,2.240109,"Llevantpark - Carrer Tenes, 1",Parets del Vallès,Barcelona,8150,3,50.0,874,AP-7N,AP,True,1587.7677735863072
2023003272,61921022560002,41.4536,1.969296,E.S. Petroest - Ctra. N-Iia Km 593,Sant Andreu de la Barca,Barcelona,8740,3,50.0,700,A-2,A,True,525.5255300450712
2023003274,61921022560008,41.33898,1.687724,Vilafranca Del Penedès,Vilafranca del Penedès,Barcelona,8720,3,50.0,396,N-340,N,False,526.0607675524092
2023003275,61945052640019,41.32109,1.722205,"Lla Casa Del Conill-Plaça Anselm Clave, 13",Avinyonet del Penedès,Barcelona,8734,3,50.0,877,AP-7N,AP,True,1542.9268106399165
2023003281,1591000118,41.987007,2.822127,"Saba - Carrer De Berenguer Carnicer, 17001",Girona,Girona,17001,2,22.0,317,N-2A,N,False,1539.5524910628417
2023003285,62046040080003,40.774628,0.659809,"Lavaderos Camiones Ramón - N-340, 1092",Camarles,Tarragona,43894,3,50.0,391,N-340,N,False,50.06229843963971
2023003290,20XM32T8KK3AR00033,41.14151,1.116521,"Avinguda De Salou, 114","Montmell, El",Tarragona,43205,3,50.0,1113,N-420,N,False,1580.3092665434654
2023003292,61934038200012,41.38926,1.94438,"Blau Ecologic - Carrer Major, 16",Vallirana,Barcelona,8759,3,50.0,396,N-340,N,False,32.21267881590226
2023003296,61945049570011,41.81538,2.73981,Consum - Carrer Paisos Catalans,Sils,Girona,17410,2,10.53,873,AP-7N,AP,True,545.5295856121751
2023003299,20XM32T8KK3AR00056,41.158825,1.117877,"Mcdonalds - Avinguda De Marià Fortuny, 59",Reus,Tarragona,43204,3,50.0,1113,N-420,N,False,1874.8640062425557
2023003300,1583000818,42.265972,2.963795,"Saba Plaza 1034 - 1035 - Pl. De Catalunya,",Figueres,Girona,17600,2,22.0,312,N-2A,N,False,464.59164738979615
2023003302,62046040080001,41.14096,1.227149,"Carrer Del Mercuri, 15, 43006 Tarragona,",Tarragona,Tarragona,43006,3,50.0,43,A-27,A,True,465.0145757274294
2023003309,61951054330010,41.489086,2.035393,"Carrer De Cal Gerrer, B5",Rubí,Barcelona,8191,1,7.4,875,AP-7N,AP,True,1253.4626827342922
2023003313,19XM32T8KK3AR00051,41.968987,2.800649,"Endesa - C/ Del Montnegre, 84",Salt,Girona,17190,3,50.0,872,AP-7N,AP,True,1764.8529803595698
2023003315,61947051020010,41.04297,0.920105,"Carrer D'en Pere Antoni Torres I Jordi, 18,",Mont-roig del Camp,Tarragona,43300,2,22.0,880,AP-7N,AP,True,815.9701796471477
2023003316,62008004490044,41.544434,2.201635,Parking Parkia - C/ Ronda Dels Pinetons,Mollet del Vallès,Barcelona,8100,1,7.4,874,AP-7N,AP,True,415.62079757464875
2023003324,20XM32T8KK3AR00005,40.61361,0.590008,"Passeig Marítim, 18, 43540 Sant Carles De La",Sant Carles de la Ràpita,Tarragona,43540,3,50.0,389,N-340,N,True,1495.7033560535306
2023003325,20XM32T8KK3AR00062,41.158825,1.117877,"Avinguda De Marià Fortuny, 59",Reus,Tarragona,43204,3,50.0,1113,N-420,N,False,1874.8640062425557
2023003327,61921022560007,41.38713,2.037466,"Calle Indústria, Poligono Industrial El Pla,",Sant Feliu de Llobregat,Barcelona,8980,3,50.0,700,A-2,A,True,1229.419618707374
2023003328,61951054330009,41.57818,1.615767,Parking Parkia - Pl. De La Creu,Igualada,Barcelona,8700,1,7.4,699,A-2,A,True,1754.2521526442877
2023003329,61922022610025,41.5759,1.61372,E.S. Petromiralles - C/ Del Rec,Igualada,Barcelona,8700,2,21.06,699,A-2,A,True,1915.4284513957691
2023003330,61742038030005,41.6663,1.21047,"N-2, 13",Cervera,Lleida,25218,2,21.06,698,A-2,A,True,88.1416955465825
2023003339,61922022610004,41.967384,2.837145,"Carrer Pic De Peguera, 15",Girona,Girona,17003,2,10.53,953,N-2,N,False,978.9063249779973
2023003344,61943050290015,41.824444,0.569217,"Avinguda De Lleida, 79, 25120 Alfarràs,",Alfarràs,Lleida,25120,3,50.0,255,N-230,N,True,34.6267410727712
2023003348,1591000218,41.987022,2.822142,"Saba - Carrer De Berenguer Carnicer, 17001",Girona,Girona,17001,2,22.0,317,N-2A,N,False,1538.2948487391182
2023003366,62108004710001,41.106796,1.152766,Mcdonalds - Carretera Vilaseca-Pineda 14,Vila-seca,Tarragona,43480,3,50.0,137,A-7,A,False,266.3198997994364
2023003368,62009004500016,41.53819,2.216491,Parking Parkia Parc De Les Pruneres - Rambla,Mollet del Vallès,Barcelona,8100,1,7.4,874,AP-7N,AP,True,1270.539129117232
2023003370,61948051050022,41.978714,2.822808,"Consum - C/ Ultònia, 11",Girona,Girona,17002,2,5.26,953,N-2,N,False,1793.567203885606
2023003372,20XM32T8KK3AR00057,42.199245,2.188464,Ajuntament De Ripoll Zona 3 - Passeig De La,Ripoll,Girona,17500,3,50.0,301,N-260,N,False,605.8667608997071
2023003374,1583000318,42.433186,1.926413,"Saba - Plaça Del Call, 17520 Puigcerdà,",Puigcerdà,Girona,17520,2,22.0,226,N-152,N,True,649.8394049515163
2023003376,61924023490001,41.266937,1.248363,"Hotel Felix - N-240, 17, 43800 Valls,",Valls,Tarragona,43800,3,50.0,988,N-240,N,False,48.302481922031625
2023003386,12008000990002,41.981445,2.820441,"Saba - Plaça De L'hospital, 6, 17002 Girona,",Girona,Girona,17001,2,21.06,953,N-2,N,False,1996.6940870254552
2023003387,12113010520010,41.3442,1.698942,"Plaça Del Penedès, 08720 Vilafranca Del",Vilafranca del Penedès,Barcelona,8720,1,22.0,396,N-340,N,False,947.9651785892111
2023003390,62005004480001,41.48906,2.035363,Parking Parkia - C/ Cal Gerrer,Rubí,Barcelona,8191,1,7.4,875,AP-7N,AP,True,1254.1106220971471
2023003400,61936038490019,41.956776,2.805979,Restaurant Torre Bonica - Carrer Del Camp De,Girona,Girona,17005,2,10.53,872,AP-7N,AP,True,1651.8682043405588
2023003401,61936038490001,41.119682,1.188832,"Carrer De Ponç De Castellví, 7",Tarragona,Tarragona,43100,2,3.94,394,N-340,N,False,560.3705019316064
2023003411,62106004700006,41.106766,1.152796,Mcdonalds - Carretera Vilaseca-Pineda 14,Vila-seca,Tarragona,43480,3,50.0,137,A-7,A,False,262.8550142487352
2023003414,61936038490010,42.423355,1.923394,Hotel Park Puigcerda - Ctra. Nacional 260 Km,Puigcerdà,Girona,17520,2,21.06,301,N-260,N,False,56.4309352344236
2023003415,61947052800005,41.426254,1.802521,Eess Amat Oil - C-243B,Font-rubí,Barcelona,8739,3,50.0,877,AP-7N,AP,True,709.8864465919462
2023003418,61943050290007,41.32094,1.72214,"Plaça Anselm Clave, 13",Avinyonet del Penedès,Barcelona,8734,3,50.0,877,AP-7N,AP,True,1552.366358281574
2023003421,61924023490002,41.40282,1.997271,"Petromiralles - Sant Vicenç Dels Horts,",Sant Vicenç dels Horts,Barcelona,8620,3,50.0,398,N-340,N,False,144.71421829760718
2023003433,62008004490043,41.54446,2.201665,Parking Parkia - C/ Ronda Dels Pinetons,Mollet del Vallès,Barcelona,8100,1,7.4,874,AP-7N,AP,True,414.36142065362435
2023003434,62020013930005,41.540066,2.209532,"Rambla Nova, 65",Mollet del Vallès,Barcelona,8100,2,10.53,874,AP-7N,AP,True,1122.7468624059368
2023003437,61910009040001,41.626278,0.907859,"Concesionario Servisimó - Av. Europa, 11",Golmés,Lleida,25241,2,50.0,698,A-2,A,True,1861.972279600218
2023003438,61926025270006,41.662636,1.133333,"E.S. Petromiralles  -  Autovía A2, 0. Km 507",Tàrrega,Lleida,25300,3,50.0,698,A-2,A,True,243.65548032916516
2023003442,1583000618,42.26596,2.96378,"Saba Plaza P1036 - 1037 - Pl. De Catalunya,",Figueres,Girona,17600,2,22.0,312,N-2A,N,False,463.3490207020417
2023003447,21XK11T2J03BB02987,41.339073,1.690155,"Avinguda De Tarragona, 92, 08720 Vilafranca",Vilafranca del Penedès,Barcelona,8720,1,22.0,396,N-340,N,False,544.9283597406303
2023003449,20XM32T7KK4AR00030,41.966415,2.78265,"Camí Dels Carlins, 10, 17190 Salt, Girona,",Salt,Girona,17190,3,43.0,872,AP-7N,AP,True,273.92084038430164
2023003465,21XP22T3KK4AM00269,42.295708,2.139885,"Ajuntament De Campelles - Carrer De Dalt,",Campelles,Girona,17534,2,22.0,301,N-260,N,False,1744.3521550155572
2023003466,20XM32T7KK3AR00110,41.446106,1.86621,Hotel Restaurante Can Panyella - Camí Can,Gelida,Barcelona,8790,3,50.0,877,AP-7N,AP,True,78.95536280865952
2023003469,20XP22T3KK4AL01152,42.186142,2.497409,"Consum - Carrer Mossèn Jacint Verdaguer,",Olot,Girona,17800,2,22.0,42,A-26,A,False,1085.2647356836383
2023003470,21XP22T3KK4AM00279,41.967327,2.783767,B&B Hotrel Gerona - C/ De Miquel Martí I,Salt,Girona,17190,2,22.0,872,AP-7N,AP,True,391.9469602543084
2023003472,21XK11T2J03BB02988,41.339073,1.690155,"Avinguda De Tarragona, 92, 08720 Vilafranca",Vilafranca del Penedès,Barcelona,8720,1,22.0,396,N-340,N,False,544.9283597406303
2023003474,61947052800008,42.243736,2.970678,Hotel Restaurant Bon Retorn - Avinguda De,Figueres,Girona,17600,3,50.0,312,N-2A,N,False,61.30282121294698
2023003476,20XM32T8KK3AR00059,40.61361,0.590008,"Miami Sant Carles - Passeig Marítim, 18",Sant Carles de la Ràpita,Tarragona,43540,3,50.0,389,N-340,N,True,1495.7033560535306
2023003481,21XP22T3KKJAK00555,41.972294,2.78724,"Passeig Dels Països Catalans, 192, 17190",Salt,Girona,17190,2,22.0,872,AP-7N,AP,True,752.8532264668505
2023003482,19XP22T3KK4AZ00951,41.600906,2.295992,Hotel Ciutat De Granollers - Carrer Turo,Granollers,Barcelona,8402,2,22.0,873,AP-7N,AP,True,1476.8415363028973
2023003484,19XP22T3KK4AD00504,41.34439,2.105895,"Carrer De La Feixa Llarga, S/N","Hospitalet de Llobregat, L'",Barcelona,8907,2,22.0,701,A-2,A,True,1443.068782187075
2023003497,20XP22T3KK4AL00856,42.186142,2.497409,"Consum - Carrer Mossèn Jacint Verdaguer,",Olot,Girona,17800,2,22.0,42,A-26,A,False,1085.2647356836383
2023003499,62103041270014,41.46499,1.947433,"Mcdonalds - Polígono Industrial ""El Congost""",Martorell,Barcelona,8760,3,50.0,700,A-2,A,True,511.48549450431716
2023003500,12115011670002,41.35379,2.072081,Parking Saba - Carrer De Marcelino Menéndez,Cornellà de Llobregat,Barcelona,8940,2,22.0,701,A-2,A,True,809.4496113855365
2023003501,62103041270007,41.465004,1.947448,"Mcdonalds - Polígono Industrial ""El Congost""",Martorell,Barcelona,8760,3,50.0,700,A-2,A,True,509.80677894612313
2023003503,20XM32T8KK4AR00105,41.651863,1.14741,"Avinguda De Barcelona, 18, 25300 Tàrrega,",Tàrrega,Lleida,25300,3,50.0,698,A-2,A,True,970.4273267413107
2023003507,20XM32T7KK4AR00204,41.967503,2.783601,"B&B Hotel Girona - C/ De Miquel Martí I Pol,",Salt,Girona,17190,3,50.0,872,AP-7N,AP,True,383.62350091462963
2023003509,12115011670001,41.411705,2.017261,"Plaça Del Mercat, 08750 Molins De Rei,",Molins de Rei,Barcelona,8750,2,22.0,398,N-340,N,False,228.2197099010455
2023003512,21XK11T2J03BB02851,41.339073,1.690155,"Avinguda De Tarragona, 92, 08720 Vilafranca",Vilafranca del Penedès,Barcelona,8720,1,22.0,396,N-340,N,False,544.9283597406303
2023003514,20XM32T7KK4AR00202,41.6449,1.136423,"Parking Onze De Septiembre, Plaça Del",Tàrrega,Lleida,25300,3,50.0,698,A-2,A,True,1621.658441332489
2023003516,62020013930013,41.069298,1.065529,Hotel Sol Port Cambrils - Rambla Del,Vinyols i els Arcs,Tarragona,43391,2,22.0,393,N-340,N,False,915.2547404340173
2023003517,21XP22T3KK4AM00281,41.967503,2.783601,"B&B Hotel Gerona - C/ De Miquel Martí I Pol,",Salt,Girona,17190,2,22.0,872,AP-7N,AP,True,383.62350091462963
2023003525,21XP22T3KK4AK00189,41.453182,1.892448,"Bertrandt Ag,Suc Esp - Carrer França, 15,",Castellví de Rosanes,Barcelona,8769,2,22.0,877,AP-7N,AP,True,547.2865128629687
2023003526,21XP22T3KK4AK00188,40.438183,-3.537409,"P.º De Las Flores, 28823 Coslada, Madrid,",Coslada,Madrid,28823,2,22.0,685,A-2,A,True,953.8593955178685
2023003527,62047041180010,41.299328,1.261734,"Passeig President Tarradellas, 43800 Valls,",Valls,Tarragona,43800,3,50.0,989,N-240,N,False,62.94658609755811
2023003529,C6E15BCC21BKAXDEHZ,41.960426,2.8112,"Centro Comercial Mas Gri Parcela 4, C.",Girona,Girona,17003,2,150.0,953,N-2,N,False,1881.9641442384388
2023003531,21XP22T3KKJAK00569,42.370075,1.772786,"Aparthotel Bellver - Carrer De La Batllia,",Bellver de Cerdanya,Lleida,25720,2,22.0,303,N-260,N,False,320.1252567252164
2023003532,62023018540004,41.33486,1.7004,By Energy Vilafranca Del Penedès - Avinguda,Vilafranca del Penedès,Barcelona,8720,3,50.0,396,N-340,N,False,95.4838352860563
2023003539,61828037650002,40.49387,-3.388528,"Calle Isaac Newton, 172, 28806 Alcalá De",Alcalá de Henares,Madrid,28806,3,50.0,685,A-2,A,True,108.34069761118545
2023003540,61922022550003,38.87783,-6.94595,"Ctra. Madrid, 32, 06008 Badajoz, Spagna",Badajoz,Badajoz,6008,3,50.0,1131,N-430,N,False,128.6942112285431
2023003541,20XM32T8KK3AR00028,42.45322,-2.464703,"Mcdonalds - Calle Clavijo 65, 26007,",Logroño,"Rioja, La",26007,3,50.0,195,N-111,N,False,579.0471500984833
2023003546,HYC15021BZ1167A,40.353935,-3.549749,"Mcdonalds - C. Industria, 28522",Rivas-Vaciamadrid,Madrid,28522,2,150.0,46,A-3,A,True,178.3994847998441
2023003547,21XP22T3KKJAK00536,41.45562,1.999187,"Carrer Santa Rita, 4, 08755 Castellbisbal,",Castellbisbal,Barcelona,8755,2,22.0,875,AP-7N,AP,True,281.66693402727185
2023003551,HYC15021BZ1166A,40.538097,-3.623245,"Av. De Rafael Nadal, 3, 28108 Alcobendas,",Alcobendas,Madrid,28108,2,150.0,15,A-1,A,True,712.5339858024915
2023003552,62126022680012,42.230286,2.963316,"Plaça Pol. Industrial Cm5, 27, 17469","Far d'Empordà, El",Girona,17469,3,50.0,954,N-2,N,False,200.4626519095787
2023003553,61936038490012,40.447178,-3.534924,"Restaurante Las Moreras  -  Av. De Aragón,",Madrid,Madrid,28042,2,21.06,685,A-2,A,True,63.27432060706551
2023003554,61923025280005,40.3654,-3.5847,"E.S. Ballenoil - C/ Cerro Del Murmullo, 1",Madrid,Madrid,28051,2,21.06,46,A-3,A,True,220.0196130352051
2023003557,61945049570012,40.37264,-3.72919,Low Cost Repost Carabanchel - Calle Hilario,Madrid,Madrid,28054,2,10.53,761,A-42,A,False,781.8886929522515
2023003560,61951060100001,40.40257,-3.677583,Parking Sacyr Daoiz Y Velarde - Avenida De,Madrid,Madrid,28007,2,10.53,740,A-4,A,False,1375.7846662966272
2023003561,62020013930029,40.490204,-3.666726,Hospital Universitario Hm Sanchinarro -,Madrid,Madrid,28050,2,10.53,14,A-1,A,False,1661.4146244385186
2023003562,61923025280004,40.38348,-3.629674,"E.S. Ballenoil -  Av. Albufera 7 (C G, 17",Madrid,Madrid,28031,2,21.06,46,A-3,A,True,958.504128654842
2023003564,19XP22T3KK4AZ00983,40.27283,-3.694457,Getafe The Style Outlets-Avenida Río,Getafe,Madrid,28906,2,22.0,741,A-4,A,True,310.6406626596802
2023003568,19XP22T3KK4AZ00995,38.08761,-0.953564,Centro Comercial Ociopia-Avenida Obispo,Orihuela,Alicante/Alacant,3300,2,20.4,1065,N-340,N,False,743.276219970265
2023003569,20XM32T8KK3AR00020,36.737743,-3.513338,"Es El Vadillo - Carretera Almeria, 63",Motril,Granada,18600,3,50.0,1062,N-340,N,False,650.3458699650956
2023003570,20XM32T8KK4AR00005,37.159813,-4.124414,Grúas Carrillo - Itv Loja-Calle Salar Vial-B,Huétor Tájar,Granada,18300,3,50.0,830,A-92,A,True,221.55012096296886
2023003571,19XP22T3KK4AZ00978,40.56712,-3.608581,The Style Outlets - Calle Salvador De,San Sebastián de los Reyes,Madrid,28702,2,20.4,232,N-1A,N,False,800.6123081331239
2023003572,20XM32T8KK3AR00006,36.811188,-2.585031,"Bp - Av. De Carlos Iii, 305",Roquetas de Mar,Almería,4720,3,50.0,635,A-7S,A,True,1543.3423940781336
2023003573,20XM32T8KK3AR00045,41.62368,-0.846066,"E.S. Nueva Cartuja - Ctra. Castellón, Km.,",Zaragoza,Zaragoza,50013,3,50.0,119,A-68,A,False,29.055704069162296
2023003574,19XP22T3KK4AZ00948,39.86302,-3.975312,C.C. Luz Del Tajo - Avenida Del Río Boladiez,Toledo,Toledo,45007,2,20.4,761,A-42,A,False,1357.345516003115
2023003575,19XP22T3KK4AZ00976,40.27279,-3.694455,"Av. Río Guadalquivir, 20, 28906 Getafe,",Getafe,Madrid,28906,2,20.4,741,A-4,A,True,310.5428768266091
2023003576,19XP22T3KK4AZ00980,40.440674,-3.53759,"P.º De Las Flores, 48, 28823 Coslada,",Coslada,Madrid,28823,2,22.0,685,A-2,A,True,693.045721480957
2023003578,20XM32T8KK3AR00082,38.971737,-0.169601,"Mcdonals - Avinguda De Blasco Ibáñez, 4",Gandia,Valencia/València,46701,3,50.0,1052,N-337,N,False,306.6221958131169
2023003579,20XP22T3KK4AZ00144,40.567154,-3.608589,San Sebastián De Los Reyes The Style Outlets,San Sebastián de los Reyes,Madrid,28702,2,20.4,232,N-1A,N,False,804.4006945368352
2023003582,19XP22T3KK4AZ00967,37.92561,-6.71509,"Calle Abajo, 1",Galaroza,Huelva,21291,2,22.0,458,N-433,N,True,49.068833990343784
2023003585,61921022560003,43.27624,-1.700864,"E.S. Petromiralles - Pol. Industrial Zalain,",Lesaka,Navarra,31789,3,50.0,611,N-121-A,N,True,50.52925500390288
2023003586,61921022560009,43.20684,-2.034829,"Ctra N-I Salida 445-446 (Pol. Ind. Karrika,",Andoain,Gipuzkoa,20140,3,50.0,657,A-1,A,True,107.08690220246898
2023003587,61922022610005,37.36928,-6.040066,"Avenida Del Aljarafe, 14",Tomares,Sevilla,41940,2,22.0,778,A-49,A,True,1288.7430893705298
2023003589,61922022610009,37.1612,-5.9388,"E.S. Ballenoil - C/ Progreso, 1","Palacios y Villafranca, Los",Sevilla,41720,2,21.06,629,N-4,N,False,315.85783499257695
2023003593,61923022640003,38.010437,-4.376796,"Carretera Madrid-Cádiz, Km 357, 14600",Montoro,Córdoba,14600,3,50.0,746,A-4,A,True,27.22577098629761
2023003599,61943045210001,36.1294,-5.4456,"Parking Ipark - Pl. Ntra. Sra. De La Palma,",Algeciras,Cádiz,11201,2,21.06,407,N-350,N,False,679.2374393070379
2023003600,61943045210003,37.37806,-6.001075,"Avenida De La República Argentina, 21",Sevilla,Sevilla,41011,2,21.06,1245,N-630,N,False,1197.4825588438187
2023003601,61943045210007,37.404835,-6.005465,Parking Insur - C/ Louis Braille,Sevilla,Sevilla,41092,2,21.06,1245,N-630,N,False,1863.9565591342334
2023003602,61945049570014,38.162,-0.8,"Calle Santa Lucía, 7",Catral,Alicante/Alacant,3158,2,22.0,887,AP-7N,AP,False,889.6721488009009
2023003603,61945049570022,37.98403,-0.68426,"Consum - Av. Ronda Ricardo Lafuente Aguado, 6",Torrevieja,Alicante/Alacant,3181,2,3.94,1048,N-332,N,False,308.6486264399732
2023003604,61945049570023,38.139,-0.772,"Calle Club Deportivo Dolores, 1",Dolores,Alicante/Alacant,3150,2,3.49,887,AP-7N,AP,False,1648.337323205162
2023003605,61945052640017,40.943672,-4.120364,"P.º Ezequiel González, 28, 40002 Segovia,",Segovia,Segovia,40002,3,50.0,181,N-110,N,False,1490.5384656650883
2023003606,61946049590011,36.772427,-2.813877,Consum - Reyes Católicos Esquina Granada,"Ejido, El",Almería,4700,2,21.06,635,A-7S,A,True,1319.0494483142684
2023003610,61947052800015,41.67135,-4.725237,"Gasexpress - Avenida De Burgos, 82",Valladolid,Valladolid,47009,3,50.0,83,A-62,A,True,1405.7153289483874
2023003612,61948051050026,38.527187,-0.169893,"Consum - Av. Mariners De La Vilajoiosa, 10","Villajoyosa/Vila Joiosa, la",Alicante/Alacant,3570,2,3.49,364,N-332,N,False,995.8416237490306
2023003613,61949051030027,40.450108,-3.652358,Hospital Vithas Clinsa - Calle De Arturo,Madrid,Madrid,28043,2,10.53,684,A-2,A,False,711.0458925962271
2023003616,61950051040010,40.9467,-5.641833,"Cabardis - Avenida E. Leclerc, 1",Arapiles,Salamanca,37188,2,10.53,798,A-50,A,True,232.62326099102202
2023003620,62009007340014,36.189583,-5.431703,"Cc Bahía Plaza -  P.I. Palmones, N-340","Barrios, Los",Cádiz,11379,2,21.06,5,A-7S,A,True,212.66275096769724
2023003623,62020013930015,40.49024,-3.666817,"C. De Oña, 10, 28050 Madrid, España",Madrid,Madrid,28050,2,10.53,14,A-1,A,False,1661.016616009908
2023003626,61925025260005,39.961124,-4.843849,E.S. Ballenoil - C/ Vicente Leyva S/N,Oropesa,Toledo,45600,3,50.0,477,N-502A,N,False,326.1231575523182
2023003627,61926025270007,36.549007,-4.626799,Ballenoil Fuengirola - Avenida Alcalde,Fuengirola,Málaga,29640,3,50.0,646,A-7S,A,False,189.27035096171255
2023003628,61934038200013,36.75787,-2.80028,"Ee.Ss. Bdmed – C/ Juan De La Cierva, 1","Ejido, El",Almería,4700,3,50.0,635,A-7S,A,True,83.39015638648907
2023003629,61934038200016,40.246407,-3.71059,Las Aves Parque Empresarial - C/ Águilas 16,Pinto,Madrid,28320,3,50.0,741,A-4,A,True,1750.8130593420951
2023003630,61936038490013,40.040047,0.050869,"Gran Av. Jaume I, 227, 12560 Benicàssim,",Benicasim/Benicàssim,Castellón/Castelló,12560,2,6.58,389,N-340,N,True,746.3759206405964
2023003631,61943045210005,38.50884,-1.69813,"C. San Juan De Dios, 10, 02400 Hellín,",Hellín,Albacete,2400,2,5.26,325,N-301,N,False,1526.5713362809843
2023003632,61943050290012,42.101185,0.485232,Restaurante Benabarre  -  Ctra. De Viella N,Benabarre,Huesca,22580,3,50.0,255,N-230,N,True,7.324589864477442
2023003635,61944050300003,40.2913,-4.00284,"C. Cam. De Bastos, 6, 28600 Navalcarnero,",Navalcarnero,Madrid,28600,3,50.0,785,A-5,A,True,716.4526122959261
2023003636,61945049570016,37.380333,-6.083207,"Av. De La Industria, S/N, 41960 Gines,",Gines,Sevilla,41960,2,21.06,778,A-49,A,True,511.2662347363989
2023003644,61947051020034,42.193977,-7.80485,Hotel Oca Vila De Allariz - Camiño De Arnado,Allariz,Ourense,32660,2,10.53,493,N-525,N,False,524.7973764341468
2023003646,61947052800004,42.004864,-4.518477,Vicauto - Polígono Industrial Señora De Los,Palencia,Palencia,34004,3,50.0,94,A-65,A,True,1445.8096034201885
2023003649,61949051030019,40.574802,-5.034003,"Complejo El Carrascal - N-110, Km. 286",Muñana,Ávila,5540,2,10.53,183,N-110,N,False,68.64259347270023
2023003650,62008004490033,40.94506,-4.12003,"Calle De Los Coches, S/N",Segovia,Segovia,40002,1,7.4,181,N-110,N,False,1533.4600382511567
2023003651,62008004490037,40.94503,-4.12,"Calle De Los Coches, S/N",Segovia,Segovia,40002,1,7.4,181,N-110,N,False,1535.4763098160652
2023003652,62009004500020,42.23723,-8.729698,"Parkia - Rúa Da Ribeira Do Berbés, S/N",Vigo,Pontevedra,36202,1,7.4,168,AP-9V,AP,False,1065.4664385722876
2023003653,62009007340016,40.32678,-3.887322,"Calle Ciclista David Gea, S/N",Móstoles,Madrid,28935,2,10.53,785,A-5,A,True,401.62995791236386
2023003654,62009007340031,37.290073,-5.934355,"Mare Hotel - Av. De La Libertad, 11, 41703",Dos Hermanas,Sevilla,41703,2,10.53,627,N-4,N,False,1457.3705627823547
2023003658,61936038160004,37.403103,-6.007027,Parking Centro Universitario San Isidro -  C,Sevilla,Sevilla,41092,2,21.06,1245,N-630,N,False,1632.234972386971
2023003659,61936038160006,37.402977,-6.007249,Parking Centro Universitario San Isidro -  C,Sevilla,Sevilla,41092,2,22.0,1245,N-630,N,False,1611.750598771558
2023003662,61806002140012,37.795815,-1.428612,Repsol - Autovía A7 Km 606 (Dirección,Alhama de Murcia,Murcia,30848,2,21.06,135,A-7,A,True,107.91431256703339
2023003670,61922022610017,37.3783,-6.0293,"E.S. Ballenoil - C/ San Roque, 54",Tomares,Sevilla,41940,2,21.06,778,A-49,A,True,699.0597443461639
2023003674,61923025280002,40.246468,-3.71065,Las Aves Parque Empresarial - C/ Águilas 16,Pinto,Madrid,28320,2,21.06,741,A-4,A,True,1755.749423767557
2023003676,61936038160008,40.246437,-3.71062,Las Aves Parque Empresarial - C/ Águilas 16,Pinto,Madrid,28320,2,21.06,741,A-4,A,True,1753.2811244956745
2023003677,61936038490017,40.040104,0.051032,"Gran Avinguda Jaume I, 227",Benicasim/Benicàssim,Castellón/Castelló,12560,2,5.5,389,N-340,N,True,748.9598154719606
2023003680,61945049570002,42.808887,-0.508251,"Carretera Astún, 7",Aisa,Huesca,22889,2,21.06,1034,N-330A,N,False,1621.6404729833619
2023003690,62003057890006,37.227634,-3.640898,Gasolinera Sur-Oil - C/ Loja Esq. C/ Guadix,Peligros,Granada,18210,1,7.4,830,A-92,A,True,1812.0359861584298
2023003697,62008004490001,36.510143,-4.886452,"Parking Parkia - C/ Huerta Chica, S/N",Marbella,Málaga,29601,1,7.4,0,A-7S,A,True,1015.5538239775306
2023003698,62008004490002,36.840916,-2.458856,Parking Ipark - Av. Federico García Lorca,Almería,Almería,4004,1,7.4,1077,N-340A,N,True,1853.6915584937608
2023003699,62008004490003,36.510117,-4.886482,"Parking Parkia - C/ Huerta Chica, S/N",Marbella,Málaga,29601,1,7.4,0,A-7S,A,True,1017.9058845579802
2023003700,62008004490008,36.614418,-4.503982,"Parking Parkia - Av. Carlota Alessandri, 52",Antequera,Málaga,29620,1,7.4,620,AP-7S,AP,True,1357.4616735126597
2023003701,62008004490009,36.50776,-4.883661,"Parking Parkia - C/ Rafaela Aparicio, S/N,",Marbella,Málaga,29602,1,7.4,0,A-7S,A,True,1325.606769919289
2023003704,62008004490021,39.861443,-4.020664,Parking Parkia Miradero - Calle Gerardo,Toledo,Toledo,45001,1,7.4,761,A-42,A,False,1284.407157738678
2023003705,62008004490023,36.71603,-4.284312,Parking Parkia - Plaza De La Constitución,Rincón de la Victoria,Málaga,29730,1,7.4,642,A-7S,A,True,919.959187305523
2023003707,62008004490027,36.840878,-2.458826,Parking Ipark - Av. Federico García Lorca,Almería,Almería,4004,1,7.4,1077,N-340A,N,True,1855.356561715243
2023003708,62008004490029,43.544025,-5.666602,Parking El Espigón Fomento Parkia - Calle,Gijón,Asturias,33206,1,7.4,1278,N-641,N,True,1753.7948071610085
2023003709,62008004490032,43.461544,-3.805873,Parking Alfonso Xiii Parkia - Plaza Alfonso,Santander,Cantabria,39002,1,7.4,1202,N-611,N,False,1705.7440818802108
2023003710,62008004490040,43.461548,-3.805868,Parking Alfonso Xiii Parkia - Calle Alfonso,Santander,Cantabria,39002,1,7.4,1202,N-611,N,False,1706.2305053766381
2023003711,62009004500001,42.23722,-8.729683,"Parkia - Rúa Da Ribeira Do Berbés, S/N",Vigo,Pontevedra,36202,1,7.4,168,AP-9V,AP,False,1064.1346787505167
2023003712,62009004500004,39.861378,-4.020643,Parking Parkia Miradero - Calle Gerardo,Toledo,Toledo,45001,1,7.4,761,A-42,A,False,1290.5368707866921
2023003713,62009004500017,36.71606,-4.284282,Parking Parkia - Plaza De La Constitución,Rincón de la Victoria,Málaga,29730,1,7.4,642,A-7S,A,True,917.9590877717475
2023003719,62009004500048,37.38697,-6.000878,Parking Parkia - Paseo De Cristobal Colón S/N,Sevilla,Sevilla,41001,1,7.4,1245,N-630,N,False,1171.2647847524813
2023003723,62009004500055,37.386955,-6.000893,Parking Parkia - Paseo De Cristobal Colón S/N,Sevilla,Sevilla,41001,1,7.4,1245,N-630,N,False,1169.9965644356482
2023003725,62009007340005,40.326763,-3.887337,"Calle Ciclista David Gea, 1",Móstoles,Madrid,28935,2,10.53,785,A-5,A,True,401.57801331568766
2023003726,62009007340018,37.998707,-1.138274,C.C Zigzag - Av. Juan Carlos I,Murcia,Murcia,30009,2,21.06,723,A-30,A,True,1004.8383421233021
2023003733,62010011480042,37.37628,-5.919,"Avenida Parsi, 13",Sevilla,Sevilla,41016,1,7.4,827,A-92,A,True,1057.5827469463457
2023003734,62010011480043,42.87348,-8.54304,"Rúa De Ramón Piñeiro, S/N",Santiago de Compostela,"Coruña, A",15702,1,7.4,163,AP-9,AP,True,1775.406513061559
2023003735,62022014300001,40.508575,-3.645133,"Calle Del Camino Del Cura, 10",Alcobendas,Madrid,28109,2,10.53,15,A-1,A,True,1043.8947729150202
2023003737,19XP22T3KK4AZ00947,37.085808,-3.64908,"Hotel Boabdill - A-44, Km 139",Alhendín,Granada,18630,2,20.4,342,N-323A,N,False,192.4823866448607
2023003738,20XP22T3KK4AL00850,42.590584,-5.620235,"Avenida Párroco Pablo Diez, S/N",León,León,24010,2,20.4,211,N-120,N,True,156.5560112591188
2023003739,20XP22T3KK4AL00853,42.590553,-5.620205,"E. Leclerc - Avenida Párroco Pablo Diez, S/N",León,León,24010,2,20.4,211,N-120,N,True,152.37924742947322
2023003741,20XM32T8KK3AR00002,39.86298,-3.97615,Centro Comercial Luz Del Tajo - Avenida Del,Toledo,Toledo,45007,3,50.0,761,A-42,A,False,1310.6900648102028
2023003742,20XM32T8KK3AR00018,42.654915,-2.028333,"Mainate - Calle Merkatondoa, 28",Estella-Lizarra,Navarra,31200,3,50.0,667,A-12,A,False,564.3383906406668
2023003744,20XM32T8KK3AR00068,42.56621,-2.83949,"Es Ruiz Haro - Avenida Logroño, 33",Haro,"Rioja, La",26200,3,50.0,933,N-124,N,False,22.10439190896175
2023003749,61806002140015,37.793808,-1.428134,"Repsol - Autovia A-7, Km 606 (Dirección",Alhama de Murcia,Murcia,30849,2,10.53,135,A-7,A,True,55.96202648811701
2023003755,61921022560005,42.732735,-1.613247,"E.S. Andamur - Av. Del Este, 1",Noáin (Valle de Elorz)/Noain (Elortzibar),Navarra,31119,3,50.0,606,AP-15,AP,True,347.3404721042395
2023003756,61921022560010,42.864063,-2.321557,"Ventorro Kalea, 3",Iruraiz-Gauna,Araba/Álava,1207,3,50.0,652,A-1,A,True,154.20522911977974
2023003757,61922022550006,38.5572,-6.3596,"E.S. Qfuel - C/ Electricistas, 1",Villafranca de los Barros,Badajoz,6220,3,50.0,110,A-66,A,True,295.9199987198227
2023003763,61922022610016,36.189613,-5.431733,"C.C. Bahía Plaza, P.I. Palmones, N-340","Barrios, Los",Cádiz,11379,2,21.06,5,A-7S,A,True,208.55024778897936
2023003770,61923022630003,38.093502,-3.768732,"E.S. Valcarce - Ctra. Madrid - Cádiz, 51",Bailén,Jaén,23710,3,50.0,1012,N-323,N,False,760.9614575214508
2023003771,61923022630004,37.47615,-4.58906,"Restaurante El Cañuelo - Ctra. N-331, Km 60,",Cabra,Córdoba,14940,3,50.0,1038,N-331,N,False,41.47623776779349
2023003777,61925025260002,40.366016,-3.692544,"Ballenoil Orovilla - Avenida De Orovilla, 22",Madrid,Madrid,28041,3,50.0,740,A-4,A,False,1205.2349459030738
2023003778,61925025260003,40.774384,-2.994463,"Hostal Restaurante Liebana - A2, Salida 78,",Espinosa de Henares,Guadalajara,19192,3,50.0,686,A-2,A,True,52.44922966618193
2023003779,61926025270001,37.227634,-3.640769,Gasolinera Sur-Oil - C/ Loja Esq. C/ Guadix,Peligros,Granada,18210,3,50.0,830,A-92,A,True,1818.709964326634
2023003780,61934038150004,36.804363,-2.627285,"Bulevar Ciudad De Vícar, 792",Vícar,Almería,4738,2,10.53,635,A-7S,A,True,797.437662138771
2023003781,61934038200003,40.94296,-0.23132,"Hotel Balfagón - Av. Autonomía Aragonesa, 58",Calanda,Teruel,44570,3,50.0,963,N-211,N,False,79.5681040651499
2023003783,61934038200006,41.24909,-0.06765,E.S. Rincón De La Barca – Carretera A-230,Caspe,Zaragoza,50700,3,50.0,964,N-211,N,False,1124.8573603417763
2023003784,61934038200009,40.27457,-3.760763,"Galp - Km. 16,2, Calle De Pinto",Fuenlabrada,Madrid,28947,3,50.0,761,A-42,A,False,683.8051311455948
2023003785,61934038200010,38.63538,-3.472141,"Hotel Restaurante Santa Cruz - A-4, 217,",Santa Cruz de Mudela,Ciudad Real,13730,3,50.0,745,A-4,A,True,65.9190465387037
2023003787,61934038200018,38.228325,-3.628143,"Carretera Madrid Cadiz Km 275, 23211",Carboneros,Jaén,23211,3,50.0,745,A-4,A,True,98.5439892071685
2023003793,61942049840003,41.65412,-3.698796,"E.S. Valcarce - C/ Vendimia, 2",Aranda de Duero,Burgos,9400,3,50.0,889,N-1,N,False,59.37952550771226
2023003795,61943045210004,39.948383,-0.068425,"Carrer De Joan D'àustria, 30",Almassora,Castellón/Castelló,12550,2,10.53,1088,N-340A,N,False,1081.3514327624334
2023003797,61943050290004,42.076145,-1.642569,"E.S. Bardenas - Pol. Indust. La Serna, C/ B",Tudela,Navarra,31500,3,50.0,118,A-68,A,False,73.66250365953749
2023003798,61943050290006,41.65409,-3.698766,"E.S. Valcarce - C/ Vendimia, 2",Aranda de Duero,Burgos,9400,3,50.0,889,N-1,N,False,57.9495877660626
2023003799,61943050290010,41.332413,-3.634874,"Plaza San Antonio, 7",Boceguillas,Segovia,40560,3,50.0,888,N-1,N,False,61.25129208087664
2023003800,61943050290011,40.33816,-1.10103,"Gasexpress Teruel - Carretera San Julián, 83",Teruel,Teruel,44003,3,50.0,247,N-223,N,False,348.3166132489862
2023003803,61944045370004,40.440235,-3.655057,Parking Ipark - C/ Verdaguer Y García,Madrid,Madrid,28027,2,21.06,684,A-2,A,False,1391.1219268367427
2023003804,61944045370005,37.404865,-6.005495,Parking Insur - C/ Louis Braille,Sevilla,Sevilla,41092,2,21.06,1245,N-630,N,False,1865.8899612754108
2023003805,61944046030011,39.936,-0.095,"Carrer Torrehermosa, 64",Vila-real,Castellón/Castelló,12540,1,6.99,387,N-340,N,False,415.4170224699906
2023003810,61945049570008,40.274517,-3.76083,"Hotel Ciudad De Fuenlabrada - Km. 16,2,",Fuenlabrada,Madrid,28947,2,21.06,761,A-42,A,False,686.2313575893261
2023003813,61945052640001,37.664875,-4.94212,"Hotel Carmen - Av. Carlos Iii, 137","Carlota, La",Córdoba,14100,3,50.0,747,A-4,A,True,543.4829119637692
2023003814,61945052640005,41.43393,-4.666631,"Maxpetrol Mojados - Calle Miguel Pelillo, 19",Mojados,Valladolid,47250,3,50.0,1188,N-601,N,False,49.44870392105349
2023003820,61945055350002,36.492622,-4.714735,Cc Los Olivos - Carretera Conexión A-7 Con,Mijas,Málaga,29649,2,21.06,646,A-7S,A,False,384.00086717264355
2023003829,61946049590013,38.347614,-0.489797,"Ipark S.A. - Calle Poeta Quintana, 33",Alicante/Alacant,Alicante/Alacant,3004,2,10.53,730,A-31,A,True,1860.8977006483708
2023003831,61946052780020,38.432507,-0.397384,"Carrer De Sant Ramon, 125","Campello, el",Alicante/Alacant,3560,3,50.0,363,N-332,N,False,718.9306363880671
2023003832,61946054450001,41.633415,-0.923986,"Gómez Laguna (Cooperativa Taxi), 50012",Zaragoza,Zaragoza,50012,3,50.0,28,A-23,A,False,1587.0073040049197
2023003833,61946054450006,38.53102,-0.172003,Gasexpres - Av. Mariner,"Villajoyosa/Vila Joiosa, la",Alicante/Alacant,3570,3,50.0,364,N-332,N,False,535.514182540166
2023003834,61946054450009,38.464874,-0.785561,E.S. Gasexpress - C/ Médico Federico,Elda,Alicante/Alacant,3600,3,50.0,728,A-31,A,True,711.3671868332383
2023003836,61947051020006,42.193974,-7.804856,Hotel Oca Vila De Allariz - Camiño De Arnado,Allariz,Ourense,32660,2,22.0,493,N-525,N,False,525.3879023526819
2023003838,61947051020023,38.01999,-3.370622,"E.S. Bdmed -  Ctra. Circunvalación, 1",Úbeda,Jaén,23400,2,21.06,731,A-32,A,True,983.8279811242998
2023003841,61947051020038,40.57062,-3.926073,Hospital Torrelodones - Avenida Castillo,Galapagar,Madrid,28250,2,10.53,64,A-6,A,True,247.31478269397473
2023003843,61948051050003,39.471222,-0.419061,"Avinguda Del Sud, 23",Mislata,Valencia/València,46920,2,5.26,53,A-3,A,False,233.50855502422448
2023003844,61948051050005,37.371696,-5.999386,"Colegio San José - Av. Flota De Indias, 12B",Sevilla,Sevilla,41011,2,21.06,1245,N-630,N,False,1345.6558727647684
2023003845,61948051050011,39.679577,-0.271665,"Consum - C/ Los Huertos, 72",Petrés,Valencia/València,46500,2,5.26,386,N-340,N,False,1215.1154515359187
2023003846,61948051050012,39.997208,-0.036524,"Carrer Santa Maria Rosa Molas, 25",Castelló de la Plana,Castellón/Castelló,12004,2,10.53,881,AP-7N,AP,True,1834.744052882795
2023003848,61948051050021,39.977715,-0.046312,"Consum - Avenida Valencia, 48",Castelló de la Plana,Castellón/Castelló,12006,2,5.26,251,N-225,N,False,1590.767379885185
2023003852,61948052810014,40.663963,-4.679452,"Calle Del Río Duero, 11",Ávila,Ávila,5004,3,50.0,430,N-403,N,False,1213.8439645151611
2023003856,61949051030015,40.9467,-5.641833,"Cabardis - Avenida E. Leclerc, 1",Arapiles,Salamanca,37188,2,10.53,798,A-50,A,True,232.62326099102202
2023003858,61949051030018,37.381123,-6.082356,"Av. De La Industria, S/N, 41960 Gines,",Gines,Sevilla,41960,2,21.06,778,A-49,A,True,537.5597507941319
2023003859,61949051030023,40.57062,-3.926073,Hospital Torrelodones - Avenida Castillo,Galapagar,Madrid,28250,2,22.0,64,A-6,A,True,247.31478269397473
2023003861,61949051030046,40.467297,-3.783373,Hospital Vithas Prado De Aravaca - Calle De,Madrid,Madrid,28023,2,21.06,63,A-6,A,True,399.6506360191568
2023003865,62003057890001,37.37433,-5.998711,Calle Virgen De Luján,Sevilla,Sevilla,41011,1,7.4,1245,N-630,N,False,1439.1034616122745
2023003866,62003057890002,37.3747,-5.998281,"Calle Virgen De Luján, S/N",Sevilla,Sevilla,41011,1,7.4,1245,N-630,N,False,1471.255370531396
2023003867,62003057890003,37.378067,-6.00106,"Avenida De La República Argentina, 21",Sevilla,Sevilla,41011,1,7.4,1245,N-630,N,False,1198.7650862255095
2023003871,62005004480009,36.614388,-4.504012,Parking La Carihuela Parkia - Av. Carlota,Antequera,Málaga,29620,1,7.4,620,AP-7S,AP,True,1355.969126538661
2023003877,62008004490005,36.625443,-4.498186,Parking Parkia - C/ Marques De Salamanca,Antequera,Málaga,29620,1,7.4,621,AP-7S,AP,True,1407.180476633856
2023003879,62008004490011,36.745857,-3.514795,Parking Parkia - C/ Cáceres,Motril,Granada,18600,1,7.4,1062,N-340,N,False,1465.8337551299903
2023003881,62008004490016,37.99676,-1.135858,Parking Parkia Los Pinos - Av. Los Pinos Con,Murcia,Murcia,30007,1,7.4,723,A-30,A,True,1076.0550637653844
2023003882,62008004490018,40.967484,-5.669007,"Avenida De Villamayor, 1",Salamanca,Salamanca,37007,1,7.4,1229,N-630,N,False,1204.1905491352145
2023003883,62008004490019,36.745827,-3.514765,Parking Parkia - C / Cáceres,Motril,Granada,18600,1,7.4,1062,N-340,N,False,1463.496594797614
2023003886,62008004490025,38.988476,-3.928243,Parking Parkia - Plaza De La Constitucion,Ciudad Real,Ciudad Real,13003,1,7.4,1145,N-430C,N,False,432.86981070803694
2023003887,62008004490026,40.96969,-5.661587,Parking Campillo Parkia - Plaza Del Campillo,Salamanca,Salamanca,37005,1,7.4,1229,N-630,N,False,1724.1527671268261
2023003888,62008004490030,40.96747,-5.669022,"Avenida De Villamayor, 1",Salamanca,Salamanca,37007,1,7.4,1229,N-630,N,False,1202.2563573404523
2023003890,62008004490031,38.9842,-1.845965,Parking Facultad De Medicina Parkia - Calle,Albacete,Albacete,2008,1,7.4,726,A-31,A,True,1143.647531066712
2023003891,62008004490036,40.96958,-5.661557,Parking Campillo Parkia - Plaza Del Campillo,Salamanca,Salamanca,37002,1,7.4,1229,N-630,N,False,1714.4621824058477
2023003892,62008004490038,40.957363,-5.66565,Avenida De Los Reyes De España,Carbajosa de la Sagrada,Salamanca,37008,1,7.4,1229,N-630,N,False,447.8661605527023
2023003893,62008004490039,40.957333,-5.66562,Avenida De Los Reyes De España,Carbajosa de la Sagrada,Salamanca,37008,1,7.4,1229,N-630,N,False,448.31980730272426
2023003899,62009004500018,38.984135,-1.845947,Parking Facultad De Medicina Parkia - Calle,Albacete,Albacete,2008,1,7.4,726,A-31,A,True,1147.790085473235
2023003910,62009004500040,42.463955,-2.44955,"Avenida Gran Vía Juan Carlos I, 58",Logroño,"Rioja, La",26002,1,7.4,195,N-111,N,False,1235.193452903161
2023003915,62009004500049,38.988174,-3.928213,Parking Parkia - Plaza De La Constitución,Ciudad Real,Ciudad Real,13003,1,7.4,1145,N-430C,N,False,446.39515592244675
2023003919,62009007340034,37.39255,-6.062054,Hospital Vithas Sevilla - Av. Plácido,Valencina de la Concepción,Sevilla,41907,2,21.06,778,A-49,A,True,992.4106952407583
2023003920,62009007340036,37.998734,-1.138294,C.C. Zizag -Avenida Juan Carlos I,Murcia,Murcia,30009,2,21.06,723,A-30,A,True,1004.8392995561678
2023003925,62022014300009,42.2313,-8.713727,Isolux Corsan Aparcamientos - Rúa De,Vigo,Pontevedra,36204,2,10.53,168,AP-9V,AP,False,458.4156410410743
2023003927,62022014300021,40.508606,-3.645163,"Calle Del Camino Del Cura, 10",Alcobendas,Madrid,28109,2,10.53,15,A-1,A,True,1039.752319627317
2023003930,62023018540006,38.126163,-4.900858,Villaharta,Espiel,Córdoba,14210,3,50.0,1154,N-432,N,False,68.91123604415331
2023003931,62008004490010,36.507744,-4.883693,"Parking Parkia - C Rafaela Aparicio, S/N,",Marbella,Málaga,29602,1,7.4,0,A-7S,A,True,1326.6518936754671
2023003934,61926025270008,38.895626,-6.987476,"E.S. Ads  -  C Nevero Quince, 57",Badajoz,Badajoz,6007,3,50.0,794,A-5,A,True,1351.953482556842
2023003935,61944046030009,37.184185,-3.958642,"Carretera De Competa, S/N",Cacín,Granada,18370,2,21.06,830,A-92,A,True,87.82257819021092
2023003936,61944046030010,37.183884,-3.958342,"Carretera De Competa, S/N",Cacín,Granada,18370,2,21.06,830,A-92,A,True,103.55911383633497
2023003937,62009004500008,36.489937,-4.952054,"Calle Ramón Areces, S/N",Marbella,Málaga,29660,2,21.06,2,A-7S,A,False,219.9756722791773
2023003939,20XM32T8KK3AR00048,41.67084,-0.890011,"Grancasa- Calle De María Zambrano, 35",Zaragoza,Zaragoza,50018,3,50.0,355,N-330,N,False,813.9886093856154
2023003940,20XM32T8KK4AR00002,37.77904,-3.756766,Energy Carburantes Llanos Del Valle - Pol.,Jaén,Jaén,23009,3,50.0,1014,N-323,N,False,311.9265769367695
2023003941,61923022630001,43.508545,-5.677949,"Ballenoil Gijón - Avenida Roces, S/N, 33209",Gijón,Asturias,33209,3,50.0,814,A-8,A,True,524.06757558582
2023003942,61923022630002,38.410305,-3.498747,"Restaurante La Teja - E-5, 1489",Viso del Marqués,Ciudad Real,13770,3,50.0,745,A-4,A,True,28.333650948061134
2023003943,61925025260004,40.21,-3.681,"Avenida De Andalucía, 204",Valdemoro,Madrid,28343,3,50.0,741,A-4,A,True,50.944375698332166
2023003949,61946052780008,37.267204,-7.195952,Aten Oil - Calle Transportistas,Lepe,Huelva,21440,3,50.0,1149,N-431,N,False,391.4222336434709
2023003951,61947051020022,40.574833,-5.034033,"Complejo El Carrascal - N-110, Km. 286",Muñana,Ávila,5540,2,10.53,183,N-110,N,False,64.57801270367354
2023003956,61947052800006,39.204227,-2.160749,"Consum - Calle Puerta De Granada, 31","Roda, La",Albacete,2630,3,50.0,322,N-301,N,False,1100.5946104183452
2023003957,61947052800014,37.79497,-0.838388,"Gasexpress San Javier - Calle Mallorca, 21",San Javier,Murcia,30730,3,50.0,887,AP-7N,AP,False,137.51115275770454
2023003959,61949051030005,36.691708,-6.149694,Hospital San Juan Grande - Glorieta Doctor,Jerez de la Frontera,Cádiz,11408,2,10.53,754,A-4,A,True,1782.005886864729
2023003960,61949051030024,36.691677,-6.149664,Hospital San Juan Grande - Glorieta Doctor,Jerez de la Frontera,Cádiz,11408,2,10.53,754,A-4,A,True,1785.640510875587
2023003961,62008004490035,42.887993,-8.534488,"Rúa De Tomiño, 0",Santiago de Compostela,"Coruña, A",15704,1,7.4,163,AP-9,AP,True,1710.2869357907805
2023003962,62009004500007,42.465202,-2.453372,"Avenida Gran Vía Juan Carlos I, 58",Logroño,"Rioja, La",26005,1,7.4,195,N-111,N,False,1242.9550974112744
2023003963,62009004500023,42.887993,-8.534488,"Rúa De Tomiño, 0",Santiago de Compostela,"Coruña, A",15704,1,7.4,163,AP-9,AP,True,1710.2869357907805
2023003964,62009007340021,37.29001,-5.934433,"Mare Hotel - Av. De La Libertad, 11, 41704",Dos Hermanas,Sevilla,41703,2,10.53,627,N-4,N,False,1453.2585098835593
2023003965,62020013930007,43.275738,-2.02397,"C.C. Urbil - Barrio Txiki-Erdi, 7",Usurbil,Gipuzkoa,20170,2,10.53,565,N-634,N,False,229.08215911437406
2023003966,62020013930012,43.27577,-2.024,"C.C. Urbil - Barrio Txiki-Erdi, 7",Usurbil,Gipuzkoa,20170,2,22.0,565,N-634,N,False,225.0481099772295
2023003967,62020013930023,43.2758,-2.02403,"C.C. Urbil - Barrio Txiki-Erdi, 7",Usurbil,Gipuzkoa,20170,2,10.53,565,N-634,N,False,221.229705139857
2023003968,62045039020003,38.03626,-4.038533,"Emu - Avenida De Bruselas, 7",Andújar,Jaén,23740,3,50.0,746,A-4,A,True,67.58572762762512
2023003969,62046040080005,37.28337,-5.932176,"Mcdonals - Calle Dr. Fleming, 41701 Dos",Dos Hermanas,Sevilla,41701,3,50.0,627,N-4,N,False,1995.1116723827558
2023003970,62046040080009,42.590614,-5.620265,"E. Leclerc - Avenida Párroco Pablo Diez, S/N",León,León,24010,3,50.0,211,N-120,N,True,160.63302035489448
2023003971,62047041180011,37.902946,-6.220952,"Gondelcu - Calle Marina Española, Sn",Santa Olalla del Cala,Huelva,21260,3,50.0,1240,N-630,N,False,31.351013876981703
2023003972,62050043020009,38.03238,-4.054892,"Emu - Tr.ª Madrid Cádiz, 23740, Jaén, Spain",Andújar,Jaén,23740,3,50.0,746,A-4,A,True,186.71418909922772
2023003974,61949051030012,37.37348,-6.083981,Hospital San Juan De Dios - Avenida San Juan,Bormujos,Sevilla,41930,2,10.53,778,A-49,A,True,122.03019554131686
2023003976,62022018090044,42.87348,-8.54304,"Rúa De Ramón Piñeiro, S/N",Santiago de Compostela,"Coruña, A",15702,1,7.4,163,AP-9,AP,True,1775.406513061559
2023003979,20XM32T8KK3AR00009,38.849056,-6.93813,E.S. Pedrero Martín Pemar - Carretera,Badajoz,Badajoz,6010,3,50.0,1152,N-432,N,False,31.907499143306573
2023003981,20XM32T8KK3AR00011,37.354095,-6.026959,"Mcdonalds - Avenida De Europa, S/N",San Juan de Aznalfarache,Sevilla,41920,3,50.0,1245,N-630,N,False,1947.5221238664365
2023003982,20XM32T8KK3AR00070,40.312187,-3.486983,"Mcdonalds - Avenida De Madrid, 136",Arganda del Rey,Madrid,28500,3,50.0,46,A-3,A,True,538.1016846549198
2023003989,61945052670008,37.614117,-4.695174,"Hotel Atalaya - Autovía A-45, Km. 27 La","Rambla, La",Córdoba,14540,3,50.0,772,A-45,A,True,213.48778735201952
2023003991,61948051050007,38.63781,-0.868269,"Calle San Isidro, 14",Villena,Alicante/Alacant,3400,2,3.94,728,A-31,A,True,592.7279398036743
2023003992,61948052810002,39.178024,-0.261959,Gasexpress Cullera - Carrer Del Turia 2,Cullera,Valencia/València,46400,3,50.0,372,N-332,N,False,194.576324393654
2023003994,61949051030013,40.373775,-3.695934,"On Rent - Calle De Eduardo Barreiros, 2",Madrid,Madrid,28041,2,5.26,740,A-4,A,False,1008.2668308907299
2023003995,61949051030022,40.373775,-3.695934,"On Rent - Calle De Eduardo Barreiros, 2",Madrid,Madrid,28041,2,5.26,740,A-4,A,False,1008.2668308907299
2023003996,61949051030034,40.373802,-3.695964,"On Rent - Calle De Eduardo Barreiros, 2",Madrid,Madrid,28041,2,5.26,740,A-4,A,False,1007.9479284965257
2023004004,62047041180001,36.730038,-4.443992,"Mcdonalds - Calle Alcalde José Luis Estrada,",Cártama,Málaga,29010,3,50.0,645,A-7S,A,True,1473.7141770269902
2023004005,62047041180003,36.730038,-4.443992,"Mcdonalds - Calle Alcalde José Luis Estrada,",Cártama,Málaga,29010,3,50.0,645,A-7S,A,True,1473.7141770269902
2023004006,62050043020008,37.0266,-4.537524,"Mcdonalds - Avenida Principal, 1",Antequera,Málaga,29200,3,50.0,1043,N-331,N,False,1167.9964516388286
2023004008,61934038200005,38.636032,-3.470986,Restaurante Santa Cruz - Autovia Del Sur,Santa Cruz de Mudela,Ciudad Real,13730,3,50.0,745,A-4,A,True,57.33641154132862
2023004009,61944050300006,37.654736,-1.712332,"Gasexpress - Carretera De Granada, 156",Lorca,Murcia,30800,3,50.0,135,A-7,A,True,546.7890549422966
2023004012,61947052800003,42.43126,-2.28083,Restaurante El Sequero - Ctra.,Agoncillo,"Rioja, La",26160,3,50.0,263,N-232,N,False,75.57774195714298
2023004013,62008004490034,43.544025,-5.666473,Parking El Espigón Parkia - Calle Rodríguez,Gijón,Asturias,33206,1,7.4,1278,N-641,N,True,1761.5672923611635
2023004014,62009004500003,43.552135,-5.937126,Parking Hospital San Agustin Parkia - Camino,Avilés,Asturias,33401,1,7.4,1256,N-632,N,False,303.1024959054066
2023004015,62009004500012,43.537453,-5.660163,"Parking Begoña Centro Gijón - Paseo Begoña, 0",Gijón,Asturias,33205,1,7.4,1279,N-641,N,True,1638.6178568680775
2023004016,62009004500037,43.537617,-5.660131,"P.º Begoña, 33201 Gijón, Asturias, Spain",Gijón,Asturias,33201,1,22.0,1279,N-641,N,True,1651.7872004373594
2023004017,62009007340008,37.30953,-5.977706,"Mare Hotel Isla Menor - Calle Pelay Correa, 4",Dos Hermanas,Sevilla,41703,2,10.53,748,A-4,A,True,478.30530444850103
2023004018,62022014300002,37.30993,-5.978006,"Hotel Mare Isla Menor - Calle Pelay Correa, 4",Dos Hermanas,Sevilla,41703,2,10.53,748,A-4,A,True,455.44718583374663
2023004021,20XM32T8KK4AR00011,42.830063,-1.6861,"Eurocam Pamplona - Calle Soto Aizoáin, 2-176",Ansoáin/Antsoain,Navarra,31013,3,50.0,675,A-15,A,True,748.5292831767656
2023004022,61925025260006,40.629128,-3.997271,"Motor Gómez - Collado Villalba, 28400",Collado Villalba,Madrid,28400,3,50.0,64,A-6,A,True,31.229383033440953
2023004023,61948052810016,41.619473,-4.735722,"Gasexpress Valladolid - Avenida De Zamora, 51",Valladolid,Valladolid,47008,3,50.0,1189,N-601,N,False,830.4313282368795
2023004025,19XM32T8KK3AR00046,43.42717,-3.838602,"C.C. Valle Real - C. Alday, S/N, 39600",Camargo,Cantabria,39600,3,50.0,1265,N-636,N,True,267.2157471614351
2023004027,61943050290005,41.477905,-1.377524,"El Patio De Goya - Avenida De Madrid, 6","Almunia de Doña Godina, La",Zaragoza,50100,3,50.0,689,A-2,A,True,849.5054601216419
2023004031,61948051050009,43.25015,-2.930707,Centro Comercial Miribilla - Santiago De,Arrigorriaga,Bizkaia,48003,2,10.53,150,A-8,A,False,680.5895365506508
2023004033,62020013930006,43.25015,-2.930707,Centro Comercial Miribilla - Santiago De,Arrigorriaga,Bizkaia,48003,2,10.53,150,A-8,A,False,680.5895365506508
2023004036,62022014300042,39.96428,-4.827191,Aparcamientos Ic Talavera - Avenida Pío Xii,Oropesa,Toledo,45600,2,10.53,478,N-502A,N,False,523.9888876537714
2023004040,62047041180008,40.455486,-3.618641,"Avenida De Los Andes, 46",Madrid,Madrid,28042,3,50.0,684,A-2,A,False,648.026404878056
2023004042,62050043020012,40.455486,-3.618622,"Mcdonalds - Avenida De Los Andes, 46, 28042",Madrid,Madrid,28042,3,50.0,684,A-2,A,False,648.0105188832468
2023004043,62051045630002,40.441,-3.64117,"Calle De Arturo Soria, 29",Madrid,Madrid,28027,1,7.4,684,A-2,A,False,876.025191177041
2023004044,62103041270008,42.107555,-0.458078,Parque Tecnológico Walqa - Ctra.,Huesca,Huesca,22197,3,50.0,358,N-330,N,False,104.10742634018219
2023004049,20XM32T8KK3AR00064,37.354115,-6.026989,"Mcdonalds - Avenida De Europa, S/N",San Juan de Aznalfarache,Sevilla,41920,3,50.0,1245,N-630,N,False,1947.1645086329888
2024004996,C6E15BCC21DZNGRWHU,43.4881,-8.202326,"Pol. Ind. Gándara, 0, 15570 Narón, La",Ferrol,"Coruña, A",15406,2,150.0,167,AP-9F,AP,True,1458.5152683262004
2024004997,C9LQ2A2105GZRAFTWE,38.14242,-3.72312,Área De Servicio Andamur Guarromán -,Guarromán,Jaén,23210,2,350.0,745,A-4,A,True,274.49552449839473
2024004998,C9LQ2A2105GFGFULMU,38.142353,-3.723177,Área De Servicio Andamur Guarromán -,Guarromán,Jaén,23210,2,350.0,745,A-4,A,True,276.30868038559436
2024004999,C9LQ2A2105TMQKLTEZ,38.14232,-3.7232,Área De Servicio Andamur Guarromán -,Guarromán,Jaén,23210,2,350.0,745,A-4,A,True,277.60504795221476
2024005000,C9LQ2A2105KXJZYTFC,42.40289,2.878264,Área De Servicio Andamur La Jonquera -,"Jonquera, La",Girona,17709,2,350.0,957,N-2,N,False,81.82882331570232
2024005001,C9LQ2A2105HFTLATSX,42.40292,2.878294,Área De Servicio Andamur La Jonquera -,"Jonquera, La",Girona,17709,2,350.0,957,N-2,N,False,78.60240922125493
2024005002,C9LQ2A2105ULRJGDHN,38.14239,-3.723148,Área De Servicio Andamur Guarromán -,Guarromán,Jaén,23210,2,350.0,745,A-4,A,True,275.12065168872897
2024005003,C9LQ2A2105RPZMBATH,42.40295,2.878324,Área De Servicio Andamur La Jonquera -,"Jonquera, La",Girona,17709,2,350.0,957,N-2,N,False,75.3759972152374
2024005004,C9LQ2A2105QCKSCHGF,42.40298,2.878354,Área De Servicio Andamur La Jonquera -,"Jonquera, La",Girona,17709,2,350.0,957,N-2,N,False,72.14958729710314
2024005005,C6E15BCC21XEEQWQMC,37.89138,-4.75568,"Mcdonalds - Av. De Libia, 13, 14007 Córdoba,",Córdoba,Córdoba,14014,2,150.0,746,A-4,A,True,713.7366812538019
2024005020,C6E15BCC21MVKBZGDQ,43.333588,-4.066431,"Froxa - Av. El Chopo, 4, 39311 Santiago De",Cartes,Cantabria,39311,2,150.0,115,A-67,A,True,1333.0487074576488
2024005021,C6E15BCC21YLFXPHUG,37.666138,-4.940432,"Emu - C. Ing. Juan De La Cierva, 2, 14100 La","Carlota, La",Córdoba,14100,2,150.0,747,A-4,A,True,605.7118284601919
2024005022,C6E15BCC21ARQBAWHU,39.35399,-3.487215,"E.S. Bp Servi - A-4, Madridejos, Toledo,",Camuñas,Toledo,45720,2,150.0,744,A-4,A,True,118.57290638115981
2024005024,HYC15021BZ1165A,40.640602,-4.007598,"Mcdonalds - C/ Amapolas Esq, C. Alejandro",Collado Villalba,Madrid,28400,2,150.0,854,AP-6,AP,True,595.8872975597178
2024005025,C6E15BCC21PGVGCTJK,40.35586,-3.669217,"Calle Eje 3-9, 28053 Madrid, Spain",Madrid,Madrid,28053,2,150.0,741,A-4,A,True,716.7913903137662
2024005026,HYC15021BZ1393A,40.265152,-5.917074,"E.S. Ambroz Melon - N-630, 8, 10740",Aldeanueva del Camino,Cáceres,10740,2,150.0,1231,N-630,N,False,120.2452258491595
2024005027,C6E15BCC21KAPGHAJX,37.378296,-6.082624,"Mcdonalds - Av. Del Trabajo, 49, 41960",Gines,Sevilla,41960,2,150.0,778,A-49,A,True,292.04010180863895
2024005028,C6E15BCC21WPXBDSXA,42.29965,2.93955,"Petromiralles - Ctra, N-Ii, Km 760, 17730",Llers,Girona,17730,2,150.0,956,N-2,N,False,81.52600938987666
2024005030,C6E15BCC21WRHCPAXD,41.18663,1.513698,"Gm Fuel Stations Coma-Ruga - N-340, Km 1187,","Vendrell, El",Tarragona,43880,2,150.0,396,N-340,N,False,62.857320911140775
2024005031,C6E15BCC21CHWDABRJ,36.174812,-5.361,"Ctra. De Las Industrias, 40, 11300 La Línea","Línea de la Concepción, La",Cádiz,11300,2,150.0,409,N-351,N,False,937.6154809108422
2024005032,HYC15021BZ1394A,39.546604,-6.411614,"Ctra. De Caceres - Casar De Caceres, Km 8,",Casar de Cáceres,Cáceres,10190,2,150.0,108,A-66,A,True,657.663263383254
2024005033,HYC15022BZ0465A,39.546604,-6.411614,"Ctra. De Caceres - Casar De Caceres, Km 8,",Casar de Cáceres,Cáceres,10190,2,150.0,108,A-66,A,True,657.663263383254
2024005035,62003057890004,42.31468,2.170948,Hotel Resguard - Mas De Ventaiola S/N,Campelles,Girona,17534,1,7.4,301,N-260,N,False,919.1569078503284
2024005037,61936038160003,41.751648,2.661705,Restaurant Coll Formic - Lugar Barri,Massanes,Girona,17452,2,10.53,873,AP-7N,AP,True,1229.4911419694968
2024005039,61942049840011,41.63322,-0.923577,"Av. Alcalde Gómez Laguna, 151, 50012",Zaragoza,Zaragoza,50012,3,50.0,28,A-23,A,False,1571.8967885314241
2024005041,61947051020011,42.512913,-7.60507,Balneario Oca Augas Santas - Zona Os Baños,Pantón,Lugo,27438,2,10.53,904,N-120A,N,False,444.4670544589354
2024005042,61947051020007,42.51294,-7.60509,Balneario Oca Augas Santas - Zona Os Baños,Pantón,Lugo,27438,2,10.53,904,N-120A,N,False,445.4563681814847
2024005046,62048041880008,37.275314,-4.800368,"Restaurante El Hacho Ii - A-92, Km.113.500",Estepa,Sevilla,41560,3,50.0,828,A-92,A,True,125.26635727297494
2024005047,61943045210002,39.477905,-0.401548,"Carrer De La Vall De La Ballestera, 46",València,Valencia/València,46015,2,10.53,53,A-3,A,False,1690.1360366055205
2024005049,62023018540002,41.63638,-5.798451,Estación De Servicio Losada Montamarta -,Montamarta,Zamora,49149,3,50.0,1224,N-630,N,False,35.591799853959614
2024005050,62046040080006,41.63635,-5.798421,Estación De Servicio Losada Montamarta -,Montamarta,Zamora,49149,3,50.0,1224,N-630,N,False,37.212065189601056
2024005051,20XM32T8KK4AR00012,37.182285,-1.926424,Camping Los Gallardos - N-340A,Bédar,Almería,4288,3,50.0,631,A-7S,A,True,144.03851784199054
2024005053,20XP22T3KK4AL00854,43.42714,-3.838632,"Centro Comercial Valle Real - Calle Alday,",Camargo,Cantabria,39600,2,20.4,1265,N-636,N,True,267.95289281122865
2024005056,20XP22T3KK4AL01122,38.962147,-3.304787,Combustibles La Solana - Polígono 20 Parcela,Membrilla,Ciudad Real,13230,2,20.4,1138,N-430,N,False,34.513529349554126
2024005058,20XP22T3KK4AL01149,39.960392,-4.82223,Aparcamiento Ic Talavera - Av. Castilla La,Oropesa,Toledo,45600,2,22.0,478,N-502A,N,False,274.9976971473728
2024005059,20XP22T3KK4AL01154,39.875526,-4.035649,Apacamiento Ic Toledanos - Plaza Ciudad De,Toledo,Toledo,45005,2,20.4,761,A-42,A,False,1278.0451500303534
2024005060,20XP22T3KK4AL01166,42.10701,-0.459422,Parque Tecnológico Walqa - Ctra.,Huesca,Huesca,22197,2,20.4,358,N-330,N,False,158.87003888965546
2024005061,21XP22T3KK4AL00145,38.1127,-3.09657,"Aten Oil - N-322, Pk 180",Villacarrillo,Jaén,23300,2,20.4,1000,N-322,N,False,20.093817236001964
2024005064,62048041880011,37.38625,-4.508612,Hospital Ciudad De Lucena - Calle,Lucena,Córdoba,14900,3,50.0,772,A-45,A,True,458.3787395932302
2024005068,19XM32T8KK3AR00053,40.3094,-3.480431,"Atenoil - Av. De Madrid, 103, 28500 Arganda",Arganda del Rey,Madrid,28500,3,50.0,46,A-3,A,True,812.7554687548366
2024005069,20XM32T8KK3AR00043,39.06275,-0.538106,"Arrabal Sector El Placita, 20, 46270",Villanueva de Castellón,Valencia/València,46270,3,50.0,129,A-7,A,True,437.34563950972154
2024005070,19XM32T8KK3AR00016,42.029976,-4.322236,"Ayuntamiento De Torquemada - Pl. España, 1,",Torquemada,Palencia,34230,3,50.0,81,A-62,A,True,138.46675798579648
2024005071,62104044710001,38.61436,-0.57757,Energia Y Carburantes - Calle Carmen Martin,Ibi,Alicante/Alacant,3440,3,50.0,130,A-7,A,False,476.4153776736753
2024005072,21XC11M2J03BF04450,40.46022,-3.617739,"C. De La Ribera Del Loira, 60, 28042 Madrid,",Madrid,Madrid,28042,1,7.4,684,A-2,A,False,1172.7949694863044
2024005073,20XM32T8KK3AR00052,43.33845,-1.75422,"Calle Comete Sarea, 2, 20303 Irun, Gipuzkoa,",Irun,Gipuzkoa,20305,3,50.0,612,N-121-A,N,True,33.39303670438036
2024005074,19XM32T8KK3AR00056,42.49943,-1.673145,"Ctra. Zaragoza, Km 38, 31300 Tafalla,",Tafalla,Navarra,31300,3,50.0,908,N-121,N,False,52.74432096967275
2024005075,20XM32T8KK3AR00001,42.49944,-1.673222,"Carr. Zaragoza, Km 38, 31300 Tafalla,",Tafalla,Navarra,31300,3,50.0,908,N-121,N,False,58.47625840336273
2024005077,20XM32T8KK3AR00040,42.889694,-8.52473,Parking Camping As Cancelas - Camping As,Santiago de Compostela,"Coruña, A",15703,3,50.0,163,AP-9,AP,True,1353.545866984183
2024005082,20XP22T3KK4AL01158,37.552807,-6.764238,"Carretera De San Juan Del Puerto, Km 193,3,",Valverde del Camino,Huelva,21600,2,22.0,460,N-435,N,False,88.90295024141861
2024005085,21XP22T3KK4AL00177,36.596176,-4.558585,Hospital Vithas Xanit Internacional,Benalmádena,Málaga,29639,2,22.0,620,AP-7S,AP,True,1013.1049959419048
2024005086,20XM32T8KK4AR00023,38.053272,-0.723753,"E.S. Quesada Gas - C. Vigo, 40, 03170 Cdad.",Formentera del Segura,Alicante/Alacant,3170,3,50.0,887,AP-7N,AP,False,1816.4697507970602
2024005087,20XM32T8KK4AR00073,40.334213,-3.71561,"Low Cost Repost - C. Del Valle De Tobalina,",Madrid,Madrid,28021,3,50.0,761,A-42,A,False,785.3233066147947
2024005088,20XM32T7KK4AR00032,41.67294,-4.725393,"Mcdonalds - C. Menta, 49, 47009 Valladolid,",Valladolid,Valladolid,47009,3,50.0,83,A-62,A,True,1251.5083637047996
2024005089,62018007220040,41.672955,-4.725378,"Mcdonalds - C. Menta, 49, 47009 Valladolid,",Valladolid,Valladolid,47009,1,7.4,83,A-62,A,True,1250.8132173066801
2024005090,62018007220045,41.6719,-4.725655,"Mcdonalds - C. Menta, 49, 47009 Valladolid,",Valladolid,Valladolid,47009,1,7.4,83,A-62,A,True,1335.5848034154417
2024005091,62022018090048,41.673534,-4.724452,"Mcdonalds - C. Menta, 49, 47009 Valladolid,",Valladolid,Valladolid,47009,1,7.4,83,A-62,A,True,1240.333214271606
2024005092,20XP22T3KK4AL00867,41.674427,-4.724281,"Mcdonalds - Calle Menta 49, 47009",Valladolid,Valladolid,47009,2,22.0,83,A-62,A,True,1168.3266770584464
2024005095,20XP22T3KK4AL00847,39.263855,-0.46873,"Consum - Carrèr València, 59, 46230 Alginet,",Alginet,Valencia/València,46230,2,22.0,129,A-7,A,True,803.6369847457913
2024005098,20XM32T8KK4AR00080,39.172516,-3.009502,"Sertyman - Cam. Vereda Socuéllamos, 15,",Tomelloso,Ciudad Real,13700,3,43.0,331,N-310,N,False,409.5758346935074
2024005099,61950051040006,36.429707,-6.148824,"Avila Farzón - Pol. Ind. El Torno, Av. De",Chiclana de la Frontera,Cádiz,11130,2,22.0,777,A-48,A,False,1693.1276792741191
2024005100,20XM32T8KK4AR00008,42.564583,-0.567253,Jaca Multimarca - Avenida Nuestra Señora De,Jaca,Huesca,22700,3,50.0,287,N-240,N,False,25.58431600596314
2024005101,61950051040007,36.42989,-6.148811,"Avila Farzón - Pol. Ind. El Torno, Av. De",Chiclana de la Frontera,Cádiz,11130,2,22.0,777,A-48,A,False,1673.2246263243205
2024005102,62115011370007,42.232243,-8.711587,"Isolux - Praza De Fernando O Católico, 36204",Vigo,Pontevedra,36204,2,22.0,168,AP-9V,AP,False,382.8703958380286
2024005103,62115011370011,42.22257,-8.73497,"Isolux - Travesía Coruña, 7, 36208 Vigo,",Vigo,Pontevedra,36208,2,22.0,810,A-55,A,True,1467.9241166969587
2024005104,62115011370010,42.232903,-8.7206,"Isolux - Rúa De Venezuela, Vigo, Pontevedra,",Vigo,Pontevedra,36203,2,22.0,810,A-55,A,True,467.96654579514876
2024005111,62009004500005,36.489952,-4.952039,"C. Ramón Areces, S/N, 29660 Marbella,",Marbella,Málaga,29660,1,7.4,2,A-7S,A,False,219.9720154190422
2024005112,20XM32T8KK3AR00085,39.863003,-3.976901,Centro Comercial Luz Del Tajo - Av. Del Río,Toledo,Toledo,45007,3,50.0,761,A-42,A,False,1276.3226953145663
2024005122,1590001118,38.342297,-0.493764,"Saba - Calle Castellar, Av. Maisonnave, 5,",Alicante/Alacant,Alicante/Alacant,3003,2,22.0,730,A-31,A,True,1176.3194688174735
2024005123,1590001318,36.48897,-4.953049,"Saba - C. Ribera, 29660 Camino De La Ribera,",Marbella,Málaga,29660,2,22.0,2,A-7S,A,False,221.9486858469312
2024005125,1590001618,36.488983,-4.953034,"Saba - C. Ribera, 29660 Camino De La Ribera,",Marbella,Málaga,29660,2,22.0,2,A-7S,A,False,221.93806316471088
2024005127,61944050300001,40.149128,-0.824358,"A-23, Salida, 81, 44460 Sarrión, Teruel,",Sarrión,Teruel,44460,3,50.0,976,N-234,N,False,80.89070922575446
2024005128,20XM32T8KK4AR00069,37.39333,-3.027261,"E.S. Valcarde Gor - A-92N, Pk 12, 18870 Gor,",Gor,Granada,18870,3,50.0,601,A-92N,A,True,58.302317216783784
2024005129,20XM32T8KK4AR00068,37.393345,-3.027246,"E.S. Valcarde Gor - A-92N, Pk 12, 18870 Gor,",Gor,Granada,18870,3,50.0,601,A-92N,A,True,56.448948607408745
2024005133,20XP22T3KK4AL01106,38.26198,-0.720914,"C.C. L'aljub - Carrer Jacarilla, 7, 03293",Elche/Elx,Alicante/Alacant,3205,2,22.0,1071,N-340,N,False,187.3455193040066
2024005134,20XP22T3KK4AL01112,38.262314,-0.721,"C.C. L'aljub - Carrer Jacarilla, 7, 03205",Elche/Elx,Alicante/Alacant,3205,2,22.0,1071,N-340,N,False,225.16641449626525
2024005135,12044699570001,37.13281,-4.696101,"Cepsa A-92, Km. 138.2, 29531 Humilladero,",Humilladero,Málaga,29531,3,50.0,828,A-92,A,True,9.58903015339166
2024005136,20XM32T8KK3AR00076,40.837032,-1.306684,"Aragonia De Alimentación - Autovía A-23, Km",Caminreal,Teruel,44350,3,50.0,963,N-211,N,False,132.4756856172234
2024005138,21XP22T3KK4AM00317,36.754936,-4.099342,Centro Comercial El Ingenio - Av. Del Rey,Vélez-Málaga,Málaga,29700,2,22.0,642,A-7S,A,True,177.06108864281575
2024005139,20XM32T8KK4AR00065,36.754723,-4.099182,Centro Comercial El Ingenio - Av. Del Rey,Vélez-Málaga,Málaga,29700,3,50.0,642,A-7S,A,True,201.11553299312914
2024005140,21XP22T3KK4AM00304,36.75495,-4.099327,"Av. Del Rey Juan Carlos I, 29700 Velez,",Vélez-Málaga,Málaga,29700,2,22.0,642,A-7S,A,True,175.5493849407927
2024005142,20XM32T8KK4AR00022,39.429363,-0.781944,Benzina Carburantes Bruñol - C. Islas,Buñol,Valencia/València,46360,3,50.0,13,N-3,N,False,323.3519754149579
2024005143,61949051030020,37.906727,-6.826462,"Hotel Sierra Luz - C. Jesus Nazareno, S/N,",Cortegana,Huelva,21230,2,22.0,459,N-433,N,True,1039.3089885931497
2024005144,61922022550001,37.22689,-3.649591,"Emu Albolote - Calle Motril, 243",Albolote,Granada,18220,3,50.0,830,A-92,A,True,1390.7775351499597
2024005145,61926025270002,38.859684,-6.364859,Mérida,Mérida,Badajoz,6800,3,50.0,110,A-66,A,True,132.8070530801728
2024005147,61943050290001,41.7168,-0.851752,"C. P-A, 23, 50820 San Juan De Mozarrifar,",Villanueva de Gállego,Zaragoza,50820,3,50.0,29,A-23,A,True,193.76617679865407
2024005149,61945052640011,41.66097,-4.76665,"Gas Express - Avenida De Gijón, 37C",Zaratán,Valladolid,47610,3,50.0,1191,N-601,N,False,51.2240527294553
2024005150,61945052640015,41.05065,-0.173693,N-232 Km 137,Alcañiz,Teruel,44600,3,50.0,259,N-232,N,False,4.270885958511626
2024005153,61945052670007,38.61591,-1.08408,"Avenida De Juan Carlos I, 51",Yecla,Murcia,30510,3,50.0,1102,N-344,N,False,160.89302987060265
2024005156,62020013930022,38.871174,-6.973202,Parking Plaza Conquistadores - Calle General,Badajoz,Badajoz,6004,2,22.0,1157,N-432A,N,False,1036.3130958451093
2024005157,62022014300018,42.462982,-2.457382,"C. Sta. Justa, 2, 26005 Logroño, La Rioja,",Logroño,"Rioja, La",26005,2,10.53,195,N-111,N,False,956.8374868392042
2024005158,62020013930039,38.871174,-6.973456,Parking Plaza Conquistadores - C. Gral.,Badajoz,Badajoz,6004,2,22.0,1157,N-432A,N,False,1056.5787722219259
2024005160,62023018540001,42.442497,0.070645,"Hotel Residencia De Boltaña - Av. De Ordesa,",Boltaña,Huesca,22340,3,50.0,305,N-260,N,False,48.887820390466906
2024005161,62046040080007,41.7169,-0.851782,"C. P-A, 23, 50820 San Juan De Mozarrifar,",Villanueva de Gállego,Zaragoza,50820,3,50.0,29,A-23,A,True,198.00878874395184
2024005162,62048041880003,37.898666,-4.726566,Eess Cepsa Carburantes Premium - Calle,Córdoba,Córdoba,14014,3,50.0,746,A-4,A,True,528.7816760458684
2024005167,62104044710004,37.663143,-4.931239,E.S. La Lagunilla - Carretera De La Paz Km,"Carlota, La",Córdoba,14100,3,50.0,747,A-4,A,True,1376.0996930325584
2024005168,62104044710017,37.99219,-0.674701,"Avenida De Las Cortes Valencianas, 74",Torrevieja,Alicante/Alacant,3183,3,50.0,1048,N-332,N,False,802.685865911771
2024005170,62108004710008,37.096146,-4.629795,Grupo Merkaeventos - Poligono Ur.I.0 Las,Mollina,Málaga,29532,3,50.0,828,A-92,A,True,130.6562143070646
2024005175,61948052810018,41.61976,-4.727966,"C. Del Arca 7, 47008 Valladolid, Spain",Valladolid,Valladolid,47008,3,50.0,1189,N-601,N,False,283.6447874455016
2024005186,62008004490041,37.996716,-1.135828,Parking Parkia Los Pinos - Avenida De Los,Murcia,Murcia,30009,1,7.4,723,A-30,A,True,1075.863446457091
2024005187,20XM32T8KK4AR00004,36.51966,-4.880822,"C. Ojén, S/N, 29603 Marbella, Málaga, Spain",Marbella,Málaga,29602,3,50.0,0,A-7S,A,True,111.7571324058425
2024005188,20XM32T8KK3AR00007,36.51963,-4.880858,"C. Ojén, 29603 Marbella, Málaga, Spain",Marbella,Málaga,29602,3,50.0,0,A-7S,A,True,114.87563327389009
2024005189,20XM32T8KK3AR00024,43.427155,-3.838617,"Centro Comercial Valle Real - C. Alday, S/N,",Camargo,Cantabria,39600,3,50.0,1265,N-636,N,True,267.57663267110394
2024005191,62022014300023,40.417492,-3.664382,"Parking Magalar - C. Del Marqués De Lozoya,",Madrid,Madrid,28007,2,22.0,45,A-3,A,False,1373.555308898009
2024005196,20XM32T7KK4AR00191,38.981686,-3.909446,"E.S. Puente Del Ave - Calle Einstein, 39,",Ciudad Real,Ciudad Real,13005,3,50.0,759,A-41,A,False,276.4904511817812
2024005197,62022014300022,42.460262,-2.445543,"Av. España, 2, 26003 Logroño, La Rioja, Spain",Logroño,"Rioja, La",26003,2,22.0,195,N-111,N,False,1158.3769205469473
2024005198,21XM32T7KK3AR00034,37.195507,-2.984336,"Autovía A-92, Km 318, 18512 Dólar, Granada,",Dílar,Granada,18512,3,50.0,832,A-92,A,True,180.98666563987757
2024005199,61947051020018,38.861816,-1.088083,"C. Corredera, 134, 02640 Almansa, Albacete,",Almansa,Albacete,2640,2,22.0,1144,N-430A,N,False,477.4703480429793
2024005202,20XM32T8KK3AR00074,38.02172,-4.053623,"C. A, 23747 La Ropera, Jaén, Spain",Andújar,Jaén,23747,3,50.0,746,A-4,A,True,975.3156290243043
2024005205,21XP22T3KK4AM00316,38.116917,-3.080377,"C. Mingo Priego, 2D, 23300 Villacarrillo,",Villacarrillo,Jaén,23300,2,22.0,1000,N-322,N,False,194.51769211050714
2024005220,62009007340024,36.493237,-4.959928,Centro Comercial Centro Plaza - Av De,Marbella,Málaga,29660,2,22.0,2,A-7S,A,False,530.2113784868556
2024005221,62115011370006,40.309658,-3.476425,"C.C. La Póveda - Av. De Madrid, 100, 28500",Arganda del Rey,Madrid,28500,2,22.0,46,A-3,A,True,1107.0759315998896
2024005222,62115011370002,40.30969,-3.476455,"C.C. La Póveda - Av. De Madrid, 100, 28500",Arganda del Rey,Madrid,28500,2,22.0,46,A-3,A,True,1107.062803129431
2024005225,20XP22T3KK4AZ00112,40.36934,-5.744583,"C. Eras, 4, 37710 Candelario, Salamanca,",Candelario,Salamanca,37710,2,22.0,1250,N-630A,N,False,1972.9439691038554
2024005227,62126022680006,36.48845,-4.953784,"C. Ribera, 29660 Camino De La Ribera,",Marbella,Málaga,29660,3,50.0,2,A-7S,A,False,213.80644762734593
2024005229,20XM32T8KK3AR00019,37.984848,-0.679867,"Ronda D. Ricardo Lafuente Aguado, 03183",Torrevieja,Alicante/Alacant,3181,3,50.0,1048,N-332,N,False,552.8174335746106
2024005235,20XM32T8KK3AR00088,43.2954,-1.899182,Gasolinera Urepel - Egiburuberri Pasealekua,Lezo,Gipuzkoa,20100,3,50.0,1287,AP-8,AP,True,190.7113508476713
2024005236,62031026110006,40.367695,-3.588016,"Repsol - C. Alto Del Retiro, Sn, 28051",Madrid,Madrid,28051,3,50.0,46,A-3,A,True,122.93863091130827
2024005237,62104044710012,36.669106,-4.545094,"Mcdonalds - Terreno Ur, 1I, 29130 Alhaurín",Alhaurín de la Torre,Málaga,29130,3,50.0,645,A-7S,A,True,1426.697934708052
2024005240,20XM32T8KK4AR00070,40.618183,-3.279721,"Emu - C. Vega Del Henares, 15, 19209 Quer,",Quer,Guadalajara,19209,3,50.0,334,N-320,N,False,1714.8760038183505
2024005243,20XP22T3KK4AL01113,39.16246,-2.998005,Club Deportivo Tomelloso - Crta,Tomelloso,Ciudad Real,13700,2,22.0,331,N-310,N,False,95.28169253914537
2024005245,20XM32T8KK4AR00085,40.33879,-3.531241,"Atenoil - Av. Aurelio Álvarez,",Rivas-Vaciamadrid,Madrid,28521,3,50.0,46,A-3,A,True,479.79814393859834
2024005251,62022014300030,36.641323,-4.481173,Hotel Barcelo Occidental - P.º De Maritimo,Antequera,Málaga,29620,2,22.0,621,AP-7S,AP,True,1040.7960911942348
2024005254,20XM32T8KK3AR00081,40.462185,-3.638445,"C. De Silvano, 88, 28043 Madrid, Spain",Madrid,Madrid,28043,3,50.0,684,A-2,A,False,1475.3451007466024
2024005255,62020013930019,38.03766,-4.050664,"Parking Andujar - C. Pintor Luis Aldehuela,",Andújar,Jaén,23740,2,22.0,746,A-4,A,True,805.9117423534809
2024005256,21XP22T3KK4AM00287,42.564102,-2.83706,"Hotel Eth Rioja - C. Nogales, 1, 26200 Haro,",Haro,"Rioja, La",26200,2,22.0,933,N-124,N,False,174.34517170751715
2024005258,20XM32T8KK3AR00036,40.354202,-3.549634,"Atenoil Setor - Av. Los Almendros, S/N,",Rivas-Vaciamadrid,Madrid,28522,3,50.0,46,A-3,A,True,204.39343857623615
2024005259,61947051020019,39.162968,-0.24653,"Consum - Caminàs Dels Hòmens, 2, 46400",Cullera,Valencia/València,46400,2,22.0,372,N-332,N,False,1857.7978362588135
2024005263,20XM32T7KK4AR00195,42.56407,-2.83703,"Hotel Eth Rioja - C. Nogales, 1, 26200 Haro,",Haro,"Rioja, La",26200,3,50.0,933,N-124,N,False,176.6555838608271
2024005271,62031026110008,40.37376,-3.695988,"On Rent - C. Eduardo Barreiros, 2A, 28041",Madrid,Madrid,28041,3,50.0,740,A-4,A,False,1012.6836347241107
2024005273,20XM32T8KK3AR00049,42.830082,-1.686101,"Eurocam - Calle Soto Aizoáin 2, 176, 31013",Ansoáin/Antsoain,Navarra,31013,3,50.0,675,A-15,A,True,746.9373319239153
2024005280,21XK11T2J03BB02876,40.664932,-4.680671,"C. Del Río Duero, 47, 05004 Ávila, Spain",Ávila,Ávila,5004,1,7.4,430,N-403,N,False,1099.8980371344753
2024005281,20XP22T3KK4AL00864,40.45767,-3.469599,Parque Comercial On Plaza (C&W) - Av. De La,Torrejón de Ardoz,Madrid,28850,2,22.0,685,A-2,A,True,1024.5977891081939
2024005282,21XK11M2J03BB03789,40.664932,-4.680671,"C. Del Río Duero, 47, 05004 Ávila, Spain",Ávila,Ávila,5004,1,7.4,430,N-403,N,False,1099.8980371344753
2024005283,20XP22T3KK4AL00865,40.45767,-3.469599,Parque Comercial On Plaza (C&W) - Av. De La,Torrejón de Ardoz,Madrid,28850,2,22.0,685,A-2,A,True,1024.5977891081939
2024005284,20XP22T3KK4AL00855,40.45767,-3.469599,Parque Comercial On Plaza (C&W) -Av. De La,Torrejón de Ardoz,Madrid,28850,2,22.0,685,A-2,A,True,1024.5977891081939
2024005285,21XC11M2J03BF05000,40.46022,-3.617739,"C. De La Ribera Del Loira, 60, 28042 Madrid,",Madrid,Madrid,28042,1,7.4,684,A-2,A,False,1172.7949694863044
2024005286,20XP22T3KK4AL00857,40.45767,-3.469599,Parque Comercial On Plaza (C&W) - Av. De La,Torrejón de Ardoz,Madrid,28850,2,22.0,685,A-2,A,True,1024.5977891081939
2024005287,21XK11T2J03BB02958,37.198017,-3.634269,"Calle Maniños, Av. De Andalucía, 112, 18015",Granada,Granada,18014,1,22.0,1156,N-432,N,False,1314.6523895406863
2024005288,20XM32T8KK3AR00030,42.30573,-3.82572,"Beroil Buniel - C. El Marqués, 09230 Buniel,",Buniel,Burgos,9230,3,50.0,81,A-62,A,True,152.307726609083
2024005289,20XP22T3KK4AL01160,39.502934,-2.873123,"Consum - C, Cam. Real Baja, 17, 16630 Mota",Mota del Cuervo,Cuenca,16630,2,22.0,1109,N-420,N,False,1453.2911448437565
2024005290,19XM32T8KK3AR00011,37.61691,-0.98396,"Mcdonalds - Centro Comercial Mandarache,",Cartagena,Murcia,30300,3,50.0,723,A-30,A,True,1505.3406050068654
2024005291,62022014300033,39.479706,-0.444979,"Consum - Carrer Conde De Rodezno, 1, 46930",Quart de Poblet,Valencia/València,46930,2,22.0,53,A-3,A,False,254.1977104090756
2024005301,62021016740063,40.440674,-3.53759,"P.º De Las Flores, 48, 28823 Coslada,",Coslada,Madrid,28823,1,22.0,685,A-2,A,True,693.045721480957
2024005302,21XP22T3KKJAK00558,40.4131,-3.669227,"C. Del Pez Volador, 1, 28007 Madrid, Spain",Madrid,Madrid,28007,2,22.0,45,A-3,A,False,1190.680317633939
2024005305,20XM32T8KK4AR00091,41.42516,-0.495185,"Ayuntamiento De Quinto De Ebro - Pl. España,",Quinto,Zaragoza,50770,3,50.0,259,N-232,N,False,113.70131756780044
2024005311,20XP22T3KK4AL01146,42.57888,-2.851709,"Camping De Haro - Ctra. Vieja De Miranda, 1,",Haro,"Rioja, La",26200,2,22.0,933,N-124,N,False,652.8349319462768
2024005312,62108004710012,39.35473,-3.487565,E.S. Bp Servi A4 - Autovía Del Sur Autovia,Camuñas,Toledo,45720,3,50.0,744,A-4,A,True,102.89440565483831
2024005314,62108004710003,39.35476,-3.487595,E.S. Bp Servi A4 - Autovía Del Sur Autovia,Camuñas,Toledo,45720,3,50.0,744,A-4,A,True,100.98300314579315
2024005318,61926025270004,36.184727,-5.429996,Gacosur Palmones - Pol. Ind. Marismas De,"Barrios, Los",Cádiz,11379,3,50.0,5,A-7S,A,True,652.6150020881222
2024005319,62035026100001,40.37264,-3.72919,Low Cost Repost - C. Hilario Herranz,Madrid,Madrid,28054,3,50.0,761,A-42,A,False,781.8886929522515
2024005322,62022014300036,36.641293,-4.481143,Hotel Barceló Occidental - P.º De Maritimo,Antequera,Málaga,29620,2,22.0,621,AP-7S,AP,True,1044.7271026478027
2024005324,62022014300010,37.327538,-5.966034,Hospital Viamed Santa Ángela De La Cruz -Av.,Sevilla,Sevilla,41014,2,22.0,748,A-4,A,True,1711.4175527459754
2024005325,62145045000003,37.3276,-5.966191,Hospital Viamed Santa Ángela De La Cruz -,Sevilla,Sevilla,41014,2,22.0,748,A-4,A,True,1699.6929187466735
2024005326,62036026120007,40.439693,-3.656697,Parking Verdaguer Y García Ipark - Calle,Madrid,Madrid,28027,3,50.0,684,A-2,A,False,1530.5293991806207
2024005327,62144044900006,39.866676,-4.021592,Aparcamientos Ic Toledanos Ii - Tr.ª Marqués,Toledo,Toledo,45005,1,7.4,761,A-42,A,False,798.2838745065326
2024005328,62022014300008,39.866646,-4.021562,Aparcamientos Ic Toledanos Ii - Tr.ª Marqués,Toledo,Toledo,45005,2,22.0,761,A-42,A,False,799.7626163769974
2024005334,21XM32T7KK3AR00049,42.055267,-6.626758,"C. Venta La Galvana, 16, 49300 Puebla De",Puebla de Sanabria,Zamora,49300,3,50.0,491,N-525,N,False,418.18464837914803
2024005336,21XM32T7KK3AR00051,42.05438,-6.629442,"C. Padre Vicente Salgado, 49300 Puebla De",Puebla de Sanabria,Zamora,49300,3,50.0,491,N-525,N,False,568.5881235509854
2024005337,62003057890005,37.37775,-6.001395,Parking Insur - Av. De La República,Sevilla,Sevilla,41011,1,7.4,1245,N-630,N,False,1171.1422343274473
2024005339,62020013930030,36.159756,-5.346579,"Gestión De Concesiones I - Av. Del Ejército,","Línea de la Concepción, La",Cádiz,11300,2,2.5,409,N-351,N,False,404.2673490456537
2024005340,62020013930036,36.160942,-5.348455,Gestión De Concesiones Ii - Pl. De La,"Línea de la Concepción, La",Cádiz,11300,2,5.0,409,N-351,N,False,527.0637492306535
2024005352,20XM32T8KK3AR00063,38.050144,-0.722258,"Emu Rojales - C. Vigo, 40, 03170 Cdad.",Formentera del Segura,Alicante/Alacant,3170,3,50.0,887,AP-7N,AP,False,1993.2869144905355
2024005353,C6E15BCC21NPUCFKVG,37.375072,-5.909152,"Mcdonalds - C. Palmetillo Tres, 19, 41500",Alcalá de Guadaíra,Sevilla,41500,2,60.0,827,A-92,A,True,865.8851241960448
2024005354,62022014300027,40.489395,-3.875871,C.C El Burgo De Las Rozas - C. Comunidad De,"Rozas de Madrid, Las",Madrid,28231,2,22.0,63,A-6,A,True,754.5082444913165
2024005357,C6E06BCC21DVCEMJZN,38.18487,-3.684292,"Av. De Andalucia, 111, 23210 Guarromán,",Guarromán,Jaén,23210,2,60.0,745,A-4,A,True,421.85564967249053
2024005359,61922022550005,37.460876,-5.656487,"C. Cue De Brenes, 41410 Carmona, Sevilla,",Carmona,Sevilla,41410,3,50.0,1175,N-4A,N,False,1749.3057916160883
2024005361,21XK11T2J03BB02905,42.2914,-3.706975,"Ctra. Madrid-Irún, Km 233, Nave 76 (Antiguas",Burgos,Burgos,9001,1,22.0,19,A-1,A,True,301.5540207927359
2024005363,61946052780011,37.092716,-4.39623,"Hotel Escua - A-7200, Km, 1, 29300",Archidona,Málaga,29300,3,50.0,829,A-92,A,True,1103.9271026988843
2024005370,20XP22T3KK4AL01109,38.590878,-0.058392,"Consum - Carrer San Francesc, 2, 03590",Altea,Alicante/Alacant,3590,2,22.0,884,AP-7N,AP,True,1805.867105865828
2024005371,20XM32T8KK3AR00014,43.4578,-3.858412,"Mcdonalds - C. Julio Jaurena, 6, 39011",Santander,Cantabria,39011,3,50.0,1202,N-611,N,False,682.2775771125349
2024005374,20XM32T8KK3AR00034,43.42568,-3.837261,"Mcdonalds - C. Alday, 39600 Maliaño,",Camargo,Cantabria,39600,3,50.0,1265,N-636,N,True,139.47508122451956
2024005379,21XP22T3KK4AL00155,40.35561,-3.670768,"Calle Eje 3-9, 28053 Madrid, Spain",Madrid,Madrid,28053,2,22.0,741,A-4,A,True,593.3217086616161
2024005381,22XP22T3KK4AK00074,39.27468,-0.3808,"Carrer Holanda, 2, 46430 Sollana, Valencia,",Sollana,Valencia/València,46430,2,22.0,738,A-38,A,False,305.15237108300295
2024005383,61946052780013,40.567574,-3.916911,"Verdecora Torrelodones - Verdecora, Ctra. De",Galapagar,Madrid,28250,3,50.0,64,A-6,A,True,98.26161799099047
2024005385,22XP22T3KK4AK00077,37.999584,-4.455086,"Ayuntamiento De Algallarín - C. Fray Albina,",Adamuz,Córdoba,14439,2,22.0,746,A-4,A,True,1872.5562744286533
2024005386,21XP22T3KKJAK00337,37.974262,-1.2246,Hospital Viamed San José - C. Maestra Lola,Murcia,Murcia,30837,2,22.0,135,A-7,A,True,1941.196436720177
2024005387,19XP22T3KK4AZ00950,37.906597,-4.760329,"Av. Agrupación Córdoba, 19, 14014 Córdoba,",Córdoba,Córdoba,14014,2,22.0,1154,N-432,N,False,625.4681328216343
2024005389,22XP22T3KK4AK00089,40.440674,-3.53759,"P.º De Las Flores, 48, 28823 Coslada,",Coslada,Madrid,28823,2,22.0,685,A-2,A,True,693.045721480957
2024005390,62130031400012,37.657482,-1.706771,"Mcdonalds - Poligono Los Peñotes, C. Antonio",Lorca,Murcia,30800,3,50.0,135,A-7,A,True,850.0569447046037
2024005393,62009004500015,36.533543,-4.624789,"C. Miguel Márquez, 46, 29640 Fuengirola,",Fuengirola,Málaga,29640,1,7.4,646,A-7S,A,False,510.75042153220096
2024005394,62115011370004,36.831833,-2.461311,"Parking Almadrabillas - C. Ángel Jover, 2,",Almería,Almería,4007,2,22.0,1077,N-340A,N,True,1693.7863369060801
2024005395,20XM32T8KK3AR00016,43.24845,-2.90399,"Mcdonalds - Errepide, Bilbao-Galdakao",Bilbao,Bizkaia,48004,3,50.0,566,N-634,N,False,348.4274673407775
2024005397,22XP22T3KK4AK00085,38.23339,-0.546714,"Consum - Avenida De Finlandia, 1, 03130 Port",Santa Pola,Alicante/Alacant,3130,2,22.0,1051,N-332,N,False,382.3658919682519
2024005398,20XP22T3KK4AL01111,38.619915,-0.582075,"Consum - Av. De La Provincia, 3, 03440 Ibi,",Ibi,Alicante/Alacant,3440,2,22.0,130,A-7,A,False,1203.3297599274954
2024005399,20XP22T3KK4AL01115,38.619915,-0.582075,"Consum - Av. De La Provincia, 3, 03440 Ibi,",Ibi,Alicante/Alacant,3440,2,22.0,130,A-7,A,False,1203.3297599274954
2024005400,62028025050001,37.378033,-6.001103,"Av. De La República Argentina, 21, 41011",Sevilla,Sevilla,41011,1,7.4,1245,N-630,N,False,1195.1769960023855
2024005401,20XP22T3KK4AL00845,40.050133,0.067354,"Consum - Calle Torre San Vicente, 4, 12560",Benicasim/Benicàssim,Castellón/Castelló,12560,2,22.0,389,N-340,N,True,780.4707069772716
2024005402,22XP22T3KK4AK00073,42.54272,-2.78494,"Pmbde Briones - C. San Juan, 15, 26330",Briones,"Rioja, La",26330,2,22.0,264,N-232,N,False,140.46814119084144
2024005404,22XP22T3KK4AK00072,40.996014,-4.022842,"Finca El Rancho - Pl. Del Marqués De Lozoya,",Torrecaballeros,Segovia,40160,2,22.0,180,N-110,N,False,100.65243730357726
2024005406,C6E06BCC21FFNNRDQT,38.191967,-1.334798,"Pol. Ind. San Roque, Parcela 2-3, 30540,",Blanca,Murcia,30540,2,60.0,328,N-301,N,False,185.60560735355423
2024005411,21XM32T7KK3AR00048,37.8225,-0.812623,"Mcdonalds - Salida 777, Ap-7 Centro",San Javier,Murcia,30730,3,50.0,887,AP-7N,AP,False,532.6442252639642
2024005412,20XM32T8KK4AR00082,42.834183,-1.666381,"Mcdonalds - Calle Lantzeluze 39, Pa-30, 39,",Ansoáin/Antsoain,Navarra,31013,3,50.0,609,AP-15,AP,True,1958.3502318921194
2024005413,20XM32T8KK4AR00084,42.834167,-1.666352,"Mcdonalds - Calle Lantzeluze 39, Pa-30, 39,",Ansoáin/Antsoain,Navarra,31013,3,50.0,609,AP-15,AP,True,1961.0549391128989
2024005414,21XP22T3KK4AM00006,38.09519,-4.867708,Atenoil Setor - Carretera N-432,Obejo,Córdoba,14310,2,22.0,1154,N-432,N,False,152.00242318303174
2024005416,62022014300025,37.387413,-5.997227,"C. Castelar, 24, 41001 Sevilla, Spain",Sevilla,Sevilla,41001,2,22.0,1245,N-630,N,False,1492.1381995425106
2024005417,61942049840012,40.435886,0.399399,Estación De Servicio Eurofuel - Pol. Ind.,Benicarló,Castellón/Castelló,12580,3,50.0,389,N-340,N,True,688.8790269078318
2024005421,62050043020001,40.025105,-3.617506,"Mcdonalds - C. Del Fresno, 10, 28300",Aranjuez,Madrid,28300,3,50.0,742,A-4,A,True,1610.7950202010898
2024005425,20XM32T8KK4AR00089,42.46131,-2.421373,"Cc Berceo - C. Lérida, 1, 26006 Logroño, La",Logroño,"Rioja, La",26006,3,50.0,670,A-13,A,False,134.58426169423407
2024005426,21XP22T3KK4AM00322,42.46131,-2.421373,"Cc Berceo - C. Lérida, 1, 26006 Logroño, La",Logroño,"Rioja, La",26006,2,22.0,670,A-13,A,False,134.58426169423407
2024005427,62022014300046,38.570164,-0.095225,"Avinguda De La Constitució, 5, 03580 L'alfàs",Benidorm,Alicante/Alacant,3502,2,22.0,366,N-332,N,False,586.5721265809395
2024005429,22XP22T3KK4AK00015,38.2703,-4.32381,Ayuntamiento De Cardeña - C. P.º De,Belmez,Córdoba,14445,2,22.0,1107,N-420,N,False,467.97393871475714
2024005433,19XM32T8KK3AR00015,40.36621,-3.693755,"Av. De Andalucía, 19, 28041 Madrid, Spain",Madrid,Madrid,28041,3,50.0,740,A-4,A,False,1306.664145310611
2024005434,20XM32T8KK3AR00008,42.82372,-2.772644,"Eurocam - Tratado De Paris Kalea, 6 -",Iruña Oka/Iruña de Oca,Araba/Álava,1230,3,50.0,651,A-1,A,True,145.8163241338977
2024005436,20XP22T3KK4AL01110,37.95314,-0.728502,"Consum - C. Rosa, 4, 03189 Orihuela,",Orihuela,Alicante/Alacant,3189,2,22.0,887,AP-7N,AP,False,1225.3471844860067
2024005439,20XM32T7KK3AR00105,42.354828,-3.662424,"Mcdonalds - C. Juan Ramón Jiménez, 1, 09007",Burgos,Burgos,9007,3,50.0,170,N-1,N,False,1016.1451911720668
2024005445,22XP22T3KK4AK00002,36.48484,-4.97775,Globales Cortijo Blanco - Av. José Luis,Marbella,Málaga,29670,2,22.0,2,A-7S,A,False,82.25812876036713
2024005451,21XP22T3KK4AM00022,37.875492,-4.78836,"Av. De Los Custodios, 14004 Córdoba, Spain",Córdoba,Córdoba,14004,2,22.0,782,A-4R2,A,False,1989.001010142625
2024005452,21XP22T3KK4AM00020,37.875492,-4.78836,"Av. De Los Custodios, 14004 Córdoba, Spain",Córdoba,Córdoba,14004,2,22.0,782,A-4R2,A,False,1989.001010142625
2024005455,21XP22T3KK4AL00139,40.343533,-3.809548,"B&B Hotel Madrid Alcorcon - Av. Leganés,",Alcorcón,Madrid,28923,2,22.0,784,A-5,A,True,1669.9092564377434
2024005456,21XP22T3KK4AL00168,40.3437,-3.809518,"B&B Hotel Madrid Alcorcon - Av. Leganés,",Alcorcón,Madrid,28923,2,22.0,784,A-5,A,True,1657.580031080128
2024005458,20XM32T8KK3AR00053,40.582832,-3.576179,"M-100, Km 0, 400, 28709 San Sebastián De Los",San Sebastián de los Reyes,Madrid,28709,3,50.0,16,A-1,A,True,687.7269236340296
2024005460,22XP22T3KKJAK00127,37.195522,-2.984321,"Autovía A-92, Km 318, 18512 Dólar, Granada,",Dílar,Granada,18512,2,22.0,832,A-92,A,True,182.92801583847313
2024005461,20XM32T8KK4AR00025,42.190296,2.196317,"Ronda De Castelladral, 17500 Ripoll, Girona,",Ripoll,Girona,17500,3,50.0,301,N-260,N,False,1776.4265952859257
2024005462,21XP22T3KKJAK00551,41.63916,-0.949512,"C. De Franz Schubert, 2, 50012 Zaragoza,",Zaragoza,Zaragoza,50012,2,11.0,690,A-2,A,True,1571.3119810487103
2024005463,21XP22T3KKJAK00557,41.63913,-0.949482,"C. De Franz Schubert, 2, 50012 Zaragoza,",Zaragoza,Zaragoza,50012,2,22.0,690,A-2,A,True,1575.371836961468
2024005466,20XP22T3KK4AL00868,41.613544,-0.915006,"Cam. De La Fuente De La Junquera, 120, 50019",Zaragoza,Zaragoza,50012,2,22.0,354,N-330,N,False,709.4652737651878
2024005467,C6E06BCC22YCYYBTYR,43.56554,-6.150757,"33150 Cudillero, Asturias, Spain",Cudillero,Asturias,33150,2,60.0,1256,N-632,N,False,1689.84132337929
2024005468,22XP22T3KKJAK00106,43.565575,-6.150712,"33150 Cudillero, Asturias, Spain",Cudillero,Asturias,33150,2,22.0,1256,N-632,N,False,1695.1373948455378
2024005484,22XP22T3KKJAK00131,41.627686,-1.0317056,"N-II, km308, 50197 Zaragoza, Spain",Zaragoza,Zaragoza,50197,2,22.0,689,A-2,A,True,855.8370560550475
2024005483,22XP22T3KK4AK00008,41.627686,-1.0317056,"N-II, km308, 50197 Zaragoza, Spain",Zaragoza,Zaragoza,50197,2,22.0,689,A-2,A,True,855.8370560550475
2024005494,62022014300050,40.489395,-3.875871,C.C El Burgo De Las Rozas - C. Comunidad De,"Rozas de Madrid, Las",Madrid,28231,2,22.0,63,A-6,A,True,754.5082444913165
2024005495,20XM32T8KK3AR00050,41.6709,-0.890002,"Calle De María Zambrano, 35",Zaragoza,Zaragoza,50018,3,50.0,355,N-330,N,False,812.1352030256984
2024005496,C6E06BCC21JJYLAUNY,42.36835,3.157236,"Avinguda Pau Casals, 40, 17490 Llançà,",Llançà,Girona,17490,2,60.0,297,N-260,N,False,312.7693854005725
2024005502,20XM32T8KK3AR00077,43.22994,-2.830192,"Bekea Auzoa, 1A, 48960 Galdakao, Bizkaia,",Galdakao,Bizkaia,48960,3,50.0,149,A-8,A,True,75.52446706380515
2024005505,22XP22T3KKJAK00954,41.33827,-1.222342,"Pl. De Las Almas & C. Rda. Del Muro, 50400",Cariñena,Zaragoza,50400,2,21.0,351,N-330,N,False,227.36928037230206
2024005508,C6E06BCC22ZRBHDPPK,41.3383,-1.222312,"Pl. De Las Almas & C. Rda. Del Muro, 50400",Cariñena,Zaragoza,50400,2,60.0,351,N-330,N,False,224.64682876504503
2024005509,HYC22BZ0340A,39.027493,-5.761394,"6, Carretera N-430, 06700, 06720 Villanueva",Villanueva de la Serena,Badajoz,6718,2,150.0,1132,N-430,N,False,67.48432478034223
2024005510,62230022100018,41.068195,1.061815,"Pl. De La Concòrdia, 29, 43391 Cambrils,",Cambrils,Tarragona,43850,2,22.0,393,N-340,N,False,901.7069569454561
2024005511,22XP22T3KKJAK00005,41.57641,-0.645332,"Ctra. Barcelona, 14, 50174 Villafranca De",Alfajarín,Zaragoza,50172,2,20.0,948,N-2,N,False,40.80650412357465
2024005512,62230022100017,41.068172,1.061812,"Pl. De La Concòrdia, 29, 43391 Cambrils,",Cambrils,Tarragona,43850,2,22.0,393,N-340,N,False,904.141031904403
2024005513,62052045780001,41.493866,-2.536596,"Av. De Soria, 29, 42200 Almazán, Soria, Spain",Almazán,Soria,42200,2,22.0,673,A-15,A,True,772.3068171349395
2024005514,C6E06BCC21ZMZZFYMV,41.493896,-2.536626,"Av. De Soria, 29, 42200 Almazán, Soria, Spain",Almazán,Soria,42200,2,60.0,673,A-15,A,True,770.4990645049322
2024005516,22XP22T3KKJAK00243,43.258705,-2.939577,"Etxaniz Suhiltzailearen Plaza, S/N, 48010",Bilbao,Bizkaia,48010,2,21.0,150,A-8,A,False,1781.6669274757576
2024005517,62104044710011,38.090473,-0.952335,"Av. Constitución, 1, 03300 Orihuela,",Orihuela,Alicante/Alacant,3300,3,50.0,1065,N-340,N,False,487.5049761057334
2024005518,22XP22T3KKJAK00111,41.038136,0.975965,"N-340, Km 1136, 43850 Cambrils, Tarragona,",Mont-roig del Camp,Tarragona,43892,2,11.0,392,N-340,N,False,57.54228338009415
2024005520,C6E06BCC22QYUATFZB,43.258705,-2.939577,Hotel Silken Indautxu Bilbao Etxaniz,Bilbao,Bizkaia,48010,2,60.0,150,A-8,A,False,1781.6669274757576
2024005531,62224021740003,36.742554,-4.09365,"C. Azucena, 29740 Torre Del Mar, Málaga,",Vélez-Málaga,Málaga,29740,3,50.0,642,A-7S,A,True,1568.289665264888
2024005533,62225022070019,36.742332,-4.09343,"C. Azucena, 29740 Torre Del Mar, Málaga,",Vélez-Málaga,Málaga,29740,2,22.0,642,A-7S,A,True,1593.7039877793627
2024005534,62225022070017,36.742393,-4.09349,"C. Azucena, 29740 Torre Del Mar, Málaga,",Vélez-Málaga,Málaga,29740,2,22.0,642,A-7S,A,True,1586.7224277796404
2024005535,61942049840002,39.971523,-0.075763,"Av. De Europa, 226, 12006 Castellón De La",Castelló de la Plana,Castellón/Castelló,12006,3,50.0,251,N-225,N,False,694.1053425524005
2024005536,62225022070020,36.742455,-4.09352,"C. Azucena, 29740 Torre Del Mar, Málaga,",Vélez-Málaga,Málaga,29740,2,22.0,642,A-7S,A,True,1579.7399341149437
2024005538,61942049840001,39.975204,-0.002013,"Av. Dels Germans Bou, 152, 12100 Castelló De","Alcora, l'",Castellón/Castelló,12100,3,50.0,252,N-225,N,False,975.4328590251368
2024005539,22XP22T3KKJAK00081,42.221493,-8.732863,"Pr. De América, 1, 36211 Vigo, Pontevedra,",Vigo,Pontevedra,36211,2,11.0,810,A-55,A,True,1376.7638990422058
2024005540,62225022070018,36.742424,-4.09352,"C. Azucena, 29740 Torre Del Mar, Málaga,",Vélez-Málaga,Málaga,29740,2,22.0,642,A-7S,A,True,1583.1762225554287
2024005541,62225022070016,36.742363,-4.09346,"C. Azucena, 29740 Torre Del Mar, Málaga,",Vélez-Málaga,Málaga,29740,2,22.0,642,A-7S,A,True,1590.1577841783076
2024005542,62020013930033,39.902252,-0.124556,"Polígono Industrial Ull Fondo, Carrer","Alqueries, les/Alquerías del Niño Perdido",Castellón/Castelló,12539,2,22.0,387,N-340,N,False,496.05461622364396
2024005543,62205058050004,39.90216,-0.12432,"Carrer Oroval, 8, 12539 Les Alqueries,","Alqueries, les/Alquerías del Niño Perdido",Castellón/Castelló,12539,3,50.0,387,N-340,N,False,473.4310486760738
2024005548,22XP22T3KKJAK00031,42.221474,-8.732833,"Pr. De América, 1, 36211 Vigo, Pontevedra,",Vigo,Pontevedra,36211,2,11.0,810,A-55,A,True,1375.8637779083322
2024005551,C6E06BCC21JNZJWVLT,37.05176,-4.658064,"Carretera De Antequera, A-384, Km 126, 5,",Antequera,Málaga,29540,2,60.0,603,A-384,A,True,44.660998101285124
2024005558,22XP22T3KKJAK00251,41.988632,2.78892,"Carrer Joeria Petita, 2B, 17007 Girona, Spain",Girona,Girona,17007,2,21.0,872,AP-7N,AP,True,150.0847911794972
2024005559,C6E06BCC22TYSSWGST,38.88279,-6.993751,"Av. De Elvas, S/N, 06006 Badajoz, Spain",Badajoz,Badajoz,6006,2,60.0,794,A-5,A,True,1730.909482216293
2024005561,62242045710005,38.88276,-6.993721,"Av. De Elvas, S/N, 06006 Badajoz, Spain",Badajoz,Badajoz,6006,2,22.0,794,A-5,A,True,1735.0876150619488
2024005562,62225021770001,42.059563,-1.630827,"Carretera De Corella, S/N, 31500 Tudela,",Tudela,Navarra,31500,3,50.0,118,A-68,A,False,77.71165099183929
2024005564,62225021770003,42.059563,-1.630827,"Carretera De Corella, S/N, 31500 Tudela,",Tudela,Navarra,31500,3,50.0,118,A-68,A,False,77.71165099183929
2024005568,22XP22T3KKJAK00307,37.407997,-5.951447,"Polígono Industrial Calonge, C. Aviación,",Sevilla,Sevilla,41007,2,21.0,747,A-4,A,True,256.3384380820518
2024005569,22XP22T3KKJAK00300,37.407997,-5.951447,"Polígono Industrial Calonge, C. Aviación,",Sevilla,Sevilla,41007,2,21.0,747,A-4,A,True,256.3384380820518
2024005572,22XP22T3KKJAK00014,41.473686,-1.473531,"C. Barranco Eras, 50260 Morata De Jalón,",Morata de Jalón,Zaragoza,50260,2,21.0,689,A-2,A,True,924.681986985974
2024005574,62022014300015,40.990242,0.929244,"Carrer Muelle Ribera-H, 43890 L'hospitalet",Vandellòs i l'Hospitalet de l'Infant,Tarragona,43890,2,22.0,391,N-340,N,False,1490.2844882018899
2024005575,62115011370012,40.99024,0.929253,"Carrer Muelle Ribera-H, 43890 L'hospitalet",Vandellòs i l'Hospitalet de l'Infant,Tarragona,43890,2,22.0,391,N-340,N,False,1491.0539320586036
2024005577,22XP22T3KKJAK00032,43.405933,-5.789941,"Salida, As-17, 24, 33429 Viella, Asturias,",Siero,Asturias,33429,2,21.0,95,A-66,A,True,669.2439978637362
2024005578,C6E06BCC22QDUNYSHG,43.405964,-5.789971,"As-17, 24, 33429 Viella, Asturias, Spain",Siero,Asturias,33429,2,60.0,95,A-66,A,True,666.8084517727513
2024005579,2112120169,37.52293,-5.157359,"41409 Villanueva Del Rey, Sevilla, Spain",Écija,Sevilla,41409,2,150.0,747,A-4,A,True,96.94940863458044
2024005580,2112240157,37.52302,-5.157359,"41409 Villanueva Del Rey, Sevilla, Spain",Écija,Sevilla,41409,2,150.0,747,A-4,A,True,106.8783325397467
2024005581,2112101343,37.523113,-5.157358,"41409 Villanueva Del Rey, Sevilla, Spain",Écija,Sevilla,41409,2,150.0,747,A-4,A,True,117.12851198044142
2024005586,C6E06BCC21QHBBDYVT,41.988663,2.78895,"Carrer Joeria Petita, 2B, 17007 Girona, Spain",Girona,Girona,17007,2,60.0,872,AP-7N,AP,True,149.60849266301508
2024005587,23XP22T3KKJCK00855,38.279163,-0.719912,"Carrer Almansa, 62, 03206 Carrus, Alicante,",Elche/Elx,Alicante/Alacant,3205,2,21.0,133,A-7,A,True,712.6502562121498
2024005588,23XP22T3KKJCK00862,41.038128,0.975966,"Playa Montroig Camping Resort, N-340, Km",Mont-roig del Camp,Tarragona,43892,2,11.0,392,N-340,N,False,58.32918247979125
2024005591,22XP22T3KKJAK00263,41.344765,2.104232,"Carrer De La Feixa Llarga, S/N, 08907","Hospitalet de Llobregat, L'",Barcelona,8907,2,11.0,701,A-2,A,True,1302.8070899798938
2024005595,23XP22T3KKJCK00866,42.197956,2.192796,"Carrer Macià Bonaplata, 8, 17500 Ripoll,",Ripoll,Girona,17500,2,21.0,301,N-260,N,False,980.8566102554364
2024005597,C6E06BCC21RQJQRQBR,39.035137,-4.187645,"Polígono Industrial La Pajarilla, 16,",Piedrabuena,Ciudad Real,13100,2,60.0,1132,N-430,N,False,504.36468570773894
2024005599,22XP22T3KKJAK00178,40.46289,-3.784403,"C. De Pleyades, 25, 28023 Madrid, Spain",Madrid,Madrid,28023,2,11.0,63,A-6,A,True,97.21942353139573
2024005600,22XP22T3KKJAK00180,40.46292,-3.784433,"C. De Pleyades, 25, 28023 Madrid, Spain",Madrid,Madrid,28023,2,11.0,63,A-6,A,True,94.43756127048857
2024005601,61934038200015,36.98503,-5.935856,"C. Blas Infante, 37, 41730 Las Cabezas De","Cabezas de San Juan, Las",Sevilla,41730,3,50.0,844,AP-4,AP,True,805.0538622314034
2024005602,22XP22T3KKJAK00223,40.462982,-3.784493,"C. De Pleyades, 25, 28023 Madrid, Spain",Madrid,Madrid,28023,2,11.0,63,A-6,A,True,88.6559253808078
2024005603,2108100115,36.76458,-2.98567,"Carretera Adra Berja, 0 S N, 04770 Adra,",Adra,Almería,4770,2,150.0,635,A-7S,A,True,191.23589193727796
2024005605,2108100062,41.498074,2.072937,"Hotel B&B Sant Cugat - Camí De Can Camps,",Sant Cugat del Vallès,Barcelona,8174,2,150.0,875,AP-7N,AP,True,1045.8001696013955
2024005606,C6E06BCC22WEXPLZRE,41.57644,-0.645362,"Ctra. Barcelona, 14, 50172 Villafranca De",Alfajarín,Zaragoza,50172,2,60.0,948,N-2,N,False,41.65902836649752
2024005607,2110260782,36.764664,-2.985569,"Carretera Adra Berja, 0 S N, 04770 Adra,",Adra,Almería,4770,2,150.0,635,A-7S,A,True,189.19917206647514
2024005609,2110260771,36.76454,-2.985728,"Carretera Adra Berja, 0 S N, 04770 Adra,",Adra,Almería,4770,2,150.0,635,A-7S,A,True,191.6916163867969
2024005610,2108100107,36.76462,-2.985624,"Carretera Adra Berja, 0 S N, 04770 Adra,",Adra,Almería,4770,2,150.0,635,A-7S,A,True,190.13906380236654
2024005614,23XC11M2J03DB00137,41.472534,2.079477,"Av. Lluís Companys I Jover, 31, 08172 Sant",Sant Cugat del Vallès,Barcelona,8172,1,6.0,875,AP-7N,AP,True,1705.000810430795
2024005615,23XC11M2J03DB00135,41.472565,2.079507,"Av. Lluís Companys I Jover, 31, 08172 Sant",Sant Cugat del Vallès,Barcelona,8172,1,6.0,875,AP-7N,AP,True,1701.6199374819187
2024005616,23XC11M2J03DB00130,41.472595,2.079537,"Av. Lluís Companys I Jover, 31, 08172 Sant",Sant Cugat del Vallès,Barcelona,8172,1,6.0,875,AP-7N,AP,True,1698.3542672296294
2024005619,C6E15BCC22HCWNJPHL,39.90518,-4.017429,"Cm-4003, S/N, 45003 Toledo, Spain",Toledo,Toledo,45003,2,150.0,761,A-42,A,False,342.3931492099665
2024005621,62020013930037,40.400635,-3.67426,Parking Los Nogales Pacífico - C. Cerro De,Madrid,Madrid,28007,2,22.0,740,A-4,A,False,1225.371701562471
2024005622,C6E15BCC21PHBNBYLB,40.9303,-4.110429,"C. Peñalara, 6, 40006 Segovia, Spain",Segovia,Segovia,40006,2,150.0,857,AP-61,AP,False,734.6146090443348
2024005623,22XP22T3KK4AK00031,39.90503,-4.017392,"Cm-4003, S/N, 45003 Toledo, Spain",Toledo,Toledo,45003,2,21.0,761,A-42,A,False,333.13017766508085
2024005624,22XP22T3KKJAK00154,42.06069,-1.60763,"Ac Hotel Ciudad De Tudela - C. Misericordia,",Tudela,Navarra,31500,2,21.0,118,A-68,A,False,1647.156144978191
2024005625,C6E15BCC22GDTERDWQ,39.90518,-4.017429,"Cm-4003, S/N, 45003 Toledo, Spain",Toledo,Toledo,45003,2,150.0,761,A-42,A,False,342.3931492099665
2024005626,61944050300008,43.35438,-5.125272,"C. Picos De Europa, 3, 33550 Cangas De Onís,",Cangas de Onís,Asturias,33550,3,50.0,558,N-625,N,False,631.5211276624796
2024005627,22XP22T3KK4AK00030,39.905,-4.01739,"Cm-4003, S/N, 45003 Toledo, Spain",Toledo,Toledo,45003,2,21.0,761,A-42,A,False,331.70444944255854
2024005629,22XP22T3KKJAK00161,42.060673,-1.6076,"Ac Hotel Ciudad De Tudela - C. Misericordia,",Tudela,Navarra,31500,2,11.0,118,A-68,A,False,1648.3777114631018
2024005630,62230022100025,40.48999,-3.876488,"C. Comunidad De Madrid, 37, 41, 28231 Las","Rozas de Madrid, Las",Madrid,28231,2,22.0,63,A-6,A,True,778.4124865512517
2024005632,62048041880010,43.341362,-1.790538,"Iparralde Hiribidea, 11, 20302 Irun,",Irun,Gipuzkoa,20302,3,50.0,1286,AP-8,AP,True,1112.7657981738043
2024005633,62230022100026,40.48996,-3.876458,"C. Comunidad De Madrid, 37, 41, 28231 Las","Rozas de Madrid, Las",Madrid,28231,2,22.0,63,A-6,A,True,777.276017555444
2024005634,C6E06BCC22YHFMFXGG,40.6351,-3.172785,"Av. Del Ejército, 6, 19004 Guadalajara, Spain",Guadalajara,Guadalajara,19004,2,60.0,685,A-2,A,True,983.6453282516143
2024005635,62230022100028,40.48993,-3.876428,"C. Comunidad De Madrid, 37, 41, 28231 Las","Rozas de Madrid, Las",Madrid,28231,2,22.0,63,A-6,A,True,776.139546110709
2024005636,22XP22T3KKJAK00108,40.63507,-3.172755,"Av. Del Ejército, 6, 19004 Guadalajara, Spain",Guadalajara,Guadalajara,19004,2,21.0,685,A-2,A,True,981.5030495321153
2024005637,62225022070002,40.417374,-3.66527,"C. Del Marqués De Lozoya, S/N, 28007 Madrid,",Madrid,Madrid,28007,2,22.0,45,A-3,A,False,1388.8917947311324
2024005638,62225022070004,40.417374,-3.66527,"C. Del Marqués De Lozoya, S/N, 28007 Madrid,",Madrid,Madrid,28007,2,22.0,45,A-3,A,False,1388.8917947311324
2024005639,62225022070003,40.417374,-3.66527,"C. Del Marqués De Lozoya, S/N, 28007 Madrid,",Madrid,Madrid,28007,2,22.0,45,A-3,A,False,1388.8917947311324
2024005640,62047041180017,42.407925,0.395056,"Hotel Cotiella - C. San Antonio, 3, 22450",Campo,Huesca,22450,3,50.0,305,N-260,N,False,52.52095913212853
2024005643,2112240163,37.52284,-5.157359,"41409 Villanueva Del Rey, Sevilla, Spain",Écija,Sevilla,41409,2,150.0,747,A-4,A,True,87.02048481873204
2024005645,62230022100007,38.96264,-2.744697,"Pl. Constitución, 1, 02611 Ossa De Montiel,",Ossa de Montiel,Albacete,2611,2,22.0,1141,N-430A,N,False,1159.0109317181589
2024005647,SN2207271655,38.96264,-2.744697,"Pl. Constitución, 1, 02611 Ossa De Montiel,",Ossa de Montiel,Albacete,2611,3,60.0,1141,N-430A,N,False,1159.0109317181589
2024005649,62224021740007,43.536858,-5.675008,Hotel Silken Ciudad De Gijón - Calle,Gijón,Asturias,33207,3,50.0,1279,N-641,N,True,714.6400779369999
2024005651,21XP22T3KK4AL00133,40.545574,-3.895673,"C. Perú, 2, 28290 Las Rozas De Madrid,","Rozas de Madrid, Las",Madrid,28290,2,21.0,64,A-6,A,True,104.10703936607061
2024005652,21XP22T3KK4AL00131,40.545612,-3.895981,"C. Perú, 2, 28290 Las Rozas De Madrid,","Rozas de Madrid, Las",Madrid,28290,2,21.0,64,A-6,A,True,127.1432219722912
2024005653,C6E06BCC21ULDBDHWF,40.54558,-3.895951,"C. Perú, 2, 28290 Las Rozas De Madrid,","Rozas de Madrid, Las",Madrid,28290,2,60.0,64,A-6,A,True,125.98079416989387
2024005656,2112240162,42.752377,-0.51557,"C. Valle Del Aspe, 4, 22880",Canfranc,Huesca,22880,2,150.0,1034,N-330A,N,False,43.20465871625148
2024005657,22XP22T3KKJAK00006,42.75243,-0.515603,"C. Valle Del Aspe, 4, 22880",Canfranc,Huesca,22880,2,21.0,1034,N-330A,N,False,47.17171529339649
2024005658,C6E06BCC21TZCCUCVQ,37.57366,-4.650703,"Av. De Málaga, 30, 14550 Montilla, Córdoba,",Montilla,Córdoba,14550,2,60.0,1037,N-331,N,False,334.570182324706
2024005659,C6E06BCC22HZVDRZMD,43.3879,-4.398196,"P.º De La Barquera, 5, 39540 San Vicente De",San Vicente de la Barquera,Cantabria,39540,2,60.0,574,N-634,N,False,100.04797116069354
2024005660,22XP22T3KKJAK00245,43.38797,-4.398296,"P.º De La Barquera, 5, 39540 San Vicente De",San Vicente de la Barquera,Cantabria,39540,2,21.0,574,N-634,N,False,102.05798097127166
2024005661,22XP22T3KKJAK00269,43.38792,-4.398216,"P.º De La Barquera, 5, 39540 San Vicente De",San Vicente de la Barquera,Cantabria,39540,2,21.0,574,N-634,N,False,100.89853508050994
2024005662,C6E06BCC22YSAVUVUV,38.07353,-1.199389,"Carr. De Molina A Fortuna, S/N, 30500 Molina",Molina de Segura,Murcia,30506,2,60.0,55,A-30,A,True,293.1578215711796
2024005665,HYC21BZ1390A,43.28093,-2.016428,Mcdonalds - San Sebastián - Fernando Mugica,Donostia/San Sebastián,Gipuzkoa,20018,2,150.0,565,N-634,N,False,169.20940013312332
2024005666,21XM32T7KK3AR00028,43.21111,-2.785833,"Lugar Barrio Pozueta, 12H, 48330 Lemoa,",Lemoa,Bizkaia,48330,3,50.0,289,N-240,N,False,35.718099959274255
2024005677,62130031400015,42.86398,-2.32148,"Ventorro Kalea, 3, 01207, Araba, Spain",Iruraiz-Gauna,Araba/Álava,1207,3,50.0,652,A-1,A,True,165.32611481134765
2024005682,23XP22T3KKJCK00829,37.27477,-4.4885,"C. Cruz, 4, 14913 Encinas Reales, Córdoba,",Encinas Reales,Córdoba,14913,2,21.0,1039,N-331,N,False,63.29603282600833
2024005685,23XP22T3KKJCK00839,37.57363,-4.650403,"Av. De Málaga, 30, 14550 Montilla, Córdoba,",Montilla,Córdoba,14550,2,21.0,1037,N-331,N,False,352.08599281075954
2024005688,22XP22T3QQ1AN01083,39.86232,-3.97524,"Av. Del Río Boladiez, 45007 Toledo, Spain",Toledo,Toledo,45007,2,21.0,761,A-42,A,False,1300.9608456150288
2024005689,SN2207200024,37.402622,-6.005352,"C. Charles Darwin, 1, 41092 Sevilla, Spain",Sevilla,Sevilla,41092,3,60.0,1245,N-630,N,False,1648.2378342821792
2024005699,SN2210060695,39.862354,-3.975258,"Av. Del Río Boladiez, 45007 Toledo, Spain",Toledo,Toledo,45007,3,60.0,761,A-42,A,False,1302.886881639497
2024005703,21XP22T3KKJAK00597,39.473972,-6.398588,"C. Manuel Pacheco, 4, 10005 Cáceres, Spain",Cáceres,Cáceres,10005,2,21.0,1235,N-630,N,False,54.314390234376596
2024005712,23XP22T3KKJCK00883,36.564713,-4.601144,"Av. Carvajal, 2, 29640 Fuengirola, Málaga,",Fuengirola,Málaga,29640,2,20.0,620,AP-7S,AP,True,1731.6313228743074
2024005722,C6E06BCC22TTYWTAUJ,42.42841,-6.990223,"Vila Do Castro, 32318 El Barco De","Barco de Valdeorras, O",Ourense,32314,2,60.0,215,N-120,N,False,233.1646841489583
2024005726,61944050300007,42.01426,-4.520449,"Av. De Cuba, 27, 34004 Palencia, Spain",Palencia,Palencia,34003,3,50.0,94,A-65,A,True,1097.7310009037803
2024005727,C6E15BCC22BUCEZPGC,38.093063,-3.640412,"Pl. Aníbal E Himilce, 3, 23700 Linares,",Linares,Jaén,23700,2,150.0,996,N-322,N,False,1271.8285606358097
2024005730,C6E15BCC22DDCMLRCH,38.093094,-3.640442,"Pl. Aníbal E Himilce, 3, 23700 Linares,",Linares,Jaén,23700,2,150.0,996,N-322,N,False,1273.34166920548
2024005738,SN2112240159,43.31329,-1.876663,"Carretera N-1 Km., 469, Lintzirin, 20180",Oiartzun,Gipuzkoa,20180,2,150.0,1287,AP-8,AP,True,331.9045699211394
2024005739,C6E15BCC22AYKMGJGY,40.451183,-3.447895,"Av. Claudio Coello, 28850 Torrejón De Ardoz,",Torrejón de Ardoz,Madrid,28850,2,150.0,685,A-2,A,True,1736.7000438003572
2024005741,22XP22T3KKJAK00260,40.45123,-3.448398,"Av. Claudio Coello, 28850 Torrejón De Ardoz,",Torrejón de Ardoz,Madrid,28850,2,11.0,685,A-2,A,True,1727.7747908684994
2024005742,22XP22T3KK4AK00005,38.016953,-4.381176,"Av. Andalucía, 3, 14600 Montoro, Córdoba,",Montoro,Córdoba,14600,2,21.0,746,A-4,A,True,807.576107979462
2024005743,22XP22T3KKJAK00280,42.42841,-6.990223,"Vila Do Castro, 32318 El Barco De","Barco de Valdeorras, O",Ourense,32314,2,21.0,215,N-120,N,False,233.1646841489583
2024005744,22XP22T3KKJAK00086,42.751392,-0.514231,"C. Huesca, 22880 Canfranc-Estación, Huesca,",Canfranc,Huesca,22880,2,11.0,1034,N-330A,N,False,88.39336489626248
2024005760,C6E06BCC22MUPJJNNE,41.552902,0.707321,"L-702, 10, 25150 Artesa De Lleida, Lérida,",Artesa de Lleida,Lleida,25150,2,60.0,841,AP-2,AP,True,1493.1660483938276
2024005761,C9LQ2A2203BSVEZGVG,39.88183,-2.6655,"Ctra. Madrid Valencia, Km 116, 16440",Montalbo,Cuenca,16440,2,350.0,49,A-3,A,True,594.361293203186
2024005762,C9LQ2A2203FEBYRFMK,39.881874,-2.665506,"Ctra. Madrid Valencia, Km 116, 16440",Montalbo,Cuenca,16440,2,350.0,49,A-3,A,True,590.1779390395282
2024005763,C9LQ2A2203MTSXEKED,39.88196,-2.665708,"Ctra. Madrid Valencia, Km 116, 16440",Montalbo,Cuenca,16440,2,350.0,49,A-3,A,True,588.5131142957447
2024005764,C9LQ2A2203JLHUZBJJ,39.881947,-2.665634,"Ctra. Madrid Valencia, Km 116, 16440",Montalbo,Cuenca,16440,2,350.0,49,A-3,A,True,587.3385293555374
2024005767,62226028860005,42.34644,1.42802,"N-260, Km 230,8, 8, 25711 Montferrer,",Montferrer i Castellbò,Lleida,25711,3,50.0,304,N-260,N,False,19.785850201639384
2024005769,SN2210112426,36.737656,-3.513162,"Carretera Almeria, 63, 18600 Motril,",Motril,Granada,18600,3,60.0,1062,N-340,N,False,645.8576605534103
2024005771,SN221006072,39.00672,-1.885725,"Av. Escritor Rodrigo Rubio, Albacete, Spain",Albacete,Albacete,2005,3,60.0,1003,N-322,N,True,124.39022768853003
2024005774,C6E15BCC22LKDDSKCQ,41.511234,2.105235,Mc Donalds Sabadell - Carrer De La Serra De,Sabadell,Barcelona,8205,2,150.0,875,AP-7N,AP,True,1580.666174434077
2024005803,2210112433,38.849056,-6.93813,"Calle Santo Cristo De La Paz, 150",Badajoz,Badajoz,6009,3,60.0,1152,N-432,N,False,31.907499143306573
2024005807,22XP22T3KKJAK00292,41.648193,1.138408,"Av. De Catalunya, 36, 25300 Tàrrega, Lleida,",Tàrrega,Lleida,25300,2,21.0,698,A-2,A,True,1375.9548935195241
2024005808,22XP22T3KKJAK00265,41.648224,1.138438,"Av. De Catalunya, 36, 25300 Tàrrega, Lleida,",Tàrrega,Lleida,25300,2,21.0,698,A-2,A,True,1374.2409423214078
2024005814,C6E06BCC22UJSDVDSF,42.233963,2.865326,"Torremirona Golf Club - N-260, Km. 46, 17744",Cornellà del Terri,Girona,17744,2,60.0,298,N-260,N,False,713.0759432278688
2024005815,62225022070024,42.233955,2.865366,"Torremirona Golf Club - N-260, Km. 46, 17744",Cornellà del Terri,Girona,17744,2,22.0,298,N-260,N,False,710.6706461159969
2024005816,62225022070022,42.23396,2.865345,"Torremirona Golf Club - N-260, Km. 46, 17744",Cornellà del Terri,Girona,17744,2,22.0,298,N-260,N,False,712.0136873919824
2024005817,C6E06BCC22XNXAJEVF,41.49181,2.074652,"Plaça De Xavier Cugat, 08174, Barcelona,",Sant Cugat del Vallès,Barcelona,8174,2,50.0,875,AP-7N,AP,True,404.6779785831317
2024005818,23XP22T3KKJCK00844,42.80895,-0.508253,"Astún Estación De Esqui - Carretera Astún,",Aisa,Huesca,22889,2,11.0,1034,N-330A,N,False,1627.0393850568337
2024005819,C6E15BCC22EDTNZKRL,38.097454,-3.628209,"Calle Finca San José, 1, 23700 Linares,",Linares,Jaén,23700,2,150.0,996,N-322,N,False,1618.0573210052107
2024005820,23XP22T3KKJCK00846,42.808937,-0.508286,"Astún Estación De Esquí - Carretera Astún,",Aisa,Huesca,22889,2,11.0,1034,N-330A,N,False,1624.234904795187
2024005821,23XP22T3KKJCK00887,41.491673,2.074643,"Plaça De Xavier Cugat, 08174, Barcelona,",Sant Cugat del Vallès,Barcelona,8174,2,21.0,875,AP-7N,AP,True,389.6587503415989
2024005822,C6E15BCC22EJKMZBRX,38.0975,-3.62823,"Calle Finca San José, 1, 23700 Linares,",Linares,Jaén,23700,2,150.0,996,N-322,N,False,1623.224711611956
2024005823,C6E15BCC22JBLXVWAK,41.648518,1.138414,"Av. De Catalunya, 36, 25300 Tàrrega, Lleida,",Tàrrega,Lleida,25300,2,150.0,698,A-2,A,True,1345.0073204589814
2024005825,62121015980002,43.53182,-8.195333,"Polígono Río Do Pozo, Av. Bernardo Romero,",Narón,"Coruña, A",15540,3,50.0,592,N-655,N,False,1833.307142670159
2024005827,C6E06BCC22UUJTFBXJ,41.645344,1.140999,"Carrer De Les Piques, 45, 25300 Tàrrega",Tàrrega,Lleida,25300,2,50.0,698,A-2,A,True,1758.463548124958
2024005830,22XP22T3KK4AK00009,38.135082,-6.694215,"Pol. Ind. Chácara, 15, 06350 Higuera La",Higuera la Real,Badajoz,6350,2,21.0,460,N-435,N,False,38.51614894971671
2024005831,SN2311170982,43.457886,-3.858514,"Mc Donalds - El Alisal, C. Julio Jaurena, 6,",Santander,Cantabria,39011,3,60.0,1202,N-611,N,False,694.1977338051285
2024005832,62225022070023,42.233994,2.865244,"Torremirona Golf Club - N-260, Km. 46, 17744",Cornellà del Terri,Girona,17744,2,22.0,298,N-260,N,False,719.3994509201016
2024005833,22XP22T3KKJAK00036,43.257565,-2.913128,Barceló - Occidental Bilbao - Zumalacárregui,Bilbao,Bizkaia,48006,2,21.0,566,N-634,N,False,1212.0599896849415
2024005835,619340382000120,41.389275,1.944309,"Valliwash - Carrer Major, 16, 08759",Vallirana,Barcelona,8759,3,50.0,396,N-340,N,False,33.82226259616335
2024005845,22XP22T3KK4AK00048,39.960392,-4.82223,"Av. Castilla La Mancha, 45600 Talavera De La",Oropesa,Toledo,45600,2,21.0,478,N-502A,N,False,274.9976971473728
2024005846,23XP22T3QQJAN00134,42.751373,-0.514201,"C. Huesca, 22880 Canfranc-Estación, Huesca,",Canfranc,Huesca,22880,2,11.0,1034,N-330A,N,False,91.26449032824567
2024005847,22XP22T3QQ1AN00860,41.66019,-0.880729,"Parque Macanaz, 50015 Zaragoza, Spain",Zaragoza,Zaragoza,50015,2,22.0,355,N-330,N,False,1322.4275105410031
2024005852,SN2311170983,37.18494,-1.925834,"Los Gallardos, Almería, Spain",Bédar,Almería,4288,3,60.0,631,A-7S,A,True,311.49271567717904
2024005860,C6E06BCC21GUCSAWEW,37.02802,-4.533907,"Taller José García Espada 2 - C. Hortelanos,",Antequera,Málaga,29200,2,60.0,1043,N-331,N,False,832.4338943309282
2024005861,12113010520001,41.3447,1.6984,"Plaça Del Penedès, 08720 Vilafranca Del",Vilafranca del Penedès,Barcelona,8720,1,22.0,396,N-340,N,False,1014.5394463094303
2024005865,C6E15BCC23QFMUTHGL,41.660282,-0.880715,"Parque Macanaz, Calle García Arista Y, P.º",Zaragoza,Zaragoza,50015,2,150.0,355,N-330,N,False,1312.1867479601322
2024005867,SN2311170981,37.39342,-3.028232,"A-92N, Spain",Gor,Granada,18870,3,60.0,601,A-92N,A,True,59.726762803145164
2024005875,24XP22T3QQJAN00001,42.26657,2.997959,B&B Hotel Figueres - Poligon Vilatenim Sud,Figueres,Girona,17484,2,22.0,954,N-2,N,False,789.1150212536431
2024005876,22XP22T3KKJAK00204,37.39154,-6.010125,"C/ Gonzalo Jimenez De Quesada, 2, 41002",Sevilla,Sevilla,41092,2,21.0,1245,N-630,N,False,421.8580345634654
2024005877,22XP22T3KKJAK00189,37.391567,-6.010155,"C/ Gonzalo Jimenez De Quesada, 2, 41002",Sevilla,Sevilla,41092,2,21.0,1245,N-630,N,False,421.17186453099623
2024005878,22XP22T3KKJAK00203,37.39166,-6.010245,"C/ Gonzalo Jimenez De Quesada, 2, 41002",Sevilla,Sevilla,41092,2,21.0,1245,N-630,N,False,420.07491449227246
2024005879,22XP22T3KKJAK00255,37.39163,-6.010215,"C/ Gonzalo Jimenez De Quesada, 2, 41002",Sevilla,Sevilla,41092,2,21.0,1245,N-630,N,False,420.45661589437765
2024005880,22XP22T3KKJAK00250,37.39172,-6.010305,"C/ Gonzalo Jimenez De Quesada, 2, 41002",Sevilla,Sevilla,41092,2,21.0,1245,N-630,N,False,419.4403881533085
2024005881,22XP22T3KKJAK00256,37.3918,-6.010395,"C/ Gonzalo Jimenez De Quesada, 2, 41002",Sevilla,Sevilla,41092,2,21.0,1245,N-630,N,False,418.1504120932564
2024005882,22XP22T3KKJAK01254,37.39175,-6.010335,"C/ Gonzalo Jimenez De Quesada, 2, 41002",Sevilla,Sevilla,41092,2,21.0,1245,N-630,N,False,419.18775826092246
2024005883,HYC15022BZ3983A,37.391598,-6.010185,"C/ Gonzalo Jimenez De Quesada, 2, 41002",Sevilla,Sevilla,41092,2,150.0,1245,N-630,N,False,420.7615834692094
2024005884,HYC15022BZ1815A,37.39169,-6.010275,"C/ Gonzalo Jimenez De Quesada, 2, 41002",Sevilla,Sevilla,41092,2,150.0,1245,N-630,N,False,419.7361372488376
2024005885,HYC15022BZ3540A,37.39178,-6.010365,"C/ Gonzalo Jimenez De Quesada, 2, 41002",Sevilla,Sevilla,41092,2,150.0,1245,N-630,N,False,418.97832555416403
2024005891,SN2210260044,37.393394,-3.027175,"A-92N, Spain",Gor,Granada,18870,3,60.0,601,A-92N,A,True,50.08610417602307
2024005892,C6E06BCC21QRPYHBAK,39.429295,-0.782346,"Benzina Carburantes Sl - C. Islas Baleares,",Buñol,Valencia/València,46360,2,60.0,13,N-3,N,False,320.5938256653118
2024005893,C6E06BCC22TZMGZHXJ,40.567642,-3.91719,"Verdecora, Ctra. De La Coruña, Km 28, 5,",Galapagar,Madrid,28250,2,60.0,64,A-6,A,True,104.59916153211849
2024005894,C6E06BCC22FQJPZPCC,40.567642,-3.91719,"Verdecora, Ctra. De La Coruña, Km 28, 5,",Galapagar,Madrid,28250,2,60.0,64,A-6,A,True,104.59916153211849
2024005897,62130031400007,42.58009,-5.573022,"Av. Carrero Blanco, 1, 24192 León, Spain",León,León,24192,3,50.0,210,N-120,N,True,972.9639457105496
2024005898,23XP22T3QQJAN00164,40.46295,-3.784501,"C. De Pleyades, 25, Moncloa - Aravaca, 28023",Madrid,Madrid,28023,2,11.0,63,A-6,A,True,92.27224223679889
2024005900,23XP22T3QQJAN00038,42.80889,-0.508451,Astún Estación De Esquí - 15 Calle Escalar,Jaca,Huesca,22700,2,22.0,1034,N-330A,N,False,1611.79575816421
2024005901,23XP22T3QQJAN00086,42.808907,-0.508386,Astún Estación De Esquí - 15 Calle Escalar,Jaca,Huesca,22700,2,22.0,1034,N-330A,N,False,1616.5596822332132
2024005902,62230022100005,36.624504,-4.50188,2 - Parking Ipark Centro (P-1) - C. Río Arba,Antequera,Málaga,29620,2,22.0,621,AP-7S,AP,True,1143.430690648128
2024005903,23XP22T3QQJAN00119,42.80888,-0.508494,Astún Estación De Esquí - 15 Calle Escalar,Jaca,Huesca,22700,2,22.0,1034,N-330A,N,False,1608.7565948300544
2024005905,C6E06BCC22UTERKBPA,36.624535,-4.5019,1 - Parking Ipark Centro (P-1) - C. Río Arba,Antequera,Málaga,29620,2,60.0,621,AP-7S,AP,True,1140.3900427244364
2024005909,SN2210260046,37.354065,-6.026929,"Ctra. Sevilla - Coria Del Rio, Km. 2, Av. De",San Juan de Aznalfarache,Sevilla,41920,3,60.0,1245,N-630,N,False,1948.8087569763256
2024005912,SN2210260048,37.354095,-6.026959,"Ctra. Sevilla - Coria Del Rio, Km. 2, Av. De",San Juan de Aznalfarache,Sevilla,41920,3,60.0,1245,N-630,N,False,1947.5221238664365
2024005916,SN2210260036,42.91081,-2.714195,"Etxabarri Ibiña Entitatea, S/N, 01196",Zigoitia,Araba/Álava,1196,3,60.0,548,N-622,N,True,257.07875969354245
2024005924,23XP22T3QQJAN00085,38.26308,-0.720357,"Centro Comercial Aljub - Carrer Jacarilla,",Elche/Elx,Alicante/Alacant,3205,2,22.0,1071,N-340,N,False,299.18765065610177
2024005926,23XP22T3QQJAN00091,38.26198,-0.720914,"Carrer Jacarilla, 7, 03293 Elx, Alicante,",Elche/Elx,Alicante/Alacant,3205,2,22.0,1071,N-340,N,False,187.3455193040066
2024005928,SN2210260037,36.51965,-4.88087,"Mc Donalds Calle Ojén, S/N, 29601 Marbella",Marbella,Málaga,29602,3,60.0,0,A-7S,A,True,112.59289421476049
2024005929,62205058050001,41.116356,1.233121,"Mcdonalds - Ctra. Vella De Valencia, 5,",Tarragona,Tarragona,43006,3,50.0,1093,N-340A,N,False,68.75621293022569
2024005933,SN2108250180,40.334705,-3.693864,"Av. Marconi, 4, Villaverde, 28021 Madrid,",Madrid,Madrid,28021,3,60.0,741,A-4,A,True,811.6146400925401
2024005934,SN2108250182,40.334736,-3.693894,"Av. Marconi, 4, Villaverde, 28021 Madrid,",Madrid,Madrid,28021,3,60.0,741,A-4,A,True,815.8663738799631
2024005936,21XP22T3KK4AM00335,38.644955,-3.452582,"Ctra. Torrenueva, 13730, Ciudad Real, Spain",Santa Cruz de Mudela,Ciudad Real,13730,2,21.0,780,A-4A,A,False,1238.4209569792097
2024005941,HYC22BZ2727B,41.666157,1.210056,"Area Eurotrak A-2, 513.8, 25218 Fonolleres,",Cervera,Lleida,25218,2,300.0,698,A-2,A,True,87.64334279438654
2024005942,HYC22BZ2730B,41.666103,1.210087,"Area Eurotrak A-2, 513.8, 25218 Fonolleres,",Cervera,Lleida,25218,2,300.0,698,A-2,A,True,81.1068731018449
2024005943,HYC22BZ4024B,41.666195,1.21003,"Area Eurotrak A-2, 513.8, 25218 Fonolleres,",Cervera,Lleida,25218,2,300.0,698,A-2,A,True,92.38490385461603
2024005949,23XP22T3KKJCK00884,40.403763,-3.690003,"Calle De Las Delicias, 42, Arganzuela, 28045",Madrid,Madrid,28045,2,21.0,740,A-4,A,False,1765.4076937872712
2024005958,C6E15BCC22BGNPZMWN,40.403793,-3.690023,"Calle De Las Delicias, 42, Arganzuela, 28045",Madrid,Madrid,28045,2,150.0,740,A-4,A,False,1769.1328885184084
2024005962,C6E06BCC22MHWDVCBW,42.35262,3.109008,Restaurant La Balleta -  Carretera De,Llançà,Girona,17490,2,60.0,297,N-260,N,False,23.52928517617361
2024005963,HYC22BZ5280B,42.07598,-1.643057,"Calle B S/N, Pol. Ind. La Serna, 31500",Tudela,Navarra,31500,2,300.0,118,A-68,A,False,115.79654631480278
2024005964,22XP22T3QQ1AN00846,43.53689,-5.675038,"Calle Bohemia, 1, 33207 Gijón, Asturias,",Gijón,Asturias,33207,2,22.0,1279,N-641,N,True,715.2609796617446
2024005968,HYC23BZ0038B,42.07598,-1.643,"Calle B S/N, Pol. Ind. La Serna, 31500",Tudela,Navarra,31500,2,300.0,118,A-68,A,False,112.27408565592846
2024005972,C6E15BCC22FGZDEXUE,39.21313,-1.725256,"Plaza La Mancha, 1, 02240 Mahora Albacete,",Mahora,Albacete,2240,2,150.0,1005,N-322,N,False,384.8767570130919
2024005973,62108004710014,40.07692,-2.151355,"Avenida Alfares, 0 S N, 16001 Cuenca, Spain",Cuenca,Cuenca,16002,3,50.0,758,A-40,A,False,148.54120278101942
2024005974,22XP22T3KKJAK01257,39.21313,-1.725256,"C. Cristo, 1, 02240 Mahora, Albacete, Spain",Mahora,Albacete,2240,2,21.0,1005,N-322,N,False,384.8767570130919
2024005975,C6E15BCC22KFJTJSCZ,41.664757,-0.86693,"C. Del Marqués De La Cadena, 64, 50014",Zaragoza,Zaragoza,50014,2,150.0,355,N-330,N,False,1385.1679901309885
2024005976,23XC11T2N03DB00065,40.63402,-3.161517,"C. Pescadores, 1, 19005 Guadalajara, Spain",Guadalajara,Guadalajara,19005,1,22.0,685,A-2,A,True,1185.7427192077116
2024005977,22XP22T3QQ1AN00794,41.663883,-0.865899,"C. Del Marqués De La Cadena, 64, 50014",Zaragoza,Zaragoza,50014,2,22.0,355,N-330,N,False,1511.9702298916973
2024005978,23XC11T2N03DB00069,40.634003,-3.161486,"C. Pescadores, 1, 19005 Guadalajara, Spain",Guadalajara,Guadalajara,19005,1,13.5,685,A-2,A,True,1185.2187009882018
2024005979,23XC11T2N03DB00074,40.633972,-3.16144,"C. Pescadores, 1, 19005 Guadalajara, Spain",Guadalajara,Guadalajara,19005,1,22.0,685,A-2,A,True,1182.541383450939
2024005980,23XC11T2N03DB00067,40.634052,-3.161557,"C. Pescadores, 1, 19005 Guadalajara, Spain",Guadalajara,Guadalajara,19005,1,22.0,685,A-2,A,True,1187.4188422947086
2024005981,C6E15BCC23WTNZHMPK,40.63393,-3.16137,"C. Pescadores, 1, 19005 Guadalajara, Spain",Guadalajara,Guadalajara,19005,2,150.0,685,A-2,A,True,1175.24253940758
2024005984,23XP22T3QQJAN00080,39.502934,-2.873123,"Consum - Cam. Real Baja, 17, 16630 Mota Del",Mota del Cuervo,Cuenca,16630,2,22.0,1109,N-420,N,False,1453.2911448437565
2024005985,21XP22T3KKJAK00525,39.473995,-6.398598,"C. Manuel Pacheco, 4, 10005 Cáceres, Spain",Cáceres,Cáceres,10005,2,21.0,1235,N-630,N,False,51.900679983542815
2024005993,23XP22T3QQJAN00142,41.64726,-0.87269,"Cam. De Las Torres, 4, Casco Antiguo, 50002",Zaragoza,Zaragoza,50002,2,13.0,120,A-68,A,False,1957.1006161303685
2024006008,23XP22T3QQJAN00090,37.910744,-6.820398,"C. Esperanza, 21230 Cortegana, Huelva, Spain",Cortegana,Huelva,21230,2,22.0,459,N-433,N,True,365.9925675270598
2024006012,C6E15BCC22EQFXCGNH,41.661175,-0.871166,"2 - Calle Del Valle De Zuriza, 23, Zaragoza",Zaragoza,Zaragoza,50014,2,150.0,355,N-330,N,False,1435.1063691694692
2024006014,22XP22T3QQ1AN00819,41.661163,-0.871252,"1 - Calle Del Valle De Zuriza, 23, Zaragoza",Zaragoza,Zaragoza,50014,2,11.0,355,N-330,N,False,1432.418909306172
2024006015,20XM32T7KK4AR00221,40.583084,-3.576155,"Mc Donalds - M-100, Km 0, 400, 28709 San",San Sebastián de los Reyes,Madrid,28709,3,50.0,16,A-1,A,True,685.295286687224
2024006018,22XP22T3KKJAK00247,42.46917,-2.432491,"Marriott - Ac Hotel - C. Madre De Dios, 21,",Logroño,"Rioja, La",26004,2,21.0,670,A-13,A,False,1094.734762524146
2024006019,22XP22T3KKJAK00242,42.46917,-2.432491,"Marriott - Ac Hotel - C. Madre De Dios, 21,",Logroño,"Rioja, La",26004,2,21.0,670,A-13,A,False,1094.734762524146
2024006020,21XP22T3KK4AL00158,36.494778,-4.785424,"Urbanización Estrella Del Mar, Autovía Del",Marbella,Málaga,29604,2,21.0,646,A-7S,A,False,223.7727415891487
2024006024,62225022070031,40.387535,-3.63999,"Av. De La Albufera, 291, Puente De Vallecas,",Madrid,Madrid,28038,2,22.0,45,A-3,A,False,765.951027334125
2024006025,62225022070039,40.38751,-3.639943,"Av. De La Albufera, 291, Puente De Vallecas,",Madrid,Madrid,28038,2,22.0,45,A-3,A,False,767.5125565429989
2024006026,62230022100035,40.387356,-3.639627,"Av. De La Albufera, 291, Puente De Vallecas,",Madrid,Madrid,28038,2,22.0,45,A-3,A,False,776.508973445729
2024006027,62225022070029,40.387596,-3.640018,"Av. De La Albufera, 291, Puente De Vallecas,",Madrid,Madrid,28038,2,22.0,45,A-3,A,False,760.1030962993952
2024006028,62228022090009,40.38754,-3.639889,"Av. De La Albufera, 291, Puente De Vallecas,",Madrid,Madrid,28038,2,22.0,45,A-3,A,False,763.0432783932993
2024006029,62230022100036,40.38763,-3.639777,"Av. De La Albufera, 291, Puente De Vallecas,",Madrid,Madrid,28038,2,22.0,45,A-3,A,False,750.8109142027771
2024006030,62230022100033,40.38753,-3.639811,"Av. De La Albufera, 291, Puente De Vallecas,",Madrid,Madrid,28038,2,22.0,45,A-3,A,False,762.2761233404215
2024006031,62225022070030,40.387608,-3.639691,"Av. De La Albufera, 291, Puente De Vallecas,",Madrid,Madrid,28038,2,22.0,45,A-3,A,False,751.1355817123331
2024006032,62230022100034,40.38748,-3.639619,"Av. De La Albufera, 291, Puente De Vallecas,",Madrid,Madrid,28038,2,22.0,45,A-3,A,False,763.095207358708
2024006033,HYC22BZ2733B,41.63496,-0.990623,5 - Sercotel Plaza Feria - Av. De La Diag.,Zaragoza,Zaragoza,50197,2,300.0,689,A-2,A,True,512.1535108349824
2024006034,HYC21BZ1085B,41.662754,1.132788,"Pol. Ind. La Canaleta, N-2, Km 507, 508,",Tàrrega,Lleida,25300,2,150.0,698,A-2,A,True,273.2376710157704
2024006035,22XP22T3KKJAK00120,41.634975,-0.990569,6 - Sercotel Plaza Feria - Av. De La Diag.,Zaragoza,Zaragoza,50197,2,21.0,689,A-2,A,True,512.20116227722
2024006036,HYC22BZ5187B,41.63484,-0.990468,1 - Sercotel Plaza Feria - Av. De La Diag.,Zaragoza,Zaragoza,50197,2,300.0,689,A-2,A,True,495.2464537044324
2024006037,HYC22BZ2326B,41.634827,-0.990519,2 - Sercotel Plaza Feria - Av. De La Diag.,Zaragoza,Zaragoza,50197,2,300.0,689,A-2,A,True,495.3233965794958
2024006039,22XP22T3KKJAK00119,41.63478,-0.990663,3 - Sercotel Plaza Feria - Av. De La Diag.,Zaragoza,Zaragoza,50197,2,21.0,689,A-2,A,True,494.464642297345
2024006040,62225022070032,40.386147,-3.637156,"Av. De La Albufera, 291, Puente De Vallecas,",Madrid,Madrid,28038,2,22.0,45,A-3,A,False,847.3472657162482
2024006042,22XP22T3KKJAK00122,41.63476,-0.990715,4 - Sercotel Plaza Feria - Av. De La Diag.,Zaragoza,Zaragoza,50197,2,21.0,689,A-2,A,True,493.83805608335166
2024006044,C6E06BCC22QAGCYMBU,41.09063,0.644103,"Plaça De Sant Roc, 1, 43740 Móra D'ebre,",Móra d'Ebre,Tarragona,43740,2,60.0,1124,N-420A,N,False,47.951748298233525
2024006047,22XP22T3KKJAK00301,41.09065,0.644013,"Plaça De Sant Roc, 1, 43740 Móra D'ebre,",Móra d'Ebre,Tarragona,43740,2,21.0,1124,N-420A,N,False,54.410259248082205
2024006057,C6E15BCC22FHXTXQFJ,41.622173,-0.875943,"2 - C. Del Zafiro, 40, Zaragoza",Zaragoza,Zaragoza,50007,2,150.0,120,A-68,A,False,1782.1251430517373
2024006058,62230022100023,41.66624,1.209982,"Area Eurotrak - A-2, Fonolleres, Lérida,",Cervera,Lleida,25218,2,22.0,698,A-2,A,True,98.58313804704304
2024006059,22XP22T3QQ1AN00803,41.62212,-0.875933,"1 - C. Del Zafiro, 40, Zaragoza",Zaragoza,Zaragoza,50007,2,22.0,120,A-68,A,False,1785.3202745039878
2024006062,62219018400001,39.67629,-0.321234,"Av. Virgen De La Estrella, 18, 46149 Gilet,",Gilet,Valencia/València,46149,2,22.0,24,A-23,A,True,166.8045533925439
2024006064,22XP22T3KKJAK00069,42.30799,-5.908708,"Tr.ª Madrid-Coruña, N-185, 24750 La Bañeza,","Bañeza, La",León,24750,2,21.0,72,A-6,A,True,1471.416800740433
2024006065,22XP22T3QQ1AN00875,41.664024,-0.857912,"Av. Del Alcalde Francisco Caballero, 50014",Zaragoza,Zaragoza,50014,2,22.0,314,N-2A,N,False,1421.5286243011865
2024006080,C6E15BCC22BBKSWECH,41.664024,-0.857912,"Av. Del Alcalde Francisco Caballero, 50014",Zaragoza,Zaragoza,50014,2,150.0,314,N-2A,N,False,1421.5286243011865
2024006084,22XQ11T2N03BP00097,42.857437,-2.718064,Transgourmet - Gm Vitoria - Av. De Los,Vitoria-Gasteiz,Araba/Álava,1010,1,22.0,651,A-1,A,True,1289.3718111367732
2024006085,C6E15BCC22AXLZWFJL,42.857437,-2.718022,Transgourmet - Gm Vitoria - Av. De Los,Vitoria-Gasteiz,Araba/Álava,1010,2,150.0,651,A-1,A,True,1290.9992380795888
2024006086,HYC22BZ3981A,40.691223,0.579335,"Pol. Ind. L'oriola, 43870 Amposta,",Amposta,Tarragona,43870,2,150.0,389,N-340,N,True,242.79564163930547
2024006090,23XC11M2J03DB00044,40.467094,-3.783319,"C. De La Salle, 12, Moncloa - Aravaca, 28023",Madrid,Madrid,28023,1,7.4,63,A-6,A,True,378.3977137274574
2024006091,23XC11M2J03DB00051,40.467113,-3.783349,"C. De La Salle, 12, Moncloa - Aravaca, 28023",Madrid,Madrid,28023,1,7.4,63,A-6,A,True,379.9925882574535
2024006096,23XP22T3KKJCK00854,42.808956,-0.508199,"Astún Estación De Esquí - Carretera Astún,",Aisa,Huesca,22889,2,11.0,1034,N-330A,N,False,1630.295144063831
2024006097,22XP22T3KKJAK00017,42.30798,-5.908698,"Tr.ª Madrid-Coruña, N-185, 24750 La Bañeza,","Bañeza, La",León,24750,2,21.0,72,A-6,A,True,1472.5006190551876
2024006098,HYC23BZ0563A,42.19335,2.504356,"Transgourmet - Gm Olot - Polígono Les Mates,",Olot,Girona,17800,2,150.0,42,A-26,A,False,143.43633802367606
2024006099,C6E15BCC22KGEUCJMS,42.307793,-5.908196,"Tr.ª Madrid-Coruña, N-185, 24750 La Bañeza,","Bañeza, La",León,24750,2,150.0,72,A-6,A,True,1517.897472222059
2024006100,22XP22T3QQ1AN00780,42.19332,2.504326,"Transgourmet - Gm Olot - Polígono Les Mates,",Olot,Girona,17800,2,22.0,42,A-26,A,False,147.1429085342278
2024006101,C6E15BCC22ESQPPTTE,42.307793,-5.908196,"Tr.ª Madrid-Coruña, N-185, 24750 La Bañeza,","Bañeza, La",León,24750,2,150.0,72,A-6,A,True,1517.897472222059
2024006105,61945049570021,38.079758,-0.949133,"Consum - C. Oriolanos Ausentes, 03300,",Orihuela,Alicante/Alacant,3300,2,22.0,1065,N-340,N,False,1691.0007359164142
2024006106,22XP22T3QQ1AN00790,41.4614,1.95951,"Carrer Potassi, 5, 08755 Castellbisbal,",Castellbisbal,Barcelona,8755,2,22.0,700,A-2,A,True,934.6324017984354
2024006107,SN2206300697,41.46143,1.95954,Transgourmet - Gm Castellbisbal - Carrer,Castellbisbal,Barcelona,8755,2,150.0,700,A-2,A,True,930.6398603453425
2024006108,23XC11T2N03DB00073,40.64283,-3.182185,"C. Maestro Pinilla, 32, 19004 Guadalajara,",Guadalajara,Guadalajara,19004,1,22.0,685,A-2,A,True,1684.9270183690285
2024006109,23XC11T2N03DB00012,40.64283,-3.182185,"C. Maestro Pinilla, 32, 19004 Guadalajara,",Guadalajara,Guadalajara,19004,1,22.0,685,A-2,A,True,1684.9270183690285
2024006110,23XC11T2N03DB00077,40.64283,-3.182185,"C. Maestro Pinilla, 32, 19004 Guadalajara,",Guadalajara,Guadalajara,19004,1,22.0,685,A-2,A,True,1684.9270183690285
2024006111,23XC11T2N03DB00064,40.64283,-3.182185,"C. Maestro Pinilla, 32, 19004 Guadalajara,",Guadalajara,Guadalajara,19004,1,22.0,685,A-2,A,True,1684.9270183690285
2024006112,23XC11T2N03DB00046,40.64283,-3.182185,"C. Maestro Pinilla, 32, 19004 Guadalajara,",Guadalajara,Guadalajara,19004,1,22.0,685,A-2,A,True,1684.9270183690285
2024006113,23XC11T2N03DB00072,40.64283,-3.182185,"C. Maestro Pinilla, 32, 19004 Guadalajara,",Guadalajara,Guadalajara,19004,1,22.0,685,A-2,A,True,1684.9270183690285
2024006114,C6E15BCC22JWFTUYUQ,40.642597,-3.182301,"C. Maestro Pinilla, 32, 19004 Guadalajara,",Guadalajara,Guadalajara,19004,2,150.0,685,A-2,A,True,1659.5329902210028
2024006134,23XP22T3QQJAN00095,42.437866,-2.4479,"C. Hermanos Maristas, 26140 Lardero, La",Lardero,"Rioja, La",26140,2,22.0,864,AP-68,AP,True,512.7048319340855
2024006140,22XQ11T2N03BP00095,40.4734,-3.40167,Transgourmet  Alcalá -  Pol. Ind. Las,Alcalá de Henares,Madrid,28802,1,22.0,685,A-2,A,True,592.7445836795187
2024006141,C6E15BCC22ETBTCSZA,39.1582,-3.006571,Av. Juan Carlos I & C. Maria López De La,Tomelloso,Ciudad Real,13700,2,86.0,331,N-310,N,False,845.8414092011951
2024006142,22XQ11T2N03BP00092,40.47339,-3.40166,Transgourmet Alcalá -  Pol. Ind. Las,Alcalá de Henares,Madrid,28802,1,22.0,685,A-2,A,True,594.1361005444257
2024006145,22XQ11T2N03BP00096,42.45592,-2.407777,Transgourmet  Logroño - Polígono Industrial,Logroño,"Rioja, La",26006,1,22.0,864,AP-68,AP,True,445.6580738767463
2024006146,C6E06BCC22FSRSZANH,43.462894,-3.808622,"Pl. Remedios, 1, 39001 Santander, Cantabria,",Santander,Cantabria,39001,2,60.0,1202,N-611,N,False,1530.586210951191
2024006147,HYC22BZ3429B,42.45592,-2.407777,Transgourmet  Logroño - Polígono Industrial,Logroño,"Rioja, La",26006,2,150.0,864,AP-68,AP,True,445.6580738767463
2024006149,22XQ11T2N03BP00093,42.45592,-2.407777,Transgourmet Logroño - Polígono Industrial,Logroño,"Rioja, La",26006,1,22.0,864,AP-68,AP,True,445.6580738767463
2024006150,20XM32T8KK3AR00079,43.36829,-3.215893,"Mcdonalds - Calle Carretera Valmaseda, 50,",Castro-Urdiales,Cantabria,39709,3,50.0,152,A-8,A,True,399.1027326131337
2024006152,22XP22T3KKJAK00266,42.011368,-4.529388,"C. Juan Ramon Jimenez, 3, 34001 Palencia,",Palencia,Palencia,34001,2,21.0,1197,N-610A,N,False,747.5311160453018
2024006154,22XP22T3KKJAK00201,42.011154,-4.528787,"C. Juan Ramon Jimenez, 4, 34001 Palencia,",Palencia,Palencia,34001,2,21.0,1197,N-610A,N,False,783.1686160522333
2024006155,22XP22T3KKJAK00205,42.011154,-4.528787,"C. Juan Ramon Jimenez, 4, 34001 Palencia,",Palencia,Palencia,34001,2,21.0,1197,N-610A,N,False,783.1686160522333
2024006157,22XP22T3KKJAK00202,42.011154,-4.528787,"C. Juan Ramon Jimenez, 4, 34001 Palencia,",Palencia,Palencia,34001,2,21.0,1197,N-610A,N,False,783.1686160522333
2024006160,22XP22T3KKJAK00206,42.011154,-4.528787,"C. Juan Ramon Jimenez, 4, 34001 Palencia,",Palencia,Palencia,34001,2,21.0,1197,N-610A,N,False,783.1686160522333
2024006162,C6E06BCC22JKXGCRZA,43.57452,-6.238355,"Cudillero, 33150, Asturias, Spain",Cudillero,Asturias,33156,2,60.0,820,A-8,A,True,921.2872652665492
2024006165,C6E06BCC22CKLKVLZD,43.52209,-5.682398,"Av. De Oviedo, 15, Gijon-Sur, 33211 Gijón,",Gijón,Asturias,33211,2,60.0,1279,N-641,N,True,867.7791166607703
2024006166,22XP22T3KKJAK00226,43.52208,-5.682378,"Av. De Oviedo, 15, Gijon-Sur, 33211 Gijón,",Gijón,Asturias,33211,2,21.0,1279,N-641,N,True,867.7698033220538
2024006167,20XM32T7KK4AR00188,40.33879,-3.531241,"Atenoil - Av. Aurelio Álvarez,",Rivas-Vaciamadrid,Madrid,28521,3,50.0,46,A-3,A,True,479.79814393859834
2024006168,62102048160002,41.6081,2.341675,"La Roca Village S/N, 08430 Santa Agnès De","Roca del Vallès, La",Barcelona,8430,2,10.53,873,AP-7N,AP,True,160.6872516181201
2024006169,62102048160007,41.608162,2.341545,"La Roca Village S/N, 08430 Santa Agnès De","Roca del Vallès, La",Barcelona,8430,2,10.53,873,AP-7N,AP,True,173.4593679377654
2024006170,62102048160010,41.608135,2.341608,"La Roca Village S/N, 08430 Santa Agnès De","Roca del Vallès, La",Barcelona,8430,2,10.53,873,AP-7N,AP,True,167.4847075374289
2024006171,C6E06BCC22RTDHAGNN,41.840675,-2.043714,"Hostal Mari Carmen  - C. Carretera, 16,",Castilruiz,Soria,42113,2,60.0,913,N-122,N,True,44.20099260001022
2024006172,23XP22T3KKJCK00858,43.57452,-6.238355,"Cudillero, 33150, Asturias, Spain",Cudillero,Asturias,33156,2,21.0,820,A-8,A,True,921.2872652665492
2024006173,62052045510004,41.607845,2.341951,"La Roca Village - La Roca Village S/N, 08430","Roca del Vallès, La",Barcelona,8430,2,22.0,873,AP-7N,AP,True,124.81225876853657
2024006174,62052045510001,41.607815,2.341921,"La Roca Village - La Roca Village S/N, 08430","Roca del Vallès, La",Barcelona,8430,2,22.0,873,AP-7N,AP,True,124.53965729393353
2024006175,22XP22T3KKJAK00039,41.8407,-2.043744,"Hostal Mari Carmen - C. Carretera, 16, 42113",Castilruiz,Soria,42113,2,21.0,913,N-122,N,True,40.84665045845515
2024006177,SN2206300670,40.473408,-3.40168,"Pol. Ind. Las Matillas, Ctra. M-300, Km",Alcalá de Henares,Madrid,28802,2,150.0,685,A-2,A,True,591.5172849998053
2024006180,23XC11T2N03DB00066,40.63703,-3.174035,"C. Hermanos Fernández Galiano, 2, 19004",Guadalajara,Guadalajara,19004,1,22.0,685,A-2,A,True,1146.3976724265835
2024006181,23XC11T2N03DB00061,40.637062,-3.174065,"C. Hermanos Fernández Galiano, 2, 19004",Guadalajara,Guadalajara,19004,1,22.0,685,A-2,A,True,1148.870523825523
2024006184,22XP22T3KKJAK00232,43.38795,-4.398246,"P.º De La Barquera, 5, 39540 San Vicente De",San Vicente de la Barquera,Cantabria,39540,2,21.0,574,N-634,N,False,102.29975825285325
2024006187,22XP22T3KKJAK00234,43.38792,-4.398217,"P.º De La Barquera, 39540, Cantabria, Spain",San Vicente de la Barquera,Cantabria,39540,2,21.0,574,N-634,N,False,100.85194029782357
2024006192,C6E06BCC22HDQJUJJB,41.47038,-2.530493,Forjas De Castilla - Polígono Industrial,Almazán,Soria,42200,2,60.0,673,A-15,A,True,516.8283542566488
2024006196,C6E06BCC22ZEDNRHEH,42.013973,-4.52099,"Ac Hotal Palencia - Av. De Cuba, 25, 34004",Palencia,Palencia,34004,2,60.0,94,A-65,A,True,1152.0526725329448
2024006199,SN2206300677,41.45343,1.96911,"N-Iia, Km 593, 08740 Sant Andreu De La",Sant Andreu de la Barca,Barcelona,8740,2,150.0,700,A-2,A,True,542.6463349006883
2024006200,22XP22T3KKJAK00214,42.013943,-4.52096,"Ac Hotal Palencia - Av. De Cuba, 25, 34004",Palencia,Palencia,34004,2,21.0,94,A-65,A,True,1152.6029217607736
2024006223,21XM32T7KK3AR00054,42.863613,-2.660541,"Mcdonalds - Vitoria-  Gamarrako Atea, 38A,",Vitoria-Gasteiz,Araba/Álava,1013,3,50.0,652,A-1,A,True,1911.122731637756
2024006233,C6E15BCC22JQZHKFUF,41.511955,-5.737235,Ac Hotel Zamora - Av. Del Príncipe De,Zamora,Zamora,49029,2,50.0,922,N-122,N,False,1207.5145264661883
2024006237,22XP22T3KKJAK00227,41.511925,-5.737205,Ac Hotel Zamora - Av. Del Príncipe De,Zamora,Zamora,49029,2,11.0,922,N-122,N,False,1209.1742686310592
2024006238,24XP22T3QQJAN00014,43.517937,-5.577645,Campo De Golf La Llorea Carretera,Gijón,Asturias,33203,2,22.0,1255,N-632,N,False,90.23741209733795
2024006241,24XP22T3QQJAN01178,40.48809,-3.66839,Barceló Occidental Castellana Norte - Av. De,Madrid,Madrid,28050,2,22.0,14,A-1,A,False,1933.73237034022
2024006242,C6E15BCC22HVGXBEFR,40.595875,-3.959029,"Centro Comercial Parquelagos - C. Piamonte,",Galapagar,Madrid,28420,2,150.0,64,A-6,A,True,114.19356995539091
2024006243,C6E15BCC22KKCCQMWP,40.637,-3.174005,"C. Hermanos Fernández Galiano, 2, 19004",Guadalajara,Guadalajara,19004,2,128.0,685,A-2,A,True,1144.1334950991488
2024006244,SN2206300679,41.338856,1.688116,"Es Petromiralles - Carrer La Ràpita, Cant,",Vilafranca del Penedès,Barcelona,8720,2,150.0,396,N-340,N,False,513.4337158749267
2024006246,C6E15BCC22GTDFKXML,42.316563,2.105661,"Carrer De Les Escoles, 3, 17535 Planoles,",Planoles,Girona,17535,2,100.0,301,N-260,N,False,220.84409423006414
2024006249,22XP22T3QQ1AN00806,41.552834,0.707236,"L-702, Km 10, 25150 Artesa De Lleida,",Artesa de Lleida,Lleida,25150,2,22.0,841,AP-2,AP,True,1483.208819831522
2024006253,20XM32T7KK4AR00194,38.704384,-4.119099,"Km 85, Cm-4110, 13500 Puertollano, Ciudad",Puertollano,Ciudad Real,13500,3,50.0,1107,N-420,N,False,1304.660247463135
2024006254,21XM32T7KK3AR00030,42.863644,-2.660571,"Gamarrako Atea, 38A, 01013 Gasteiz, Araba,",Vitoria-Gasteiz,Araba/Álava,1013,3,50.0,652,A-1,A,True,1907.8447333012675
2024006255,24XP22T3QQJAN01187,40.691273,0.579481,Transgourmet - Gm Amposta - Pol. Ind.,Amposta,Tarragona,43870,2,11.0,389,N-340,N,True,229.72094568744305
2024006256,HYC22BZ0348A,40.34083,-3.7376,"Parking Parquesur - Av. De Gran Bretaña,",Leganés,Madrid,28919,2,150.0,761,A-42,A,False,1137.4725651096396
2024006257,HYC22BZ0460A,40.34083,-3.737672,"Parking Parquesur - Av. De Gran Bretaña,",Leganés,Madrid,28919,2,150.0,761,A-42,A,False,1143.5611753579512
2024006258,22XP22T3KK4AK00058,40.34082,-3.737814,"Parking Parquesur - Av. De Gran Bretaña,",Leganés,Madrid,28919,2,21.0,761,A-42,A,False,1155.4668658042049
2024006259,22XP22T3KK4AK00055,40.340797,-3.737882,"Parking Parquesur - Av. De Gran Bretaña,",Leganés,Madrid,28919,2,21.0,761,A-42,A,False,1160.986666976224
2024006261,22XP22T3KK4AK00060,40.340824,-3.737745,"Parking Parquesur - Av. De Gran Bretaña,",Leganés,Madrid,28919,2,21.0,761,A-42,A,False,1149.6723218151221
2024006263,62226028860001,41.82803,0.31121,"Carretera N-240 P.K. 129,8, 22500 Binéfar,",Binéfar,Huesca,22500,3,50.0,716,A-22,A,True,101.34486997265772
2024006266,24XP22T3QQJAN01172,37.644176,-4.695302,"Ctra. La Estacion, 12, 14530 Montemayor,",Montemayor,Córdoba,14530,2,22.0,1037,N-331,N,False,608.1102346181435
2024006270,22XP22T3KK4AK00080,42.88337,-8.539999,Continental Parking La Salle Santiago - R.,Santiago de Compostela,"Coruña, A",15704,2,21.0,163,AP-9,AP,True,1802.5377722771507
2024006271,24XP22T3QQJAN01174,38.129105,-4.900421,Ayuntamiento De Villaharta - Calle De La,Espiel,Córdoba,14210,2,22.0,1154,N-432,N,False,346.80433093667153
2024006272,C6E06BCC21HYZVUPLZ,42.88339,-8.539999,Continental Parking La Salle Santiago - R.,Santiago de Compostela,"Coruña, A",15704,2,60.0,163,AP-9,AP,True,1803.5350386608882
2024006273,22XP22T3KK4AK00078,42.88334,-8.539979,Continental Parking La Salle Santiago - R.,Santiago de Compostela,"Coruña, A",15704,2,21.0,163,AP-9,AP,True,1799.5805914511584
2024006280,C6E15BCC22AAANWUQX,40.629642,-3.16245,"Calle Jose Maria Jaudenes Sn, Guadalajara,",Guadalajara,Guadalajara,19002,2,150.0,685,A-2,A,True,728.392918199129
2024006281,C6E15BCC21VKBUYYRU,42.17304,-1.698983,"C. San José, 31590 Castejón, Navarra, Spain",Castejón,Navarra,31590,2,150.0,200,N-113,N,True,75.03771019074723
2024006282,22XP22T3KKJAK00282,40.599194,-6.530054,"Avenida Bejar Sn, Ciudad Rodrigo, 37500",Ciudad Rodrigo,Salamanca,37500,2,11.0,88,A-62,A,True,991.8363220611293
2024006283,24XP22T3QQJAN01191,43.517937,-5.577645,"N-632, 5725, 33394 Deva Asturias, Deva España",Gijón,Asturias,33203,2,22.0,1255,N-632,N,False,90.23741209733795
2024006284,C6E15BCC22PWKHZDKP,40.435867,0.399344,"Pol. Ind. Collet. Parcela 511 , Benicarló,",Benicarló,Castellón/Castelló,12580,2,150.0,389,N-340,N,True,690.9391553332549
2024006285,C6E06BCC22EZRHGFEL,42.32394,2.047492,"Calle Pujada De La Quintana 1, Fornells De",Toses,Girona,17536,2,150.0,301,N-260,N,False,527.0597494061952
2024006303,C6E06BCC22NERNWHSL,36.75316,-4.098675,"Av. Del Rey Juan Carlos I, 18 ,",Vélez-Málaga,Málaga,29700,2,60.0,642,A-7S,A,True,375.8148152480728
2024006304,22XP22T3QQ1AN00869,36.753223,-4.098576,"Av. Del Rey Juan Carlos I, 18 ,",Vélez-Málaga,Málaga,29700,2,22.0,642,A-7S,A,True,369.09660215056505
2024006307,22XP22T3QQ1AN00862,36.75316,-4.098675,"Av. Del Rey Juan Carlos I, 18 ,",Vélez-Málaga,Málaga,29700,2,22.0,642,A-7S,A,True,375.8148152480728
2024006316,SN2206300672,40.45589,0.449965,"Transgourmet Iberica, S.A.U. - Polígono Ind.",Vinaròs,Castellón/Castelló,12500,2,150.0,1090,N-340A,N,False,336.910745373242
2024006317,SN2210260041,40.462185,-3.638445,"C. De Silvano, 88, 28043 Madrid, Spain",Madrid,Madrid,28043,3,60.0,684,A-2,A,False,1475.3451007466024
2024006318,23XC11T2N03DB00071,40.62971,-3.162386,"Calle De María Pacheco, 86, 19001",Guadalajara,Guadalajara,19002,1,22.0,685,A-2,A,True,737.679513218043
2024006319,23XC11T2N03DB00063,40.6297,-3.162413,"Calle De María Pacheco, 86, 19001",Guadalajara,Guadalajara,19002,1,22.0,685,A-2,A,True,735.4695668146877
2024006327,12335030240001,41.34434,1.698899,"Saba - Plaça Del Penedès, 4, 08720",Vilafranca del Penedès,Barcelona,8720,2,22.0,396,N-340,N,False,958.6074001696733
2024006328,12335030240004,41.34434,1.698899,"Saba - Plaça Del Penedès, 4, 08720",Vilafranca del Penedès,Barcelona,8720,2,22.0,396,N-340,N,False,958.6074001696733
2024006329,23XC11T2J03DF00096,38.98485,-3.927515,Hotel Silken Alfonso X - Calle Carlos,Ciudad Real,Ciudad Real,13001,1,22.0,1133,N-430,N,False,392.57085446093134
2024006330,23XC11T2J03DF00091,38.98485,-3.927515,Hotel Silken Alfonso X - Calle Carlos,Ciudad Real,Ciudad Real,13001,1,22.0,1133,N-430,N,False,392.57085446093134
2024006331,22XP22T3KKJAK00067,43.339233,-8.404462,Ac Hotel A Coruña - R. Enrique Mariñas,"Coruña, A","Coruña, A",15009,2,21.0,160,AP-9,AP,True,979.6458246584808
2024006332,C6E06BCC22ZUVEYMPV,43.33924,-8.40429,Ac Hotel A Coruña - R. Enrique Mariñas,"Coruña, A","Coruña, A",15009,2,60.0,160,AP-9,AP,True,975.185613726913
2024006333,12334030230012,41.34434,1.698899,"Saba - Plaça Del Penedès, 4, 08720",Vilafranca del Penedès,Barcelona,8720,1,22.0,396,N-340,N,False,958.6074001696733
2024006334,12334030230013,41.34434,1.698899,"Saba - Plaça Del Penedès, 4, 08720",Vilafranca del Penedès,Barcelona,8720,1,22.0,396,N-340,N,False,958.6074001696733
2024006335,12334030230006,41.34434,1.698899,"Saba - Plaça Del Penedès, 4, 08720",Vilafranca del Penedès,Barcelona,8720,1,22.0,396,N-340,N,False,958.6074001696733
2024006364,22XQ11T2N03BP00098,42.857445,-2.718071,Transgourmet - Gm Vitoria - Av. De Los,Vitoria-Gasteiz,Araba/Álava,1010,1,22.0,651,A-1,A,True,1288.3185806964452
2024006366,23XC11T2N03DB00158,41.118244,1.242445,Marriot  Ac Tarragona - Avenida Av. De Roma,Tarragona,Tarragona,43005,1,4.7,395,N-340,N,False,459.56186324153686
2024006367,23XC11T2N03DB00054,41.118244,1.242445,Marriot  Ac Tarragona - Avenida Av. De Roma,Tarragona,Tarragona,43005,1,4.7,395,N-340,N,False,459.56186324153686
2024006368,C6E06BCC22TNKVJMBP,41.118244,1.242445,Marriot  Ac Tarragona - Avenida Av. De Roma,Tarragona,Tarragona,43005,2,60.0,395,N-340,N,False,459.56186324153686
2024006372,HYC24BZ1851B,41.488125,-1.379997,"Gasolprice Sl - Carretera Ctra. A-121, Km.","Almunia de Doña Godina, La",Zaragoza,50100,2,300.0,689,A-2,A,True,298.26808727067356
2025000419,23XC11M2J03DB00181,42.86482,-8.543768,"Rua do Restollal, 24",Santiago de Compostela,"Coruña, A",15702,1,6.99,163,AP-9,AP,True,1188.1404535923557
2025000418,23XC11M2J03DB00187,42.86482,-8.543768,"Rua do Restollal, 24",Santiago de Compostela,"Coruña, A",15702,1,6.99,163,AP-9,AP,True,1188.1404535923557
2023003032,22XP22T3KKJAK00030,40.44779,-3.635996,"C. Juan Rizi, 5, 28027 Madrid, Spain",Madrid,Madrid,28027,2,11.0,684,A-2,A,False,88.02330794488995
2023003037,C6E06BCC21FACCJUVH,39.66721,-0.26435,"Carrer Benjamín Franklin, Sagunt, Valencia,",Sagunto/Sagunt,Valencia/València,46520,2,60.0,386,N-340,N,False,1142.0337931166248
2023003040,21XP22T3KK4AL00129,39.512207,-0.453566,"Polígono Empresarial Táctica, Carrer De La",Paterna,Valencia/València,46988,2,22.0,245,N-220,N,False,820.3975266367985
2023003041,22XP22T3KK4AK00050,41.54155,2.222779,"Av. Dels Rabassaires, 46, 08100 Mollet Del",Mollet del Vallès,Barcelona,8100,2,22.0,874,AP-7N,AP,True,832.477414370306
2023003046,20XM32T8KK3AR00031,43.166306,-2.595696,"Pol.Ind.71, 48240 Eitua, Bizkaia, Spain",Berriz,Bizkaia,48249,3,50.0,566,N-634,N,False,32.86781970356152
2023002503,C6E15BCC21QSUHTHMH,41.325367,-1.667825,"A-2, Km 3700, 50300 Calatayud, Zaragoza,",Calatayud,Zaragoza,50300,2,150.0,688,A-2,A,True,80.43632381590488
2023002616,12233033410011,41.987007,2.822127,"Nous Jutjats, C/ De Berenguer Carnicer,",Girona,Girona,17001,1,7.4,317,N-2A,N,False,1539.5524910628417
2023002649,HYC22BZ2734B,40.440674,-3.53759,"P.º De Las Flores, 48, 28823 Coslada,",Coslada,Madrid,28823,2,300.0,685,A-2,A,True,693.045721480957
2023002650,HYC22BZ2786B,40.440674,-3.53759,"P.º De Las Flores, 48, 28823 Coslada,",Coslada,Madrid,28823,2,300.0,685,A-2,A,True,693.045721480957
2023002655,62104044710013,41.981113,2.820589,"Gran Via De Jaume I, 47, 17001 Girona, Spain",Girona,Girona,17001,3,50.0,953,N-2,N,False,1981.5494977922892
VFMKXCTNHQ4K8LYS3CUW,Virgen de las Aguas Santas. Sevilla,37.37528,-6.003958,"C. Virgen De Aguas Santas,",Sevilla,Sevilla,41011,2,22.0,1245,N-630,N,False,964.1064312748929
BTLJLLHVXHKSWMCLO4SB,E.S. Frii San José de Valderas,40.353363,-3.798232,"Calle Petróleo, Número 46-Bajo",Leganés,Madrid,28918,2,100.0,61,A-5R,A,False,950.7899292411939
XMIIGU8Q1LNABQN9YD2P,Augusta Gastrobar,41.902885,2.8037,"Avenida Del Mas Pins, 91",Campllong,Girona,17457,4,100.0,702,A-2,A,False,1285.2566009733644
QSLOPANRTXUFKE6YBS71,Parking Villacerrada,38.99432,-1.858326,"C/Paso Subterráneo,",Albacete,Albacete,2001,8,7.4,726,A-31,A,True,1365.8876018375179
4XWNAOPD4DKLPDBLY1OQ,Breeva,40.51908,-3.8919,"Calle De Severo Ochoa, 2","Rozas de Madrid, Las",Madrid,28232,4,7.4,64,A-6,A,True,514.5148190615309
QVDS7PSQPJLRHPJGNZWF,Virgen de la Victoria. Sevilla,37.37592,-6.001629,"Calle Virgen De La Victoria, 50",Sevilla,Sevilla,41011,2,22.0,1245,N-630,N,False,1161.675598782092
4NQXIMGAXXWDOAY23EPL,Rda. Triana. Sevilla,37.38271,-6.010245,"Ronda De Triana, 45",Sevilla,Sevilla,41010,2,22.0,1245,N-630,N,False,356.73608220299076
F436FGACSONZ2VIW3SJM,EasyHotel Madrid Centro Atocha,40.39694,-3.68248,"Calle Del Mezquite, 5B",Madrid,Madrid,28045,8,240.0,740,A-4,A,False,798.9665589569913
PN0C9L5KV0FKNOLPBVER,Fiat Lleida CarU,41.617695,0.681383,"Les Canals Parcela,8",Lleida,Lleida,25190,4,150.0,992,N-240,N,False,892.8288014200115
V8VETXQOQ0K2MAJZ8S5I,Estación bp Tafalla,42.49914,-1.672627,"Zaragoza 24,A",Tafalla,Navarra,31300,3,150.0,908,N-121,N,False,21.38939068916995
NKS2NVH0KJX8KZLP4GJA,Brasería Villa de Sax,38.5456,-0.8164,"Castalla,32",Sax,Alicante/Alacant,3630,6,150.0,728,A-31,A,True,220.10632852507152
BR1XOXK2SRMNSKENOKB7,Nucesa - Concesionario Oficial Audi Motril,36.736244,-3.512427,"Almería,Km 1,5",Motril,Granada,18600,2,150.0,1062,N-340,N,False,517.3479227903948
ATFM3U8LBJ9WYRNUUT6D,Estación bp El Castillo,36.52034,-4.630344,"Cádiz Variante 340 ,Km 207",Fuengirola,Málaga,29640,3,100.0,646,A-7S,A,False,20.38236042514042
MT0QMNUTAOJXBKOKV0EH,Popeyes Puertollano - 01,38.700287,-4.103495,"Argamasilla,30",Puertollano,Ciudad Real,13500,2,110.0,1107,N-420,N,False,32.94112161618177
QNUQRAGJ6EXAKDIVAKU5,Auto Palacios - Concesionario Oficial Ford,42.584087,-5.58382,"Portugal,11-Bis",León,León,24009,10,150.0,210,N-120,N,True,125.36304376616563
DRCNJYZOHYYT1DHQB4FV,C-Naron-001,43.532986,-8.195945,"Gonzalo Navarro,129",Narón,"Coruña, A",15573,3,50.0,592,N-655,N,False,1967.4789003940703
MDLOXMGIJPI3HRPDRZVC,GU-Guadalajara-006,40.63578,-3.190068,"Francisco Aritio,90",Guadalajara,Guadalajara,19004,3,50.0,685,A-2,A,True,1061.6541266347567
ZRDSL7LP0BQBF4BTXD9M,E-MU-CampoAbajo-yecla-001,38.61401,-1.109191,"Literato Azorin,11",Yecla,Murcia,30510,2,22.0,1102,N-344,N,False,1700.088445382832
JU9XFTCFR53AVTA49BSY,E-L-Mollerussa-002,41.629177,0.884735,"Jaume I,30",Mollerussa,Lleida,25230,6,22.0,698,A-2,A,True,1318.5495834938704
PPITO4T72BID6WEYRB7E,SS-Zarautz-001,43.28119,-2.16375,"Araba Kalea,41",Zarautz,Gipuzkoa,20800,6,60.0,1288,AP-8,AP,True,162.99896602987218
OKCJ7M90SEWG2SRCSTRK,E-O-VeriñaDeArriba-001,43.538067,-5.672012,"Portugal,46",Gijón,Asturias,33207,2,22.0,1279,N-641,N,True,984.2929843171814
0WTFK4MNFPXSGTNXD4Z0,E-Z-Montañana-001,41.67207,-0.828265,"Estudiantes,0",Zaragoza,Zaragoza,50016,4,22.0,694,A-2,A,True,255.82923302913193
H4RQASHZVKL3FOJWTWL4,E-LU-Vilar-piñeira-ribadeo-001,43.54001,-7.06311,"Da Ria De Ribadeo,34",Ribadeo,Lugo,27710,6,22.0,822,A-8,A,True,230.30581639052735
FFVPXQUIOREGJ6Y6U9C9,E-MA-ArroyoDeLaMiel-001,36.596073,-4.531176,"Federico Garcia Lorca,3",Benalmádena,Málaga,29630,2,22.0,620,AP-7S,AP,True,1593.8890668818838
QMAZLN4U8S3KV44I8TWS,AL-Alicante,37.92968,-0.737693,"Jade,2",Orihuela,Alicante/Alacant,3189,2,100.0,887,AP-7N,AP,False,128.75493869406307
J5QGKE4PAEERHWJQWLPJ,E-NA-Tafalla-002,42.536594,-1.669384,"Pamplona,18",Tafalla,Navarra,31300,6,22.0,606,AP-15,AP,True,168.53094329703976
SPTOWI4CIM0S9U1CXAY8,E-LE-Armunia-001,42.588852,-5.602109,"Agustinos De Leon,31",León,León,24009,4,22.0,210,N-120,N,True,453.15512139423566
PRXZTF2N8RJELRUSLZTU,E-H-Aracena-001,37.898064,-6.566156,"Nacional 433,87",Aracena,Huelva,21200,2,22.0,458,N-433,N,True,34.00186308545952
2024007427,TRANSPORTES PENADES E HIJOS SL,38.850014,-1.0283376,N430 BADAJOZ A VALENCIA PK 594,Almansa,Albacete,2640,3,50.0,1144,N-430A,N,False,83.96191059532947
CBHVFF2EVFWXZBBN2SBE,Parque de Miraflores. Sevilla,37.40875,-5.965631,"Calle Ojiva, 4",Sevilla,Sevilla,41008,2,22.0,747,A-4,A,True,1508.4732606503799
HDPSULBS595ZC7UP9RWY,Juan Ramón Jiménez. Sevilla,37.37415,-5.999544,"Calle Virgen De La Estrella, 4",Sevilla,Sevilla,41011,2,22.0,1245,N-630,N,False,1369.1809436503859
PV5I8IA2Q4BAKWTXM4LX,Hotel La Colina,41.559,-4.870671,"Ventas De Geria, Número 14-Bis (A-62, Km 139),",Geria,Valladolid,47131,4,100.0,84,A-62,A,True,5.662261909867936
FCWTY851RPNOZ9L7FBAB,"Castilla, Triana. Sevilla",37.386757,-6.004995,"C. Castilla, 35",Sevilla,Sevilla,41010,2,22.0,1245,N-630,N,False,807.583275883591
8FYERKZGM6GXUVHPG3OI,Burger King - Ribadeo,43.540607,-7.065159,"Da Ria De Ribadeo,44",Ribadeo,Lugo,27710,3,100.0,822,A-8,A,True,228.47022840014878
NZ8ASNCGJDNAT43BFIN2,Estación bonÀrea - Anglesola,41.6569,1.0791,"De Les Eres,4",Anglesola,Lleida,25320,2,25.0,698,A-2,A,True,1183.5519983059498
ITSZ1QQRVIH1JJIQCSIK,Fuentes de Oñoro - Frontera Portugal,40.60678,-6.824496,"Europa,5",Fuentes de Oñoro,Salamanca,37480,24,400.0,90,A-62,A,True,826.0925998371456
QSNQLK2OEXRNZXYPJGOV,Villamediana de Iregua - C.Anastasio Mateo 8,42.427654,-2.4182,"Calle Anastasio Mateo ,8",Villamediana de Iregua,"Rioja, La",26142,4,50.0,864,AP-68,AP,True,1241.6712953547076
LS1XJUQTEKCQ210Z6YLW,Villamediana de Iregua - Plaza Doña Ermesinda,42.42331,-2.421397,"Doña Ermesinda ,5",Villamediana de Iregua,"Rioja, La",26142,4,50.0,864,AP-68,AP,True,1569.6726459865476
H1USW7MQ5OJTF16HVEYA,Villamediana de Iregua - C. Portillo,42.422516,-2.418335,"Portillo,S/N",Villamediana de Iregua,"Rioja, La",26142,4,50.0,864,AP-68,AP,True,1748.6159618271652
ZM0MNMTXREAA3C3SFBLT,Consum - Villajoyosa,38.511356,-0.23346,"Pianista Gonzalo Soriano,11","Villajoyosa/Vila Joiosa, la",Alicante/Alacant,3570,2,50.0,363,N-332,N,False,808.2743277621387
UY6BXRH41JEAOOB0HCME,ES BP San Fernando La Presa,40.43052,-3.52917,"La Presa,S/N",San Fernando de Henares,Madrid,28830,2,150.0,685,A-2,A,True,1803.989978759176
UJ97G3OXS4MVHZXSZIPY,Consum - Alcudia De Crespins,38.9721,-0.59416,"9 D'octubre,7","Alcúdia de Crespins, l'",Valencia/València,46690,3,150.0,736,A-35,A,True,805.4711943427304
UD8GHJCV9UJ8WG8IRFDY,TRAVESÍA ESCOLES VINAIXA,41.429276,0.971574,"De Lleida 51, Travesia De Les Escoles,Sn",Vinaixa,Lleida,25440,6,120.0,991,N-240,N,False,301.81067778070445
48JHEMGO7EB896CNZBZL,E-A-Finestrat-007,38.536633,-0.180254,"Pais Valencia,18",Finestrat,Alicante/Alacant,3509,2,22.0,364,N-332,N,False,306.4470579324852
J9CK2ZB6UBMMBRSQJ5BH,MU-MURCIA-063,38.031467,-1.150638,"Metrovacesa,2",Murcia,Murcia,30100,16,22.0,134,A-7,A,True,164.17249295089965
AUXE2FQYDT3EGZQN4WPP,MU-Murcia-091,37.935047,-1.163893,"Ctra. Las Palmeras, El Palmar - H. Vir. Arrixaca,S/N",Murcia,Murcia,30120,4,22.0,723,A-30,A,True,879.8764891664583
IBIC0VULHTKIJPJEKHC5,Arquímedes - Marconi,41.510826,2.132786,"Arquimedes,8",Barberà del Vallès,Barcelona,8210,7,50.0,875,AP-7N,AP,True,228.81355016981956
GKM5BHTVB9URYEV1PB9U,Claret - Cristofol Colom,41.408966,2.022385,"Sant Antoni Maria Claret,5",Molins de Rei,Barcelona,8750,4,20.0,398,N-340,N,False,498.0491477985979
DNQ4ZXGDH6HX6JACFXCQ,E-L-Altet-001,41.65204,1.14771,"Barcelona,18",Tàrrega,Lleida,25300,6,22.0,698,A-2,A,True,943.3058375045796
V269CJFHDKQZZ97JZMZ0,Camp - St. Casimir,41.49136,2.134806,"Camp,1",Cerdanyola del Vallès,Barcelona,8290,3,50.0,875,AP-7N,AP,True,1728.9158828881532
CRAIYZXCN9LHAF8ER6ZQ,Països Catalans - J. Ferrer,41.36872,2.01794,"Josep Ferrer,4",Santa Coloma de Cervelló,Barcelona,8690,4,22.0,700,A-2,A,True,1215.7841336661504
VWV5QCPYZGGIZGTMEV0U,MU-Murcia-149,37.99404,-1.124013,"Av. Marina Española Esq. Av. Juan De Borbon,S/N",Murcia,Murcia,30007,4,22.0,723,A-30,A,True,1846.6571698952862
PTMLUPAFBYJXJBUA2ZSL,MU-Murcia-083,37.998623,-1.136539,"Juan Carlos I,S/N",Murcia,Murcia,30007,4,22.0,723,A-30,A,True,1131.3708174080166
R7YP16DKMXBBJMV80DSQ,E-Z-CartujaBaja-003,41.67988,-0.964683,"Logroño (Autovia),0",Zaragoza,Zaragoza,50011,4,22.0,260,N-232,N,False,79.10206098760159
BCSODIKBAPT0PL5YWUTN,MU-Murcia-122,37.978226,-1.1336194,"C/ Cartagena Nº75 - Cuartel De Artilleria,75",Murcia,Murcia,30002,4,22.0,723,A-30,A,True,280.2247831022864
7DDPYVHJH4ZEWC7YVNEN,MU-Murcia-120,37.977882,-1.1289074,"Alameda De Capuchinos, 9 – Mercado,9",Murcia,Murcia,30002,4,22.0,723,A-30,A,True,679.0752160824973
0YPSTJHGK2CB2NBQCDQT,BI-Basauri-012,43.244274,-2.8838892,"Cervantes,17",Basauri,Bizkaia,48970,6,22.0,566,N-634,N,False,165.98540408086114
PMSWPGZ79LS1RGB08H1C,MU-Murcia-080,37.98419,-1.1348372,"San Julian,10",Murcia,Murcia,30004,4,22.0,723,A-30,A,True,484.7322580432151
QID2OXGPXGOPRWK71M0T,Collserola - Ctra. Santiga,41.50139,2.15111,"Collserola (De),2",Ripollet,Barcelona,8291,4,20.0,874,AP-7N,AP,True,1468.5438913301925
PT22UFC3QUEHN0M8UMF8,E-GI-Figueres-003,42.265133,2.966784,"Sant Llatzer,54",Figueres,Girona,17600,4,22.0,298,N-260,N,False,716.0234083374935
DDIDMKXK8RZIPNUBOYEI,MU-Murcia-093,37.986355,-1.1397815,"C/ Sierra Pila - Estación De Autobuses,N/A",Murcia,Murcia,30005,4,22.0,723,A-30,A,True,225.04893672272593
VRR3VHNU2MQ8KIYFNXKT,MU-Murcia-151,37.994274,-1.1335682,"C/ Auditorium, 3 - Mercado Semanal,3",Murcia,Murcia,30008,4,22.0,723,A-30,A,True,1115.2596488355089
AIUKLQXASIUQZQIALRE4,E-CR-Miguelturra-003,38.967278,-3.893157,"San Anton,8",Miguelturra,Ciudad Real,13170,2,22.0,760,A-41,A,True,1698.223860927258
SAYUZJORGB6DFEFLOWC7,E-O-LaCabaña-sanClaudio-001,43.36717,-5.849244,"General Elorza,72",Oviedo,Asturias,33001,2,22.0,1218,N-630,N,False,1338.2053433759108
H4WDBPNYTVTYY0CSSX56,E-P-Palencia-006,42.004105,-4.527661,"Jacobo Romero,16",Palencia,Palencia,34002,2,22.0,1197,N-610A,N,False,947.1216006662405
YGO87YJ8TN1ZNGUBTJQH,Bètica - CAP,41.508003,2.111322,"Betica,13",Badia del Vallès,Barcelona,8214,4,22.0,875,AP-7N,AP,True,965.9911130740771
8Q49VSMXT0ADKDWP77AI,Camp Llarg - Parc Central,41.45149,1.96972,"Camp Llarg - Ctra. De Barcelona - Entrada Al Parc Central,0",Sant Andreu de la Barca,Barcelona,8740,4,20.0,700,A-2,A,True,521.3074392181486
GIIJLBCGUFI3DXRXS4AJ,Via Augusta - C. Comercial,41.482788,2.051377,"Via Augusta,21",Sant Cugat del Vallès,Barcelona,8174,6,96.0,875,AP-7N,AP,True,249.2786991705558
XOCDCDHAISCULXCDPK6X,E-M-AlcalaDeHenares-014,40.49816,-3.371043,"Gonzalo Torrente Ballester,27",Alcalá de Henares,Madrid,28806,2,22.0,685,A-2,A,True,354.2108335122596
MU5GTPN5JSAHHI1FDEG6,MU-Murcia-153,37.997055,-1.1244678,"C/ Navegante Juan Fernandez - Cs La Flota,S/N",Murcia,Murcia,30007,4,22.0,723,A-30,A,True,1966.9314565972013
C3HANE3QEG85ISLD5HSJ,E-TO-BarrioDeSantaMaria-001,39.958126,-4.844052,"Portugal,0",Oropesa,Toledo,45600,4,22.0,477,N-502A,N,False,2.296596645940995
3PEK1YPEH0XI81MAAQCP,MU-Murcia-094,37.98874,-1.134678,"Callejon Burruezo Con C/ Jeronimo De Roda,S/N",Murcia,Murcia,30005,4,22.0,723,A-30,A,True,744.6946112370463
XYE4OW5QJU2RITYLJV59,MU-Murcia-118,37.942616,-1.1316032,"Av. Juan Carlos I, 3. Santo Angel,3",Murcia,Murcia,30151,4,22.0,723,A-30,A,True,1374.4739593899376
NIJFJSX8XLPNBCXWATT0,MU-Murcia-154,37.97636,-1.1206479,"Av. Monte Carmelo, 2 - Polideportivo Infante,2",Murcia,Murcia,30011,4,22.0,723,A-30,A,True,1389.9875601042384
WCQYEFUF8EM7PYCJGB7L,MU-Murcia-155,37.97208,-1.1235735,"C/ Santa Rosa, Santiago El Mayor,S/N",Murcia,Murcia,30012,4,22.0,723,A-30,A,True,1181.262796649553
EL90GGDVJIK7AAQQ9I2O,Av. Argentina,41.44547,1.97954,"Argentina,35",Sant Andreu de la Barca,Barcelona,8740,6,60.0,700,A-2,A,True,67.18817681827353
WCAMQG5GFSFYS5JIFIL1,Àngel Guimerà,41.472324,1.981586,"Angel Guimera,12",Castellbisbal,Barcelona,8755,4,22.0,876,AP-7N,AP,True,629.6079219354937
CQKQLGLHPUGEBMHP4DMV,MU-Murcia-148,37.99954,-1.128554,"Periodista Antonio Hererro,25",Murcia,Murcia,30007,4,22.0,723,A-30,A,True,1786.2135334917973
PIVWEWRHJAFQWSWXZCS1,E-M-Madrid-258,40.385147,-3.611489,"Santa Eugenia,10",Madrid,Madrid,28031,2,22.0,46,A-3,A,True,347.80074797343815
ZLBVAN9Q61WTIOTYV7QM,E-O-Arones-001,43.3545,-5.859656,"Monte Cerrau,24",Oviedo,Asturias,33006,2,22.0,1218,N-630,N,False,242.9000960702284
TR8RQKAXJ34JKRVE4H5H,IONITY Saelices,39.916893,-2.798337,Av. Madrid Valencia,Saelices,Cuenca,16430,6,350.0,49,A-3,A,True,312.29396099866443
WJRCDKEQBKDVGIPV1XBE,MASYMAS PUZOL,39.624615,-0.3040607,"Carrer Tarongers 1, 46530 Puçol, Valencia",Puçol,Valencia/València,46530,2,90.0,126,A-7,A,True,768.71524310097
4Q6V2JHMAH98MJBUVUGS,L-ALPICAT-002,41.665916,0.557828,"Farraginals,N/A",Alpicat,Lleida,25110,3,50.0,713,A-22,A,True,1651.1801000281632
DBCDNOPDDZEBSRTFTMQ2,E-S-Solares-001,43.393307,-3.746853,"Barrio Orejo,187",Medio Cudeyo,Cantabria,39710,6,22.0,153,A-8,A,True,685.736121176587
1MMFFK77GQT2NIDNO7QC,E-OU-Curuxeiras-001,42.324535,-7.863685,"Leiras Pulpeiro,3",Ourense,Ourense,32005,2,22.0,1182,N-525,N,False,682.9218682053529
60ZFR4ZQOMHD24MNA72T,E-MU-RaigueroAlto-001,37.761814,-1.502613,"Hondales (De),0",Murcia,Murcia,30850,6,22.0,135,A-7,A,True,1909.264498820473
X0LZZBCGZYKBSJNCLGCZ,HU-MONZON-003,41.917004,0.185654,"San Juan Bosco,10",Monzón,Huesca,22400,2,22.0,285,N-240,N,False,589.7139874501438
VYH1CNQ79M2SLAFV8MP4,E-Z-CartujaBaja-004,41.643707,-0.871916,"Monasterio De Samos,24",Zaragoza,Zaragoza,50013,2,22.0,120,A-68,A,False,1601.3853093141379
6G77HJRAP9UXTWVMOQQM,E-V-L'olleria-001,38.912712,-0.552714,"Diputación Provincial,42","Olleria, l'",Valencia/València,46850,2,22.0,130,A-7,A,False,1912.9740152234838
VT0QMLVRF6S2QN7IK4VM,E-S-Santander-008,43.45437,-3.821286,"Castilla,71",Santander,Cantabria,39009,2,22.0,1202,N-611,N,False,617.4753643822902
SNDT1BQZO7IUXZQP8N7I,E-MA-Fuengirola-004,36.548523,-4.636113,"San Dionisio,1",Mijas,Málaga,29651,4,22.0,646,A-7S,A,False,414.5856160150246
AGMCALWEMXKL9Z1MONOP,E-GR-Niguelas-001,36.974392,-3.556504,"Ind. La Melitona,4",Lecrín,Granada,18657,6,22.0,771,A-44,A,True,312.5591894304204
5EIGTHSP35YOE39IDDIW,E-MU-BarrioDePeral-001,37.61166,-0.976373,"Soller,0",Cartagena,Murcia,30203,4,22.0,723,A-30,A,True,624.4427944582175
3NNHLI76P4KV85CZKQLQ,E-SS-Aitze-001,43.27793,-2.17097,"Aiziazpia Kalea,4",Zarautz,Gipuzkoa,20800,6,22.0,1288,AP-8,AP,True,53.40231100164719
J3ANKWGYGWHDHIN9LDBQ,TheF Charging Espana Abba Huesca Hotel PLANTA -1,42.13291,-0.406366,C/Tarbes 14,Huesca,Huesca,22005,4,22.0,30,A-23,A,True,1916.1841419306504
9CTSK8YAQRMQQNOE1PME,"TheF Charging Espana Hotel Vielha Val d'Arán, Affiliated by Meliá, PLANTA -1",42.70036,0.800314,Carrèr Aneto 1,Vielha e Mijaran,Lleida,25530,2,22.0,256,N-230,N,True,595.326953777083
BC9TRXH0FF2AWEGTDBV4,Sant Cugat del Vallès - Centro Comercial Sant Cugat,41.482857,2.053379,"Av. De La Via Augusta, 2",Sant Cugat del Vallès,Barcelona,8174,8,200.0,875,AP-7N,AP,True,375.56585717250186
6IEX7ZTWYJU3KGACFTVT,Madrid - Centro Comercial Plaza Río 2,40.39093,-3.70144,"Av Del Manzanares, 210, Usera",Madrid,Madrid,28026,8,200.0,761,A-42,A,False,1249.3224178282508
HAUTJ1JCXFBGFFIRKTMH,Estación bonÀrea - Épila,41.553253,-1.20948,"De Muel Lumpiaque, Plataforma Logistica Bonàrea,S/N",Épila,Zaragoza,50290,2,50.0,689,A-2,A,True,171.6579618445351
LWSGFNBUUVIHMRPGZH3O,Abades La Roda by Porsche,37.19778,-4.7971,"A-92, P.Km 127, Salida ,123","Roda de Andalucía, La",Sevilla,41590,10,400.0,828,A-92,A,True,109.79118048861673
HYBDOT9OTK69FNLYZMLJ,Estación de servicio TUI,42.037937,-8.659585,"Guardia,1E",Tui,Pontevedra,36711,2,50.0,57,A-55,A,True,104.92733815105527
GAYHZGF67PSDXZI6NS56,Iberdoex - Los Pantanos,39.17104,-5.047223,"Juan Carlos I,19",Herrera del Duque,Badajoz,6670,3,100.0,472,N-502,N,False,10.3562354161263
ZRMKCD2TIBABUE4XLNGQ,Hotel Abades Loja - Direccion Sevilla,37.16558,-4.167924,"A-92 Direccion Sevilla,Km 190",Huétor Tájar,Granada,18300,10,400.0,830,A-92,A,True,80.5990157467406
GTCMQYNTPBD620NPEXX4,Estación bonÀrea - Olesa de Montserrat,41.54497,1.881369,"Industrial La Flora ,P15",Olesa de Montserrat,Barcelona,8640,2,240.0,699,A-2,A,True,1657.844958934832
KB49KADMJBEHAKJRAYNW,Estación Valcarce Salvaterra de Miño by Porsche,42.141544,-8.461906,"O Couto ,S/N",Salvaterra de Miño,Pontevedra,36459,2,300.0,803,A-52,A,True,202.1782850127137
RZHIEUNEGY7EKBCAVQ0O,Auto Ega - Estella,42.656723,-2.028224,"Merkatondoa,29",Estella-Lizarra,Navarra,31200,4,100.0,667,A-12,A,False,760.4988973677046
UKPBQO2KWQVCHVUSU7JE,Estación de servicio Monte Manantial,41.785076,-5.323326,"Madrid-Coruña Km,224",Villanueva de los Caballeros,Valladolid,47850,11,150.0,69,A-6,A,True,73.53950745259777
4HRF7C84FT2LJYIFZIBM,AUDI MOHISA ÁVILA - Concesionario Audi,40.646263,-4.70534,"Burgohondo,18",Ávila,Ávila,5002,2,150.0,429,N-403,N,False,78.91019463486623
TY0ZLFA1DLJYI2PE8AI4,Estación bonÁrea - Fraga,41.525234,0.367401,"Partida Zafranales,1",Fraga,Huesca,22520,2,100.0,695,A-2,A,False,988.4077752073533
TAR6SL4X6OJWKSWLTCRF,Estación de Servicio Monte Las Encinas,41.773834,-5.311668,"Del Noroeste,Salida 223",Villanueva de los Caballeros,Valladolid,47850,11,150.0,69,A-6,A,True,89.85207457980371
PZFIWSUVCVQVNY49NOEE,Q8 Gasolinera El Tiemblo,40.409492,-4.49336,"N-403-A Km 90, Paseo De Recoletos,59","Tiemblo, El",Ávila,5270,3,100.0,428,N-403,N,False,434.0042962759441
9IIUGVXRBREVKTSTMR91,Graja de Iniesta - Paseo Castilla la Mancha 9,39.517178,-1.674506,"Castilla La Mancha ,9",Graja de Iniesta,Cuenca,16251,2,100.0,11,N-3,N,False,75.5039589521052
QP5OX6ZIMGD0NJJNCCKB,Audi Motor Pacífico Gandía - Concesionario Oficial,38.984745,-0.185099,"Gran Via Del Castell De Bairen,32",Gandia,Valencia/València,46701,2,150.0,370,N-332,N,False,372.241753033035
2BMXF7DQKYMPVJNESA6X,Hotel Restaurante Mesón de Erosa by Porsche,42.02973,-7.18056,"De Las Rías Bajas, A-52 , Salida ,132","Gudiña, A",Ourense,32547,10,400.0,492,N-525,N,False,35.062837065928434
BX0GYYVQHUWKB2OGGLHR,MASYMAS CHIVA,39.46963,-0.7078082,"Polígono Número 14 Casco Urbano, Calle Dr. Nacher, 46370 Chiva, Valencia",Chiva,Valencia/València,46370,1,90.0,50,A-3,A,True,365.9608797767668
YDXXZAYDCNRQI9RNLLXG,CONSUM VILA-REAL,39.933235,-0.0997362,"Carrer Furs de Valencia, 55",Vila-real,Castellón/Castelló,12540,3,120.0,387,N-340,N,False,572.3418188998866
YGPPE0GIJWI9U8KAELWA,CONSUM MISLATA,39.47646,-0.4156888,"Calle del Pare Llansol, 15",Mislata,Valencia/València,46920,3,120.0,53,A-3,A,False,825.1478190946111
5FGRP6RYNCEU7L9KTNAF,PETROLIA.CONIL DE LA FRONTERA,36.28426,-6.0841994,"Av. de la Música, 8",Conil de la Frontera,Cádiz,11140,2,100.0,1059,N-340,N,False,1749.4211436043872
DCPURCCBJUXPY90D59JD,REAL CLUB PINEDA SEVILLA,37.352345,-5.9676747,"Av. de Jerez, s/n",Sevilla,Sevilla,41013,2,60.0,748,A-4,A,True,1546.762002563687
KU7WGRRDIBET7TM7WKQG,Leonardo da Vinci. Sevilla,37.40147,-6.008338,"Calle Leonardo Da Vinci, 5",Sevilla,Sevilla,41092,2,22.0,1245,N-630,N,False,1420.4988050381767
LDKGQDMEVTQNPKPLJNV8,E.S. Puerta Vera,37.21376,-1.897869,"Autovía A7, Polígono 11, Parcela 27,",Antas,Almería,4628,8,230.0,631,A-7S,A,True,138.24853114241648
NKEFMPH3HJO71UYZZM4U,Áncora. Sevilla,37.386356,-6.009663,"Calle Manuel Arellano, 13",Sevilla,Sevilla,41010,2,22.0,1245,N-630,N,False,395.8595998987678
8VDYPFGAVS4H4PY4RKU2,Parking La Rambla. Almería - Parkia,36.841652,-2.458573,"Av. Federico García Lorca, 93",Almería,Almería,4004,4,22.0,634,A-7S,A,True,1857.8633525330722
DXRPYCBLDABNJX5OWW4W,Parking Facultad de Medicina - Parkia,38.984104,-1.846026,"C/ Almansa, S/N",Albacete,Albacete,2008,4,22.0,726,A-31,A,True,1154.999477050854
YV17ETPYW4LQQKCCD27E,Parking Hórreo. Santiago de Compostela - Parkia,42.873417,-8.542904,"Rúa De Ramón Piñeiro, S/N",Santiago de Compostela,"Coruña, A",15702,4,22.0,163,AP-9,AP,True,1764.0188583753945
4ZR0GVPSOT7XIJYTGWI9,Parking San Caetano - Parkia,42.88786,-8.534607,"Rúa De Tomiño, S/N",Santiago de Compostela,"Coruña, A",15704,4,22.0,163,AP-9,AP,True,1707.5641879675095
P99LQFB1FKNWPYFMH5SX,Constantí - INGETEAM EdRSR 1,41.152386,1.216997,"Av. Onze De Setembre, 5, 43120 Constantí, Tarragona, Spain",Constantí,Tarragona,43120,2,22.0,878,AP-7N,AP,True,893.7029755294687
AID9PEQQ2WDYSFTIQUXC,Complex Comercial Vilafranca - INGETEAM EdRSR 1,41.335068,1.685886,"Avinguda De Tarragona, 143D",Vilafranca del Penedès,Barcelona,8720,2,22.0,396,N-340,N,False,84.82037654427566
KWXL32QBF3P9HNLNLMNB,Cambrils - LAFON EdRR 1 Jaume I,41.06718,1.064081,"Rambla De Jaume I, 63",Cambrils,Tarragona,43850,3,55.0,393,N-340,N,False,1066.8128436663417
YZF7KWZDZCFL6RYQM25Q,Constantí - INGETEAM EdRSR 3,41.15287,1.213909,"Carrer Major, 32",Constantí,Tarragona,43120,2,22.0,878,AP-7N,AP,True,943.0082380968071
O6DBN0JPPJPLLQE0H0VL,Amposta Mercat - LAFON EdRR 1,40.712418,0.57894,"Avinguda Alcalde Palau, 57",Amposta,Tarragona,43870,3,55.0,1091,N-340A,N,False,246.8355250860601
VDMMH3CTKTNZCZMYF7SO,Pescador Nord - EdRSR 1,41.06472,1.057482,"Carrer De Robert Gerhard, 4",Cambrils,Tarragona,43850,4,7.0,393,N-340,N,False,1274.8584029074048
IDU3IHL13GOSRVFNWFNV,Constantí - INGETEAM EdRSR 2,41.151882,1.214421,"Carrer Barcelona, 11, 43120 Constantí, Tarragona, Spain",Constantí,Tarragona,43120,2,22.0,878,AP-7N,AP,True,835.1905838296735
YMUBOK3JBIQNT7FO8ADG,Pescador Sud - EdRSR 2,41.064697,1.05762,"Carrer Robert Gerhard, 2",Cambrils,Tarragona,43850,2,7.0,393,N-340,N,False,1275.9861092185797
ZR9BRFMOMCKSHNTSH5N4,Peralada - SELBA EdRSR 1,42.308895,3.013139,"Camí De La Garriga, 3, 17491 Perelada, Girona, Spain",Peralada,Girona,17491,2,22.0,297,N-260,N,False,1910.9121818309902
NDA1LIE3MJMXBVHSQ9TJ,Mont-roig del Camp - INGETEAM EdRSR 2 Miami,41.00364,0.928718,"Av. Màlaga, 34, 43892 Miami Platja, Tarragona, Spain",Mont-roig del Camp,Tarragona,43892,2,22.0,137,A-7,A,False,961.8388593374535
ZVVDHIH8U3PGLXZTZUOA,Mont-roig del Camp - INGETEAM EdRSR 1 Ajuntament,41.00675,0.935722,"Av. Califòrnia, 15",Mont-roig del Camp,Tarragona,43892,2,22.0,137,A-7,A,False,1321.602539463963
A7GLIRSZNLB3Q3RL3TRX,Av del mar 21,41.010136,0.938962,"Av. Del Mar, 21",Mont-roig del Camp,Tarragona,43892,2,22.0,392,N-340,N,False,1022.9667709941417
X8MPE6VV8Y2GW4GMVHL0,Montblanc - LAFON EdRR 1,41.377373,1.163606,"Muralla De Sta. Tecla, 51, 43400 Montblanc, Tarragona, Spain",Montblanc,Tarragona,43400,3,55.0,990,N-240,N,False,728.8940322961591
NEX01GPUKCXF8DSP8OSH,Montblanc - LAFON EdRR 2,41.375767,1.163327,Carrer Jaume Conesa,Montblanc,Tarragona,43400,6,55.0,990,N-240,N,False,840.8411045065482
W85KYN9DRKTYSOOQ4Y2E,Viver d'Empreses Baix Ebre Innova - Oficina 11,40.77003,0.654832,Viver D'empreses Baix Ebre Innova - Oficina 11,Camarles,Tarragona,43894,2,22.0,391,N-340,N,False,169.53920906477558
GMBPVXSKEQY2ERUDSXNO,Rubí Forma Aparc. Ppal 2 - INGETEAM EdRSR 2,41.485634,2.030229,"S/N, Rambleta De Joan Miró",Rubí,Barcelona,8191,1,7.0,875,AP-7N,AP,True,1417.972220390224
7NPB1BO0WT0FYATKTXJT,Aparc. C.E.Can Roses - Circutor EdRSR 4,41.502808,2.04375,Carrer Del Futbol S/N (Aparcament Complex Esportiu Can Rosés),Rubí,Barcelona,8191,2,7.4,875,AP-7N,AP,True,1889.8436535078781
5O1556UVM7PW6QW1G2IR,Rubí Forma Aparc. trasero - CIRCUTOR EdRSR 5,41.48497,2.029917,Rambleta De Joan Miró Sn,Rubí,Barcelona,8191,2,7.4,875,AP-7N,AP,True,1375.5441862859118
UCHEATTOP0Z7EBY9LFPN,Rubí - CIRCUTOR EdRSR 7,41.494,2.029413,"Carrer De Joaquim Blume, 28",Rubí,Barcelona,8191,2,22.0,875,AP-7N,AP,True,1971.2415759989792
HZC8SO50EVKZGE5QEXSJ,Rubí - INGETEAM EdRR - 29,41.48572,2.030192,"Rambleta De Joan Miró, S/N",Rubí,Barcelona,8191,3,50.0,875,AP-7N,AP,True,1427.4326284534247
MSTSG6I2NTXHVGBV5RRB,SIMA Igualada - SELBA EdRSR 1,41.589275,1.621518,"Carrer De Lecco, 30, 08700 Igualada, Barcelona, Spain",Igualada,Barcelona,8700,2,22.0,699,A-2,A,True,930.9541417307912
NU8KIBIOZSVUCTGBAHVA,Vidreres - SELBA EdRSR 1,41.790073,2.78033,"Carrer Costa Brava, 144, 17411 Vidreres, Girona, Spain",Vidreres,Girona,17411,2,22.0,702,A-2,A,False,1857.3808026509066
XC1CLUOSGSK8VQYYPTBP,Valls - SELBA EdRSR 1,41.287525,1.258783,"Plaça De La Vil·La Romana, 5, 43800 Valls, Tarragona, Spain",Valls,Tarragona,43800,2,22.0,988,N-240,N,False,822.5343753747463
VNRRDA3NFIFZQUJQJCXU,FIGUERES - LAFON EdRR 1 Tarradellas,42.268986,2.966869,Plaça Tarradellas,Figueres,Girona,17600,3,55.0,312,N-2A,N,False,747.6420846248237
B9TVN30B5S9EZOBWYNYS,FIGUERES - LAFON EdRR 2 Creu de la mà,42.259785,2.966682,"Carrer Torras I Bages, 42",Figueres,Girona,17600,3,55.0,312,N-2A,N,False,355.1031819881856
CANBVMHPDVQTM5QSR6AU,"Ctra. de Móra, 5",40.991882,0.92141,"Carrer Cementeri, 2, 43890 L'hospitalet De L'infant, Tarragona, Spain",Vandellòs i l'Hospitalet de l'Infant,Tarragona,43890,3,55.0,391,N-340,N,False,833.8240935217797
SL6H5R92ZVEPEIZTKZBA,Hospitalet de l'Infant - LAFON EdRR 1 Idetsa,41.009315,0.912715,"Carrer Martí Franques, 5",Vandellòs i l'Hospitalet de l'Infant,Tarragona,43890,3,55.0,880,AP-7N,AP,True,425.6012976379753
NZPUYUDVUXLAUC5ZWU67,Ajuntament de Vandellòs i l'Hospitalet de l'Infant - SELBA EdRSR 1,40.98877,0.924508,"Passeig Marítim, 9",Vandellòs i l'Hospitalet de l'Infant,Tarragona,43890,2,22.0,391,N-340,N,False,1116.8910344752908
BIOPRWSPJYCYYH5G6KUZ,HOSPITALET,40.98882,0.913775,"Carrer Recó Del Vaqué, 8-12,",Vandellòs i l'Hospitalet de l'Infant,Tarragona,43890,2,22.0,391,N-340,N,False,299.37295116863015
TCDIL3KKWLFQKDQSFAMZ,Tarragona - SELBA EdRSR 1 Anella Olímpica E,41.12216,1.206972,"Poliesportiu, 43006 Tarragona, Spain",Tarragona,Tarragona,43006,4,22.0,137,A-7,A,False,782.6665735181227
TIS65CQCTSJPEXREC7ZE,Tarragona - Selba EdRSR 4 Gavarres,41.129986,1.200249,"1B Carrer 2 Tarragona Catalunya 43006 Es, 43006 Gavarres, Tarragona, Spain",Tarragona,Tarragona,43006,2,22.0,137,A-7,A,False,229.7194204404469
OPZUUOWGLQXO6UCKTQQ7,Tarragona - LAFON EdRR 1 Arrabassada,41.1208,1.272016,"Carrer Salvador Espriu, 1",Tarragona,Tarragona,43007,3,55.0,137,A-7,A,False,546.3674860915988
ZQ0UCT4QI2QY05VCSS28,"Av. d'Estanislau Figueres, 68",41.119167,1.246108,"Av. D'estanislau Figueres, 68",Tarragona,Tarragona,43005,3,55.0,137,A-7,A,False,596.4288798234908
0VPDXLOR7JMWGKEQPCUF,Tarragona - Selba EdRSR 3 Tabacalera,41.11386,1.241051,"Carrer De Vidal I Barraquer, 38",Tarragona,Tarragona,43005,2,22.0,1114,N-420,N,False,391.0354647045326
XNUREJFI8VIUWQDKCMMB,Sant Vicenç dels Horts - CIRCUTOR EdRSR 1,41.388187,2.007974,"Fotolinera Edifici De La Foneria. Carrer Claverol, 6",Sant Vicenç dels Horts,Barcelona,8620,3,22.0,700,A-2,A,True,927.1538737642619
7WHVEGV23YR1CTXE3XUH,Ponent Energia - LAFON EdRR 1,41.57556,0.517052,"Bar Restaurante Cooperativa, Carretera Valmaña, Km. 2",Alcarràs,Lleida,25180,5,170.0,696,A-2,A,True,664.8328302797738
KLWHPYKKGCGBIXOJML0E,NIMA GRUP - AUDI TARRAGONA- EVBOX EdRR 1 Tarragona,41.114964,1.215361,Travessia Ctra. València-1,Tarragona,Tarragona,43006,5,207.0,394,N-340,N,False,35.42340589678398
HC6FVMJTKGVUBNFL9HEG,FORD TARRAGONA - INGETEAM EdRSR  3,41.1164,1.230362,"Carr. Valencia, Km 248",Tarragona,Tarragona,43006,2,22.0,394,N-340,N,False,19.42332449932821
YJCHQJJ4P7NYAJ0V5LG1,NIMA GRUP - HOTEL TARRACOPARK- INGETEAM EdRR 1,41.115192,1.218196,"Carr. Valencia, 206",Tarragona,Tarragona,43006,5,55.0,394,N-340,N,False,18.39172404692418
WIVSXNIOFRV94NFK0NZ4,NIMA GRUP - FORD REUS - INGETEAM EdRSR 5,41.151257,1.112952,"Carrer De Cambrils, 0, 43204 Reus, Tarragona",Reus,Tarragona,43204,2,22.0,1113,N-420,N,False,1816.856273594388
SLDNUE97SVVGUKQXRTQ3,NIMA GRUP - FORD FIGUERES - INGETEAM EdRSR 4,42.256325,2.969787,"Carrer Nou, 217",Figueres,Girona,17600,2,22.0,312,N-2A,N,False,125.19995231833218
3F9JCHHXLHL5XPGXX1DM,NIMA GRUP - FORD VILAFRANCA DEL PENDÈS - INGETEAM EdRSR 7,41.33678,1.687874,"Avinguda De Tarragona, 135",Vilafranca del Penedès,Barcelona,8720,2,22.0,396,N-340,N,False,281.956843524257
SM0RJ3W3NY4VHLD4YIER,NIMA GRUP - JAGUAR – LAND ROVER - INGETEAM EdRSR 8,41.116467,1.230811,"Carr. Valencia, Km 248, 8",Tarragona,Tarragona,43006,2,22.0,394,N-340,N,False,20.026623023897564
UDID1FNYOX9UT78W8V3Z,NIMA GRUP - FORD TCI  - INGETEAM EdRSR 11,41.1377,1.229063,"Carrer De La Plata, 3",Tarragona,Tarragona,43006,2,22.0,43,A-27,A,True,224.81097029307406
OMS7LSQJRCQ3BE5HQ1M4,NIMA GRUP - AUDI VILAFRANCA - LAFON EdRR 2 Vilafranca,41.336872,1.688275,Concessionari Vilamòbil,Vilafranca del Penedès,Barcelona,8720,3,55.0,396,N-340,N,False,293.3662934917489
EZPVYYJO7O9YYLKNCS8M,Cardedeu - Av. del Vallès - LAFON EdRR 2,41.62557,2.362571,Av. Del Vallès,Cànoves i Samalús,Barcelona,8440,3,55.0,873,AP-7N,AP,True,204.7375730850105
PMLZEG7NVFE4IFITHLD2,Cardedeu - Dr. Klein - LAFON EdRR 1,41.639225,2.361024,Carrer Dr. Klein 106,Cànoves i Samalús,Barcelona,8440,3,43.0,873,AP-7N,AP,True,1685.340818896684
Q0FZUBBS6WAPXRAIWXNO,Cardedeu - SELBA EdRSR 1,41.640217,2.355981,"Carretera De Cànoves, 28",Cànoves i Samalús,Barcelona,8440,2,22.0,873,AP-7N,AP,True,1920.0327289553202
W0KCAVDYKBRUS6ICAYAV,E-MA-Campanillas-001,36.662457,-4.498534,"Doctor Ramos Acosta,104",Málaga,Málaga,29140,4,22.0,645,A-7S,A,True,1684.7238975964665
IJ6XUWKI2FQFE8ZUTF2H,E-M-Madrid-263,40.329243,-3.7126987,"Mad Cool - Entrada Prensa,0",Madrid,Madrid,28021,12,22.0,761,A-42,A,False,1076.2101354548333
WWCSRK4D9UGG82LKC6UH,E-V-Gandia-013,38.96692,-0.193968,"Germanies (De Les),53",Gandia,Valencia/València,46702,2,22.0,370,N-332,N,False,558.2294789513741
S1BEQAOOQCVGTR6CKUV0,E-MU-Torreaguera-002,37.978886,-1.130802,"Florida Blanca,4",Murcia,Murcia,30002,2,22.0,723,A-30,A,True,538.3482421500274
YWVHCZVEWECCLQYG6TAO,E-GR-Alitaje-001,37.24901,-3.755014,"Pintor Barba,19",Pinos Puente,Granada,18240,6,22.0,1155,N-432,N,False,133.27127170023198
JTTP9HQGUDKWNZVPLHJX,E-SG-LosAngelesDeSanRafael-001,40.77454,-4.20803,"Rio Tajo,63","Espinar, El",Segovia,40424,2,7.4,1194,N-603,N,False,106.41170133098377
FXY4SCV2ETMMDSGK4ZD9,LO-LOGROÑO-017,42.462162,-2.417533,"Lerida,1",Logroño,"Rioja, La",26006,2,100.0,670,A-13,A,False,359.570917987967
V8IXEECX7X3BFCR3JF7N,E-V-Valencia-070,39.46492,-0.40166,"Llombai,2",València,Valencia/València,46018,8,22.0,53,A-3,A,False,1455.0303695555904
WDQG0FJM2IHXQ8YHQ55N,MU-Murcia-143,38.002518,-1.1283333,"Don Juan De Borbon,48",Murcia,Murcia,30007,2,50.0,723,A-30,A,True,1971.4606844684333
HLF5B55SSLODMF4L88SM,MU-Murcia-079,37.993744,-1.130865,"Nuestra Señora De Los Buenos Libros,1",Murcia,Murcia,30008,2,22.0,723,A-30,A,True,1299.8553956319083
P4EC8OXKBEUM5T5JUEHO,E-SE-Maribañez-001,37.16262,-5.934552,"Los Molares,0","Palacios y Villafranca, Los",Sevilla,41720,2,22.0,629,N-4,N,False,700.1191784490408
Y3QH68N5ELD9IP8AIP9Q,MU-Murcia-112,37.981956,-1.129296,"Rio Segura,10",Murcia,Murcia,30002,2,50.0,723,A-30,A,True,774.3899652836488
QOBEZUWVG3TQTTF0J26K,E-V-MarenyDeBarraquetes-001,39.203903,-0.316866,"De Gardient,3",Sueca,Valencia/València,46410,6,22.0,372,N-332,N,False,0.22194444103617275
3GL5WHRNAGIU8OUWYSXH,COSTCO GETAFE,40.28298,-3.68713,CALLE AGUSTIN DE BETANCOURT 17,Getafe,Madrid,28906,2,180.0,741,A-4,A,True,338.3159707802753
KSURKYEU0MM9DKLFDJEY,ALDI VARA DE QUART,39.458744,-0.4035653,"Avenida Tres Cruces, 52",València,Valencia/València,46014,2,100.0,53,A-3,A,False,1677.1987830570154
HK6B7PCMDNOCUSTH36CR,ALDI ALTURA,39.848877,-0.5021599,"C. Geldo, 1",Altura,Castellón/Castelló,12410,2,150.0,24,A-23,A,True,251.3722266248323
5YDA8BKPQY8BZIXSEDFC,Aj. Riudellots de la Selva - CIRCUTOR EdRSR 1,41.89336,2.801601,"Plaça Ajuntament, 1",Campllong,Girona,17457,2,22.0,702,A-2,A,False,1404.008366286234
JRQFDODZY7KECNNIJKS7,ALDI GANDIA GRAU,38.984573,-0.1633804,"Av. del Grau, S/N",Gandia,Valencia/València,46730,3,100.0,1053,N-337,N,False,556.6632242853366
UDLVTMVMNRZZQUTBVL83,COSTCO GETAFE CENTRO COMERCIAL,40.28298,-3.68713,CALLE AGUSTIN DE BETANCOURT 17,Getafe,Madrid,28906,22,7.4,741,A-4,A,True,338.3159707802753
0SBHVVCTBBIMV0MPS8FS,COSTCO BILBAO CENTRO COMERCIAL,43.302864,-3.0049546,"AVENIDA BABCOCK & WILCOX, 2-4-6",Sestao,Bizkaia,48910,22,7.4,1292,AP-8,AP,True,1434.389073140487
NFES3RUTE2NRN8AVHIXW,COSTCO BILBAO GASOLINERA,43.302864,-3.0049546,"AVENIDA BABCOCK & WILCOX, 2-4-6",Sestao,Bizkaia,48910,2,180.0,1292,AP-8,AP,True,1434.389073140487
YJMNTTBSGI06WYCFUBBY,ALDI SAN JUAN ALICANTE,38.40701,-0.4264712,"Diputada Maria José González Mira, 1",Sant Joan d'Alacant,Alicante/Alacant,3550,4,150.0,138,A-70,A,True,945.1158819391759
2025000318,CARREFOUR ALCOBENDAS,40.52684,-3.6506126,"CTRA DE MADRID A BURGOS, A1 PK 14.500",Alcobendas,Madrid,28108,4,150.0,15,A-1,A,True,207.88209211513734
ZCH4AQRWQLADRP5CQDES,SAN EMIGDIO CATRAL,38.159927,-0.8048508,"Calle San Emigdio, 4",Catral,Alicante/Alacant,3158,2,60.0,887,AP-7N,AP,False,663.0230767737296
N2DCCACRLISZDTPFXQFY,COSTCO ZARAGOZA GASOLINERA,41.636154,-0.9796881,"Calle Isla de Pantelaria, 38, 50197 Zaragoza",Zaragoza,Zaragoza,50197,2,180.0,689,A-2,A,True,350.4163520267508
MRFQM978YJ4JAAEKFV2D,COSTCO ZARAGOZA CENTRO COMERCIAL,41.636154,-0.97968817,"Calle Isla de Pantelaria, 38, 50197 Zaragoza",Zaragoza,Zaragoza,50197,22,7.4,689,A-2,A,True,350.41768936889594
GETRJQXLB7IIIRALXKW0,COSTCO LAS ROZAS GASOLINERA,40.50914,-3.8764424,"Calle Ganímedes, 9, Norte","Rozas de Madrid, Las",Madrid,28232,2,180.0,63,A-6,A,True,150.2697947008205
WHLABVKER2AC4BYYIKQF,COSTCO LAS ROZAS CENTRO COMERCIAL,40.50914,-3.8764424,CALLE INNOVACIÓN 19,"Rozas de Madrid, Las",Madrid,28232,24,7.4,63,A-6,A,True,150.2697947008205
P11TQEGTNNY1O7JJKHOS,SHELL PIZARRO,36.69911,-6.1629105,CTRA. DEL CALVARIO S/N,Jerez de la Frontera,Cádiz,11400,2,90.0,754,A-4,A,True,370.0344923996803
SNUDQI32OA3IBLLO6GOX,SHELL AV. AVIACIÓN,40.37426,-3.7736053,"AVD DE LA AVIACION, 26",Madrid,Madrid,28054,2,60.0,61,A-5R,A,False,1555.6880034232781
JRTW2RYENALPDH32F8CO,Restaurante Balneario de Corconte,43.03097,-3.87756,"Cabañas De Virtus Crta Cl-630 ,Km 2",Alfoz de Bricia,Burgos,9571,4,100.0,553,N-623,N,False,956.4270664588945
OAVFJWLLIW3VOA5ZG16H,Q8 Gasolinera Andújar,38.039143,-4.03937,"Blás Infante,S/N",Andújar,Jaén,23740,3,100.0,746,A-4,A,True,366.3685026933539
FSQIZMNCGDBHRLGSXH5Y,Estación de servicio La Caridad - El Franco,43.543472,-6.84517,"A8 - Autovía Del Cantábrico,Km 489","Franco, El",Asturias,33759,8,400.0,821,A-8,A,True,73.64305671803568
A4D7FD69FOBAMSLIDR3D,Concesionario Audi Helmántica,40.991314,-5.64365,"Industrial Los Villares, Calzada Toro,37",Villares de la Reina,Salamanca,37184,2,150.0,86,A-62,A,True,968.9027634113979
CBDJLGOGWNLFH27VD5B2,Hotel Abades Loja - Direccion Granada,37.1642,-4.168882,"A-92 Direccion Granada,Km 189",Huétor Tájar,Granada,18300,10,400.0,830,A-92,A,True,84.57409867882575
U7MLEURNQM7ROVZQM5C0,Restaurante oleus - Cambrils,41.086002,1.036718,"Cambrils Km 2,S/N",Cambrils,Tarragona,43850,8,300.0,137,A-7,A,False,263.9348961914686
FIANARDM7UOKYO7LTVHX,Apersa Orense - Concesionario Audi,42.28701,-7.859841,"Carreterra Madrid,231",San Cibrao das Viñas,Ourense,32915,2,150.0,801,A-52,A,True,1213.7481041115036
ACMTEY8Z0JKW5HNFFYM9,Estación bp Villaherreros,42.391743,-4.474476,"Autovia A-231.Burgos-Leon ,Km. 99",Marcilla de Campos,Palencia,34469,12,300.0,208,N-120,N,False,648.0479581722178
SSKEITWFKXH5IYYMFLEJ,Consum - Almenara,39.751472,-0.22024,"Del Ponto,11",Almenara,Castellón/Castelló,12590,3,150.0,387,N-340,N,False,261.9797738672334
YNWKDSGSOOJPYSQI1LFY,Consum - Casas-Ibáñez,39.28478,-1.47229,"Albacete,56",Casas-Ibáñez,Albacete,2200,3,100.0,1010,N-322A,N,False,7.766580225455232
SRCP0OYDKK8PYSASOWAL,Acens Technologies,40.52652,-3.66028,"Calle De San Rafael, 14",Alcobendas,Madrid,28108,2,22.0,15,A-1,A,True,910.5524179389446
ODPRGWR0BDBOSWKDL8ZQ,Fidamc,40.27484,-3.729059,Av. Rita Levi Montalcini 29,Getafe,Madrid,28906,6,11.0,761,A-42,A,False,1696.2878513218645
NHDTYYRNDHEFXVOFDE1R,Centro Cultural Almena. Sevilla,37.414974,-5.966137,"Calle Profesor Tierno Galván, 22",Sevilla,Sevilla,41015,2,22.0,747,A-4,A,True,1758.9330378377012
KOFBYPPBAUYCR2BZPQ4T,E.S. Antela,42.0782,-7.715393,"Pista De Morgade, S/N",Xinzo de Limia,Ourense,32636,10,320.0,801,A-52,A,True,303.3306028068803
ZGIZ2QUIFWALUOGHJRGM,Ibis Budget Logroño,42.46714,-2.44819,"Marques De San Nicolás, 101-105,",Logroño,"Rioja, La",26001,4,22.0,195,N-111,N,False,1598.8744938503442
2024004495,Alicante - Urbana,38.371807,-0.4461212,"Vial De Conexión, N-332, Y A-7",Alicante/Alacant,Alicante/Alacant,3016,2,120.0,377,N-334,N,False,1099.641375985076
2024004497,Barajas - Aeropuerto,40.46769,-3.579164,"Camino Del Cuartel, 9",Madrid,Madrid,28042,2,60.0,685,A-2,A,True,1979.7748047614473
2024004500,Áurea Convento Capuchinos,40.952293,-4.1230874,"Pl. Capuchinos, 2",Segovia,Segovia,40001,2,14.8,181,N-110,N,False,1625.2571184055205
2024004501,Chiva - Cheste A3 Dir.Valencia,39.471542,-0.6453448,"Ctra. Cv-417 Enlace A-3, Cv-378, 46380 Cheste, Valencia",Chiva,Valencia/València,46370,2,180.0,51,A-3,A,True,189.35149421478746
2024004502,Cornellá - C/Progrés,41.34822,2.0819564,"Cl. Progreso Esq. Cl. Albert Einstein, Pi. Almeda",Cornellà de Llobregat,Barcelona,8940,2,120.0,701,A-2,A,True,337.4170301777347
2024004503,Coslada - Av.Jarama,40.43281,-3.53365,"Av. Jarama, 19",Coslada,Madrid,28823,2,150.0,685,A-2,A,True,1513.5423870547695
2024004505,Centro Comercial Altrium,41.681202,2.4872148,"Carrer Can Caseta, 3",Campins,Barcelona,8470,12,180.0,873,AP-7N,AP,True,256.16311904020944
2024004509,Eurostars Arenas de Pinto,40.267693,-3.6918488,"C. De Las Arenas, 1",Pinto,Madrid,28320,4,14.8,741,A-4,A,True,98.69347738858518
2024004512,Eurostars Executive,41.511955,2.1286328,"Carrer De Marie Curie, 2,",Barberà del Vallès,Barcelona,8210,2,14.8,875,AP-7N,AP,True,486.61749690435215
2024004513,Eurostars Conquistador,37.87937,-4.780853,"C. Magistral González Francés, 15, Centro",Córdoba,Córdoba,14003,4,14.8,746,A-4,A,True,1822.4965867939322
2024004516,Eurostars Gran Hotel Lugo,43.004803,-7.5543876,"Av. Ramón Ferreiro, 21",Lugo,Lugo,27002,2,14.8,537,N-6,N,False,1090.1630755306667
2024004517,Eurostars Gran Hotel Santiago,42.8724,-8.559659,"Avenida Do Mestre Mateo, 27",Santiago de Compostela,"Coruña, A",15706,2,14.8,163,AP-9,AP,True,1669.3996205843905
2024004518,Eurostars Gran Madrid,40.534355,-3.636173,"Av. De La Vega, 22",Alcobendas,Madrid,28108,2,14.8,15,A-1,A,True,151.43470112435054
2024004523,Eurostars Las Claras,40.961113,-5.6632805,"C. De La Marquesa De Almarza, S/N",Salamanca,Salamanca,37001,2,14.8,1229,N-630,N,False,863.9429728695442
2024004524,Eurostars Madrid Congress,40.534496,-3.6214213,"Parque Empresarial Omega, Avenida De La Transición Española, A-1, 22, Salida 17,",Alcobendas,Madrid,28108,4,14.8,15,A-1,A,True,284.91878335614
2024004526,Eurostars Maimonides,37.879353,-4.7806697,"C. Torrijos, 4, Centro 1",Córdoba,Córdoba,14003,2,14.8,746,A-4,A,True,1807.6117766133439
2024004528,Eurostars Monte Real,40.4751,-3.7450447,"C. De Arroyofresno, 17,",Madrid,Madrid,28035,2,14.8,62,A-6,A,False,1768.9828266928096
2024004531,Eurostars Plaza Acueducto,40.947887,-4.120647,"Av. Padre Claret, 2, 4",Segovia,Segovia,40001,2,14.8,181,N-110,N,False,1560.6751782356398
2024004532,Eurostars Regina,37.399174,-6.000624,"C. San Vicente, 97, Casco Antiguo",Sevilla,Sevilla,41002,2,14.8,1245,N-630,N,False,1607.4287721824714
2024004534,Eurostars San Lázaro,42.88315,-8.512693,"Av. De Fernando De Casas Novoa, S/N",Santiago de Compostela,"Coruña, A",15707,3,44.0,163,AP-9,AP,True,319.1782906077696
2024004536,Eurostars Zarzuela Park,40.47089,-3.771055,"C. De Darío Aparicio, 3",Madrid,Madrid,28023,2,44.0,62,A-6,A,False,947.0124963243375
2024004537,Exe Barcelona Gate,41.36641,2.0495167,"Carrer Maria Tarrida, 6",Sant Joan Despí,Barcelona,8970,2,14.8,701,A-2,A,True,87.80730678911428
2024004538,Exe Campus San Mamés,42.612232,-5.5672903,"C. Vegamián, 13,",León,León,24007,2,14.8,1246,N-630A,N,False,953.1459730194238
2024004540,Exe Ciudad Cordoba,37.86389,-4.785316,"Av. De Cádiz, S/N, Sur",Córdoba,Córdoba,14013,4,44.0,782,A-4R2,A,False,767.7826569468394
2024004541,Exe Cuenca,40.05582,-2.1255105,"Avda Juan Carlos I, S/N,",Cuenca,Cuenca,16004,2,14.8,332,N-320,N,False,1979.8802004831034
2024004542,Exe Estepona Thalasso,36.46319,-5.0465865,"Cam. De Brijan, S/N",Estepona,Málaga,29688,2,14.8,2,A-7S,A,False,202.93474785839447
2024004543,Exe Gran Hotel Almenar,40.554485,-3.900158,"C. Jaraíz, 1,","Rozas de Madrid, Las",Madrid,28290,4,14.8,64,A-6,A,True,98.85931104588792
2024004548,Exe Las Margas Golf,42.526527,-0.3423167,"C. Mirador Del Valle, S/N",Biescas,Huesca,22613,4,44.0,1018,N-330,N,True,998.2167271360023
2024004550,Exe León,42.59016,-5.567393,"C. Velázquez, 18",León,León,24005,2,14.8,209,N-120,N,False,377.3105954561225
2024004551,Exe Los Linajes,40.952656,-4.1275396,"Calle Dr. Velasco, 9",Segovia,Segovia,40003,2,14.8,181,N-110,N,False,1386.4462926706449
2024004552,Exe Madrid Norte,40.491306,-3.6724114,"C. Martina Díaz, 4, Hortaleza",Madrid,Madrid,28050,2,14.8,14,A-1,A,False,1817.8873269959383
2024004554,Eurostars Reconquista,43.363274,-5.856177,"C. Gil De Jaz, 16",Oviedo,Asturias,33004,4,120.0,1218,N-630,N,False,809.4226232848445
2024004555,Exe Oviedo Centro,43.368275,-5.8525376,"C. De Pepe Cosmen, 1,",Oviedo,Asturias,33001,2,14.8,1218,N-630,N,False,1383.2123642883666
2024004556,Exe Parc del Vallés,41.48758,2.124987,"Carrer Dels Artesans, 8",Cerdanyola del Vallès,Barcelona,8290,2,44.0,875,AP-7N,AP,True,1434.9011120850491
2024004557,Eurostars Toledo,39.872448,-4.026384,"P.º De San Eugenio, Sn,",Toledo,Toledo,45003,2,44.0,761,A-42,A,False,662.3845023880104
2024004559,Exe Plaza Delicias,41.6566,-0.914973,"C. De Los Fayos, 11, Delicias",Zaragoza,Zaragoza,50017,2,14.8,260,N-232,N,False,706.689370703729
2024004560,Exe Reina Felicia,42.564102,-0.5638253,"P.º Cam. De Santiago, 16, 20",Jaca,Huesca,22700,2,14.8,287,N-240,N,False,88.58724946789681
2024004561,Exe Salamanca,40.963074,-5.657786,"C. Álava, 8",Salamanca,Salamanca,37001,2,14.8,1229,N-630,N,False,1355.3663535151045
2024004562,Alcobendas Fernando Alonso,40.5366,-3.6158822,"Av. De Fernando Alonso, 7, 28108 Alcobendas, Madrid",Alcobendas,Madrid,28108,2,150.0,15,A-1,A,True,258.67134635956444
2024004566,Exe Zizur Pamplona,42.79097,-1.6932529,"C. Etxesakan, 3",Zizur Mayor/Zizur Nagusia,Navarra,31180,2,14.8,667,A-12,A,False,112.91028297177532
2024004567,Gijón,43.538204,-5.704168,"Av. Argentina, 89",Gijón,Asturias,33213,2,150.0,1278,N-641,N,True,866.45620226331
2024004569,Irun,43.33188,-1.8175691,"Avenida Letxumborro, 81",Irun,Gipuzkoa,20305,2,120.0,1286,AP-8,AP,True,621.629022720514
2024004570,Jonquera - Tramuntana,42.410637,2.8761978,"Ctra. N-Ii, Pk 774,000","Jonquera, La",Girona,17700,2,150.0,957,N-2,N,False,35.24186510493865
2024004571,Lezo dir Irún,43.32707,-1.8705606,"Gi-2638, Pk 3, 300 Md",Lezo,Gipuzkoa,20100,2,50.0,1287,AP-8,AP,True,1352.067309697977
2024004572,Madrid - Sinesio Delgado,40.267483,-3.6895034,"C. De Las Arenas, 1",Pinto,Madrid,28320,2,50.0,741,A-4,A,True,100.0453618295185
2024004573,Málaga - El limonar,36.739944,-4.394467,"Autov. A-7, Pk 244,000 Salida El Limonar",Málaga,Málaga,29013,2,150.0,642,A-7S,A,True,140.73449024294445
2024004574,Monforte de Lemos,42.517666,-7.504854,"Cl. Benito Vicetto, 77",Monforte de Lemos,Lugo,27400,2,150.0,217,N-120,N,False,166.2426409037454
2024004576,San Vicente del Raspeig,38.4015,-0.5353924,"Ctra. Agost, Pk 1,000",San Vicente del Raspeig/Sant Vicent del Raspeig,Alicante/Alacant,3690,2,150.0,147,A-77A,A,False,1075.0618713782756
2024004579,Parque Comercial Bahia Real (FASE 1),43.425076,-3.8394203,"C. Enrique Gran, 2",Camargo,Cantabria,39600,8,11.0,1265,N-636,N,True,326.68212017250096
2024004580,Altea,38.59354,-0.0548885,"Carrer La Mar, 157, 03590 Altea, Alicante",Altea,Alicante/Alacant,3590,2,44.0,884,AP-7N,AP,True,1811.428088925251
2024004581,Silleda,42.716457,-8.301238,"Autov. Ap-53, Pk 27,000",Silleda,Pontevedra,36570,4,180.0,852,AP-53,AP,False,66.4045966212411
2024004583,Valencia - Archiduque Carlos,39.456352,-0.4053986,"Cl. Pedrapiquers, 9",Xirivella,Valencia/València,46014,2,60.0,53,A-3,A,False,1772.5751373878493
2024004584,Valencia - General Avilés,39.481575,-0.4063998,"Av. Del General Avilés, 92, Campanar, 46015 València, Valencia",València,Valencia/València,46015,2,120.0,53,A-3,A,False,1682.0531993909453
2024004585,Valladolid - N122 Cidy,41.620743,-4.719697,"Autov. A-11, Pk 3,200 Con Va-20",Valladolid,Valladolid,47012,2,150.0,1189,N-601,N,False,619.6716947864851
2024004589,Exe Agora Caceres,39.474144,-6.374105,"C. Parras, 25, Centro",Cáceres,Cáceres,10004,2,14.8,485,N-521,N,False,402.8434756322344
2024004590,Hotel Riosol,42.595646,-5.580365,"Av. De Palencia, 3",León,León,24009,2,14.8,210,N-120,N,True,1157.193299700548
2024004591,Ikonik Plaza Mercado,40.964428,-5.662748,"Pl. Del Mercado, 16",Salamanca,Salamanca,37001,2,14.8,1229,N-630,N,False,1173.683704862583
2024004593,Sant Boi de Llobregat - S. Creu Calafell 41,41.34629,2.0501702,"Ctra. C-245, Pk 7,800",Sant Boi de Llobregat,Barcelona,8830,2,120.0,701,A-2,A,True,893.9899509538823
2024004594,Oasis Marbella,36.50098,-4.938327,"El Oasis De Marbella, 42, 44",Marbella,Málaga,29602,4,14.8,2,A-7S,A,False,788.7099231985208
LPWSR1HY492D48FVF8XL,US_354_Almansa I,38.87883,-1.1002,"Ctra. Madrid-Alicante, 10",Almansa,Albacete,2640,1,60.0,348,N-330,N,False,383.2747391670849
MWIBCZAHP03T8H95T8VO,US_239_Castellón de la Plana II,39.98238,-0.05845,"Avda. Enrique Gimeno, 48",Castelló de la Plana,Castellón/Castelló,12006,1,60.0,251,N-225,N,False,1586.2542747704344
5CZZPO9W81A75WJSOMLN,US_82_Burlada I,42.83123,-1.62019,"Polígono Mugazuri, 3-B",Burlada/Burlata,Navarra,31600,1,60.0,611,N-121-A,N,True,1523.4738587861837
WXBX0BAUA2FGDF7HCF7F,US_128_El Ejido II,36.75928,-2.80678,"C/ Pergola, Sut-15","Ejido, El",Almería,4700,1,60.0,635,A-7S,A,True,258.69668283384686
EJUHI29THKA7T7MOKPYD,US_299_Mijas III,36.50783,-4.65908,"Urbaniz.Fuentelegrales, 1 El Chaparral",Mijas,Málaga,29649,1,60.0,646,A-7S,A,False,101.85943200746216
MGXYM3KBBCVOYP6A9OWU,US_464_O Porriño II,42.15572,-8.62,"Domingo Bueno, 96",Mos,Pontevedra,36418,1,60.0,813,A-55,A,True,492.8070643248902
KARMRNHFTMY1L2XTU7HZ,US_376_Puçol I / Puzol I,39.62422,-0.304,"Carrer La Creu, 1",Puçol,Valencia/València,46530,1,60.0,126,A-7,A,True,806.707467539571
CMFCS3OFYUX8DQO6DQDG,US_121_San Roque I,36.21056,-5.39799,"Camino El Almendral, S/N",San Roque,Cádiz,11360,1,60.0,5,A-7S,A,True,368.0899155849989
LGSRZ5CDVERUQ7DPCT27,US_144_Sevilla III,37.41245,-5.9514,"Aviación, 115  P.L. Calonge",Sevilla,Sevilla,41007,1,60.0,747,A-4,A,True,560.7844994263999
WEFGETSIUNDITDMZ7NOI,US_216_Vigo V,42.2158,-8.72656,Baixada De Pontillón,Vigo,Pontevedra,36213,1,60.0,810,A-55,A,True,1493.829211774092
CNKMA8ERVFVZFQQXF4DS,US_307_Vilafranca Penedés I,41.33604,1.68307,"Pla Del Viver, 4",Vilafranca del Penedès,Barcelona,8720,1,60.0,396,N-340,N,False,182.93826317891916
UNTVJYJGLDDRFWD4BOXY,US_402_Vilafranca Penedés II,41.35035,1.6882,"Pau, 2 - Pous D'en Rossell, 2",Vilafranca del Penedès,Barcelona,8720,1,60.0,396,N-340,N,False,1791.2242020542453
NWXUUUZYKDATUF4HD5VB,US_438_Redondela I,42.29278,-8.60517,"Estrada Vella, S/N",Redondela,Pontevedra,36693,1,60.0,513,N-550,N,False,118.06113859300567
R8SYU5TBVPYPH9GHFQTA,QWELLO - Calle de los Destiladeros 40,41.594673,-4.1160145,C. de los Destiladeros 40,Peñafiel,Valladolid,47300,2,22.0,918,N-122,N,False,669.8958064874494
RJCV4L8OOXBECVTBGYVJ,BEI,40.77003,0.654832,Polígon industrial Venta Nova s/n. Carrer l'Aldea 0,Camarles,Tarragona,43894,2,22.2,391,N-340,N,False,169.53920906477558
JAMVYGFERWBAOPNBLWAM,AUDI SOLERA MOTOR,36.70659,-6.118234,"Nacional Iv Madrid-Cadiz,S/N",Jerez de la Frontera,Cádiz,11407,2,150.0,754,A-4,A,True,1068.055363474197
VQXWOX0ARGD4HUT7BMXT,CC Albacenter by Porsche,38.98971,-1.847653,"La Unión,1",Albacete,Albacete,2008,26,200.0,726,A-31,A,True,860.7397127326778
KJJ2TCEDWTOJI45AUYED,McDonald's - Mieres,43.23428,-5.779451,"Vega De Arriba ,24",Mieres,Asturias,33600,2,100.0,98,A-66,A,True,89.01229492747332
BHU6CJTFYCUULBFFCG5M,Clun Ribadeo (Os Irmandiños),43.545673,-7.15622,"A Preixoana,S/N",Ribadeo,Lugo,27796,10,360.0,585,N-634,N,False,50.13575393180765
YEJQEGZVIQAWNY0HB3CE,Popeyes - Motril,36.741432,-3.50858,"De Las Ventillas,S/N",Motril,Granada,18600,2,100.0,1062,N-340,N,False,1170.2305280139478
9DJWQ8KXTNBCLVMQAL4T,Q8 Gasolinera Villalpando,41.8658,-5.4207,"Madrid-Coruña,40",Villalpando,Zamora,49630,2,120.0,69,A-6,A,True,686.9099935681045
WCMCBNX1ATDJ3YYUDPBM,MLC - Estación de servicio Consolación,38.884785,-3.390254,"A-4, 186, 13310 Valdepeñas, Ciudad Real, Spa",Valdepeñas,Ciudad Real,13310,2,45.0,745,A-4,A,True,185.93858652565123
GCTVCM70RU0PEICGHLPW,MLC - Estación de Servicio Vallada,38.894703,-0.72476,"Plaça Poligono 5, 176, 46691 Vallada, Valenc",Vallada,Valencia/València,46691,4,150.0,736,A-35,A,True,90.78420504025375
PBLGSCBVCIHRXMPJRJQN,Centro Comercial Opción - Gijón,43.533886,-5.649127,C. Calderón De La Barca,Gijón,Asturias,33204,5,50.0,158,A-8,A,True,1404.026709223667
TI2V9GLJARAHFYV2Q9JT,Centro Comercial Odeón,43.48966,-8.202891,"Estrada Castelao, 90, 15570 Narón, A Coruña",Narón,"Coruña, A",15570,26,150.0,167,AP-9F,AP,True,1281.0982921834589
P22VEFZ4ZRBFTANYGHQ6,Club de Padel La Moraleja - Alcobendas,40.52914,-3.640267,"Av. De Bruselas, 29, 28108 Alcobendas, Madrid",Alcobendas,Madrid,28108,18,50.0,15,A-1,A,True,309.6334507389469
ZJBRVD7SQ8PKLCWOCW2L,E.Leclerc - Gasolinera Islazul Carabanchel,40.36395,-3.734967,"C. Del Thaler, 28, Carabanchel, 28054 Madrid,",Madrid,Madrid,28054,2,150.0,761,A-42,A,False,1183.8924835610055
MT5AWXBHVQE8GH9KJ1ZE,Decathlon - Huesca,42.10796,-0.447352,"Avenida De Pebredo, 5, 22197 Huesca, Spain",Huesca,Huesca,22197,6,120.0,30,A-23,A,True,402.2222334873271
KPDFE9HLSLRJJQIDYDH1,CC Quadernillos,40.506283,-3.333021,"Av. De Don Juan Tenorio, 3, Bajos L2 Centro C",Alcalá de Henares,Madrid,28805,14,9.38,685,A-2,A,True,250.594935892005
MUD6CXRLUSGJUDLKE8TG,Action - Vilafranca del Penedès,41.33548,1.682446,"Carrer Pla Del Viver, 1, 08720 Vilafranca Del",Vilafranca del Penedès,Barcelona,8720,2,100.0,396,N-340,N,False,118.32976781787472
7T3WXFSACFFNKB3HYVVV,Aquopolis - Torrevieja,37.99306,-0.681701,"Av. Delfina Viudes, S/N, 03183 Torrevieja, Al",Torrevieja,Alicante/Alacant,3183,15,7.4,1048,N-332,N,False,187.3161242249819
UAHXUGF0J4FXLRLOARSH,Ibis - Barakaldo,43.288635,-3.010624,"Kareaga K., 109B, 48903 Barakaldo, Bizkaia, S",Barakaldo,Bizkaia,48903,4,100.0,1292,AP-8,AP,True,588.1315467763495
HHPBVMGRDNEF9JUYUSN1,CRECE-Kia Chiclana,36.436485,-6.143652,"Avda. Del Mueble, 30",Chiclana de la Frontera,Cádiz,11130,2,22.17,777,A-48,A,False,860.9378292934937
OQVHFVU82FPSNVYWKACI,FORD TYSA SE. AV. MOTOR,37.387085,-5.942588,Avda Del Motor 7,Sevilla,Sevilla,41007,4,22.17,827,A-92,A,True,192.11980801432705
MUVZOCVLHAT0HJUJCT82,CRECE-Kia Algeciras,36.14921,-5.455118,"Carretera Nacional N-340, Km 108, 4",Algeciras,Cádiz,11205,2,50.0,9,A-7S,A,True,29.38079641682527
LVAQI1QM5JXDTGVMAG4L,PORSCHE SEVILLA,37.420837,-6.030267,"Pol. Ind. Parque Plata, Calle Ruta De La Plata, 3,",Camas,Sevilla,41900,2,50.0,112,A-66,A,True,100.748204347835
PYCTYJLIGLWNVDOAMUEL,TYSA FORD CAMAS,37.41829,-6.035008,"C. Mansíos, 8",Camas,Sevilla,41900,2,22.17,1244,N-630,N,False,34.453598328332404
MND88ACA12WHZTMQAGH9,Aduriz Polígono la Sierra,43.05754,-3.477518,"Polígono La Sierra, Parcela 11",Espinosa de los Monteros,Burgos,9569,5,180.0,561,N-629,N,False,80.82663535623635
AAJSXDR3GXMLFSKSPG0Y,Aduriz Av. Burgos,42.929886,-3.483091,"Avd. De Burgos, 28",Medina de Pomar,Burgos,9500,4,180.0,561,N-629,N,False,0.2899428992783429
2025000333,CARREFOUR PARQUESOL,41.6424,-4.7627907,AVDA REAL VALLADOLID 5,Valladolid,Valladolid,47014,2,150.0,84,A-62,A,True,459.662947530816
2025000330,CARREFOUR PONFERRADA,42.55775,-6.603159,AVDA. CONSTITUCIÓN Nº 2,Ponferrada,León,24404,2,50.0,536,N-6,N,False,1243.9492819062996
2025000344,CARREFOUR EL PINAR DE LAS ROZAS,40.524044,-3.8849869,"CTRA DE L A CORUÑA A6, PK 22","Rozas de Madrid, Las",Madrid,28232,2,150.0,64,A-6,A,True,134.90956234930027
2025000335,CARREFOUR SEGOVIA,40.923634,-4.1104975,"CTRA SAN RAFAEL, N-630, PK 93.420",Segovia,Segovia,40006,3,50.0,857,AP-61,AP,False,161.755323089442
2025000345,CARREFOUR FUENGIROLA,36.536186,-4.634423,"AVDA. CARMEN SAENZ DE TEJADA, 5208",Mijas,Málaga,29651,2,50.0,646,A-7S,A,False,61.74509294425976
2025000342,CARREFOUR VALLECAS,40.36928,-3.6015737,AVDA DE LAS SUERTES S/N,Madrid,Madrid,28051,2,50.0,46,A-3,A,True,593.8255946154475
2025000341,CARREFOUR ACTUR,41.67683,-0.890236,CL MARIA ZANBRANO SN,Zaragoza,Zaragoza,50018,2,150.0,692,A-2,A,True,333.5314456099477
2025000331,CARREFOUR LEON,42.58596,-5.555756,AVDA ALCALDE MIGUEL CASTAÑO 95,León,León,24005,2,50.0,1193,N-601,N,False,176.98346867787373
2025000371,CARREFOUR ALGECIRAS,36.142826,-5.462257,"CTRA  N-340, PK 106.25",Algeciras,Cádiz,11204,2,50.0,9,A-7S,A,True,213.3810911647779
2025000366,CARREFOUR MERIDA,38.906883,-6.3605747,Carretera de Madrid a Lisboa s/n,Mérida,Badajoz,6800,2,50.0,1237,N-630,N,False,607.5571175121146
2025000365,CARREFOUR PLASENCIA,40.037476,-6.078736,"C. Manuel Revilla Castán, s/n",Plasencia,Cáceres,10600,2,50.0,183,N-110,N,False,587.9221064762611
2025000364,CARREFOUR BADAJOZ VALVERDE,38.861526,-6.971206,"Ctra. Valverde, km. 1",Badajoz,Badajoz,6010,2,50.0,1151,N-432,N,False,1539.5218403698739
2025000359,CARREFOUR TARRAGONA,41.127766,1.2051377,"CR N-420 PK 4,00",Tarragona,Tarragona,43006,2,50.0,137,A-7,A,False,237.23573713105208
2025000360,CARREFOUR CACERES,39.46809,-6.39661,"Av. de las Arenas, 51",Cáceres,Cáceres,10005,2,50.0,1235,N-630,N,False,212.96613090107897
2025000390,CARREFOUR CAMPANAR,39.475418,-0.4037812,"Av. de Manuel de Falla, 13",València,Valencia/València,46015,2,50.0,53,A-3,A,False,1379.3093351506354
2025000389,CARREFOUR ORENSE,42.320877,-7.877487,RUA DOS EMIGRANTES Nº 1,Barbadás,Ourense,32002,2,50.0,1182,N-525,N,False,367.91035971668657
2025000387,CARREFOUR PATERNA,39.51391,-0.4406281,PARQUE TACTICA.  URB. NORTE S/N,Paterna,Valencia/València,46980,2,50.0,245,N-220,N,False,1853.6592236118456
2025000386,CARREFOUR SESTAO,43.30017,-3.004592,POLIGONO IBARZAHARRA. CTRA BARAKALDO -  VALLE DE TRAPAGA S/N,Sestao,Bizkaia,48910,2,50.0,1292,AP-8,AP,True,1390.2480074960586
2025000385,CARREFOUR ZARAICHE,38.000305,-1.1431254,"Av. Miguel de Cervantes, 106",Murcia,Murcia,30009,2,50.0,723,A-30,A,True,751.5054710251482
2025000383,CARREFOUR OIARTZUN,43.31465,-1.8767096,"Carretera Madrid-Irún, Km. 469",Oiartzun,Gipuzkoa,20180,2,50.0,1287,AP-8,AP,True,421.51479702656076
2025000379,CARREFOUR FINESTRAT,38.537235,-0.1749338,"Carretera Nueva De Finestrat A La Cala, PK 5",Finestrat,Alicante/Alacant,3509,2,50.0,364,N-332,N,False,168.99647381230315
2025000372,CARREFOUR JAEN,37.78258,-3.7687507,"Carretera Bailén-Motril, PK 37.500",Jaén,Jaén,23009,2,50.0,1014,N-323,N,False,721.4566749687812
W5UVUI8KPSPTFNAMGTLU,CARREFOUR ALCALA DE HENARES,40.503605,-3.371494,C/ FEDERICO GARCIA LORCA S/N,Alcalá de Henares,Madrid,28806,2,150.0,685,A-2,A,True,177.80809923247048
ZMPIRCFAVYIN7ANHWRJU,CARREFOUR LOS ANGELES,40.362473,-3.6915781,CL TERTULIA 1 AV. ANDALUCÍA KM 7,Madrid,Madrid,28041,2,150.0,741,A-4,A,True,1053.2535234947063
FCBOJZFLTTBPSPUHSY78,CARREFOUR MOSTOLES,40.32958,-3.8884416,"CTRA NACIONAL V, PK 19 EL SOTO",Móstoles,Madrid,28935,2,50.0,785,A-5,A,True,142.49304038587204
E7AVEK7YQQBZQBQZFN1I,CARREFOUR LA CALZADA,43.536125,-5.694045,CALLE MAESTRO MORAN S/N,Gijón,Asturias,33213,2,50.0,1278,N-641,N,True,288.7761255933642
RE7YCG6I4WKZBNSJGCH2,CARREFOUR  AZABACHE,43.414654,-5.796494,"N-640, PK 451",Siero,Asturias,33420,2,50.0,95,A-66,A,True,313.81125481195323
2025000420,CARREFOUR SAN JUAN DE AZNALFARACHE,37.368176,-6.035233,"C. San Juan de Aznalfarache, Km. 1,",San Juan de Aznalfarache,Sevilla,41920,2,50.0,778,A-49,A,True,1438.999367173576
2025000373,CARREFOUR SAN PABLO,37.40947,-5.940122,"C. José Jesús García Díaz, Nº 1",Sevilla,Sevilla,41020,2,50.0,747,A-4,A,True,90.07852987679031
2025000378,CARREFOUR SAN JUAN DE ALICANTE,38.40799,-0.4243015,"C. José García Sellés, 2",Sant Joan d'Alacant,Alicante/Alacant,3550,2,50.0,138,A-70,A,True,969.2175333021169
2025000380,CARREFOUR LOS BARRIOS,36.181152,-5.4414997,"Ctra. Cádiz-Málaga,  PK. 112. 9","Barrios, Los",Cádiz,11379,2,50.0,5,A-7S,A,True,147.54409131675908
2025000392,CARREFOUR GANDIA,38.97078,-0.169379,"Avinguda de Blasco Ibáñez, 1,",Gandia,Valencia/València,46701,2,50.0,1052,N-337,N,False,270.71007697523515
DRPS7GS6PC7KGWAMS84U,SUPECO BRUNO ABUNDEZ,40.382656,-3.627858,CALLE BRUNO ABUNDEZ 54,Madrid,Madrid,28031,2,50.0,46,A-3,A,True,1001.1208507080242
2024004887,Abanto Sanfuentes,43.323624,-3.070556,Plaza Pilar Abin,Abanto y Ciérvana-Abanto Zierbena,Bizkaia,48500,2,22.0,567,N-634,N,False,143.03282455081234
2024004888,Abanto Gallarta,43.316845,-3.073552,Parking Trasera De Eusko Gudariak,Abanto y Ciérvana-Abanto Zierbena,Bizkaia,48500,2,60.0,567,N-634,N,False,551.080774708855
2024004889,Celler Rende Masdeu,41.39325,1.1302,"Carretera N-240 Km 39,5","Espluga de Francolí, L'",Tarragona,43440,2,150.0,991,N-240,N,False,90.05774292004033
2024004891,Nieves Sant Esteve de Sesrovires,41.501236,1.88407,"Pg. Ind. Migdia C/ Isaac Peral, Parcela, 9/10",Sant Esteve Sesrovires,Barcelona,8635,2,150.0,699,A-2,A,True,1781.196135722955
2024004892,Nasas Torrejon,40.450993,-3.45864,"C. Hierro, 40",Torrejón de Ardoz,Madrid,28850,4,60.0,685,A-2,A,True,1737.6370447427764
2025000105,Catering AYD,41.85024,-4.551575,"Industrial, 21",Dueñas,Palencia,34210,4,60.0,82,A-62,A,True,470.9912564382659
2025000108,Hotel Flor del Rio,43.31192,-8.2898,"Úa Isaac Peral, 49",Cambre,"Coruña, A",15650,2,150.0,1186,N-6,N,False,320.5415625279778
2025000110,Garaje Arandino,41.69448,-3.684933,Carretera Madrid A Irún Kilómetro 161,Aranda de Duero,Burgos,9400,4,60.0,890,N-1,N,False,385.3617872198594
2025000113,Ortuella Campo de Futbol,43.312473,-3.061092,Campo De Fútbol De Ortuella,Ortuella,Bizkaia,48530,2,150.0,567,N-634,N,False,608.6465136190589
2025000114,Ortuella Mendialde Etxetaldea,43.31126,-3.053486,"Mendialde Etxetaldea, 49",Ortuella,Bizkaia,48530,2,60.0,1292,AP-8,AP,True,712.8765445816938
2025000115,Ortuella Polideportivo,43.31092,-3.05676,Polideportivo Municipal De Ortuella,Ortuella,Bizkaia,48530,2,150.0,567,N-634,N,False,848.8961656136079
2025000144,Ortuella Urioste,43.312927,-3.030306,Euskadi Low Cost Ortuella Poligono Industrial S1-2,Ortuella,Bizkaia,48530,2,150.0,1292,AP-8,AP,True,221.27383566309135
1GE0XZKTIUZBFHTFQFTU,VILLAVA,42.83168,-1.610319,"C. Las Eras, 4",Villava/Atarrabia,Navarra,31610,2,50.0,611,N-121-A,N,True,1762.8500004959856
0XYKKEVPXSXG8GYSSRIQ,CADREITA,42.21686,-1.693201,"Na-8711, 72-80",Cadreita,Navarra,31515,2,50.0,606,AP-15,AP,True,1411.900752858386
U8KDJJ7BCIHJ5IWTNC9X,ORKOIEN,42.823147,-1.696429,C. 8 De Marzo,Orkoien,Navarra,31160,2,50.0,675,A-15,A,True,1041.9299037325054
GUS2JASBU1DDNEI4ATQP,MARCILLA,42.32626,-1.741345,"C. Progreso, 8,",Marcilla,Navarra,31340,2,50.0,606,AP-15,AP,True,1320.0389753033955
KCG0D4GRFK89QUVRWU7E,LEKUNBERRI,43.008144,-1.896989,"C. Zintzar, 10-12",Lekunberri,Navarra,31870,2,50.0,680,A-15,A,True,217.32351498551293
ORHB9CDIBTDN4XB0QCF5,OLITE,42.4781,-1.646808,"Calle Merindad De Tudela, 2",Olite/Erriberri,Navarra,31390,2,50.0,908,N-121,N,False,789.7137034516721
SKWQKTDBIEXBNSVD6ZYH,CONSUM SAN VICENT DEL RASPEIG,38.398163,-0.5245413,"CL.LEPANTO, 20",San Vicente del Raspeig/Sant Vicent del Raspeig,Alicante/Alacant,3690,2,1000.0,147,A-77A,A,False,1171.513528134933
J0ITUBDNR0HCDOBXUJZN,DIA SALAMANCA,40.971992,-5.679536,"Av. de Portugal, s/n",Salamanca,Salamanca,37007,2,150.0,87,A-62,A,True,1191.2694395198298
PUNKWFTJXDLCYIXUZAD2,Alcobendas - Valdelasfuentes estación de tren,40.546635,-3.653433,"Del Marqués De La Valdavia,103",Alcobendas,Madrid,28100,3,100.0,15,A-1,A,True,1929.6820852600501
KCLBKX356BJWS2BUVUX0,Iberdoex - Valle de Santa Ana,38.359634,-6.782927,"Pol. Industrial Pericotes Ii,S/N",Valle de Santa Ana,Badajoz,6178,3,100.0,460,N-435,N,False,898.6081580922006
G4M65RUFZCTB5PKFXHBX,Estación bp Riu Turia,39.478706,-0.426931,"L’Alitra S/N, Carrer Sant Antoni,S/N",Quart de Poblet,Valencia/València,46930,2,150.0,53,A-3,A,False,834.5481033523762
CQTUBQ788AG8N4GDT5ZN,Estación bp Villarobledo,39.277008,-2.59166,"De Los Reyes Católicos,131",Villarrobledo,Albacete,2600,3,100.0,331,N-310,N,False,628.3475356210615
EAHZC5GYFU0DTCVM0EHW,Audi Center Campo de Gibraltar,36.171085,-5.459325,"Fresno,7","Barrios, Los",Cádiz,11379,2,150.0,604,A-381,A,True,62.44217621546135
0GI8KRASNTXBBTEGIDSH,Av. España 26 Alcobendas,40.546467,-3.641922,"De España,26",Alcobendas,Madrid,28100,3,100.0,15,A-1,A,True,1552.740524746202
W9QYQCQTFYJOV0TPEYIH,Estación bp Rincón de la Victoria,36.723408,-4.296901,"Limonero 340 Salida Cueva Del Tesoro ,Km 240",Málaga,Málaga,29720,2,100.0,642,A-7S,A,True,85.08840733494588
2024000004,P-Palencia-001,41.990765,-4.511121,"Andalucia,180",Palencia,Palencia,34004,3,50.0,113,A-67,A,True,699.2661942944409
2024000035,ZA-Zamora-007,41.512802,-5.746492,"Villalpando,21",Zamora,Zamora,49023,3,50.0,922,N-122,N,False,477.6639851214794
2024000037,MU-Cartagena-013,37.606113,-0.990578,"España,12",Cartagena,Murcia,30201,4,120.0,723,A-30,A,True,1641.9024715731996
2024000040,OU-Sobreira-001,42.40799,-7.072508,"Nacional 120,463",Vilamartín de Valdeorras,Ourense,32340,5,50.0,215,N-120,N,False,22.02010154060115
2024000044,BA-Azuaga-001,38.259697,-5.702898,"Nacional,142",Azuaga,Badajoz,6920,6,50.0,1154,N-432,N,False,75.16078874428524
2024000046,AV-Arevalo-001,41.078045,-4.734335,"Industrial Tierra De Arevalo,99",Arévalo,Ávila,5200,6,50.0,66,A-6,A,True,128.01504915421603
2024000049,BU-ArandadeDuero-006,41.664234,-3.690662,"La Hispanidad,0",Aranda de Duero,Burgos,9400,3,50.0,241,N-1A,N,False,239.70132238336356
2024000061,A-ALICANTE-038,38.36444,-0.500036,"Bulevar Teulada,86",Alicante/Alacant,Alicante/Alacant,3005,2,100.0,138,A-70,A,True,1687.7242406191003
2024000069,A-Elche-011,38.259014,-0.726308,"Crevillente,29",Elche/Elx,Alicante/Alacant,3205,3,50.0,1070,N-340,N,False,46.00420053349805
2024000071,A-GranjaRocamora-002,38.15459,-0.89056,"Rey Juan Carlos I,99",Granja de Rocamora,Alicante/Alacant,3348,4,50.0,133,A-7,A,True,494.06882773284667
2024000079,A-PilardelaHoradada-003,37.86661,-0.78204,"De La Torre,7",Pilar de la Horadada,Alicante/Alacant,3190,5,50.0,1046,N-332,N,False,511.52255030858186
2024000097,OU-Ourense-006,42.321037,-7.862543,"De Zamora,140",Ourense,Ourense,32005,5,50.0,1182,N-525,N,False,603.0796576403773
2024000159,AV-AVILA-012,40.657875,-4.69497,"Portugal,1",Ávila,Ávila,5001,2,22.0,429,N-403,N,False,1275.891382892956
2024000172,VI-Vitoria-017,42.90835,-2.674848,"Elhuyar Hermanos,7",Arratzua-Ubarrundia,Araba/Álava,1510,10,22.0,836,AP-1,AP,True,1109.4397536348567
2024000176,BU-Pancorbo-001,42.6376,-3.110572,"Santiago,14",Cascajares de Bureba,Burgos,9280,2,50.0,173,N-1,N,False,178.23484803308668
2024000189,CU-AtalayaDelCañavate-001-2,39.538704,-2.25491,"Autovia A-31,175",Atalaya del Cañavate,Cuenca,16710,3,50.0,49,A-3,A,True,222.80992558919917
2024000197,M-Madrid-005,40.497322,-3.663212,"Maria De Portugal,15",Madrid,Madrid,28050,3,50.0,14,A-1,A,False,821.1324649945461
2024000200,M-ColladoVillalba-001,40.649746,-4.00823,"Navacerrada (M-601),1",Collado Villalba,Madrid,28400,6,50.0,854,AP-6,AP,True,1473.5473868183005
2024000222,SA-Bejar-002,40.388157,-5.751917,"Obispo Zarranz Y Pueyo,60",Béjar,Salamanca,37700,6,50.0,1250,N-630A,N,False,15.257187114161473
2024000235,V-Carlet-001,39.233288,-0.489723,"Tramuntana (Pg Ciudad De Carlet),11",Carlet,Valencia/València,46240,3,50.0,129,A-7,A,True,336.1255532727128
2024000256,V-TavernesdeValdigna-002,39.077614,-0.243436,"Cuarenta Y Tres,1",Tavernes de la Valldigna,Valencia/València,46760,2,50.0,371,N-332,N,False,37.41373637708666
2024000262,AV-AVILA-014,40.6589,-4.682539,"Juan Carlos I,1",Ávila,Ávila,5004,3,50.0,430,N-403,N,False,1774.4909419728685
2024000272,B-Abrera-002,41.506027,1.901558,"Can Amat,6",Abrera,Barcelona,8630,5,50.0,699,A-2,A,True,263.9944231865205
2024000277,B-Granollers-008,41.597206,2.282274,"Lluís Companys,41",Granollers,Barcelona,8401,3,50.0,873,AP-7N,AP,True,1846.29172258851
2024000280,A-Alcoy-006,38.711784,-0.465961,"Valencia,18",Alcoy/Alcoi,Alicante/Alacant,3804,5,50.0,381,N-340,N,False,440.0906613557636
2024000281,A-Alicante-032,38.343643,-0.524816,"Mare Nostrum,13",Alicante/Alacant,Alicante/Alacant,3007,6,22.0,350,N-330,N,False,119.0318987385909
2024000282,A-Finestrat-004,38.534218,-0.173274,"Rei Jaume I,5",Finestrat,Alicante/Alacant,3509,3,50.0,364,N-332,N,False,180.94076963377324
2024000286,A-PilardelaHoradada-004,37.85934,-0.781537,"Numancia,11",Pilar de la Horadada,Alicante/Alacant,3190,3,50.0,1046,N-332,N,False,164.72339128685266
2024000287,A-PilardelaHoradada-005,37.86651,-0.771837,"Atenas,3",Elche/Elx,Alicante/Alacant,3191,3,50.0,1046,N-332,N,False,260.0077837066681
2024000289,A-SantaPola-005,38.232796,-0.551085,"Finlandia,N/A",Santa Pola,Alicante/Alacant,3130,4,7.3,1051,N-332,N,False,40.74587414178048
2024000290,A-SantaPola-003,38.233334,-0.550035,"Finlandia,5",Santa Pola,Alicante/Alacant,3130,5,50.0,1051,N-332,N,False,108.76752959603314
2024000294,CS-Castellondelaplana-005,39.972355,0.01486,"Buenavista,60","Alcora, l'",Castellón/Castelló,12100,5,50.0,252,N-225,N,False,643.6801347145469
2024000305,CS-SantaMagdalenadePolpis-002,40.355354,0.30131,"Alcala,52",Santa Magdalena de Pulpis,Castellón/Castelló,12597,6,50.0,389,N-340,N,True,357.5833785891284
2024000318,LU-Taboada-001,42.71767,-7.76679,"Carretera 540,45",Taboada,Lugo,27550,3,50.0,500,N-540,N,False,84.92172058970255
2024000327,M-Madrid-027,40.38402,-3.632026,"Albufera,319",Madrid,Madrid,28038,6,50.0,46,A-3,A,True,954.6669017506221
2024000367,BU-ArandadeDuero-003,41.676563,-3.68506,"San Francisco,42",Aranda de Duero,Burgos,9400,3,50.0,242,N-1A,N,False,42.71917752823991
2024000374,BU-ArandadeDuero-005,41.669884,-3.693358,"Quinta Julia,31",Aranda de Duero,Burgos,9400,2,22.0,242,N-1A,N,False,342.9120387194538
2024000377,VI-Vitoria-016,42.90914,-2.67313,"Albert Einstein,37",Arratzua-Ubarrundia,Araba/Álava,1510,8,22.0,836,AP-1,AP,True,1042.4361681688558
2024000382,A-Rabassa-001,38.37438,-0.505994,"Fortuny,34",Alicante/Alacant,Alicante/Alacant,3009,3,50.0,138,A-70,A,True,568.5618825548469
2024000384,A-Alicante-037,38.348495,-0.488763,"Pablo Iglesias,30",Alicante/Alacant,Alicante/Alacant,3004,4,22.0,730,A-31,A,True,1991.5821827246646
2024000386,A-GatadeGorgos-001,38.77674,0.089651,"Sorts,2",Gata de Gorgos,Alicante/Alacant,3740,5,50.0,369,N-332,N,False,390.5953103406224
2024000389,A-Torrevieja-006,37.992558,-0.688681,"Crevillente,2",Torrevieja,Alicante/Alacant,3184,3,50.0,1048,N-332,N,False,423.92757287160424
2024000391,A-Orihuela-006,37.95523,-0.74049,"Lago Bañolas,1",Torrevieja,Alicante/Alacant,3186,3,50.0,887,AP-7N,AP,False,147.26205142751124
2024000395,BU-Trespaderne-001,42.8031,-3.38866,"Bilbao,22",Trespaderne,Burgos,9540,2,7.3,561,N-629,N,False,128.66903105205748
2024000441,V-Cullera-002,39.176617,-0.262033,"Sector Prm - 3C,1",Cullera,Valencia/València,46400,3,50.0,372,N-332,N,False,130.15986384116397
2024000444,V-Gandia-003,38.962044,-0.173655,"Dels Rajolars,4",Gandia,Valencia/València,46702,3,50.0,1052,N-337,N,False,474.4302183403891
2024000464,E-BI-Lemoa-001,43.20517,-2.772871,"Arraibi,2",Lemoa,Bizkaia,48330,2,7.4,289,N-240,N,False,143.68275671821615
2024000478,VI-Vitoria-015,42.911655,-2.668117,"Leonardo Da Vinci,46",Arratzua-Ubarrundia,Araba/Álava,1510,10,22.0,836,AP-1,AP,True,846.8362236901062
2024000483,A-Alicante-022,38.348522,-0.555785,"Bonanza (Pg Pla Vallonga),32",Alicante/Alacant,Alicante/Alacant,3006,3,50.0,729,A-31,A,True,392.23811780055695
2024000490,A-Elche-012,38.272537,-0.668533,"Alicante,148",Elche/Elx,Alicante/Alacant,3203,13,50.0,1071,N-340,N,False,49.93323076331155
2024000493,BU-Oña-001,42.73681,-3.412444,"Estacion,1",Oña,Burgos,9530,2,7.3,265,N-232,N,False,74.13261721632578
2024000494,A-Villena-004,38.62051,-0.859275,"Las Tiesas,52",Villena,Alicante/Alacant,3400,4,50.0,728,A-31,A,True,717.7654047863673
2024000503,CR-Puertollano-004,38.703835,-4.100013,"Nacional-420,160",Puertollano,Ciudad Real,13500,3,50.0,1107,N-420,N,False,51.516064163490114
2024000510,GU-Guadalajara-002,40.631405,-3.150806,"Venezuela,15",Guadalajara,Guadalajara,19005,6,50.0,685,A-2,A,True,249.71553208423813
2024000536,MU-MolinadeSegura-004,38.063572,-1.219443,"La Piña,2",Abarán,Murcia,30500,3,50.0,1100,N-344,N,False,1320.5121774048985
2024000564,VA-QuintanilladeOnesimo-001,41.629456,-4.324344,"Soria (N-122),3250",Quintanilla de Onésimo,Valladolid,47350,5,50.0,918,N-122,N,False,196.62167866126114
2024000571,AL-ELEJIDO-006,36.773376,-2.8073,"Bayarcal,N/A","Ejido, El",Almería,4700,2,22.0,635,A-7S,A,True,1680.557918826498
2024000574,BU-ArandadeDuero-004,41.671055,-3.690712,"De La Ribera,10",Aranda de Duero,Burgos,9400,2,7.4,242,N-1A,N,False,170.93694956482014
2024000575,BU-Belorado-001,42.418762,-3.191837,"Burgos,5",Belorado,Burgos,9250,3,50.0,205,N-120,N,False,18.027508342483934
2024000584,A-Almoradi-002,38.1116,-0.78867,"Jose Canales,1",Almoradí,Alicante/Alacant,3160,2,22.0,887,AP-7N,AP,False,1078.4511478235895
2024000591,A-ElsPoblets-001,38.84919,0.016283,"Jaume I,6","Poblets, els",Alicante/Alacant,3779,2,22.0,370,N-332,N,False,1693.571404700179
2024000592,BU-MelgardeFernamental-001,42.403973,-4.247177,"Costanilla De La Azafata,4",Melgar de Fernamental,Burgos,9100,2,7.3,207,N-120,N,False,215.39168372272218
2024000594,CS-Almenara-001,39.75358,-0.22815,"Corona,10",Almenara,Castellón/Castelló,12590,5,50.0,124,A-7,A,False,696.8799793775662
2024000629,M-PARLA-001,40.244457,-3.778031,"Las Lagunas,5",Parla,Madrid,28981,6,50.0,761,A-42,A,False,96.89276242166642
2024000641,MU-Yecla-005,38.615204,-1.092887,"Yecla-Villena,1",Yecla,Murcia,30510,6,50.0,1102,N-344,N,False,597.5392596626724
2024000652,V-Oliva-002,38.92657,-0.097143,"Canyaes,1",Oliva,Valencia/València,46780,3,50.0,370,N-332,N,False,1876.1173137081023
2024000655,V-Jarafuel-001,39.13942,-1.07874,"Poligono 18,18",Jarafuel,Valencia/València,46623,6,50.0,348,N-330,N,False,274.9627446304308
2024000658,TE-Calaceite-001,41.013805,0.187076,"Cretas,7",Calaceite,Teruel,44610,3,50.0,1112,N-420,N,False,35.72654470186242
2024000663,VA-SIMANCAS-002,41.591373,-4.829591,"Miravete,N/A",Simancas,Valladolid,47130,2,7.4,84,A-62,A,True,101.60300827758219
2024000666,VA-Olmedo-003,41.2892,-4.67961,"Pago De Sancti Spiritus,N/A",Olmedo,Valladolid,47410,2,11.0,1188,N-601,N,False,122.3835623414283
2024000670,AL-HuercaldeAlmeria-001,36.87235,-2.444194,"De Almeria,125",Huércal de Almería,Almería,4230,5,50.0,634,A-7S,A,True,1448.6026408021544
2024000684,A-Alicante-031,38.337406,-0.486502,"Perfecto Palacio De La Fuente,6",Alicante/Alacant,Alicante/Alacant,3003,4,22.0,730,A-31,A,True,1333.780871449538
2024000686,A-Elche-015,38.25962,-0.685025,"Almazara,11",Elche/Elx,Alicante/Alacant,3203,4,7.4,1071,N-340,N,False,981.0363752457471
2024000694,A-SanJuandeAlicante-008,38.39756,-0.42935,"Valencia,40",Alicante/Alacant,Alicante/Alacant,3550,2,140.0,138,A-70,A,True,1504.6250167909047
2024000697,SS-Eibar-002,43.1802,-2.488186,"Torrekua Kalea,2",Eibar,Gipuzkoa,20600,3,50.0,565,N-634,N,False,126.79127032623306
2024000698,BU-Lerma-003,42.024418,-3.752409,"Cura Merino,22",Lerma,Burgos,9340,5,50.0,169,N-1,N,False,439.71205162572244
2024000707,CS-LaValldUixo-003,39.814835,-0.228914,"Europa,7","Vall d'Uixó, la",Castellón/Castelló,12600,5,50.0,124,A-7,A,False,1102.0729221864933
2024000710,CS-Viver-001,39.920338,-0.59717,"Valencia,16",Navajas,Castellón/Castelló,12460,5,50.0,975,N-234,N,False,471.0367094248945
2024000712,CR-CiudadReal-006,38.989758,-3.908651,"Carrion,29",Ciudad Real,Ciudad Real,13005,3,50.0,1134,N-430,N,False,545.3843932929722
2024000735,A-Calpe-003,38.646214,0.050358,"Pla Senieta Dto.25,1",Calp,Alicante/Alacant,3710,3,50.0,367,N-332,N,False,1156.8923016264855
2024000776,M-Alcobendas-005,40.52332,-3.656952,"Diego Salmeron,N/A",Alcobendas,Madrid,28108,3,50.0,15,A-1,A,True,499.59271856247733
2024000874,V-Alcasser-002,39.364357,-0.438243,"Dels Fusters,10",Alcàsser,Valencia/València,46290,3,50.0,128,A-7,A,True,605.9832252102985
2024000899,VA-Valladolid-001,41.674225,-4.720923,"Euro,2",Valladolid,Valladolid,47009,3,43.6,83,A-62,A,True,1357.4472062238933
2024000912,ZA-Trabazos-001,41.74375,-6.496523,"Quinientos Siete,1674",Trabazos,Zamora,49516,3,50.0,925,N-122,N,True,88.49093427859634
2024000913,B-Sabadell-008,41.511463,2.109746,"Pla Del Fonollar,1",Sabadell,Barcelona,8205,5,50.0,875,AP-7N,AP,True,1336.0512971830585
2024000916,AV-AVILA-015,40.644238,-4.700341,"Los Maceros,2",Ávila,Ávila,5002,3,50.0,429,N-403,N,False,46.757032862135084
2024000925,VI-Ribabeiosa-001,42.70483,-2.918956,"Plan Parcial R-13 Bizcarreta,0",Erriberagoitia/Ribera Alta,Araba/Álava,1213,3,50.0,835,AP-1,AP,True,136.9552591204445
2024000934,A-BENFERRI-002,38.14215,-0.963258,"Abanilla,1",Benferri,Alicante/Alacant,3316,2,22.0,133,A-7,A,True,1596.9396754973652
2024000940,A-ELCHE-021,38.278404,-0.721213,"Almansa,68",Elche/Elx,Alicante/Alacant,3206,16,22.0,133,A-7,A,True,765.2347294861273
2024000943,BU-Estepar-001,42.275448,-3.896919,"Autovia A-62,210",Buniel,Burgos,9230,3,50.0,1213,N-620A,N,False,117.3560869587514
2024000953,CC-Caceres-007,39.489193,-6.377167,"Los Halcones,1",Cáceres,Cáceres,10004,3,50.0,485,N-521,N,False,975.1976970460474
2024000980,M-RivasVaciamadrid-007,40.341694,-3.534313,"De La Tecnica,43",Rivas-Vaciamadrid,Madrid,28522,5,50.0,46,A-3,A,True,385.7960456952761
2024001029,PO-Vigo-005,42.221123,-8.724043,"Miradoiro,2",Vigo,Pontevedra,36210,5,50.0,810,A-55,A,True,879.647926381032
2024001030,A-Guardamar-002,38.07902,-0.64914,"Uruguay,4",Guardamar del Segura,Alicante/Alacant,3140,2,22.0,1049,N-332,N,False,467.65099622101843
2024001048,M-LasRozasdeMadrid-004,40.516827,-3.890906,"Pablo Neruda,0","Rozas de Madrid, Las",Madrid,28232,6,50.0,64,A-6,A,True,513.2872295199373
2024001062,M-BARAJAS-006,40.446465,-3.576161,"Nanclares De Oca,5",Madrid,Madrid,28022,6,50.0,685,A-2,A,True,367.10009581377204
2024001098,A-Finestrat-011,38.533257,-0.172169,"Rei Jaume I,0",Finestrat,Alicante/Alacant,3509,8,22.0,364,N-332,N,False,324.37596794294774
2024001850,A-ONDARA-011,38.81555,0.021604,"Alcalali,27",Ondara,Alicante/Alacant,3760,4,22.0,884,AP-7N,AP,True,149.86754344392568
2024001860,BI-Zamudio-006,43.28967,-2.858946,"Tecnologico,101",Derio,Bizkaia,48170,4,50.0,564,N-633,N,True,1735.9825528414137
2024001869,BU-Burgos-011,42.346645,-3.65916,"Logroño,110",Burgos,Burgos,9007,3,50.0,170,N-1,N,False,1108.6684759261773
2024001914,VI-Vitoria-011,42.857292,-2.719073,"Los Huetos,75",Vitoria-Gasteiz,Araba/Álava,1010,4,7.4,651,A-1,A,True,1265.3988593520126
2024002146,E-A-Benidorm-009,38.551067,-0.096418,"Doctor Severo Ochoa,44",Benidorm,Alicante/Alacant,3503,4,22.0,365,N-332,N,False,1267.1559400335766
2024002180,AV-AVILA-011,40.665203,-4.664241,"Juan Carlos I,0",Ávila,Ávila,5004,4,22.0,430,N-403,N,False,1771.685773139074
2024002183,A-Alicante-028,38.33806,-0.48713,"Muelle De Poniente,6",Alicante/Alacant,Alicante/Alacant,3003,5,50.0,730,A-31,A,True,1310.0376966745853
2024002185,VI-Vitoria-009,42.86593,-2.68434,"Felix Maria Samaniego,1",Vitoria-Gasteiz,Araba/Álava,1010,12,22.0,652,A-1,A,True,1557.44894843034
2024002234,E-A-Altea-008,38.6201,-0.02806,"N-332,5",Altea,Alicante/Alacant,3590,2,22.0,367,N-332,N,False,14.581955213641296
2024002256,PO-OPorriño-003,42.119,-8.621159,"A Granxa,N/A","Porriño, O",Pontevedra,36475,3,50.0,813,A-55,A,True,68.57022837433803
2024002259,V-Torrente-004,39.420467,-0.503541,"F   (Sector 14 -El Toll- L´Alberca),1",Torrent,Valencia/València,46901,3,50.0,128,A-7,A,True,608.9609984832863
2024002275,A-Torrevieja-004,37.92601,-0.73606,"Malaquita,2",Orihuela,Alicante/Alacant,3189,3,50.0,887,AP-7N,AP,False,285.3768329489426
2024002353,BI-Zamudio-003,43.28011,-2.8698,"Pinoa,8",Derio,Bizkaia,48170,4,7.4,564,N-633,N,True,1278.6209284610813
2024003423,E-AL-HuercalDeAlmeria-004,36.867,-2.441,"Crta Torrecardenas,162",Huércal de Almería,Almería,4230,2,22.0,634,A-7S,A,True,1900.4807757072538
2024003424,E-B-CerdanyolaDelValles-001,41.497574,2.138297,"Santa Anna,S/N",Cerdanyola del Vallès,Barcelona,8290,6,22.0,875,AP-7N,AP,True,1305.632078692161
2024003461,E-A-Alicante-023,38.34515,-0.550284,"Nieve (P.I. Pla De Vallonga),2",Alicante/Alacant,Alicante/Alacant,3006,2,22.0,729,A-31,A,True,84.23316283205189
2024003425,A-Torrevieja-007,37.98862,-0.686653,"Plan Parcial S-10 San Jose,10",Torrevieja,Alicante/Alacant,3181,3,50.0,1048,N-332,N,False,175.68895727813208
2024003467,E-A-Alicante-024,38.344135,-0.528378,"Ocaña,37",Alicante/Alacant,Alicante/Alacant,3007,2,22.0,350,N-330,N,False,39.9027109414035
2024003444,BA-BADAJOZ-009,38.88402,-6.983785,"Adolfo Diaz Ambrona,13",Badajoz,Badajoz,6006,2,22.0,1130,N-430,N,False,1947.5668719100738
2024003536,O-Oviedo-012,43.377975,-5.820944,"Colegio San Ignacio,63",Oviedo,Asturias,33010,3,50.0,96,A-66,A,True,678.1096294452551
2024003540,E-B-Martorell-003,41.5043,1.90206,"Barcelones,N/A",Abrera,Barcelona,8630,20,50.0,950,N-2,N,True,307.5273930393757
2024003478,E-BU-MirandaDeEbro-003,42.69522,-2.953758,"Riberas Del Ebro,9",Miranda de Ebro,Burgos,9200,6,22.0,173,N-1,N,False,686.3216044366942
2024003825,AB-ALCADOZO-001,38.994595,-1.8535,"Libertad,1",Albacete,Albacete,2001,2,22.0,726,A-31,A,True,996.763465006066
2024003826,E-A-Aspe-005,38.3409,-0.76587,"Av. Carlos Soria (Ayto De Aspe),Sn",Aspe,Alicante/Alacant,3680,2,22.0,347,N-325,N,False,1270.3880372966669
2024003831,E-VA-Valladolid-019,41.641186,-4.764117,"Padre Llanos,4",Valladolid,Valladolid,47014,4,22.0,84,A-62,A,True,436.57732358503546
2024003832,E-A-Benferri-001,38.14652,-0.962006,"Miguel De Cervantes (Ayto.  Benferri),4 Q",Benferri,Alicante/Alacant,3316,2,22.0,133,A-7,A,True,1938.267634025089
2024003841,VI-Vitoria-012,42.872246,-2.66881,"La Peña,11",Vitoria-Gasteiz,Araba/Álava,1013,4,22.0,652,A-1,A,True,972.7099005215341
2024003842,A-Alicante-049,38.367023,-0.469404,"Jose Garcia Selles,2",Alicante/Alacant,Alicante/Alacant,3015,26,22.0,138,A-70,A,True,1422.6174957364547
2024003854,E-A-SantaPola-006,38.21,-0.5768,"Los Arrieros, Pol. Industrial (Santa Pola),16",Santa Pola,Alicante/Alacant,3130,2,22.0,1051,N-332,N,False,1337.1096438750026
2024003866,E-A-GataDeGorgos-002,38.77,0.08,"Església (De L'),Sn",Gata de Gorgos,Alicante/Alacant,3740,2,22.0,369,N-332,N,False,705.5761148404891
2024003870,A-Alicante-050,38.369762,-0.47107,"Antonio Ramos Carratala,58",Alicante/Alacant,Alicante/Alacant,3015,4,22.0,138,A-70,A,True,1149.0537636854688
2024003893,E-A-Benidorm-025,38.53199,-0.165802,"Secretario Juan Antonio Baldovi,11",Benidorm,Alicante/Alacant,3502,4,22.0,364,N-332,N,False,792.0966591675008
2024004717,A-Denia-005,38.363003,-0.465546,"Medico Jose Babe Delgado,3",Alicante/Alacant,Alicante/Alacant,3015,5,50.0,138,A-70,A,True,1850.5523284303097
2024004718,BU-Pancorbo-002,42.637623,-3.110552,"Santiago,14",Cascajares de Bureba,Burgos,9280,1,50.0,173,N-1,N,False,178.19404179043664
2024004727,E-A-Villajoyosa-004,38.53188,-0.17615,"La Cala,16","Villajoyosa/Vila Joiosa, la",Alicante/Alacant,3570,6,22.0,364,N-332,N,False,299.03264185629695
2024004730,A-Denia-006,38.36301,-0.465481,"Marines A Denia,25",Alicante/Alacant,Alicante/Alacant,3015,5,50.0,138,A-70,A,True,1849.9259022760623
2024004739,VA-NAVA DEL REY-001,41.410454,-5.134381,"A-62,169",Nava del Rey,Valladolid,47500,5,50.0,86,A-62,A,True,146.59539649302394
2024004766,BU-Burgos-010,42.30311,-3.703919,"Pedernales,16",Burgos,Burgos,9001,5,50.0,19,A-1,A,True,94.10194026698463
2024004772,C-Ferrol-002,43.48686,-8.20098,"Nicasio Pérez,31",Ferrol,"Coruña, A",15406,2,50.0,167,AP-9F,AP,True,1628.6833293010131
2024004775,BU-VILLAGONZALOPEDERNALES-002,42.3011,-3.739295,"Constitucion,1",Arcos,Burgos,9195,2,7.4,81,A-62,A,True,638.7735462577688
2024004776,BI-Amorebieta-004,43.22526,-2.743108,"San Pedro,54",Amorebieta-Etxano,Bizkaia,48340,4,170.0,1290,AP-8,AP,True,175.55727051254547
2024004792,E-NA-Burlada-002,42.832195,-1.618169,"Bizcarmendia,0",Burlada/Burlata,Navarra,31600,8,22.0,611,N-121-A,N,True,1446.93783668915
2024004851,BI-Muskiz-003,43.322105,-3.112952,"Estacion,9",Muskiz,Bizkaia,48550,4,50.0,567,N-634,N,False,83.71850348586425
2024004852,E-A-Castalla-005,38.59221,-0.665853,"De Alicante,S/N",Castalla,Alicante/Alacant,3420,4,22.0,130,A-7,A,False,1643.6683996815284
2024004930,A-BENIDORM-011,38.558826,-0.158002,"Acceso Parking Terra Mitica,0",Benidorm,Alicante/Alacant,3502,4,22.0,884,AP-7N,AP,True,1010.2256385773188
2024004935,E-V-TERESA DE COFRENTES-001,39.106483,-1.051119,"Iglesia,1",Teresa de Cofrentes,Valencia/València,46622,2,22.0,348,N-330,N,False,243.2097536553626
2024004939,MU-Murcia-031,38.041206,-1.150282,"Nueva Condomina,1",Murcia,Murcia,30110,5,50.0,134,A-7,A,True,608.1560756488872
2024004941,E-V-TERESA DE COFRENTES-002,39.1017,-1.050029,"Extramuros,15",Teresa de Cofrentes,Valencia/València,46622,2,22.0,348,N-330,N,False,262.946614261882
2024004945,E-HU-Huesca-001,42.13984,-0.395268,"Ramón Y Cajal,90",Huesca,Huesca,22006,4,22.0,291,N-240A,N,False,1128.7754524317907
2024004946,E-A-Boqueres-002,38.39078,-0.513566,"Peru,S/N",San Vicente del Raspeig/Sant Vicent del Raspeig,Alicante/Alacant,3690,4,22.0,147,A-77A,A,False,884.7316256019146
2024004957,E-A-Mutxamel-005,38.418755,-0.444476,"Gran Via Valencia,21",Mutxamel,Alicante/Alacant,3110,2,22.0,138,A-70,A,True,1044.714051254188
2024004959,E-M-SanSebastianDeLosReyes-005,40.540405,-3.624082,"Juncal,3",San Sebastián de los Reyes,Madrid,28703,4,22.0,15,A-1,A,True,978.2077966011659
2024004961,E-A-Villena-004,38.637127,-0.866327,"Constitucion,108",Villena,Alicante/Alacant,3400,2,22.0,728,A-31,A,True,514.1735217814102
2024004963,E-A-Alicante-027,38.345264,-0.493463,"Estacion, De La,12",Alicante/Alacant,Alicante/Alacant,3005,2,22.0,730,A-31,A,True,1478.1791511828662
2024004968,E-A-Alcoy-alcoi-001,38.709663,-0.461933,"Hispanitat,36",Alcoy/Alcoi,Alicante/Alacant,3804,6,22.0,381,N-340,N,False,636.7673608435615
2024004976,E-A-Alicante-026,38.33024,-0.513828,"Los Cincuenta,46",Alicante/Alacant,Alicante/Alacant,3008,4,22.0,730,A-31,A,True,409.68053259307806
2024004977,E-BU-Burgos-009,42.349884,-3.660331,"Juan Ramon Jimenez,5",Burgos,Burgos,9007,4,22.0,170,N-1,N,False,1022.5175629753668
2024004979,E-LO-Alfaro-001,42.171963,-1.744826,"Zaragoza,95",Alfaro,"Rioja, La",26540,8,22.0,263,N-232,N,False,873.5247590163806
2024004986,E-CR-Tomelloso-001,39.15678,-3.023392,"Toledo,1",Tomelloso,Ciudad Real,13700,4,22.0,331,N-310,N,False,1146.9652338672602
2024006501,E-A-Boqueres-001,38.39412,-0.519375,"Alicante,21",San Vicente del Raspeig/Sant Vicent del Raspeig,Alicante/Alacant,3690,2,22.0,147,A-77A,A,False,925.762179311868
2024006504,J-Guarroman-001,38.19465,-3.674042,"Nacional Iv,280",Guarromán,Jaén,23210,3,50.0,745,A-4,A,True,64.4311236664968
2024006507,E-B-MolinoDeRovira-001,41.33486,1.700331,"Del Mar,24",Vilafranca del Penedès,Barcelona,8720,4,22.0,396,N-340,N,False,95.32327253127762
2024006596,E-A-Torrevieja-012,38.000336,-0.671256,"Cortes Valencianas,Sn",Torrevieja,Alicante/Alacant,3183,12,22.0,1048,N-332,N,False,451.89597294161945
2024006682,E-J-AlcalaLaReal-001,37.454784,-3.906012,"Iberoamerica,N/A",Alcalá la Real,Jaén,23692,4,22.0,1155,N-432,N,False,1278.9148682184202
2024006683,LU-AsNogais-001,42.81017,-7.11031,"Rosalia De Castro,46",Becerreá,Lugo,27677,5,50.0,536,N-6,N,False,28.16093440301976
2024006685,B-SANTBOIDELLOBREGAT-007,41.332806,2.053067,"Cabasses,5",Sant Boi de Llobregat,Barcelona,8830,4,22.0,701,A-2,A,True,1975.6796344538482
2024006791,E-BA-Merida-004,38.923412,-6.32437,"Acero,60",Mérida,Badajoz,6800,4,22.0,1181,N-5,N,False,217.97332179137936
2024006800,E-TE-Alcañiz-002,41.05183,-0.131001,"Ronda De Beliche,3",Alcañiz,Teruel,44600,4,22.0,244,N-211A,N,False,375.70804308660644
2024006801,E-MA-Churriana-001,36.610462,-4.513439,"Alcalde Miguel Escalona,0",Antequera,Málaga,29620,6,22.0,620,AP-7S,AP,True,857.6209282999718
2024006811,E-NA-Estella-001,42.654655,-2.026644,"Merkatondoa,33",Estella-Lizarra,Navarra,31200,6,22.0,667,A-12,A,False,515.127837709852
2024006815,E-A-Aspe-006,38.351147,-0.771098,"Navarra,67",Aspe,Alicante/Alacant,3680,4,22.0,346,N-325,N,False,341.5006652746706
2024006816,A-NOVELDA-003,38.40153,-0.78056,"Alcaydas C,1",Novelda,Alicante/Alacant,3660,4,22.0,728,A-31,A,True,829.382544277801
2024006818,E-LE-BarcenaDelBierzo-001,42.551907,-6.577297,"Montearenas,29",Ponferrada,León,24401,4,22.0,536,N-6,N,False,237.09318759952671
2024006820,E-A-Elche-012,38.272266,-0.717689,"De Las Cortes Valencianas,S/N",Elche/Elx,Alicante/Alacant,3205,4,22.0,1071,N-340,N,False,1257.0600011035008
2024006830,E-O-Oviedo-004,43.3592,-5.84503,"Daoiz Y Velarde,5",Oviedo,Asturias,33009,2,22.0,1218,N-630,N,False,915.834715384022
2024006837,E-CA-Algeciras-003,36.11917,-5.453116,"Luis De Gongora,0",Algeciras,Cádiz,11206,2,22.0,9,A-7S,A,True,643.4789551235522
2024006838,LO-HARO-001,42.56834,-2.861139,"Santo Domingo,32",Haro,"Rioja, La",26200,2,100.0,863,AP-68,AP,True,1465.1166229135122
2024007435,O-OVIEDO-10,43.369965,-5.818269,"Cerdeño,1",Oviedo,Asturias,33010,2,22.0,96,A-66,A,True,411.5776012305256
2024007440,O-AVILES-011,43.572582,-5.926099,"Del Cristal,8",Avilés,Asturias,33401,4,22.0,1259,N-632A,N,False,209.77674138920653
2024007441,E-A-GataDeGorgos-003,38.7769,0.0889,"Sorts (De Les),Sn",Gata de Gorgos,Alicante/Alacant,3740,2,11.0,369,N-332,N,False,367.3874410853374
2024007442,E-A-LalqueriaDasnar-001,38.7423,-0.437525,"Benilloba,3",Cocentaina,Alicante/Alacant,3820,4,22.0,382,N-340,N,False,453.70187024475337
2024007491,GR-Guadix-003,37.30947,-3.145801,"Mariana Pineda,S/N",Baza,Granada,18500,6,22.0,831,A-92,A,True,1120.3823436372038
2024007495,B-Molletdelvalles-002,41.54975,2.224855,"Friedich Wilhelm Sertüner,N/A",Mollet del Vallès,Barcelona,8100,2,150.0,874,AP-7N,AP,True,76.09925735803863
2024007501,NA-Pamplona-022,42.812267,-1.69188,"Landaben,1",Iza/Itza,Navarra,31170,20,22.0,675,A-15,A,True,1697.7193157252311
2024007505,E-V-Algemesi-006,39.190475,-0.431639,"Covadonga,6",Algemesí,Valencia/València,46680,2,22.0,884,AP-7N,AP,True,1718.481286563856
2025000001,E-A-Alicante-018,38.343147,-0.517816,"Rio Muni,8",Alicante/Alacant,Alicante/Alacant,3007,6,22.0,350,N-330,N,False,655.9604321902821
2025000004,E-BU-MedinaDePomar-001,42.93413,-3.497478,"Infanta Leonor,2",Medina de Pomar,Burgos,9500,6,22.0,561,N-629,N,False,949.9557702235192
2025000010,E-A-Finestrat-005,38.53665,-0.17864,"Pais Valencia,1",Finestrat,Alicante/Alacant,3509,8,22.0,364,N-332,N,False,270.82322940977826
2025000040,O-GIJON-19,43.538494,-5.701656,"De La Argentina,N/A",Gijón,Asturias,33213,2,22.0,1278,N-641,N,True,676.4634971609779
2025000044,E-J-ArrayanesLaCruzLaLaguna-001,38.09409,-3.624941,"Úbeda,0",Linares,Jaén,23700,4,22.0,996,N-322,N,False,1252.2015539932918
2025000098,E-Z-Zaragoza-018,41.663998,-0.904927,"Almozara,69",Zaragoza,Zaragoza,50003,4,22.0,260,N-232,N,False,1610.3798318397176
2025000158,E-A-Ibi-002,38.62655,-0.570399,"Les Eres,76",Ibi,Alicante/Alacant,3440,2,22.0,130,A-7,A,False,1259.6683030603415
2025000163,AV-AVILA-001,40.669743,-4.661704,"Patrimonio De La Humanidad,3",Ávila,Ávila,5004,28,400.0,430,N-403,N,False,1722.3156706503937
2025000168,E-A-Novelda-004,38.38515,-0.74498,"El Zambo,Sn",Novelda,Alicante/Alacant,3660,2,22.0,728,A-31,A,True,627.824903538323
2025000169,Hiperber Alfaz del Pi - 01,38.580605,-0.106704,"Figuera,7","Alfàs del Pi, l'",Alicante/Alacant,3580,2,50.0,884,AP-7N,AP,True,387.6977624608532
2025000171,CR-Valdepeñas-006,38.77934,-3.389307,"Del Vino,4",Valdepeñas,Ciudad Real,13300,8,22.0,745,A-4,A,True,563.5726527350272
2025000299,E-A-SantaPola-007,38.189857,-0.555994,"Constitucion,Sn",Santa Pola,Alicante/Alacant,3130,4,22.0,1051,N-332,N,False,1458.3776748455891
2025000321,Z-Calatayud-005,41.31726,-1.680724,"Sierra De Los Amantes,N/A",Calatayud,Zaragoza,50300,5,50.0,688,A-2,A,True,469.09614671248846
2025000324,M-Coslada-003,40.431114,-3.532796,"San Pablo,51",Coslada,Madrid,28823,5,50.0,685,A-2,A,True,1703.5237327406644
2025000325,S-Santander-010,43.4259,-3.842097,"Poligono De Cross,4",Camargo,Cantabria,39600,8,22.0,1265,N-636,N,True,523.1357426731596
2025000326,E-B-Tordera-001,41.695026,2.723477,"Sector Pla Dell,0",Tordera,Barcelona,8490,6,22.0,952,N-2,N,False,984.9632455962824
2025000396,A-Alicante-036,38.342445,-0.487404,"Rafael Terol,30",Alicante/Alacant,Alicante/Alacant,3001,6,22.0,730,A-31,A,True,1553.4180011593185
2025000402,E-V-L'alcudia-001,39.123802,-0.519453,"De La Muntanyeta,13",Alberic,Valencia/València,46260,4,22.0,129,A-7,A,True,917.8368466590595
2025000404,CR-CIUDADREAL-015,38.9861,-3.914535,"Europa,4",Ciudad Real,Ciudad Real,13004,2,120.0,1133,N-430,N,False,474.6277536056089
2025000406,E-BA-BuenSuceso-001,38.431305,-6.416615,"Parcela R-Tc2 Del Plan Parcial,Rb2",Zafra,Badajoz,6300,6,22.0,1152,N-432,N,False,85.92161124369676
2025000408,MA-ESTEPONA-009,36.41137,-5.197067,"Santa Maria,2",Estepona,Málaga,29693,2,22.0,4,A-7S,A,True,806.1164432871497
2025000411,O-VEGADEO-02,43.464363,-7.051358,"Alameda,13",Vegadeo,Asturias,33770,2,7.4,1269,N-640,N,False,9.606387957508167
2025000414,T-Tarragona-018-REP,41.130703,1.203645,"Josep Mª Folch I Torres,7",Tarragona,Tarragona,43006,10,22.0,137,A-7,A,False,80.38503883671169
UD9DA89ALY669SYPELAX,E-MA-Benalmadena-002,36.547024,-4.629639,"Mahón,0",Fuengirola,Málaga,29640,2,22.0,646,A-7S,A,False,156.8523358402273
YSIOEGG8WSEQM9NIQCC1,Z-Zaragoza-033,41.659313,-0.861782,"Maria Pilar De Las Heras,7",Zaragoza,Zaragoza,50014,2,22.0,314,N-2A,N,False,1993.261423818288
5ZKRBOFD93R762YMNI54,E-ZA-Zamora-007,41.51182,-5.742877,"Monsalve,2",Zamora,Zamora,49008,2,22.0,922,N-122,N,False,745.8714502861164
2023004054,BI-Basauri-001,43.229733,-2.876316,"Zabalandi,22",Basauri,Bizkaia,48970,10,350.0,149,A-8,A,True,211.72988605957124
2024000012,VI-Murgia-001,42.95543,-2.819914,"Añurreta,5",Zuia,Araba/Álava,1130,3,50.0,548,N-622,N,True,630.4276214142373
2024000048,BA-BADAJOZ-003,38.882515,-6.996142,"Julio Cienfuegos Linares,N/A",Badajoz,Badajoz,6006,3,50.0,794,A-5,A,True,1604.9729464846212
2024000058,E-A-Alcoy/Alcoi-003,38.69797,-0.475138,"D'espanya,1",Alcoy/Alcoi,Alicante/Alacant,3801,2,22.0,130,A-7,A,False,1786.8575686046083
2024000060,VI-Vitoria-001,42.864056,-2.712486,"Urartea,23",Vitoria-Gasteiz,Araba/Álava,1010,3,50.0,651,A-1,A,True,993.7495052301219
2024000063,E-A-Altea-012,38.5987,-0.0568,"Cuesta De Las Narices,51",Altea,Alicante/Alacant,3590,2,22.0,884,AP-7N,AP,True,1318.071118472724
2024000064,E-A-Aspe-002,38.3385,-0.776662,"Orihuela,100",Aspe,Alicante/Alacant,3680,2,22.0,347,N-325,N,False,296.56951569018145
2024000068,E-A-Elche/Elx-007,38.294167,-0.62374,"Nicolas Copernico,4",Elche/Elx,Alicante/Alacant,3203,4,22.0,1072,N-340,N,False,1035.8023372839932
2024000070,A-Finestrat-010,38.53953,-0.176935,"Calp,2",Finestrat,Alicante/Alacant,3509,4,22.0,884,AP-7N,AP,True,189.8884186552899
2024000073,E-A-Novelda-003,38.38224,-0.764488,"Constitucion,36",Novelda,Alicante/Alacant,3660,2,22.0,346,N-325,N,False,968.755625392499
2024000074,E-A-Orihuela-012,38.091522,-0.939216,"Doctor Garcia Rogel,18",Orihuela,Alicante/Alacant,3300,2,7.3,1065,N-340,N,False,806.6801523451232
2024000075,E-A-Torrevieja-003,37.96299,-0.718611,"Ucrania,2",Torrevieja,Alicante/Alacant,3186,2,22.0,1047,N-332,N,False,975.8487715853314
2024000076,E-A-SantJoanD'Alacant-003,38.40172,-0.43573,"Rambla De La Llibertat,0",Alicante/Alacant,Alicante/Alacant,3550,2,22.0,138,A-70,A,True,799.2326424199777
2024000077,A-Petrer-002,38.49028,-0.778572,"Guirnei,8",Petrer,Alicante/Alacant,3610,6,50.0,728,A-31,A,True,46.11252689266973
2024000078,E-A-SantaPola-004,38.19119,-0.564977,"Jesus Astondoa Santamaria,0",Santa Pola,Alicante/Alacant,3130,2,22.0,1051,N-332,N,False,930.3923826985983
2024000081,E-A-PilarDeLaHoradada-001,37.87915,-0.76604,"Comunidad Valenciana,147",Elche/Elx,Alicante/Alacant,3191,2,22.0,1047,N-332,N,False,277.8672190013593
2024000091,C-Naron-002,43.48942,-8.198955,"Avenida Do Mar,98",Narón,"Coruña, A",15570,5,50.0,167,AP-9F,AP,True,1451.1557362779713
2024000166,E-A-L'AlqueriaD'Asnar-002,38.73515,-0.441111,"Les Moreres,1",Cocentaina,Alicante/Alacant,3820,2,22.0,130,A-7,A,False,628.0471657335952
2024000170,B-CornelladeLlobregat-001,41.348312,2.083199,"Maresme,7",Cornellà de Llobregat,Barcelona,8940,3,50.0,701,A-2,A,True,362.32866818561445
2024000171,E-A-Cox-002,38.14625,-0.886352,"De Josefina Manresa,S/N",Cox,Alicante/Alacant,3350,2,22.0,133,A-7,A,True,1475.3765466400205
2024000173,E-A-Elda-003,38.477016,-0.787742,"Gran Avenida,N/A",Elda,Alicante/Alacant,3600,2,11.0,728,A-31,A,True,1457.8549580458339
2024000174,E-A-GuardamarDelSegura-001,38.065907,-0.651899,"Grecia (Rdcial. Los Naranjos),1",Guardamar del Segura,Alicante/Alacant,3140,2,22.0,1049,N-332,N,False,295.10704261761435
2024000175,E-A-Mutxamel-001,38.41727,-0.446807,"Gran Via Valencia,1",Mutxamel,Alicante/Alacant,3110,2,22.0,138,A-70,A,True,1084.232895060566
2024000267,E-AL-HuercalDeAlmeria-003,36.87326,-2.447105,"Emilio Peña,13",Huércal de Almería,Almería,4230,6,22.0,634,A-7S,A,True,1170.4865402408989
2024000268,AL-ElEjido-002,36.759,-2.80449,"Mozart Esq Calle Verdi,N/A","Ejido, El",Almería,4700,5,50.0,635,A-7S,A,True,276.80618298804
2024000271,E-VI-VitoriaGasteiz-004,42.81823,-2.779612,"Madrid Irun,341",Vitoria-Gasteiz,Araba/Álava,1195,2,22.0,651,A-1,A,True,61.806453832599935
2024000276,AB-Hellin-001,38.525597,-1.703138,"Libertad,161",Hellín,Albacete,2400,3,50.0,325,N-301,N,False,536.8719824348277
2024000283,A-Benissa-02BIS,38.71713,0.05805,"Madrid,4",Benissa,Alicante/Alacant,3720,4,50.0,368,N-332,N,False,455.8576961128577
2024000284,E-A-Petrer-001,38.478302,-0.783455,"Reina Sofia,2",Petrer,Alicante/Alacant,3610,2,22.0,728,A-31,A,True,1181.9794111808847
2024000288,E-A-MonforteDelCid-001,38.3812,-0.73085,"Progreso,8",Monforte del Cid,Alicante/Alacant,3670,2,22.0,728,A-31,A,True,663.4692242695297
2024000315,L-Les-001,42.813526,0.71208,"Era Carrera,0",Les,Lleida,25540,5,50.0,256,N-230,N,True,171.0346969294467
2024000349,V-Cofrentes-001,39.229603,-1.058818,"Almansa A Requena,30",Cofrentes,Valencia/València,46625,5,50.0,1022,N-330A,N,False,36.4405452364683
2024000379,B-Molinsderei-001,41.404823,2.02224,"Primer De Maig,7",Molins de Rei,Barcelona,8750,4,50.0,398,N-340,N,False,726.0158078253697
2024000380,E-A-Albatera-003,38.17642,-0.87299,"Jose Canovas,N/A",Albatera,Alicante/Alacant,3340,2,22.0,1067,N-340,N,False,181.98617512463602
2024000381,A-Alicante-011,38.33672,-0.501862,"Nadadora Carmen Soto,7",Alicante/Alacant,Alicante/Alacant,3008,3,50.0,730,A-31,A,True,392.58604364774214
2024000383,E-A-MuroDelAlcoy-003,38.7802,-0.436893,"Molina (Ayto. Muro De Alcoy),S/N",Muro de Alcoy,Alicante/Alacant,3830,2,22.0,383,N-340,N,False,945.6491048533917
2024000385,E-A-Benissa-002,38.6887,0.04487,"Benimarraig,61",Benissa,Alicante/Alacant,3720,2,22.0,367,N-332,N,False,272.7799330614225
2024000388,A-Orihuela-003,37.927982,-0.736747,"Jade,1",Orihuela,Alicante/Alacant,3189,6,50.0,887,AP-7N,AP,False,207.60724163544364
2024000390,E-A-Ibi-001,38.623524,-0.575153,"Doctor Waksmann,5",Ibi,Alicante/Alacant,3440,2,22.0,130,A-7,A,False,1180.62053148082
2024000393,E-A-Villajoyosa-001,38.528423,-0.170386,"Mariners De La Vila Joiosa,16","Villajoyosa/Vila Joiosa, la",Alicante/Alacant,3570,2,22.0,364,N-332,N,False,855.1307614001523
2024000419,E-M-LasRozasDeMadrid-001,40.501625,-3.887691,"Cabo Rufino Lazaro (P.I.Europolis),2","Rozas de Madrid, Las",Madrid,28232,2,22.0,63,A-6,A,True,1089.373331362445
2024000470,E-AV-SanPedroDelArroyo-001,40.801815,-4.870006,"Jose Antonio Vaca De Osma,1",San Pedro del Arroyo,Ávila,5350,2,22.0,468,N-501,N,False,9.934173585821322
2024000474,B-BarberadelValles-001,41.50821,2.135539,"Centro Comercial Baricentro,4",Barberà del Vallès,Barcelona,8210,3,50.0,875,AP-7N,AP,True,128.7849863606813
2024000475,B-SantBoideLlobregat-004,41.334415,2.051254,"Marina,2",Sant Boi de Llobregat,Barcelona,8830,4,50.0,701,A-2,A,True,1895.4878637757008
2024000477,E-B-MolletDelValles-001,41.53998,2.221998,"Rabassaires,32",Mollet del Vallès,Barcelona,8100,2,22.0,874,AP-7N,AP,True,1007.9778752848438
2024000485,A-Benidorm-004,38.543095,-0.120126,"Europa,23",Benidorm,Alicante/Alacant,3503,3,50.0,364,N-332,N,False,1309.3540545554654
2024000492,E-A-Sax-001,38.53718,-0.816022,"Rey Jaime I,29",Sax,Alicante/Alacant,3630,2,22.0,728,A-31,A,True,517.0127173868927
2024000495,E-BU-Sarracin-001,42.26005,-3.696893,"Real,5","Ausines, Los",Burgos,9620,2,7.36,981,N-234,N,False,174.82087642055978
2024000496,A-Villajoyosa-001,38.512222,-0.232546,"Pianista Gonzalo Soriano,6","Villajoyosa/Vila Joiosa, la",Alicante/Alacant,3570,6,50.0,363,N-332,N,False,742.609459707762
GCPWCXFTUTANS4SBZJFT,A-PILARDELAHORADADA-006,37.863934,-0.788055,"Benissa,2",Pilar de la Horadada,Alicante/Alacant,3190,4,50.0,1046,N-332,N,False,892.7924830572389
PY58PNUDRLSQ9K8QWT1J,E-V-Bellreguard-001,38.94737,-0.159168,"Riu D'alcoi,22",Bellreguard,Valencia/València,46713,2,22.0,370,N-332,N,False,263.920780194687
H0MNG1NRFCPHPBKOUZ9S,E-SA-Salamanca-004,40.969315,-5.669288,"Villamayor,31",Salamanca,Salamanca,37007,2,22.0,1229,N-630,N,False,1384.2107073800541
IGKI9J7IZUPXDRNBS6SP,E-SE-Bormujos-002,37.36717,-6.072462,"Mairena Del Aljarafe,66",Bormujos,Sevilla,41930,4,22.0,778,A-49,A,True,1232.3329484911337
WHMQJ0DUDWC2ZNXFLUTF,NA-ESTELLA-004,42.663048,-2.031495,"Merkatondoa,7",Estella-Lizarra,Navarra,31200,4,120.0,667,A-12,A,False,1501.02619997624
2024000558,SO-BurgodeOsma-001,41.587887,-3.067258,"Juan Carlos I,6",Burgo de Osma-Ciudad de Osma,Soria,42300,5,50.0,914,N-122,N,False,19.94811269542553
2024000573,B-VilafrancadelPenedes-004,41.335327,1.68386,"La Bisbal Del Penedes,3",Vilafranca del Penedès,Barcelona,8720,3,50.0,396,N-340,N,False,106.88733657570754
2024000578,A-ALICANTE-046,38.369053,-0.463482,"Antonio Ramos Carratala,21",Alicante/Alacant,Alicante/Alacant,3015,4,60.0,138,A-70,A,True,1192.7812725091314
2024000585,A-Ibi-006,38.61901,-0.585144,"Ball Del Virrey,10",Ibi,Alicante/Alacant,3440,6,50.0,130,A-7,A,False,1231.3879257748094
2024000587,CS-ONDA-004,38.81733,0.020513,"Costa Blanca,7",Ondara,Alicante/Alacant,3760,5,50.0,884,AP-7N,AP,True,219.36295660578838
2024000595,A-Ondara-007,38.81816,0.024529,"Costa Blanca,1",Ondara,Alicante/Alacant,3760,6,50.0,370,N-332,N,False,68.93114596462878
2024000685,A-Alicante-024,38.3689,-0.4446,"Flora De España,28",Alicante/Alacant,Alicante/Alacant,3016,4,50.0,377,N-334,N,False,1443.780898624188
2024000688,E-A-ElCampello-001,38.474712,-0.317895,"Altea,14","Campello, el",Alicante/Alacant,3560,4,22.0,363,N-332,N,False,232.5020406179205
2024000690,A-Orihuela-002,38.08724,-0.954704,"Obispo Victorio Oliver,2",Orihuela,Alicante/Alacant,3300,3,50.0,1065,N-340,N,False,763.9935341118215
2024000734,E-A-Benidorm-014,38.541424,-0.131631,"Tomas Ortuño,82",Benidorm,Alicante/Alacant,3501,2,22.0,364,N-332,N,False,1283.9320567553373
2024000742,BI-Muskiz-001,43.322495,-3.118303,"Cendeja,29",Muskiz,Bizkaia,48550,4,50.0,567,N-634,N,False,97.44870239389238
2024000745,E-B-Igualada-001,41.588753,1.62576,"Alemania,17",Igualada,Barcelona,8700,2,150.0,699,A-2,A,True,1218.3857279769
2024000754,E-A-Villena-003,38.62969,-0.86612,"C. De La Trinidad,23",Villena,Alicante/Alacant,3400,2,22.0,728,A-31,A,True,677.8713758451165
2024000759,V-Manises-001,39.490856,-0.46266,"Rosas (Pi Aeropuerto),1",Manises,Valencia/València,46940,5,50.0,245,N-220,N,False,631.649788442353
2024000774,A-MUTXAMEL-003,38.44443,-0.430638,"Vespre-Bonalba,10",Mutxamel,Alicante/Alacant,3110,4,22.0,886,AP-7N,AP,True,1404.1292278796234
2024000775,E-A-Ondara-001,38.832306,0.017271,"Partida Xibics (Ayto. Ondara),85",Ondara,Alicante/Alacant,3760,2,22.0,370,N-332,N,False,896.5049647345013
2024000778,M-Torrelodones-002,40.568565,-3.920128,"Herren De Madrid,23",Galapagar,Madrid,28250,3,50.0,64,A-6,A,True,152.28872727617843
2024000783,CS-Castellondelaplana-008,40.00141,-0.043513,"Benicassim,46",Castelló de la Plana,Castellón/Castelló,12004,4,50.0,881,AP-7N,AP,True,1077.171329280678
2024000839,E-GR-Baza-001,37.495445,-2.763191,"Jose Salinas,0",Baza,Granada,18800,6,22.0,601,A-92N,A,True,976.2966368556183
2024000854,MA-Fuengirola-005,36.52945,-4.63198,"Encarnacion,N/A",Fuengirola,Málaga,29640,5,50.0,646,A-7S,A,False,272.3862652942491
2024000890,T-Tarragona-003,41.13131,1.201372,"Autovía Tarragona - Reus,2",Tarragona,Tarragona,43006,5,50.0,137,A-7,A,False,264.4343535455308
2024000918,E-BA-Monesterio-001,38.093548,-6.276211,"Extremadura,2",Monesterio,Badajoz,6260,2,22.0,1239,N-630,N,False,32.16883533238227
2024000920,E-BU-CubilloDelCampo-001,42.16787,-3.611516,"Montaña,18",Cubillo del Campo,Burgos,9352,2,7.4,981,N-234,N,False,79.76503116865622
2024000922,B-BarberadelValles-003,41.515648,2.131093,"Rnda Industria,28",Barberà del Vallès,Barcelona,8210,3,50.0,875,AP-7N,AP,True,778.5386375540817
2024000923,B-MolletdelValles-001,41.541313,2.222511,"Rabassaires,44",Mollet del Vallès,Barcelona,8100,4,50.0,874,AP-7N,AP,True,859.0403115315593
2024000926,B-Abrera-001,41.50598,1.90132,"Can Amat,4",Abrera,Barcelona,8630,4,50.0,699,A-2,A,True,283.6528133839552
2024000931,VI-Vitoria-001-2,42.864094,-2.71251,"Urartea,23",Vitoria-Gasteiz,Araba/Álava,1010,2,50.0,651,A-1,A,True,989.4814383726689
2024000932,E-A-Almoradi-001,38.10461,-0.78217,"Daya Nueva,8",Almoradí,Alicante/Alacant,3160,2,22.0,887,AP-7N,AP,False,796.4212575481765
2024000933,E-A-Beniarbeig-001,38.822,-0.001921,"Luis Santonja,7",Beniarbeig,Alicante/Alacant,3778,2,22.0,884,AP-7N,AP,True,893.1572648229593
2024000935,A-Benidorm-003,38.53905,-0.129555,"Ss.Mm. Reyes De España,1",Benidorm,Alicante/Alacant,3501,3,50.0,364,N-332,N,False,1555.3956772734355
2024000936,A-Finestrat-007,38.53643,-0.179449,"Pais Valencia,17",Finestrat,Alicante/Alacant,3509,6,50.0,364,N-332,N,False,266.0413165829726
2024000937,A-Finestrat-009,38.534412,-0.172388,"Rei Jaume I,0",Finestrat,Alicante/Alacant,3509,3,50.0,364,N-332,N,False,213.43448029911454
2024000939,A-Elche-013,38.270294,-0.671596,"Alcoi,12",Elche/Elx,Alicante/Alacant,3203,3,50.0,1071,N-340,N,False,204.42452620404407
2024000941,A-Ondara-008,38.82211,0.022161,"Alacant,89",Ondara,Alicante/Alacant,3760,3,50.0,370,N-332,N,False,276.4638488043182
2024000944,BU-MirandadeEbro-001,42.69479,-2.953716,"Jerea,1",Miranda de Ebro,Burgos,9200,6,50.0,173,N-1,N,False,641.1200306801785
2024000948,E-BU-Rubena-001,42.380997,-3.58387,"N-I,249",Arlanzón,Burgos,9199,10,7.36,834,AP-1,AP,True,90.15020522537301
2024001026,A-Alicante-016,38.36976,-0.4662,"Antonio Ramos Carratala,58",Alicante/Alacant,Alicante/Alacant,3015,6,50.0,138,A-70,A,True,1099.828584767922
2024001079,E-AB-Caudete-001,38.70723,-0.982179,"Villena,3",Caudete,Albacete,2660,4,22.0,734,A-33,A,False,1032.9792885754828
2024001082,E-AB-CasasIbañez-001,39.28618,-1.475396,"De Cuenca,19",Casas-Ibáñez,Albacete,2200,4,22.0,1010,N-322A,N,False,179.07525603895246
2024001088,E-A-SanVicenteDelRaspeig-003,38.39962,-0.51791,"La Huerta,11",San Vicente del Raspeig/Sant Vicent del Raspeig,Alicante/Alacant,3690,4,22.0,147,A-77A,A,False,1549.4657631719479
2024001101,E-B-Rubi-002,41.495007,2.036118,"Basses,S/N",Rubí,Barcelona,8191,2,22.0,875,AP-7N,AP,True,1601.9589135548679
2024001832,E-AB-Albacete-005,38.99837,-1.863038,"Arquitecto Julio Carrilero,17",Albacete,Albacete,2005,2,22.0,1003,N-322,N,True,1458.4964799047464
2024001848,E-B-LlinarsDelValles-001,41.64421,2.409245,"Mas Bagá,S/N",Llinars del Vallès,Barcelona,8450,6,22.0,873,AP-7N,AP,True,548.7800397829855
2024001873,E-B-MontornesDelValles-001,41.554874,2.266885,"Antoni Machado,0",Montornès del Vallès,Barcelona,8170,6,22.0,873,AP-7N,AP,True,591.3621873696604
2024001877,A-Elche-018,38.278908,-0.723604,"Vall D'uxo,81",Elche/Elx,Alicante/Alacant,3206,12,7.4,133,A-7,A,True,669.2109332467176
2024001915,E-AL-Carboneras-001,36.99753,-1.896022,"Carril,S/N",Carboneras,Almería,4140,2,22.0,1097,N-341,N,True,1599.1824035425986
2024001924,E-BU-MirandaDeEbro-004,42.686462,-2.948004,"Colon,3",Miranda de Ebro,Burgos,9200,2,22.0,173,N-1,N,False,391.83222153124217
2024001927,B-BarberadelValles-005,41.51778,2.153639,"Salvatella Polígono Industrial Can Salvatella,113",Barberà del Vallès,Barcelona,8210,8,22.0,874,AP-7N,AP,True,208.69874665174973
2024001932,BA-Badajoz-005,38.875397,-6.952591,"Madrid-Lisboa,400",Badajoz,Badajoz,6008,5,50.0,1131,N-430,N,False,343.0036627035059
2024002025,E-A-Alicante-011,38.33836,-0.48708,"Perfecto Palacio De La Fuente,4",Alicante/Alacant,Alicante/Alacant,3003,2,22.0,730,A-31,A,True,1327.837236091853
2024002028,E-A-Aspe-001,38.34756,-0.769093,"Constitucion,42",Aspe,Alicante/Alacant,3680,2,22.0,346,N-325,N,False,717.3628316536523
2024002029,E-A-Benidorm-012,38.53855,-0.148497,"Republica Argentina,1",Benidorm,Alicante/Alacant,3502,2,22.0,364,N-332,N,False,1068.151775013715
2024002031,E-A-Alcoy/Alcoi-014,38.70333,-0.477737,"Na Saurina D'entença,2",Alcoy/Alcoi,Alicante/Alacant,3803,2,22.0,381,N-340,N,False,1811.6914574253462
2024002033,E-A-Elche/Elx-010,38.297413,-0.612489,"Juan De La Cierva,43",Elche/Elx,Alicante/Alacant,3203,2,22.0,140,A-70,A,True,980.1329888783698
2024002036,E-A-Villajoyosa-006,38.51786,-0.22275,"Secanet,87","Villajoyosa/Vila Joiosa, la",Alicante/Alacant,3570,4,22.0,363,N-332,N,False,430.2791729538879
2024002069,E-A-Alcoy/Alcoi-006,38.71169,-0.45939,"A (P.I. Cotes Baixes),1",Alcoy/Alcoi,Alicante/Alacant,3804,4,7.3,381,N-340,N,False,535.5333036113102
2024002070,E-A-Altea-006,38.59027,-0.059192,"N-332,193",Altea,Alicante/Alacant,3590,2,22.0,884,AP-7N,AP,True,1810.1285135850635
2024002075,E-A-Orihuela-018,38.082382,-0.945446,"Teodomiro,8",Orihuela,Alicante/Alacant,3300,2,22.0,1065,N-340,N,False,1569.106296926619
2024002076,E-A-Petrer-002,38.48092,-0.772131,"Salinetes,2",Petrer,Alicante/Alacant,3610,2,22.0,728,A-31,A,True,487.1082234925802
2024002103,E-A-Alcoy/Alcoi-012,38.69879,-0.4741,"Sant Tomas,2",Alcoy/Alcoi,Alicante/Alacant,3801,3,50.0,130,A-7,A,False,1736.7057013794265
2024002104,E-A-Altea-015,38.60414,-0.049307,"Furs (Dels),115-A",Altea,Alicante/Alacant,3590,2,14.5,884,AP-7N,AP,True,1512.7464243054558
2024002106,E-A-Benidorm-022,38.5366,-0.1517,"El Moralet (P.P. Murtal Ii),1",Benidorm,Alicante/Alacant,3502,2,22.0,364,N-332,N,False,1119.922547128106
2024002109,E-A-Elche/Elx-003,38.25891,-0.69297,"Huerto Y Molinos,74",Elche/Elx,Alicante/Alacant,3203,2,7.4,1071,N-340,N,False,657.3340194586133
2024002111,E-A-Mutxamel-003,38.41227,-0.449257,"Serra Grossa,8",Mutxamel,Alicante/Alacant,3110,2,22.0,138,A-70,A,True,807.3838320776697
2024002112,E-A-Mutxamel-002,38.414406,-0.443544,"Virgen Del Pilar,62",Mutxamel,Alicante/Alacant,3110,2,22.0,138,A-70,A,True,665.5716543125909
2024002113,E-A-MuroDelAlcoy-002,38.7813,-0.435313,"Jose Bono,3",Muro de Alcoy,Alicante/Alacant,3830,2,22.0,383,N-340,N,False,1096.3298688934674
2024002114,E-A-Orihuela-010,38.084812,-0.948649,"Lopez Pozas,2",Orihuela,Alicante/Alacant,3300,2,7.3,1065,N-340,N,False,1193.8920412524028
2024002116,E-A-Petrer-003,38.4852,-0.77131,"Luis Chorro,S/N",Petrer,Alicante/Alacant,3610,2,22.0,728,A-31,A,True,320.3574467244256
2024002117,E-A-SantaPola-003,38.18976,-0.549659,"Francisco Conejero Bas Alcalde,0",Santa Pola,Alicante/Alacant,3130,2,22.0,1051,N-332,N,False,1776.7625506872157
2024002118,E-A-Torrevieja-004,37.9778,-0.6839,"Caballero De Rodas,27",Torrevieja,Alicante/Alacant,3181,2,22.0,1048,N-332,N,False,772.6624955204252
2024002119,E-A-Villajoyosa-002,38.506214,-0.231547,"Pais Valencia,9","Villajoyosa/Vila Joiosa, la",Alicante/Alacant,3570,2,22.0,363,N-332,N,False,1297.2416353951128
2024002129,MU-Murcia-032,38.023834,-1.142242,"Don Juan De Borbon,1",Murcia,Murcia,30110,3,50.0,134,A-7,A,True,1285.4378639214483
2024002144,E-A-Aspe-004,38.34988,-0.764966,"Padre Ismael,34",Aspe,Alicante/Alacant,3680,2,22.0,346,N-325,N,False,841.0030622797464
2024002145,E-A-Alcoy/Alcoi-004,38.69752,-0.47246,"Gonzal Barrachina,2",Alcoy/Alcoi,Alicante/Alacant,3801,4,7.4,130,A-7,A,False,1551.5993133016636
2024002148,E-A-Benidorm-021,38.53814,-0.14926,"Puerto Rico,1",Benidorm,Alicante/Alacant,3502,2,22.0,364,N-332,N,False,1076.1135075429117
2024002151,E-A-MuroDelAlcoy-001,38.777378,-0.440126,"Gandia,1",Muro de Alcoy,Alicante/Alacant,3830,2,22.0,383,N-340,N,False,627.7059763465742
2024002153,E-A-SantaPola-002,38.19528,-0.56019,"Portus Illicitanus,0",Santa Pola,Alicante/Alacant,3130,2,22.0,1051,N-332,N,False,757.052622860551
2024002154,E-A-Villena-001,38.631256,-0.846287,"Solana,2",Villena,Alicante/Alacant,3400,2,22.0,728,A-31,A,True,924.4029024607294
2024002179,AL-ELEJIDO-008,36.77489,-2.802833,"Bulevar De El Ejido,480","Ejido, El",Almería,4700,2,22.0,635,A-7S,A,True,1747.1164460220157
2024002186,E-A-Benidorm-001,38.55165,-0.12487,"Els Tolls,2",Benidorm,Alicante/Alacant,3502,2,22.0,364,N-332,N,False,275.6883426860787
2024002188,E-A-Benidorm-006,38.5554,-0.09769,"Viejo De Valencia,1",Benidorm,Alicante/Alacant,3503,2,22.0,365,N-332,N,False,773.4798993384211
2024002195,E-A-Elche/Elx-001,38.26375,-0.69222,"Porta De La Morera,14",Elche/Elx,Alicante/Alacant,3203,2,22.0,1071,N-340,N,False,315.83034757857826
2024002196,E-A-Elche/Elx-013,38.26274,-0.69449,"Eugenio D'ors,3",Elche/Elx,Alicante/Alacant,3203,2,22.0,1071,N-340,N,False,215.44978592402282
2024002198,E-A-Orihuela-003,38.08882,-0.938341,"Conchita Martinez Marin,0",Orihuela,Alicante/Alacant,3300,2,22.0,1065,N-340,N,False,1112.7554953599602
2024002199,E-A-Orihuela-008,37.924152,-0.723439,"De Las Palmeras,234",Orihuela,Alicante/Alacant,3189,2,7.3,1047,N-332,N,False,457.6189508097682
2024002201,E-A-Torrevieja-005,37.996365,-0.67684,"Monge Y Bielsa,1",Torrevieja,Alicante/Alacant,3183,2,22.0,1048,N-332,N,False,431.8004504374231
2024002223,BI-Muskiz-002,43.32316,-3.124695,"San Juan,2",Muskiz,Bizkaia,48550,4,50.0,567,N-634,N,False,36.34076531550174
2024002224,AL-ELEJIDO-009,36.77009,-2.810147,"Arquitecto Perez De Arenaza,N/A","Ejido, El",Almería,4700,4,22.0,635,A-7S,A,True,1264.5221810715557
2024002226,E-B-SantEsteveSesrovires-003,41.49232,1.89233,"Industrial Can Estella,1",Sant Esteve Sesrovires,Barcelona,8635,10,22.0,950,N-2,N,True,1574.7894512493524
2024002227,E-A-Alcoy/Alcoi-007,38.71052,-0.46267,"Hispanitat,0",Alcoy/Alcoi,Alicante/Alacant,3804,3,50.0,381,N-340,N,False,531.5658719200793
2024002228,AB-Albacete-002,39.0009,-1.849593,"Federico García Lorca,1",Albacete,Albacete,2001,6,50.0,726,A-31,A,True,336.22684146394727
2024002229,E-A-Alcoy/Alcoi-011,38.69348,-0.474022,"Sant Mateu,1",Alcoy/Alcoi,Alicante/Alacant,3801,2,22.0,130,A-7,A,False,1430.0142338907467
2024002233,E-A-Altea-007,38.6304,-0.04393,"Carretera De Callosa,76",Altea,Alicante/Alacant,3599,2,22.0,884,AP-7N,AP,True,796.791780232083
2024002235,E-A-Altea-005,38.60497,-0.04413,"La Tella,1",Altea,Alicante/Alacant,3590,2,22.0,884,AP-7N,AP,True,1786.8769676545405
2024002236,E-A-Aspe-003,38.342937,-0.761007,"Juan Carlos I,50",Aspe,Alicante/Alacant,3680,2,22.0,346,N-325,N,False,1590.925481426967
2024002237,E-A-Benidorm-015,38.53914,-0.12956,"L'aiguera,1",Benidorm,Alicante/Alacant,3501,2,22.0,364,N-332,N,False,1545.3918655784319
2024002240,E-A-Elche/Elx-008,38.25922,-0.71125,"Pere Joan Perpinya,102",Elche/Elx,Alicante/Alacant,3204,2,22.0,1071,N-340,N,False,267.16054498034885
2024002241,E-A-Novelda-001,38.38569,-0.765061,"Jose Luis Gomez,1",Novelda,Alicante/Alacant,3660,2,22.0,346,N-325,N,False,1274.9160413860154
2024002242,E-A-Orihuela-011,38.07971,-0.948825,"Justo Garcia Soriano,1",Orihuela,Alicante/Alacant,3300,2,7.3,1065,N-340,N,False,1705.0938886449917
2024002245,E-A-Torrevieja-006,38.02614,-0.654063,"Mayor,29",Torrevieja,Alicante/Alacant,3188,2,22.0,1049,N-332,N,False,173.77393917671066
2024002264,E-A-Albatera-001,38.17777,-0.868,"De La Libertad,N/A",Albatera,Alicante/Alacant,3340,2,22.0,1067,N-340,N,False,340.5307471773586
2024002267,E-A-L'AlqueriaD'Asnar-001,38.744522,-0.437908,"Pais Valencia,57",Cocentaina,Alicante/Alacant,3820,2,22.0,382,N-340,N,False,490.32906743253676
2024002269,E-A-Benidorm-019,38.53918,-0.124914,"Esperanto,9",Benidorm,Alicante/Alacant,3503,2,22.0,364,N-332,N,False,1589.3076534426114
2024002272,E-A-Ibi-003,38.62206,-0.57403,"Cid,2",Ibi,Alicante/Alacant,3440,2,22.0,130,A-7,A,False,992.5688047229236
2024002273,E-A-Orihuela-006,38.080303,-1.009994,"Las Tres Margaritas,S/N",Orihuela,Alicante/Alacant,3311,2,22.0,1065,N-340,N,False,214.97401479260054
2024002278,E-A-Sax-002,38.53301,-0.82401,"Calzado (Ayto De Sax),23",Sax,Alicante/Alacant,3630,2,22.0,728,A-31,A,True,1318.3189262020526
2024002279,E-A-Villena-002,38.637592,-0.884243,"Industrial El Rubial ( Calle 8 ),0",Villena,Alicante/Alacant,3400,2,22.0,728,A-31,A,True,1725.3602933070458
2024002305,E-A-Albatera-002,38.183178,-0.875133,"Calvario,N/A",Albatera,Alicante/Alacant,3340,2,22.0,1067,N-340,N,False,518.3612158461855
2024002306,E-A-Albatera-004,38.17748,-0.86771,"Compositor Manuel Berna Garcia,N/A",Albatera,Alicante/Alacant,3340,2,22.0,1067,N-340,N,False,381.38503073504023
2024002308,E-A-Benidorm-010,38.54777,-0.110422,"De L'armanello,7",Benidorm,Alicante/Alacant,3503,4,22.0,364,N-332,N,False,1456.1419242527518
2024002309,E-A-Benidorm-013,38.53925,-0.135874,"Jaime I,28",Benidorm,Alicante/Alacant,3501,2,22.0,364,N-332,N,False,1478.868461105166
2024002310,E-A-Benidorm-011,38.534184,-0.162844,"Benissa,1",Benidorm,Alicante/Alacant,3502,2,22.0,364,N-332,N,False,775.8366010970092
2024002311,E-A-Elche/Elx-002,38.295002,-0.62063,"Miguel Servet,51",Elche/Elx,Alicante/Alacant,3203,2,7.4,140,A-70,A,True,1022.343415181677
2024002312,E-A-Elche/Elx-009,38.27844,-0.72092,"Monover,4",Elche/Elx,Alicante/Alacant,3206,2,22.0,133,A-7,A,True,767.355456243646
2024002313,E-A-GuardamarDelSegura-002,38.05176,-0.676368,"--Cantaueso-.-,3",Guardamar del Segura,Alicante/Alacant,3140,2,22.0,1049,N-332,N,False,1623.1875164168018
2024002314,E-A-Orihuela-007,38.06268,-0.980905,"Escuelas,9",Orihuela,Alicante/Alacant,3312,2,22.0,1065,N-340,N,False,1911.83057787893
2024002359,E-AV-Avila-006,40.66172,-4.679152,"Rio Chico,3",Ávila,Ávila,5004,6,22.0,430,N-403,N,False,1464.1729422869137
2024002360,E-B-Cardedeu-001,41.629677,2.36223,"Dosrius,206",Cànoves i Samalús,Barcelona,8440,6,22.0,873,AP-7N,AP,True,638.3871889485941
2024002376,E-B-SantAndreuDeLaBarca-001,41.454945,1.960538,"Constitucion,S/N",Sant Andreu de la Barca,Barcelona,8740,2,22.0,700,A-2,A,True,1243.7381354411343
2024002377,E-A-Altea-003,38.61559,-0.03318,"L'olla,146",Altea,Alicante/Alacant,3590,2,22.0,367,N-332,N,False,513.9203572675058
2024002380,E-A-Benidorm-023,38.541862,-0.12706,"Invierno,11",Benidorm,Alicante/Alacant,3501,8,22.0,364,N-332,N,False,1262.7140218975305
2024002392,E-VI-VitoriaGasteiz-029,42.855595,-2.710413,"Dusseldorf,6",Vitoria-Gasteiz,Araba/Álava,1010,6,22.0,651,A-1,A,True,1801.634880916764
2024002400,E-A-Orihuela-023,37.927322,-0.735102,"Turmalina,1",Orihuela,Alicante/Alacant,3189,6,22.0,887,AP-7N,AP,False,355.1808205855132
2024002409,E-A-Torrevieja-008,37.964745,-0.730975,"Angel Garcia Rogel,1",Torrevieja,Alicante/Alacant,3186,4,22.0,887,AP-7N,AP,False,998.23628735476
2024002410,E-A-Alicante-014,38.339752,-0.499939,"Catedratico Soler,40",Alicante/Alacant,Alicante/Alacant,3007,2,22.0,730,A-31,A,True,722.7951060703718
2024002411,E-A-Orihuela-024,38.087116,-0.940619,"Pintor Agrasot,65",Orihuela,Alicante/Alacant,3300,2,22.0,1065,N-340,N,False,1217.1439012721773
2024002423,E-A-Mutxamel-004,38.402126,-0.47224,"Ossa Menor,2",Mutxamel,Alicante/Alacant,3110,6,22.0,138,A-70,A,True,1985.9116743624008
2024002438,E-AV-Avila-004,40.652313,-4.704091,"Burgohondo,1",Ávila,Ávila,5002,4,22.0,429,N-403,N,False,348.2448250738506
2024002441,E-A-Altea-011,38.603737,-0.047799,"Sindic De Greuges,39",Altea,Alicante/Alacant,3590,2,22.0,884,AP-7N,AP,True,1643.0784713341693
2024002442,E-A-Elche/Elx-022,38.27592,-0.676438,"Arquitecto Boix Matarredona,0",Elche/Elx,Alicante/Alacant,3202,4,22.0,1071,N-340,N,False,512.6616411248879
2024002451,E-AL-ElEjido-005,36.782127,-2.820446,"Sus-12,0","Ejido, El",Almería,4700,4,22.0,403,N-340A,N,False,1580.6054055643694
2024002460,E-A-PilarDeLaHoradada-002,37.86636,-0.781992,"De La Torre,1",Pilar de la Horadada,Alicante/Alacant,3190,4,22.0,1046,N-332,N,False,497.2527876760194
2024002461,E-A-GuardamarDelSegura-003,38.08374,-0.65302,"Mediterraneo,8",Guardamar del Segura,Alicante/Alacant,3140,4,22.0,1049,N-332,N,False,297.7069889060962
2024002462,E-A-Ibi-004,38.62475,-0.573407,"Centenari Del Joguet,1",Ibi,Alicante/Alacant,3440,2,22.0,130,A-7,A,False,1205.7872618927931
2024002463,E-A-Torrevieja-010,37.979942,-0.676566,"Antonio Machado,125",Torrevieja,Alicante/Alacant,3182,6,22.0,1048,N-332,N,False,1118.4643369008197
2024002466,E-A-SantJoanD'Alacant-005,38.3911,-0.436391,"Benidorm,25",Alicante/Alacant,Alicante/Alacant,3550,6,22.0,138,A-70,A,True,1332.9888351825248
2024003466,E-A-Alcoy/Alcoi-019,38.695866,-0.476219,"Rigobert Albors,2",Alcoy/Alcoi,Alicante/Alacant,3801,4,7.4,130,A-7,A,False,1735.4441854549427
2024003431,B-SantCugatdelValles-004,41.4762,2.098558,"Can Sola,1",Sant Cugat del Vallès,Barcelona,8173,4,50.0,875,AP-7N,AP,True,1718.8484609590844
2024003438,C-SantiagodeCompostela-008,42.90061,-8.524061,"Do Cruceiro Da Coruña,95",Santiago de Compostela,"Coruña, A",15890,5,50.0,809,A-54,A,True,1191.064502089279
2024003445,B-Sabadell-005,41.51151,2.106716,"Serra De Galliners,70",Sabadell,Barcelona,8205,4,50.0,875,AP-7N,AP,True,1514.3182497943026
2024003447,A-MUTXAMEL-002,38.44304,-0.434906,"Vespre-Bonalba,6",Mutxamel,Alicante/Alacant,3110,4,22.0,886,AP-7N,AP,True,1095.5028347207822
2024003853,B-CornelladeLlobregat-005,41.353558,2.076583,"De La Fama,2",Cornellà de Llobregat,Barcelona,8940,2,150.0,701,A-2,A,True,858.561111724434
2024003860,A-Alicante-048,38.366463,-0.469055,"Jose Garcia Selles,2",Alicante/Alacant,Alicante/Alacant,3015,6,50.0,138,A-70,A,True,1480.2574369201043
2024004729,MU-SanPedrodelPinatar-004,37.824814,-0.807268,"Artero Guirao,0",San Pedro del Pinatar,Murcia,30740,6,50.0,887,AP-7N,AP,False,754.9109838533558
2024004732,A-Petrer-007,38.475266,-0.771114,"Salinetes,59",Petrer,Alicante/Alacant,3610,2,320.0,728,A-31,A,True,78.52848557309697
2024004734,A-SANVICENTEDELRASPEIG-002-1,38.39156,-0.515916,"Peru,6",San Vicente del Raspeig/Sant Vicent del Raspeig,Alicante/Alacant,3690,3,50.0,147,A-77A,A,False,800.145552848663
2024004804,BU-VILLAGONZALOPEDERNALES-001,42.3005,-3.740319,"Arcos,15",Arcos,Burgos,9195,2,7.4,81,A-62,A,True,623.4133276535554
2024004854,A-ALICANTE-029,38.34108,-0.572478,"Euro (Pg.Atalayas),9",Alicante/Alacant,Alicante/Alacant,3114,3,50.0,729,A-31,A,True,60.764859689966706
2024006505,PO-Vigo-014,42.255184,-8.6848,"De Galicia.,165",Vigo,Pontevedra,36216,3,50.0,168,AP-9V,AP,False,177.4618022928843
2024006790,BU-OÑA-003,42.73489,-3.414924,"Ronda,61",Oña,Burgos,9530,2,100.0,265,N-232,N,False,21.1439996087588
2024006793,E-M-Madrid-218,40.45511,-3.585758,"De La Hispanidad,13",Madrid,Madrid,28042,16,22.0,685,A-2,A,True,581.3818949423044
2024006808,A-Benijofar-001,38.08111,-0.735376,"Antonio Machado,2",Benijófar,Alicante/Alacant,3178,4,60.0,887,AP-7N,AP,False,1759.186156194892
2024007436,A-TORREVIEJA-010,37.99889,-0.69026,"Doña Ines,34",Torrevieja,Alicante/Alacant,3184,2,50.0,1048,N-332,N,False,712.1238141149998
2024007443,E-VI-VitoriaGasteiz-034,42.84585,-2.742357,"Lermandabidea,8-11",Vitoria-Gasteiz,Araba/Álava,1015,2,7.4,651,A-1,A,True,574.6399457222835
2025000323,BI-Barakaldo-012,43.287144,-3.004674,"Retuerto,68",Barakaldo,Bizkaia,48903,2,50.0,1292,AP-8,AP,True,915.2910869003068
YOJMVVWO4ZAYIDFIFLIU,E-A-Ballestera-001,38.430664,-0.394956,"Germanies,24","Campello, el",Alicante/Alacant,3560,2,22.0,363,N-332,N,False,1003.6174628187928
QCR8G7MC7Z0QY7BUCGZV,V-AVILA-016,40.64329,-4.69942,"Los Maceros,1",Ávila,Ávila,5002,12,150.0,429,N-403,N,False,112.37224763369967
FRF2HSN1KYAOPDY0J22E,E-BU-Burgos-012,42.334515,-3.69701,"Mirabueno,3",Burgos,Burgos,9002,2,22.0,19,A-1,A,True,1387.9352345100044
6CHLAAXFWN7XAPJGECVK,E-A-Elcheelx-002,38.256077,-0.707368,"Torres Quevedo,0",Elche/Elx,Alicante/Alacant,3204,2,22.0,1071,N-340,N,False,644.2201156356215
EQCCEDSKKITXDEUGRNCU,E-A-Elche/elx-104,38.261784,-0.708189,"Crevillente,3",Elche/Elx,Alicante/Alacant,3204,2,22.0,1071,N-340,N,False,9.720234708150569
X0KRI60EEMONRBB9GBDN,C-ACoruña-006,43.32905,-8.390306,"Lugar Palavea,1","Coruña, A","Coruña, A",15009,22,22.0,506,N-550,N,False,27.6048089099269
64QQYJF8P7HUQHEJY62K,E-A-Algoda-matola-001,38.26796,-0.705754,"Vicente Blasco Ibañez,57",Elche/Elx,Alicante/Alacant,3201,2,22.0,1071,N-340,N,False,604.6110587033756
TLISYYXBUWUHX12HZTGG,E-B-SantFeliuDeLlobregat-005,41.382793,2.055457,"General Manso,39",Sant Feliu de Llobregat,Barcelona,8980,4,7.4,701,A-2,A,True,1823.527877678886
S5CHVJQJKBTIGS9NWGDS,NA-Estella-003,42.661343,-2.034342,"Carlos Vii,0",Estella-Lizarra,Navarra,31200,6,22.0,667,A-12,A,False,1377.019303082384
A8DQU6R25DVQVIEELIDI,E-AL-HuercalDeAlmeria-005,36.88303,-2.43461,"Campamento,6",Huércal de Almería,Almería,4230,4,22.0,634,A-7S,A,True,903.3315015808474
VDX98HEZ320V0BRDCA3S,E-A-Benissa-006,38.71704,0.059136,"Europa,3",Benissa,Alicante/Alacant,3720,6,22.0,368,N-332,N,False,506.7003123229653
NZKF29DXKDHVXQBSR5VK,E-CA-EstellaDelMarques-002,36.670174,-6.15346,"Holanda,0",Jerez de la Frontera,Cádiz,11408,6,22.0,630,N-4,N,False,1826.7620317463552
1XHMSJR6ZNXJJVOS3RLE,E-B-SantFeliuDeLlobregat-002,41.39324,2.031692,"Pla,166",Sant Feliu de Llobregat,Barcelona,8980,2,7.4,700,A-2,A,True,1127.6028276228262
U4GU9QWBCVNHW6FITYNF,E-A-Albatera-007,38.18376,-0.871392,"Hondon De Los Frailes,28",Albatera,Alicante/Alacant,3340,2,22.0,1067,N-340,N,False,377.1059441637666
DL52MCMTKO9ZJG5QXXSG,E-A-ElVerger-001,38.8474,0.01102,"Escoles (Les) (Ayto El Vergel),20",Dénia,Alicante/Alacant,3770,3,50.0,370,N-332,N,False,1203.6446407204708
RJN9PYWNVZ7DATPZJX8Y,E-A-Alicante-030,38.34148,-0.492198,"Reyes Católicos,51",Alicante/Alacant,Alicante/Alacant,3003,2,22.0,730,A-31,A,True,1182.4643875881773
W9KNIJ3XEHUOASOSUDIU,CA-JEREZDELAFRONTERA-030,36.69128,-6.159062,"Ronda Aurora Boreal,3",Jerez de la Frontera,Cádiz,11408,2,150.0,754,A-4,A,True,975.4494001211106
IO99G33SZIDAJRPZIVWW,E-BA-Almendralejo-003,38.68089,-6.402244,"Vistahermosa,44",Almendralejo,Badajoz,6200,2,22.0,1238,N-630,N,False,1969.3727150178202
EUSA4YLJCJIMZZJXCPZU,OU-Ourense-007,42.355373,-7.905144,"Vigo,26",Ourense,Ourense,32001,5,50.0,895,N-120,N,False,18.3064733626084
RO8WLYZARUEN3F9ZEF24,A-BENIDORM-010,38.557034,-0.167166,"Parque Tematico,1",Benidorm,Alicante/Alacant,3502,4,22.0,884,AP-7N,AP,True,1159.0822885273178
FUDJDVLFFSCCF8DFJXUN,E-A-Cox-005,38.151264,-0.88924,"Carmen,15",Granja de Rocamora,Alicante/Alacant,3348,2,17.4,133,A-7,A,True,869.7211639316255
LQV0ACMILMJKXB7BMTBI,E-A-Finestrat-009,38.55041,-0.184083,"Isla De Mallorca,16",Finestrat,Alicante/Alacant,3509,2,22.0,884,AP-7N,AP,True,1160.1379632383512
QFQM93EM0LBHME8BY16U,E-AL-Almeria-009,36.85141,-2.450634,"Pilarica (La),4",Almería,Almería,4009,2,22.0,634,A-7S,A,True,1860.1802674286741
NPSXTU37KHYZWVLJXSSO,A-ONDARA-012,38.776222,0.084395,"Els Poblets,1",Gata de Gorgos,Alicante/Alacant,3740,2,100.0,369,N-332,N,False,39.865921952795205
1BI9DNSAPTLGLL8NORXK,T-SantCarlesDeLaRapita-002,40.609623,0.5834553,"Sant Isidre (De),228",Sant Carles de la Ràpita,Tarragona,43540,4,110.0,389,N-340,N,True,1198.7218904655945
Q3PNKUEXWMRCI7J6M52D,E-M-Madrid-259,40.372,-3.694817,"Andalucia,20",Madrid,Madrid,28041,2,22.0,740,A-4,A,False,1041.1438338518954
EPKTJDRE3SNJE40KOWYR,A-Cox-001,38.14595,-0.88898,"Carmen,64",Cox,Alicante/Alacant,3350,2,60.0,133,A-7,A,True,1371.517911162443
SYHHL58ICQQVXMAW6WRY,E-A-Carrus-001,38.271313,-0.709043,"Olegario Domarco Seller,93",Elche/Elx,Alicante/Alacant,3206,2,22.0,1071,N-340,N,False,1021.2370864155388
WPV1Q2EWZSMFMLRODXGN,E-B-MolinsDeRei-001,41.416588,2.011846,"Terraplé,85",Molins de Rei,Barcelona,8750,4,7.4,700,A-2,A,True,569.5110268072091
81DES24RMJYPORLBPKNB,E-AB-Agramon-001,38.508694,-1.692071,"Gran Vía,60",Hellín,Albacete,2400,4,22.0,325,N-301,N,False,1016.1918058511908
KRYSZ7JKW0HIZEQLTALX,E-S-Barreda-001,43.34338,-4.028721,"Bilbao,101",Torrelavega,Cantabria,39300,6,22.0,115,A-67,A,True,88.22038356912364
KWZHDZLGXUK0NK7CYFJA,A-ELCHE-027,38.292107,-0.591667,"Illice,38",Elche/Elx,Alicante/Alacant,3320,2,50.0,1073,N-340,N,False,8.461939499296998
FFNUCTGYXZ9BAD4DOFQ8,HU-Villanua-01,42.678192,-0.537995,"De Francia,28",Villanúa,Huesca,22870,5,50.0,1021,N-330,N,True,21.904992872542056
OZMQS6SHRDDNTV4SGXSM,E-AB-LaRoda-001,39.203804,-2.157006,"Brunete,6","Roda, La",Albacete,2630,4,22.0,725,A-31,A,True,983.6636805365499
KVUXCOQLICV1C65PRWLR,US_432_Benijofar I,38.066162,-0.7320299,"Calle La Coruña, 1 A/B",Benijófar,Alicante/Alacant,3178,1,60.0,887,AP-7N,AP,False,1221.924596245478
9BGD78C4YGCEOPDN5HCR,US_305_Madridejos II,39.51866,-3.5242448,"Autovía A-4, Km 113",Borox,Toledo,45710,1,60.0,743,A-4,A,True,42.43008474744481
AQA8L4OMWSRQ4AWB8KID,US_410_Finestrat I,38.538334,-0.1815482,"Calle Alicante, 25",Finestrat,Alicante/Alacant,3509,1,60.0,884,AP-7N,AP,True,153.2783318998051
RPYSQOZDJNDJA17DVHL4,US_249_Santander II,43.44352,-3.855443,"Calle San Martin Del Pino, 11",Santander,Cantabria,39011,1,60.0,554,N-623,N,False,110.6772812724918
X4MLOMVMLAK4ZK5N4PMC,US_127_Silleda I,42.69461,-8.24077,Agro Do Campo - Ep - 7201,Silleda,Pontevedra,36540,1,60.0,495,N-525,N,False,103.7314283873627
RRNQMLBNXX1UTELCBGL6,US_462_Camargo I,43.425137,-3.837534,"Calle Valle Real, 5",Camargo,Cantabria,39600,1,60.0,1265,N-636,N,True,187.33658719093302
KMT9VXV5UPPZO2PP69CS,CC PLAZA ELÍPTICA,42.231472,-8.720774,"Praza Francisco Fernández del Riego, s/n",Vigo,Pontevedra,36203,12,66.0,810,A-55,A,True,320.0587614727592
P4ZFDA1ISBDDCBNWJUIW,A-Elche-026,38.268784,-0.715019,"Antonio Brotons Pastor,110",Elche/Elx,Alicante/Alacant,3205,2,50.0,1071,N-340,N,False,835.7551994233752
Q9ZDFMZZDBQI8EGRDMGG,A-ASPE-004,38.340954,-0.766514,"Carlos Soria,3",Aspe,Alicante/Alacant,3680,4,50.0,347,N-325,N,False,1215.2009316403035
PTCZGMZLUX7AM4LGMSMQ,A-ASPE-003,38.34957,-0.77032,"Navarra,35",Aspe,Alicante/Alacant,3680,2,50.0,346,N-325,N,False,499.4889946413291
5KWOS6LKDFHMQ578XUTU,E-BI-Lemoa-002,43.21087,-2.778464,"Elizondo,1-1",Lemoa,Bizkaia,48330,2,7.4,289,N-240,N,False,262.54809536750116
X1AOQHZSQKL9CBYWLDU6,E-OU-Viloira-001,42.417313,-6.997666,"Galicia,3","Barco de Valdeorras, O",Ourense,32300,4,22.0,497,N-536,N,False,1.3030604539756054
QYGHONKAWTIFCXCSJU8B,MU-Murcia-109,37.969093,-1.1275746,"Sur,20",Murcia,Murcia,30010,2,50.0,723,A-30,A,True,882.018831976756
9MZMD88UXJPHTBERIJOU,BU-ArandadeDuero-007,41.67703,-3.690777,"La Aguilera,1",Aranda de Duero,Burgos,9400,18,150.0,889,N-1,N,False,216.1553612879095
D8T2XFAVF4FUOSA8RLK7,MA-VelezMalaga-007,36.75502,-4.1035295,"Rey Juan Carlos I,S/N",Vélez-Málaga,Málaga,29740,2,95.0,642,A-7S,A,True,156.47756367816143
QE9URMZQ9FUL7OUO3YLR,E-M-Madrid-267,40.512157,-3.677609,"María Tubau,26",Madrid,Madrid,28050,4,22.0,15,A-1,A,True,1668.5536363395518
C2CISGY9XNLRKOUNZO4O,E-MU-Zeneta-008,37.939396,-1.149957,"Cartagena,0",Murcia,Murcia,30150,4,22.0,723,A-30,A,True,111.88333446984619
4NQ7QPNGABXI7UG1CUYS,E-CS-LaVallD'uixo-002,39.814938,-0.229902,"De Europa,7","Vall d'Uixó, la",Castellón/Castelló,12600,6,22.0,124,A-7,A,False,1167.669270440933
YSP6BDKVLHSBLMK4ROIL,BI-Santurtzi-005,43.339767,-3.045612,"Mlle. Ampliación, S/N, 48980 Santurtzi, Biscay,S/N,",Santurtzi,Bizkaia,48980,2,22.0,613,N-644,N,True,234.46552804397425
VESUCRIZH4WKDUN0XTXB,MU-Murcia-142,37.997128,-1.1383431,"Pinos (Los),7",Murcia,Murcia,30009,2,50.0,723,A-30,A,True,910.3848612655548
7TQCSO1XBV0VQNBXGBDC,MU-Murcia-145,37.993694,-1.142259,"Pergola (La),1",Murcia,Murcia,30009,2,50.0,723,A-30,A,True,419.00774912615367
NHDMVPUCHDBHIJDJZWDO,MU-Murcia-115,37.969593,-1.1287307,"Florencia,24",Murcia,Murcia,30010,2,22.0,723,A-30,A,True,806.6630762842208
9UYDZJKKDLZI9YJWO4VL,E-O-CampoDeLaIglesia-navarro-001,43.553402,-5.896999,"De Gijón,43",Avilés,Asturias,33460,4,22.0,1256,N-632,N,False,318.4124951947288
IXVXIOSVEPZQNN4TLOBQ,E-TO-BarrioDeSantaMaria-002,39.96559,-4.827126,"Del Muelle,13",Oropesa,Toledo,45600,4,22.0,478,N-502A,N,False,663.2581508447673
GFOSGKV7BGWCKQTIMTAJ,E-B-LaMagina-001,41.42094,1.996671,"Joan Molins Parera,39",Pallejà,Barcelona,8780,6,7.4,700,A-2,A,True,501.0899608091476
DUTAQQM1SBU54RTRIGKD,E-B-CanBros-002,41.48171,1.916152,"Josep Vilar,1",Martorell,Barcelona,8760,4,7.4,951,N-2,N,True,749.0296902360014
U5OZVKXTAGPA86WV3PJI,TE-Teruel-009,40.3331,-1.087146,"Sagunto,87",Teruel,Teruel,44002,16,22.0,246,N-223,N,False,61.056111773163835
UILE5STJL8OB03FPL0ND,OU-Ourense-011,42.341972,-7.867465,"Progreso (Do),76",Ourense,Ourense,32003,6,60.0,218,N-120,N,False,301.7264365899047
TFNHBJWA8SHTLEGWNKUV,MU-Murcia-124,37.98123,-1.1301036,"Proclamación,2",Murcia,Murcia,30002,4,22.0,723,A-30,A,True,678.2597346018449
9QEMLPXX1SDVTUWKD12U,MU-Murcia-141,37.997105,-1.1382899,"Pinos (Los),7",Murcia,Murcia,30009,2,50.0,723,A-30,A,True,912.9126107119322
BJWTHGTHSOWDKXNRS9KK,MU-Murcia-114,37.981586,-1.1284869,"Rio Segura,6",Murcia,Murcia,30002,2,22.0,723,A-30,A,True,824.6868284749306
UZLB99POJF18DIJDSEM1,E-CS-ElGrao-moncofa-001,39.805595,-0.140659,"Científic Avel·Li Corm,8",Chilches/Xilxes,Castellón/Castelló,12593,6,22.0,882,AP-7N,AP,True,1564.6671368652587
IJJDNZOFS2HQPRH9DN6O,CR-PIEDRABUENA-001,39.011852,-4.216603,"N-340,276",Piedrabuena,Ciudad Real,13100,4,60.0,1132,N-430,N,False,230.88483709145189
YK3ZTPLVNCJT4GMKJHAI,E-J-LaCarolina-001,38.275505,-3.611084,"Glorieta Derecha,10","Carolina, La",Jaén,23200,2,22.0,745,A-4,A,True,433.15791403541294
IBXDIZUHOMWRU7ZCPGTK,E-M-Ciempozuelos-004,40.332523,-3.736751,"Rey Pastor,46",Leganés,Madrid,28914,6,22.0,761,A-42,A,False,987.4084989553432
VVBZS8JSTCF78A4KKYY5,A-Orihuela-015,37.92968,-0.737693,"Jade,2",Orihuela,Alicante/Alacant,3189,2,150.0,887,AP-7N,AP,False,128.75493869406307
8MLX1ZA8DOO1RZTQBRNL,E-B-Cervello-001,41.388992,1.942527,"Major,85",Vallirana,Barcelona,8759,4,22.0,396,N-340,N,False,27.974195276591768
XDDW2PVWRCBNSHLYCD6P,MU-Murcia-125,37.981266,-1.1301305,"Proclamación,2",Murcia,Murcia,30002,4,22.0,723,A-30,A,True,677.581217089006
7UUOEQOKRZMWFRVF5T3H,E-V-Aldaia-002,39.463173,-0.469797,"Avenida De La Concordia,6",Aldaia,Valencia/València,46960,6,22.0,52,A-3,A,True,1722.1728612686986
ILKMJITOPNX81X3UW17C,A-ELCHE-019,38.27162,-0.712734,"Asuncion Parreño Garcia,1",Elche/Elx,Alicante/Alacant,3205,6,22.0,1071,N-340,N,False,1110.993448349499
YHZN96P12XGUNIOYJCZT,E-CU-Colliga-001,40.061836,-2.13167,"Hermanos Becerril,25",Cuenca,Cuenca,16004,6,22.0,758,A-40,A,False,1422.8365001999737
LXWFBGSBKKTHHN5FZBWH,E-GR-Otura-001,37.090004,-3.629012,"De Dilar,0",Alhendín,Granada,18630,6,22.0,342,N-323A,N,False,1886.323616278077
NJLSTP1FRYKGYBDDSJFZ,E-CS-CastellonDeLaPlana-023,39.976566,-0.042433,"Casalduch,59",Castelló de la Plana,Castellón/Castelló,12005,4,22.0,251,N-225,N,False,1770.139514426351
P9XI4KS320QTBEOQQNPC,SS-Arrasate-003,43.07174,-2.47359,"Bº Musakola, S/N 20500 Mondragon   (Gipuzkoa),S/N",Arrasate/Mondragón,Gipuzkoa,20500,14,120.0,837,AP-1,AP,True,181.62324555116257
PQBVMDYY64UEUWHBUL1G,MU-Murcia-088,37.935524,-1.163329,"Mayor,179",Murcia,Murcia,30120,2,50.0,723,A-30,A,True,840.9407253481138
VRN1RSAGUU9I8WDHEVR9,MU-Murcia-144,37.99369,-1.130866,"Nuestra Señora De Los Buenos Libros,1",Murcia,Murcia,30008,2,50.0,723,A-30,A,True,1297.0592510527333
NTBN81NV7ZZJ3NJBW6BX,E-B-VilanovaDelCami-001,41.577347,1.640521,"De La Pobla,1",Vilanova del Camí,Barcelona,8788,6,22.0,699,A-2,A,True,1787.8726258698462
R7S2HMPBPCBT2LGJNMU4,E-CO-AguilarDeLaFrontera-001,37.51219,-4.65103,"Córdoba-Málaga,0",Aguilar de la Frontera,Córdoba,14920,2,22.0,772,A-45,A,True,1833.5660162793376
RKN7U59MLM3QVICKTX8K,MU-Murcia-108,37.96911,-1.1275024,"Sur,20",Murcia,Murcia,30010,2,50.0,723,A-30,A,True,888.6207374943519
LF905QO0V2VT0X0KEHYU,B-MolinsDeRei-003,41.40516,2.0229077,"Francesc Layret,2-4",Molins de Rei,Barcelona,8750,4,22.0,398,N-340,N,False,737.7201738921074
Z4PPYNPDZWXQ8CZOAGND,E-M-SanSebastianDeLosReyes-008,40.555035,-3.6193073,"Teide,4",San Sebastián de los Reyes,Madrid,28703,4,7.4,232,N-1A,N,False,937.9133370882035
RHGR9RNZVSYP2KGTN6CK,UMH - Edificio Torrevaillo Elche,38.27762,-0.691662,"AVENIDA DE LA UNIVERSIDAD, S/N (TORREVAILLO)",Elche/Elx,Alicante/Alacant,3207,2,22.0,1071,N-340,N,False,1099.1319395748883
L3PLV9FBBN2AZ87UYPR3,UMH - San Juan Alicante,38.389652,-0.436007,"AVENIDA MIGUEL HERNANDEZ, 23 (Campus San Juan)",Sant Joan d'Alacant,Alicante/Alacant,3550,2,22.0,138,A-70,A,True,1408.3896289664256
RTLXQCKQREUW4DJYQ82V,UMH - Edificio Rectorado Elche,38.274807,-0.684985,"AVENIDA DE LA UNIVERSIDAD, S/N",Elche/Elx,Alicante/Alacant,3202,2,22.0,1071,N-340,N,False,623.3424056206217
IDEIWL7DCJA3M7I1NR4Z,Centro de salud Pola de Siero - DC,43.387817,-5.6632457,"Calle de maestro Martín Galache, 2",Siero,Asturias,33510,5,150.0,579,N-634,N,False,269.82387394051983
BXPQNHYRW5IUCTBJ2DP3,9011 - Figueres,42.260616,2.951223,"Avinguda Països Catalans, 2",Figueres,Girona,17600,7,50.0,298,N-260,N,False,74.67040554788413
BSNU7DSRKKDFQ3D3JOGZ,9010 - Sant Joan Despí,41.379086,2.062529,Avinguda Lluís Companys S/N,Sant Joan Despí,Barcelona,8970,9,50.0,701,A-2,A,True,1841.5536181831087
BUV5J8ET4AMQENF72J71,9030 - Sant Celoni,41.685814,2.492956,"Carretera C-35, Cant. Carrer De La Indústria S/N",Campins,Barcelona,8470,9,50.0,873,AP-7N,AP,True,314.9584379180141
R992IKR9QDT3SSPOJQEL,9001 - Vilafranca del Penedès,41.34819,1.709984,"Carretera Barcelona, 115, 117",Vilafranca del Penedès,Barcelona,8720,13,50.0,396,N-340,N,False,375.5698606907922
ILDXFSA7WYYPFTJ8OUWH,Estació Ribes Vila,42.308956,2.171529,"Ntra. Sra.  De Gràcia,8",Campelles,Girona,17534,6,100.0,301,N-260,N,False,487.07975838284233
KOBCARCEOZIETSNDJDKF,CC ELTORMES,40.95133,-5.6498,"Salamanca,S/N",Santa Marta de Tormes,Salamanca,37900,4,180.0,798,A-50,A,True,128.57576109550283
CKVAJWH9Z9GWWNY41ERC,Alcobendas - C.de la Constitución,40.54337,-3.637969,"De La Constitucion,58",Alcobendas,Madrid,28100,3,100.0,15,A-1,A,True,1158.990410559082
ETJK00FNYSBYUZJPQDYA,Estación bp Linares,38.09141,-3.650693,"Mina El Fastillo, Cr N 322,K.M 119",Linares,Jaén,23700,3,100.0,996,N-322,N,False,784.1406508167092
E976WUR7A9KXU3YJSLD8,Estación bonÁrea - Cervera,41.6731,1.2639,"Urgell,S/N",Cervera,Lleida,25200,2,150.0,698,A-2,A,True,1486.3175525811541
EGRWXGNERSPVJTXPPLZ3,Parking Av. de la Estación Alicante,38.3458,-0.4914,"De La Estación,S/N",Alicante/Alacant,Alicante/Alacant,3005,17,150.0,730,A-31,A,True,1616.092954901573
AA6TUYMND3S6HQRC7WLS,Estación bp Benissa,38.718365,0.0605,"Europa,8",Benissa,Alicante/Alacant,3720,2,100.0,368,N-332,N,False,445.14347769583526
DSZ7YQRXBQGYWKGIE7FM,Corella - Calle Monasterio Iranzu,42.112774,-1.789116,"Monasterio Iranzu,Sn",Corella,Navarra,31591,2,100.0,202,N-113,N,True,1814.262671919812
8O15SOJC92ZCQT8BCAV9,"Calle de la Begonia, 135 - Alcobendas",40.52176,-3.644432,"De La Begonia,129",Alcobendas,Madrid,28109,3,100.0,15,A-1,A,True,512.7412344827621
LLMWEJSWOKQUECBWE9MA,Parking Centro Comercial Bilbondo by Porsche,43.22971,-2.876304,"Zabalandi,22",Basauri,Bizkaia,48970,10,350.0,149,A-8,A,True,214.22190460646166
GECJ1PQIJ0KI5VPMLWC4,SP45-0011,39.8644,-3.9702,"Valdemolinos,2D",Toledo,Toledo,45007,2,100.0,761,A-42,A,False,1756.4596724031132
BV6GNRNCOWCHPFY8C9OS,Petroil Energy Azahara,37.880207,-4.820977,"C-431 Córdoba-Palma Del Rio Km 3,3,S/N",Córdoba,Córdoba,14005,3,100.0,1167,N-437,N,False,1572.1413353726512
2ZWDEI76EZRFOUPUADCH,Estación Valcarce Lugo,42.9617,-7.564019,"Lu-612,39",Lugo,Lugo,27180,10,150.0,805,A-54,A,True,375.68947915012956
4RENTPHAQIKTPMSPTV0S,Estación bp Irun,43.339245,-1.782084,"De Navarra,18",Irun,Gipuzkoa,20304,2,100.0,1286,AP-8,AP,True,682.8828575513636
ZRB1Y2ETJKJBTHRUIKS5,Centro Comercial Los Olivos,38.24364,-1.40771,"Parque Comercial, Los Olivos,N-301",Cieza,Murcia,30530,28,300.0,54,A-30,A,True,591.9320670316346
VUYXHYK5FKKSQIVZITAX,AN Energéticos Castejón,42.179222,-1.69661,"N-113, Carretera Valtierra-Agreda,Km.77",Castejón,Navarra,31590,2,150.0,200,N-113,N,True,14.86830811744881
IHER2S1MCC9LCUIYRLFE,Estación bp Galior Verín,41.930267,-7.460121,"Do Polígono Industrial ,4288",Verín,Ourense,32619,2,100.0,801,A-52,A,True,925.5338535743166
6PSLMBTW9EFRJNGPSMTX,Avda. Transición Española - Alcobendas,40.536964,-3.623075,"De La Transición Española,7",Alcobendas,Madrid,28108,3,100.0,15,A-1,A,True,588.179689015061
3O8PPOCRIIY9WDODPECZ,CARREFOUR PONTEVEDRA,42.417053,-8.644966,RUA SAN BLAS S/N,Pontevedra,Pontevedra,36160,2,50.0,163,AP-9,AP,True,538.6099411620737
MTW8XSS5FFDUFGRM0RHJ,A-SanVicentedelRaspeig-001,38.393143,-0.52321,"Alicante,60",San Vicente del Raspeig/Sant Vicent del Raspeig,Alicante/Alacant,3690,2,50.0,147,A-77A,A,False,745.3917561579286
BC8H7ANXKVU3LBEZIUG1,SA-SALAMANCA-019,40.96212,-5.658774,"Canalejas,105",Salamanca,Salamanca,37001,2,120.0,1229,N-630,N,False,1224.5739614589497
PZCVTDC2IRNU6JS8ASNF,Z-Zaragoza-009,41.62904,-0.931699,"De La Ilustracion,111",Zaragoza,Zaragoza,50012,4,50.0,28,A-23,A,False,1140.7922292965286
RXDYKZP6NY4LPKKGOTOY,TE-Calamocha-004,40.904938,-1.300067,"Estacion Nueva,98",Calamocha,Teruel,44200,2,100.0,978,N-234,N,False,104.39126530624644
9FIYHZJWLB7J7G4BAKPC,SA-SALAMANCA-018,40.9632,-5.673536,"San Vicente,139",Salamanca,Salamanca,37007,2,120.0,1229,N-630,N,False,630.6780746522251
PM6WU3GMKTCSXVY5SVD1,E-B-SantBoiDeLlobregat-002,41.354893,2.034268,"Frederic Mompou,5",Sant Boi de Llobregat,Barcelona,8830,2,7.4,701,A-2,A,True,1458.6454441712845
BKIEWOKFJOKG13KCEX33,E-MU-LosPiñuelas-001,37.620262,-0.985906,"Prolongación Ángel Bruna,0",Cartagena,Murcia,30300,4,22.0,723,A-30,A,True,1896.3725725701556
CMEYNGZEVBYSP8JMHQVA,E-M-Madrid-281,40.45487,-3.651846,"Asura,56",Madrid,Madrid,28043,2,22.0,684,A-2,A,False,892.6103099530825
0MPQZZEGREEMEREZDH15,E-A-Petrer-004,38.485264,-0.775495,"Los Pinos,0",Petrer,Alicante/Alacant,3610,4,22.0,728,A-31,A,True,452.1817549521594
LVXIJ7ZTASYZSNZMNIDB,NA-Pueyo-005,42.571297,-1.649195,"Aranbero,1",Pueyo,Navarra,31394,2,60.0,907,N-121,N,False,343.9199497834173
MGVDFDDAAW5N9SUVEDAZ,VA-Villanubla-007,41.69727,-4.83028,"Valdemelones,1",Valladolid,Valladolid,47620,2,60.0,1192,N-601,N,False,23.041550204909573
2VGNN2H7W7HSBHG8NN4C,E-AB-Albacete-009,38.999847,-1.857298,"Ramón Y Cajal,16",Albacete,Albacete,2005,2,22.0,726,A-31,A,True,962.115841671512
2024000108,LE-LaPorteladeValcarce-002,42.65886,-6.914265,"Nacional Vi,4180",Vega de Valcarce,León,24524,6,50.0,536,N-6,N,False,32.663247620771806
2024000302,GU-Guadalajara-003,40.621197,-3.164314,"Eduardo Guitian,N/A",Guadalajara,Guadalajara,19002,6,50.0,685,A-2,A,True,130.53424686949083
2024000310,LE-ToraldelosVados-001,42.544025,-6.78222,"Rio Selma,58",Toral de los Vados,León,24560,3,50.0,215,N-120,N,False,5.585838877150623
2024000586,SS-Olaberria-001,43.039326,-2.21688,"Basozabal Industrialdea,1",Olaberria,Gipuzkoa,20212,3,50.0,656,A-1,A,True,39.332503035094746
2024000612,J-Ubeda-001,38.019615,-3.371358,"Don Cristobal Cantero,2",Úbeda,Jaén,23400,3,50.0,731,A-32,A,True,992.6718362890132
2024000959,GI-Figueres-004,42.268536,2.999237,"Jocs S. Olympics F. De Dos Mil,4",Figueres,Girona,17484,3,50.0,954,N-2,N,False,900.340281529101
2024002040,GR-Diezma-001,37.31801,-3.32401,"A-92, Km. 276,276",Diezma,Granada,18180,3,50.0,831,A-92,A,True,102.38021399132977
2024002161,MU-Cartagena-029,37.6436,-1.00448,"Alfonso Xiii,109",Cartagena,Murcia,30310,2,22.0,887,AP-7N,AP,False,1995.5100589709407
2024002318,GR-Diezma-002,37.31801,-3.32401,"A-92, Km 276,276",Diezma,Granada,18180,3,50.0,831,A-92,A,True,102.38021399132977
2024002355,LO-Logroño-009,42.451736,-2.474498,"Prado Viejo,72",Logroño,"Rioja, La",26007,8,22.0,195,N-111,N,False,1356.003976732898
2024003872,MU-Cartagena-018,37.689472,-0.962666,"Manuel Zamora,9",Cartagena,Murcia,30593,2,22.0,887,AP-7N,AP,False,1587.824101434939
2024004701,E-CA-JerezDeLaFrontera-001,36.692196,-6.155365,"Area Sur,N/A",Jerez de la Frontera,Cádiz,11408,4,7.4,754,A-4,A,True,1277.1938919187623
2024004797,CA-Algeciras-012,36.112152,-5.453486,"Alcalde Paco Esteban,N/A",Algeciras,Cádiz,11207,3,50.0,407,N-350,N,False,125.16021280460568
2024004817,B-Sabadell-012,41.51294,2.10274,"Borrell,68",Sabadell,Barcelona,8205,4,22.0,875,AP-7N,AP,True,1862.5650725374842
2024002083,M-Aranjuez-001,40.02002,-3.60875,"Gonzalo Chacon,27",Aranjuez,Madrid,28300,2,22.0,742,A-4,A,True,1339.9265535741458
2024002317,GI-Jonquera-003,42.40247,2.87942,"Pedraforca,3","Jonquera, La",Girona,17709,3,50.0,957,N-2,N,False,0.9853920903129291
2024000472,AL-Antas-002,37.260567,-1.900253,"Vente Vacio,1",Antas,Almería,4628,6,50.0,887,AP-7N,AP,False,180.40447659813546
2024000917,B-SantCeloni-003,41.69511,2.50546,"Gualba,0",Campins,Barcelona,8470,3,50.0,873,AP-7N,AP,True,423.773416182037
2024002080,H-Huelva-006,40.655552,-4.690103,"Doctor Emilio Haya Prats,14",Ávila,Ávila,5001,3,50.0,429,N-403,N,False,1403.1727717997526
2024002244,A-Torrevieja-008,37.929184,-0.73902,"Diamante,2",Orihuela,Alicante/Alacant,3189,4,22.0,887,AP-7N,AP,False,9.045497023431436
2024003829,SO-NAVALENO-001,41.83688,-3.00651,"Real,2",Navaleno,Soria,42149,5,50.0,981,N-234,N,False,9.520542746262805
2024004927,A-Altea-006,38.636326,-0.03719,"Bernia,4",Altea,Alicante/Alacant,3599,4,22.0,884,AP-7N,AP,True,1252.819264083407
2024004933,T-RODADEBARA-002,41.178795,1.487066,"Maria Calas,2",Roda de Berà,Tarragona,43883,4,22.0,396,N-340,N,False,93.62658065383974
2024004937,A-Alicante-033,38.345936,-0.487308,"Las Navas,33",Alicante/Alacant,Alicante/Alacant,3001,4,22.0,730,A-31,A,True,1836.262456490532
2024006655,B-HospitaletdeLlobregat-003,41.35569,2.098309,"Carrilet,359","Hospitalet de Llobregat, L'",Barcelona,8907,3,50.0,701,A-2,A,True,1452.3846514056802
2024000269,B-VilafrancadelPenedes-002,41.329727,1.677385,"Font De Graus Mercader,2",Vilafranca del Penedès,Barcelona,8720,6,50.0,877,AP-7N,AP,True,148.58462934912887
2024002120,A-Villajoyosa-002,38.508347,-0.232369,"Rey Juan Carlos I,5","Villajoyosa/Vila Joiosa, la",Alicante/Alacant,3570,4,7.4,363,N-332,N,False,1137.1988619748045
2024003541,AB-Albacete-011,39.02596,-1.89013,"Campollano Norte Calle B,4",Albacete,Albacete,2007,2,160.0,725,A-31,A,True,680.8546205719625
2024003845,CS-LaValldUixo-002,39.820404,-0.232146,"España,4","Vall d'Uixó, la",Castellón/Castelló,12600,5,50.0,124,A-7,A,False,1734.959741351745
2025000034,A-PETRER-009,38.48815,-0.789438,"48, Horteta,58",Elda,Alicante/Alacant,3600,2,50.0,728,A-31,A,True,937.570324896504
K0DGR6B2YJYEEEBJMYVJ,VI-Oyon-001,42.501297,-2.433333,"De Gernika,1",Oyón-Oion,Araba/Álava,1320,4,60.0,670,A-13,A,False,1824.7361952913823
BB07G68CVJRXQYQ0SIOS,VA-VILLALON-002,42.098553,-5.032123,"Carcaba,0",Villalón de Campos,Valladolid,47600,2,100.0,1195,N-610,N,False,81.77034090412704
DIM6X8ZOJ1S8OJLSWYWY,A-ELCHE-020,38.26718,-0.706782,"Josep Maria Buch,62",Elche/Elx,Alicante/Alacant,3201,12,22.0,1071,N-340,N,False,534.9938021968596
8B7VFBOHVSJ6CTLZMORC,AB-CasasIbañez-002,39.287457,-1.46707,"El Ruedo,1",Casas-Ibáñez,Albacete,2200,3,50.0,1010,N-322A,N,False,79.12213952196684
ATHNLHOQ7I6YJ2W1SMA3,B-BarberadelValles-004,41.510696,2.131164,"De Barcelona,62",Barberà del Vallès,Barcelona,8210,3,50.0,875,AP-7N,AP,True,269.4180676729359
XSJWPJQYEHM4CRF2TNAQ,CA-Algeciras-011,36.112305,-5.453833,"Alcalde Paco Esteban,Sn",Algeciras,Cádiz,11207,3,50.0,407,N-350,N,False,104.51917658032121
XAOBNV1FPMRLW8HFBARA,E-M-TorrejonDeLaCalzada-001,40.1927,-3.803417,"Real,74",Torrejón de la Calzada,Madrid,28991,4,22.0,761,A-42,A,False,173.40972840811293
ULCH6WT4R6HO8V2ZJLJT,NA-Tafalla-003,42.53423,-1.670094,"Avda  Pamplona S/N,S/N",Tafalla,Navarra,31300,8,100.0,606,AP-15,AP,True,235.83663459601206
G2ZJPU8SEIFOISKV23LJ,Cafestore Pruvia,43.44505,-5.799594,"As-Ii, Km 9,2",Llanera,Asturias,33690,4,150.0,95,A-66,A,True,251.91078625079567
PY8IIR7VV25IFFP8KI2V,Indra Japón,40.452133,-3.510604,"Avenida De Castilla, 2",San Fernando de Henares,Madrid,28830,4,7.4,685,A-2,A,True,119.66646162173205
XABANL9FZ9EHO3EYG7LH,Green Paddock,40.592396,-3.953515,"Ctra. De La Coruña (Polígono 8, Parcela 10), 33",Galapagar,Madrid,28250,8,240.0,64,A-6,A,True,74.6743497901463
4EFASEDSISR0QWZB0JBM,Indra Arroyo,40.529102,-3.641304,"Avenida De Bruselas, 35",Alcobendas,Madrid,28108,41,7.4,15,A-1,A,True,264.3956634022834
UVJYDOFZP6TR4AB9F34U,Indra Cordovilla,42.791878,-1.640616,"Carretera De Zaragoza, Km 3",Galar,Navarra,31191,1,7.4,675,A-15,A,True,797.9099484643631
3ECB8UHH07SGXLCELJ09,Indra Bollullos,37.346733,-6.132361,"Carretera Prado De Las Torres, S/N",Bollullos de la Mitación,Sevilla,41110,6,7.4,778,A-49,A,True,1648.1978995426825
EWMUCGK9BZJIOZAEICH4,Indra Torrejón,40.45459,-3.472422,"Carretera De Loeches, 9",Torrejón de Ardoz,Madrid,28850,12,7.4,685,A-2,A,True,1317.6634486260546
QWYCCQXRBUWQTPH9AB4U,Indra Kenia,40.451984,-3.510994,"Avenida De Castilla, 2",San Fernando de Henares,Madrid,28830,9,7.4,685,A-2,A,True,119.89712707038136
HODVLKL7WTABHH494PAX,Indra Nave Lean,40.44599,-3.500054,"Calle Guarnicioneros, 3",San Fernando de Henares,Madrid,28830,2,7.4,685,A-2,A,True,1181.5284818968862
ARR5GCFIASI8XRGKPI2R,Indra Vidrieros,40.44569,-3.490589,"Calle Vidrieros, 1",San Fernando de Henares,Madrid,28830,2,7.4,685,A-2,A,True,1720.3200188177636
ZCQEQJUZ5MBBIQTH2QQU,Indra Miguel Yuste,40.43529,-3.622633,"Calle De Miguel Yuste, 45",Madrid,Madrid,28037,4,7.4,684,A-2,A,False,1582.3906207692426
ONMUYEG9SQ7UEIUB67EV,Indra Vega 5,40.533794,-3.630117,"Calle Francisca Delgado, 9",Alcobendas,Madrid,28108,3,7.4,15,A-1,A,True,187.48550461765848
JZ27MFLEDHG3OE3ERVYE,Indra Nave Simulación,40.43315,-3.563465,"Avenida De Europa, 4",Coslada,Madrid,28821,4,7.4,685,A-2,A,True,1820.0400475509443
WRXCUCXYVXUUCPBBK4D4,Pol. Ind. Calonge. Sevilla,37.405827,-5.957467,"Calle Aviación, 21",Sevilla,Sevilla,41007,2,22.0,747,A-4,A,True,779.4194702726248
GHKY9LQRP36YKZCHAOCM,E.S. Beroil Rubena,42.376446,-3.59101,"N-1, Km 247",Arlanzón,Burgos,9199,2,50.0,172,N-1,N,False,40.91321690199853
12RGNN7PAHJO9YYTLC7S,E.S. Beroil Fuentecén,41.626133,-3.878592,"N-122, Km 286","Cueva de Roa, La",Burgos,9315,2,25.0,918,N-122,N,False,39.282325767704535
LFQ6YAIROB2RK6QP0VUL,E.S. Beroil Aranda de Duero,41.66663,-3.726716,Av. Portugal 82,Aranda de Duero,Burgos,9400,2,30.0,19,A-1,A,True,116.14025898809702
BJRKBVWI7TIBZJEHRPB7,CC PlanetOcio. Exterior,40.63673,-4.016847,"Avenida Juan Carlos I, 46",Collado Villalba,Madrid,28400,4,150.0,854,AP-6,AP,True,143.42763399786838
LTY6V6DSPW0VMGI2BSFE,E.S. Beroil Foro,42.36083,-3.65305,C. Alcalde Martín Cobos 19,Burgos,Burgos,9007,2,110.0,170,N-1,N,False,568.4947561716818
SFYZAAYPH5NT9E7IHB1V,CC PlanetOcio. Parking Verde,40.636868,-4.016547,"Avenida Juan Carlos I, 46",Collado Villalba,Madrid,28400,18,22.0,854,AP-6,AP,True,117.46684549282733
B3TLZJOJHVQKJVJ0ZDH3,CC Valle Real,43.428104,-3.838163,"C. Alday, S/N,",Camargo,Cantabria,39600,24,100.0,1265,N-636,N,True,301.4717334787221
AQQOYWJUPXUNBLLVKFQV,QWELLO - Plazuela de la Flor 22,41.59983,-4.1239595,Plazuela de la Flor 22,Peñafiel,Valladolid,47300,2,50.0,918,N-122,N,False,80.33524689806572
DOQT5K6DDHXZ9QDKDLHX,BI-Santurtzi-004,43.3433,-3.055209,"Contradique De Santurtzi,2",Santurtzi,Bizkaia,48980,2,22.0,613,N-644,N,True,656.6150199393022
T2KHH9D4V73VNWJUHMVJ,BI-Santurtzi-003,43.33968,-3.045906,"Muelle Reina Victoria Eugenia,2",Santurtzi,Bizkaia,48980,2,22.0,613,N-644,N,True,210.83322311684807
22RK0ZN38LOFGTAZ4SWU,Z-Cariñena-003,41.33516,-1.22134,"Valencia,330",Cariñena,Zaragoza,50400,5,50.0,351,N-330,N,False,177.15006810721178
VO0TZKNENA7WGDGFMXS5,E-CS-Pinella-001,39.936794,-0.110168,"Travessa,2",Vila-real,Castellón/Castelló,12540,4,22.0,387,N-340,N,False,1434.5002872983391
TRILIAABX8C3FZB5UBW2,CO-CORDOBA-24,37.893726,-4.749551,"De Libia,0",Córdoba,Córdoba,14014,1,50.0,746,A-4,A,True,604.725883355643
AZBOMB5UZCQOFEJKPZWP,E-V-Almussafes-006,39.323788,-0.41131,"Venta De Ferrer,S/N",Almussafes,Valencia/València,46440,4,22.0,884,AP-7N,AP,True,131.38904207182216
A0GW4RQSA3C1078WF3Q0,BI-DURANGO-005,43.164387,-2.620522,"Astolabide Kalea,18",Durango,Bizkaia,48200,20,150.0,566,N-634,N,False,918.4097097522671
PNKVM2IVKBHB3ESFYLY6,E-AB-CasasDeLaPeña-001,39.269646,-2.595752,"Reyes Católicos,96",Villarrobledo,Albacete,2600,4,22.0,331,N-310,N,False,838.0447407038856
ZTK6N2LSFBBOS36FHDVD,E-SE-BollullosDeLaMitacion-001,37.34961,-6.136895,"Alcalde Cecilio Gutiérrez,0",Bollullos de la Mitación,Sevilla,41110,4,22.0,778,A-49,A,True,1224.7308928102348
TRTNIWEQMON3PJB8Z7BK,CUESTA EL BOLÓN PR5,41.512016,-5.7484894,"C/ Cuesta el Bolón, 2",Zamora,Zamora,49023,2,11.0,922,N-122,N,False,295.2066502877933
SYBIVLUN7CCHT7FNU4WC,EL BALCON DE POTES,43.155582,-4.6276956,"EPIFANIO SANCHEZ MATEO, 20",Potes,Cantabria,39570,2,3.7,544,N-621,N,False,526.8922290164439
DOYUSLSKCSEWDSJYHPFV,Ayuntamiento de Beniarjo,38.934986,-0.188993,Vicente Camarena,Beniarjó,Valencia/València,46722,2,22.0,884,AP-7N,AP,True,510.6603458097587
UM93TTDPVQZMIRRORQE3,CONSUM CULLERA,39.163017,-0.2467125,"Calle de Agustín Olivert, 6D",Cullera,Valencia/València,46400,5,60.0,372,N-332,N,False,1841.270899157917
QRP7QRKE5JGZTVUUQG2B,Estación bp Montseny,41.6926,2.50296,"Sector P-2 Les Torres,13D",Campins,Barcelona,8470,3,100.0,873,AP-7N,AP,True,306.3524204940294
S9K2PVKUWMCQ8YZYW1VH,CEIP Las Viñas HLHI - Santurtzi,43.329483,-3.036876,"Doctor Fleming,16A",Santurtzi,Bizkaia,48980,3,150.0,613,N-644,N,True,453.1339514279862
UCNDVEL7T2DBPNIVDH82,C. Pedro Icaza - Santurtzi,43.32667,-3.03119,"Pedro Icaza,4 Bis",Santurtzi,Bizkaia,48980,3,150.0,613,N-644,N,True,978.7172974183713
CT1HINYFTADWHALWHRG0,"Paseo Canalejas,105-BIS - Salamanca",40.96216,-5.658789,"Paseo Canalejas,105-Bis",Salamanca,Salamanca,37001,2,120.0,1229,N-630,N,False,1226.2661789248803
XI2JXD6IFWUV0VWXMYR0,ALDI TORRENT I,39.422436,-0.5066735,Carrer Toll-l'Alberca Calle K,Torrent,Valencia/València,46901,3,150.0,128,A-7,A,True,605.0349329397868
PNVXHHGSIQTL53JXSVDX,HOSPITAL RIBERA COVADONGA,43.529938,-5.649182,"Calle Gl, C. Gral. Suárez Valdés, 40",Gijón,Asturias,33204,2,100.0,158,A-8,A,True,979.3998773388442
YAKID92BGXFLUZSSE62G,ALDI ELCHE,38.274456,-0.6793522,"Avinguda de la Universitat d'Elx, 68",Elche/Elx,Alicante/Alacant,3202,2,150.0,1071,N-340,N,False,435.74287752095523
W4QJDJOHUAHTMMFJJF4T,ALDI ALBAIDA,38.83706,-0.5232192,Av. de Josep Giner i Marco,Albaida,Valencia/València,46860,2,150.0,130,A-7,A,False,880.0560024663022
70BRAQJIVHWDFCAEZGCG,CONSUM GILET,39.68209,-0.3288817,"Urbanizacion Pla de la Venta Sect. 1, 6",Gilet,Valencia/València,46149,4,90.0,971,N-234,N,False,86.05951517348942
AJEOEFQVMRVRXDYAUSII,Parking P6 BARICENTRO,41.509045,2.136689,"Sector Baricentro Parking 6, N-150, Km 6,7 - 08210 Barberà Del Vallès",Barberà del Vallès,Barcelona,8210,12,60.0,875,AP-7N,AP,True,87.1219074428816
CLCMQD4NMRQ4XKZHDEAR,Parking P3 BARICENTRO,41.508568,2.139769,"Sector Baricentro Parking 3, N-150, Km 6,7 - 08210 Barberà Del Vallès",Barberà del Vallès,Barcelona,8210,14,60.0,874,AP-7N,AP,True,264.60737233484406
E5XFI6TJFNSRCLVRJKPN,Parking P5 BARICENTRO,41.507423,2.138241,"Sector Baricentro Parking 5, N-150, Km 6,7 - 08291 Ripollet",Ripollet,Barcelona,8291,14,60.0,875,AP-7N,AP,True,307.52179252821776
EACDEB2IZKSSE32MSPUU,Parking P4 BARICENTRO,41.508083,2.140105,"Sector Baricentro Parking 4, N-150, Km 6,7 - 08210 Barberà Del Vallès",Barberà del Vallès,Barcelona,8210,18,60.0,874,AP-7N,AP,True,325.1944884620814
DMWNQXYG3CI8JE969P4J,QWELLO - Plaça de d'Espanya 7,40.218533,0.1968492,Plaça de d'Espanya 7,Torreblanca,Castellón/Castelló,12596,4,22.0,389,N-340,N,True,423.78304940066795
YSQ0WOQBE6YJYSDA9OJE,QWELLO - Centro Comercial Parque Mediterráneo,37.623592,-0.9502591,Calle Riga 87,Cartagena,Murcia,30353,18,22.0,723,A-30,A,True,313.6015606391594
MQXRF8IFWKXGVPWRT1AJ,Estación bp ESSA,36.733788,-3.683305,"Khan Jounes,S/N",Almuñécar,Granada,18690,2,100.0,1062,N-340,N,False,253.48809277886946
FNQJ68NJ1JWRCPJAVOQO,Restaurante El Marqués - Aguadulce,37.26286,-4.958262,"Se-485, Pol. 2,56",Aguadulce,Sevilla,41550,8,180.0,828,A-92,A,True,206.76418271422747
ABEQTFTD6ZCMVO9GM9ZS,Paseo de Yecla - El Barco de Ávila,40.357506,-5.527123,"Paseo De Yecla,6","Barco de Ávila, El",Ávila,5600,4,120.0,183,N-110,N,False,273.96647451099057
CLNO9FAORDH3UMHCEIHO,Alcobendas - Centro Cultural Pablo Iglesias,40.54339,-3.644637,"Calle Del Doctor Adolfo Romero,2",Alcobendas,Madrid,28100,3,100.0,15,A-1,A,True,1281.4796071626827
ARNUBUPWDA1P5Y7FWNJ1,Alcobendas - Calle de Anabel Segura,40.534546,-3.627067,"Anabel Segura,10",Alcobendas,Madrid,28108,3,100.0,15,A-1,A,True,337.21523737245167
XQCKG6WQHTYATQXOQUZC,Alcobendas - Av.de España,40.544186,-3.629908,"De España (Plaza Henry Dunant),S/N",Alcobendas,Madrid,28100,3,100.0,15,A-1,A,True,1298.1337414016768
WTRMKTEIPYQPULHMIL20,CC Plaza Norte 2,40.540997,-3.613555,"Del Comercio,11-12",San Sebastián de los Reyes,Madrid,28703,32,150.0,15,A-1,A,True,385.908360832049
MG5XWAUARBORRYYAQEIY,La Moraleja Club de Pádel,40.52959,-3.640365,"De Bruselas,29",Alcobendas,Madrid,28108,3,100.0,15,A-1,A,True,262.29254774458343
01WLMQHP0K9Q5EJVFTJD,Alcobendas - Calle de los Aragoneses 1,40.524357,-3.659912,"De Los Aragoneses,1",Alcobendas,Madrid,28108,3,100.0,15,A-1,A,True,775.4804712737553
1E9YZRPE5HCDSIWI3DDY,AN Energéticos Piedrabuena,39.03735,-4.186213,"La Pajarilla ,35",Piedrabuena,Ciudad Real,13100,2,100.0,1132,N-430,N,False,618.7451442670168
8ZXMFYXEYDRLQNRMOUZO,Alcobendas - Plaza del Pueblo,40.540833,-3.635252,"Pablo Picasso ,13",Alcobendas,Madrid,28100,3,100.0,15,A-1,A,True,868.1236714046299
H7KBY6BPIIQTVJ9HVPK7,"Avda. de Europa, 7 - Alcobendas",40.520508,-3.66003,"De Europa,9",Alcobendas,Madrid,28108,3,100.0,15,A-1,A,True,656.3775628753012
W1NNHTIT6KUH80FDM9V1,C. Jose Ribera 21 - Vallada,38.897007,-0.691422,"Calle Jose Ribera,21",Vallada,Valencia/València,46691,4,100.0,736,A-35,A,True,1318.8464432036137
LZJ3VW7IKIDHVCIS4KKS,C. Cárcaba - Villalón de Campos,42.098553,-5.032123,"Calle Cárcaba,0",Villalón de Campos,Valladolid,47600,2,100.0,1195,N-610,N,False,81.77034090412704
F3IDYK0KH2ZB3VMHU9RT,"The Bridge Tavern ""LA FINCA""",43.363445,-4.096935,Barrio San Juan Nº6,Reocín,Cantabria,39539,4,22.0,574,N-634,N,False,417.4093322947088
5UJMFXQNAJ3PNSNSIFHR,QWELLO - Idorsolo Kalea 15,43.297493,-2.8871047,Calle Idorsolo 15,Derio,Bizkaia,48160,8,22.0,564,N-633,N,True,401.27082565460887
PIYNGDAFKRLGYOYFYIZ2,UTA Park Rubí,41.46909,2.030024,"Ctra. Molins De Rei, 251, Km. 8,",Rubí,Barcelona,8191,6,240.0,875,AP-7N,AP,True,319.88778218099844
XLWUI7QYDKMQUNVL38DU,Club de Ocio Nudos,38.974022,-3.958631,"Ctra. N-430, Km 304,",Ciudad Real,Ciudad Real,13005,3,100.0,1132,N-430,N,False,43.425756923142345
P47CVVPOVHLAJ2GYAWMX,Hotel El Cisne,41.62408,-1.011695,"Carretera De Madrid (A-2, Km 309) Sector Cisne 9109",Zaragoza,Zaragoza,50022,4,150.0,689,A-2,A,True,30.642453097371412
JJTZZZ5SQJ5PHQ4QJBOS,Centro Polideportivo San Pablo. Sevilla,37.39613,-5.963108,"Calle Doctor Laffon Soto, 2",Sevilla,Sevilla,41007,2,22.0,747,A-4,A,True,1665.5155985796173
GHRECZ5U2MKIFIR7W7ZD,NODE. Carabanchel,40.53097,-3.661392,"Calle Del Aguacate, 58",Alcobendas,Madrid,28108,10,7.4,15,A-1,A,True,1227.102741055072
MU7F08US1CG6RRJ5GS1F,Restaurante El Corral de Don Pepe,42.647205,-5.593789,"Ctra. Asturias, 4",Sariegos,León,24196,4,60.0,1220,N-630,N,False,21.311583118365835
WZ3YWFSLHELSF0FK7Z1D,Petroprix Vicalvaro,40.403667,-3.616137,"Calle De Herce, 41",Madrid,Madrid,28032,2,50.0,46,A-3,A,True,1510.9382097298137
AWGMTQEVOOL0BER76LFC,WS Peraleda,39.891933,-5.427431,"Av. De Europa, 74",Pedroso de Acim,Cáceres,10335,30,360.0,787,A-5,A,True,126.04126400648212
KAPKPCJTDUQHN0OBQHL3,E.S. Pedresina,40.592,-6.790778,Autovía De Castilla. A-62. Km 352,Fuentes de Oñoro,Salamanca,37481,12,360.0,1211,N-620,N,False,87.63345647030353
LA2XOXRMJ73J0VJ2BLVH,E.S. Beroil Estepar,42.27846,-3.891755,"N-620, Km 20",Buniel,Burgos,9230,2,20.0,1213,N-620A,N,False,51.07290094474459
ENP48GBPMOHA2SHNIQKM,CC Splau,41.3474,2.077662,"Av. Del Baix Llobregat, S/N","Prat de Llobregat, El",Barcelona,8820,7,7.4,701,A-2,A,True,194.69953775882814
JZ2CW9CWKCPMLTW4KC8Z,P.C. Toledo Fusión,39.862125,-3.980628,"Avenida Río Guadiana, 14",Toledo,Toledo,45007,16,240.0,761,A-42,A,False,1028.4274560958133
RDMOWDF4LVUSL3GRVWDT,US_193_Donostia I,43.301884,-1.95162,"Paseo De Ubarburu, 4",Donostia/San Sebastián,Gipuzkoa,20014,1,60.0,682,A-15,A,False,1285.304082918192
L42TFBM8NZ9AI6ZRTFHE,US_202_Irura I,43.16909,-2.06679,"Ibai-Ondo Bailara, 7",Irura,Gipuzkoa,20271,1,60.0,656,A-1,A,True,92.78071242294165
EOO6ZDIL6KKUU06BRIXI,Estación de Servicio EL CISNE 1,41.625652,-1.0100425,AUTOVIA DE MADRID KM. 312,Zaragoza,Zaragoza,50197,2,150.0,689,A-2,A,True,95.03543314542465
PQLPLMKLRPVJCEGRGMDS,Seis de agosto - Jovellanos,43.539642,-5.663134,Plaza Seis De Agosto S/N,Gijón,Asturias,33206,6,22.0,1279,N-641,N,True,1629.9419933518668
RM8JIBK8W2E4PCERXERQ,Rambla,36.8384,-2.460103,Avda. De García Lorca 52,Almería,Almería,4005,8,22.0,1077,N-340A,N,True,1700.643983995709
NV9PSOKBDZ7SW0XBBGLX,Mercado de Abastos,42.43466,-8.643992,Avda. De Buenos Aires 2,Pontevedra,Pontevedra,36002,4,22.0,511,N-550,N,False,424.25784847172184
XWQK7ITTFH3X86T8HPPB,Cáceres Centro,39.472527,-6.378973,C/ Clara Campoamor 9,Cáceres,Cáceres,10001,6,22.0,485,N-521,N,False,28.142479731741023
KG69BYNPRIPRAQC5IH5T,Hospital General Universitario,39.46966,-0.408785,C/ Casa De La Misericordia 3,Xirivella,Valencia/València,46014,14,22.0,53,A-3,A,False,764.2951088237319
R6WUYNCAQ4SATA5PG0SC,Universidad,37.988197,-1.126467,Paseo Menéndez Pelayo S/N,Murcia,Murcia,30001,6,22.0,723,A-30,A,True,1341.9233783294078
DLSGIOHTVS1SXQLOC9RB,El Sembrador - AVE,38.996613,-1.852262,C/ Alcalde Conangla S/N,Albacete,Albacete,2001,6,22.0,726,A-31,A,True,786.0142794263003
DGE3ANPR8UESKEIP056Y,Arjona,37.390957,-6.003804,Puente Del Cristo De La Expiración El Cachorro 746,Sevilla,Sevilla,41001,20,22.0,1245,N-630,N,False,926.264826138219
XAOQO9NHVAOAHB9UQ5V8,Avenida de España,38.987274,-1.854334,Avda. España S/N,Albacete,Albacete,2002,18,22.0,726,A-31,A,True,1490.5899311622002
YFDRPIHVVXJ6HPFCIVMC,Catedral - Oblatas,40.95269,-4.123607,Paseo Del Obispo Con Calle Doctor Velasco,Segovia,Segovia,40003,6,22.0,181,N-110,N,False,1620.3914657207802
C4IZ7GZXCYHJU7KXZADB,Laubide Plaza,43.064186,-2.4893975,Maalako Errabala Aldea 33,Arrasate/Mondragón,Gipuzkoa,20500,2,7.0,837,AP-1,AP,True,755.47722998128
VVUYO7BEADF9Z9IDWBYF,Retiro - Niño Jesús,40.416515,-3.676461,"Calle Narváez 80, 28009 Madrid",Madrid,Madrid,28009,5,7.0,45,A-3,A,False,1904.1218926777906
6VGAAT4N2YPRHC84FMP3,Plaza de La Paz,42.463818,-2.446873,Plaza De La Paz S/N,Logroño,"Rioja, La",26001,6,22.0,195,N-111,N,False,1348.1977765168037
LKE9HJG0WKU7GJMGAQRF,Carlet - AVE,38.341885,-0.4946787,C/ Carlet 2 Y 3,Alicante/Alacant,Alicante/Alacant,3007,6,22.0,730,A-31,A,True,1096.2829503554506
W65UAV6I9OKI2R7YD3IS,Plaça Mayor,39.936962,-0.100587,Plaza Mayor S/N,Vila-real,Castellón/Castelló,12540,6,22.0,387,N-340,N,False,868.5901273277831
TOXLABJWQECAB4SLTCFS,Arias Maldonado,36.5085,-4.893019,Avda. De Arias Maldonado S/N,Marbella,Málaga,29602,4,22.0,0,A-7S,A,True,1044.4126647761145
AB9VHE4HTPU1QR97QOGD,Longoria Carbajal,43.36432,-5.848531,Plaza Longoria Carbajal S/N,Oviedo,Asturias,33002,4,22.0,1218,N-630,N,False,1080.280546613744
05BPVFIBETUJLZE0PQ6F,Plaza de Europa,43.53846,-5.663674,Plaza Europa S/N,Gijón,Asturias,33205,4,22.0,1279,N-641,N,True,1503.8724536084364
IX8BZ1N2YWT7R8HVYUKO,Plaza de Santoña,37.989483,-1.1234782,Plaza De Santoña S/N,Murcia,Murcia,30006,4,22.0,723,A-30,A,True,1639.109211787419
H2AOPT8CDNCKZCSVWZM4,Marqués de Duero - Centro,36.482853,-4.98881,Marqués Del Duero S/N,Marbella,Málaga,29670,4,22.0,2,A-7S,A,False,59.55120618700331
YJCTPKLFMYGTFLEUJQWH,Vistalegre - Puerto,37.975533,-0.6840212,Paseo De Vistalegre S/N,Torrevieja,Alicante/Alacant,3181,2,22.0,1048,N-332,N,False,924.5936249190888
I0KJBZ6INBAWYAAZLB0R,Central Pontevedra,42.42814,-8.6469145,Rúa Dos Gagos De Mendoza S/N,Pontevedra,Pontevedra,36001,12,22.0,163,AP-9,AP,True,602.8195749611016
SNAWLUGO8TS9955LV970,Hospital General,40.002018,-0.040681,C/ Covadonga S/N,Castelló de la Plana,Castellón/Castelló,12004,28,22.0,881,AP-7N,AP,True,1228.2984256904365
I4Y14MWRMAKPLZA3B0X9,El Serrallo - Port,41.110176,1.244505,Muelle Serrallo S/N,Tarragona,Tarragona,43004,10,7.0,1114,N-420,N,False,887.63884792978
OZ2YDWZI1CB2SIIHMARV,Plaza Mayor Calpe,38.6434,0.046172,Plaza Mayor S/N,Calp,Alicante/Alacant,3710,17,22.0,367,N-332,N,False,965.781389208363
YOMP3DPUYHUJRCGNRDYT,La Ermita,36.512657,-4.89086,Avda. De Huerta De Belón 7,Marbella,Málaga,29601,4,22.0,0,A-7S,A,True,692.2912624547594
8CZI8TNNMPJKUMQEKCPU,Aldai,43.143787,-2.9622326,Zumalakarregi Hiribidea 36,Laudio/Llodio,Araba/Álava,1400,4,22.0,859,AP-68,AP,True,1978.3717261941656
QWHB5QDBY2LDG1BKYJON,Pere Cornell,39.945854,-0.064174,Plaza Pere Cornell S/N,Almassora,Castellón/Castelló,12550,4,22.0,1088,N-340A,N,False,1540.5662971724366
0U1JAS3OXDEVPE72AZJS,Feria,38.99632,-1.867301,C/ Feria S/N,Albacete,Albacete,2004,4,22.0,1003,N-322,N,True,1686.187224818788
A5UABXTOEFDNR1LTYVM2,Almadrabillas,36.832355,-2.460634,C. Ángel Jover 2,Almería,Almería,4007,5,22.0,1077,N-340A,N,True,1731.7996676677424
BAXCISO1CRXDMU9LSTUB,Estación Valcarce Baamonde,43.172718,-7.766572,"N-Vi ,Km 529,6",Begonte,Lugo,27371,14,150.0,540,N-6,N,False,24.567543955070445
CZ34QMVCAJKZC5D1KUQP,AUDI MARZÁ - Avenida de Lairón 60,39.973717,-0.070658,"Lairon (Ciudad Del Transporte),60",Castelló de la Plana,Castellón/Castelló,12006,2,300.0,251,N-225,N,False,516.4556012499169
KMVJTKYEJKPZLRUZDI5J,Alcobendas - Calle de los Reyes Catolicos,40.53669,-3.650202,"De Los Reyes Católicos,1",Alcobendas,Madrid,28108,3,100.0,15,A-1,A,True,862.8575243381041
CB5HIHOLDUDIDDQROZGG,AUDI MOTORSOL IMPORT,41.3353,2.0475,"Del Prat,3",Sant Boi de Llobregat,Barcelona,8830,2,300.0,701,A-2,A,True,1986.4761689243107
KERDD3U9DSVAVVFYOIMV,Burger King - Galdakao,43.22797,-2.837736,"Gernica,S/N",Galdakao,Bizkaia,48960,2,100.0,566,N-634,N,False,26.517696041704575
ULNBXJLEA0FNFHJHZZBF,E.S. PORTAZGO CARGADOR P,41.660816,-0.9258108,"AUTOVIA DE LOGROÑO KM. 0,3",Zaragoza,Zaragoza,50011,1,120.0,260,N-232,N,False,28.33550905863936
WVPBTO1V3F7BGV79BKYN,PETROCASH LUGO,43.030815,-7.536396,AVDA. ADOLFO SUAREZ S/N,Lugo,Lugo,27192,1,120.0,1271,N-640,N,False,117.04175661701008
ESGTPP9LUNBMQSRFYQ9M,Rest. Nou Urbisol,41.599354,1.701087,"Avda. Montserrat, 2",Castellolí,Barcelona,8719,2,100.0,699,A-2,A,True,18.796084199856114
2024002329,E-MU-Murcia-020,38.0312,-1.15038,"Metrovacesa,2",Murcia,Murcia,30110,11,22.0,134,A-7,A,True,201.31152014263563
2025000176,CA-Los Barrios-005,36.181877,-5.440045,"Los Palmones Ii,N/A","Barrios, Los",Cádiz,11379,3,50.0,5,A-7S,A,True,161.30959376949838
0OW3YBKDKJUTPB7ALJGO,L-VielhaEMijaran-005,42.71107,0.797652,"França,S/N",Vielha e Mijaran,Lleida,25530,4,110.0,256,N-230,N,True,64.33963812773781
2024000942,A-SanFulgencio-001,38.117607,-0.657107,"Mar Tirreno,5",Daya Vieja,Alicante/Alacant,3177,6,50.0,1051,N-332,N,False,96.38080810189587
2024002115,A-Petrer-001,38.462013,-0.782324,"Mediterraneo,137",Elda,Alicante/Alacant,3600,3,50.0,728,A-31,A,True,300.217214860573
2024002147,E-A-Benidorm-016,38.54252,-0.12666,"Alfonso Puchades,1",Benidorm,Alicante/Alacant,3502,2,22.0,364,N-332,N,False,1195.759903915385
2024002282,C-Culleredo-001,43.290295,-8.370424,"Alvedro,5",Cambre,"Coruña, A",15181,6,50.0,507,N-550,N,False,195.6801816301381
2024004802,AB-Albacete-014,39.009594,-1.877909,"Ilustracion,51",Albacete,Albacete,2005,2,150.0,1003,N-322,N,True,116.67061246434587
2024004748,PO-Pontevedra-003,42.4286,-8.6288,"Carrasqueira,1",Pontevedra,Pontevedra,36164,3,50.0,502,N-541,N,False,1159.387527550347
AT9UCAO3IPOKUS3J05OM,SE-LasCabezasdeSanJuan-001,37.00143,-5.937996,"Autopista Ap-4,424","Cabezas de San Juan, Las",Sevilla,41730,12,100.0,844,AP-4,AP,True,169.51401618117146
EPAMJMVBULPEYW4PCE7L,E-B-Martorell-007,41.50626,1.897438,"Autovi´a A-2, Km. 585,S/N",Abrera,Barcelona,8630,4,22.0,699,A-2,A,True,538.9690071016261
VKOQEENZIJVXOGVNKFIP,CONSUM VILLAREAL CALVARIO,39.94509,-0.097913,"CALLE CALVARI, 100",Vila-real,Castellón/Castelló,12540,2,80.0,387,N-340,N,False,904.8885400459785
RZAXKBCC43VVRDYDWQ6X,J-Ubeda-003,38.017303,-3.383568,"Cronista Juan De La Torre,5",Úbeda,Jaén,23400,5,50.0,999,N-322,N,False,415.712881366885
SKOTAKRH2SHUSTER0AZK,E-T-Campsa-002,41.132442,1.203931,"Les Gavarres,1",Tarragona,Tarragona,43006,6,7.4,137,A-7,A,False,208.52128074772477
NJW4CGD6BUEQWEPY0DTS,T-SantaOliva-003,41.23699,1.544581,"Moli D' En Serra,10-15",Santa Oliva,Tarragona,43710,6,60.0,396,N-340,N,False,1205.4719337326371
AGYRZCRB1P50PIZQFBDJ,O-Parres-004,43.38865,-5.18632,"Juan Carlos I,6",Parres,Asturias,33540,3,60.0,577,N-634,N,False,415.25356446045924
RDBVI6H5HOTIPVCOGUGH,E-T-Campsa-001,41.114937,1.205527,"N-340,220",Tarragona,Tarragona,43006,6,7.4,394,N-340,N,False,10.916907690529108
FT5X3RARFXMLLRNNKUNA,O-Parres-003,43.3902,-5.18321,"Principe De Asturias,2",Parres,Asturias,33540,3,50.0,577,N-634,N,False,188.64551146903364
GP7WVAS6LBXUAPWAF3FQ,GUAW VITORIA,42.854176,-2.7107935,"Düsseldorf Kalea,2",Vitoria-Gasteiz,Araba/Álava,1010,2,150.0,651,A-1,A,True,1910.7628645054976
2YOIC1IWJWIEAVI5Z63Q,PARKING BENALMADENA PUEBLOSOL,36.59902,-4.5389676,"C. Pepa Guerra Valdenebro, 27",Benalmádena,Málaga,29631,6,200.0,620,AP-7S,AP,True,963.5886194208979
QTMGDMQD9JNUU5PN9GBD,DIA ARGANDA DEL REY,40.29418,-3.4263823,"P.º de los Navegantes, 22",Arganda del Rey,Madrid,28500,2,150.0,10,N-3,N,False,70.65080709503914
9QIETS73O9RXEQ09TRQG,Santander - Esperanza,43.46313,-3.810185,"Plaza Esperanza, S/N",Santander,Cantabria,39002,8,7.59,1202,N-611,N,False,1421.025305390603
OHLFLMFYTUPTZWT9KO6K,Santiago de Compostela - Choupana,42.86837,-8.5629,"Rua Sempre Galiza, S/N",Santiago de Compostela,"Coruña, A",15706,10,7.59,163,AP-9,AP,True,1235.228223917463
FS2ARWLOMRBDZVFRBAIM,Lugo - Plaza de Santo Domingo,43.01209,-7.556206,"Plaza Santo Domingo, S/N",Lugo,Lugo,27001,6,7.59,538,N-6,N,False,1496.1615598707867
KDITSPA6JA6EQ8KQSRW6,Lugo - Plaza de Constitución,43.00891,-7.554307,"Plaza De La Constitución, S/N",Lugo,Lugo,27001,6,7.59,537,N-6,N,False,1516.7996303789052
L8B1YOFFVQSYQYMYJIMY,Lugo - Plaza del Ferrol,43.01361,-7.557819,"Plaza Ferrol, S/N",Lugo,Lugo,27001,6,7.59,538,N-6,N,False,1421.5815713358868
H7PFVGA4S4TMMXSR0STQ,Santiago de Compostela - Plaza Galicia,42.876514,-8.544469,"Plaza Galicia, S/N",Santiago de Compostela,"Coruña, A",15702,8,7.59,163,AP-9,AP,True,1924.40390828377
M35E49ERBHZY31JYMZJE,Torrelavega - Plaza Ayuntamiento,43.34952,-4.049865,"Bulevar Luciano Demetrio Herrero, 5",Torrelavega,Cantabria,39300,6,7.59,155,A-8,A,True,902.227629423937
V30AL9JNHZFHGHDF2LLY,Algeciras - Sur de Europa,36.13234,-5.446552,"C/ Trafalgar, S/N",Algeciras,Cádiz,11201,4,7.59,407,N-350,N,False,1014.5615427969158
HUUP8RJBLFTHWKOIDEW2,Algeciras - Plaza Andalucia,36.13206,-5.452096,"Avenida Blas Infante, S/N",Algeciras,Cádiz,11201,10,7.59,9,A-7S,A,True,847.5441187033908
PPBKY0IUDUOTMH8MG34T,Algeciras - Menéndez Tolosa,36.13303,-5.449818,"Avenida Menénez Tolosa, S/N",Algeciras,Cádiz,11201,4,7.59,9,A-7S,A,True,994.0956180043585
SL9FWKVOADDLRTWSNHRO,Alcalá de Henares - San Lucas,40.48544,-3.363364,"Vía Complutense, 32",Alcalá de Henares,Madrid,28805,6,7.59,685,A-2,A,True,1893.2329805264837
GZKBE5RXI6W9QFJDRUDW,Soria - Plaza del Olivo,41.76369,-2.466612,"Plaza Del Olivo, S/N",Soria,Soria,42002,4,7.59,980,N-234,N,False,390.0786510017886
TG40YFD2XVBUYM4JHRW4,Tarragona - URV Campus Catalunya,41.12284,1.248501,"Avinguda Catalunya, S/N",Tarragona,Tarragona,43002,16,7.59,137,A-7,A,False,160.47919464646225
EBDPDPVMZCDGN7Y1MVTP,Murcia - Alfonso X,37.99073,-1.130035,"Gran Vía Alfonso X, 14",Murcia,Murcia,30008,8,7.59,723,A-30,A,True,1208.3732096651406
7LJNYPLGTWBDER07XPVY,Alicante - Poniente,38.338017,-0.488735,"Muelle Pte., 10A.",Alicante/Alacant,Alicante/Alacant,3003,8,7.59,730,A-31,A,True,1180.9534896470202
N1RWEZ2CQ1TZTPYIDZRJ,Santurtzi - Parque Santurtzi,43.329357,-3.030867,"Parque Santurtzi, S/N",Santurtzi,Bizkaia,48980,8,7.59,613,N-644,N,True,937.2685419475645
NRPHNTWGXC79KWFJGOZP,Olesa de Monserrat - Plaça Catalunya,41.543068,1.892943,"Plaça Catalunya, S/N",Olesa de Montserrat,Barcelona,8640,12,7.59,699,A-2,A,True,1938.5330558947962
QL8FM3KWQU8JJPVE3HD3,Oviedo - Llamaquique,43.35941,-5.85481,"C/ Coronel Aranda, S/N",Oviedo,Asturias,33005,26,7.59,1218,N-630,N,False,381.3181833836594
KIILSASZ49OKIRUR3EVT,Parking indigo Bruselas,39.871857,-4.034078,C. Bruselas,Toledo,Toledo,45005,2,7.0,761,A-42,A,False,1272.4684905607005
HULYPUORACNGQCKQMUAL,Parking indigo Avenida del Mar,36.508553,-4.886112,Av. Del Mar,Marbella,Málaga,29602,2,7.0,0,A-7S,A,True,1194.5830263202738
QKDKZPHT119CGBNBORV8,Parking La Llama,43.35283,-4.043241,"C. Pintor Varela, 8A",Torrelavega,Cantabria,39300,8,11.0,154,A-8,A,True,506.8985772489658
NHJI9SJ4J1BFWOAUOKZ8,Hospital Mompia,43.43485,-3.916379,Hospital Mompia Av. De Los Condes,Santa Cruz de Bezana,Cantabria,39100,4,150.0,116,A-67,A,True,123.26649309897537
U2RQCKM2YDI0OBYGIQIW,La Flecha,41.62606,-4.764066,"Avenida De Salamanca, 108",Valladolid,Valladolid,47197,2,150.0,84,A-62,A,True,1305.0551998576898
KQ273RII3SRUH4NEWKHC,TotalEnergies - E.S. Super Gasoil Ontigola,39.99045,-3.587222,"C. Hospital, 36",Ontígola,Toledo,45340,4,150.0,742,A-4,A,True,286.41312907049905
70KRSZIN9DWWNK5HOE0K,TotalEnergies - Hotel Triana,39.14289,-5.924285,Ctra. Herradores,Mesas de Ibor,Cáceres,10100,4,100.0,789,A-5,A,True,794.2676802435715
ELUAV4GQ1PWDY3YSO99R,TotalEnergies - Hotel Flor de la Mancha,39.202396,-2.148265,Montalvos S/N,"Roda, La",Albacete,2630,4,100.0,725,A-31,A,True,289.8047276349238
ABKKKM8VBXRNVL9VFZPE,Parking El Vasco,43.364277,-5.84502,"C. Manuel Garcia Conde, 08",Oviedo,Asturias,33001,3,7.0,1218,N-630,N,False,1248.3583543108055
F3HXNECIA2YYURDEGMSR,Parking indigo Jorge Vigon,42.462315,-2.442902,"Av. Solidaridad, 13",Logroño,"Rioja, La",26003,2,7.0,195,N-111,N,False,1467.8007000893977
GYRT2I9ZXRCMY1JUEJGU,Parking indigo Plaza del Pilar-Juzgados,41.657223,-0.880822,Plaza Del Pilar,Zaragoza,Zaragoza,50003,4,7.0,355,N-330,N,False,1652.0474512003034
AEAU8FWWXLQNIV6J5U7M,Parking indigo Cesar Augusto,41.6544,-0.884071,"Av. De Cesar Augusto, 52",Zaragoza,Zaragoza,50003,2,7.0,355,N-330,N,False,1989.0661721458264
RFFXTCZ5MSVL4RKWTCXX,Parking indigo Munoa,43.28686,-2.176813,"Amezti Kalea, 3",Zarautz,Gipuzkoa,20800,2,7.0,565,N-634,N,False,27.61435831605331
WUGFANEGTZ4RCTWFXRJW,Avenida Abrantes,40.38112,-3.72758,"Avenida Abrantes, 57",Madrid,Madrid,28025,7,100.0,761,A-42,A,False,730.5573723285726
D3PGFP8HQBMUZXHLZUL5,Calle Carmen Amaya,40.411774,-3.654923,"Calle Carmen Amaya, 13",Madrid,Madrid,28030,7,100.0,45,A-3,A,False,701.3052423259165
IHHDGD0NHYY796Y3ZTV8,Calle General Lacy,40.401875,-3.690769,"Calle General Lacy, 21",Madrid,Madrid,28045,7,100.0,740,A-4,A,False,1629.6261373448824
ZALNS7VDQO7P911V1ZYI,Avenida de Cordoba,40.386295,-3.698591,"Avenida De Cordoba, 3",Madrid,Madrid,28026,7,100.0,740,A-4,A,False,985.8067451351234
YCMBTIR3VXOXSARMK0RP,Calle San Claudio,40.38869,-3.63874,"Calle San Claudio, 154",Madrid,Madrid,28038,7,100.0,45,A-3,A,False,613.37306893901
P0J937BIEA27ZNNJKPK3,TotalEnergies - Restaurante Los Manzanos,38.900723,-1.519957,"Carretera Madrid - Alicante, Km 280",Chinchilla de Monte-Aragón,Albacete,2695,4,200.0,727,A-31,A,True,276.9971984344162
W0920HMPET4EDNKEZ76O,TotalEnergies - Asador Arraiz,43.241497,-2.960112,"Arraiz Bidea, 116",Bilbao,Bizkaia,48002,3,50.0,1291,AP-8,AP,True,9.661517088503118
GUUMUAO1N46XZBWR0NPD,TotalEnergies - Bodegas Copaboca Calahorra,42.308983,-1.955118,"Calle Algarrada, 4",Calahorra,"Rioja, La",26500,3,50.0,263,N-232,N,False,1748.0988320394915
MBJ7Y0VUNT2KKCM39T4S,Bingo Plaza Benidorm,38.53772,-0.126527,"Pl. De La Hispanidad, 4",Benidorm,Alicante/Alacant,3503,4,22.0,364,N-332,N,False,1724.836204504797
JJRHKXK7P7QJMWE3D7WI,TotalEnergies - Cash Superiku,38.515522,-3.494726,"Calle Dr. Patricio Fernandez, 2",Almuradiel,Ciudad Real,13760,4,100.0,623,N-4,N,False,41.26156792194128
PGKVDENAVYAYHK5B6ENU,IONITY Ribadeo,43.54424,-7.062385,Grandela 2,Ribadeo,Lugo,27710,6,350.0,822,A-8,A,True,231.5656235837367
XDZELPG4GDDD75ZDXJBY,Linde Coslada,40.44045,-3.53261,"Av. De San Pablo, 16",Coslada,Madrid,28823,2,22.0,685,A-2,A,True,670.7279473917637
K1C8I9OFOVDEQI6WJPSZ,El Pedernoso,39.48833,-2.74984,C. Cuenca,"Pedernoso, El",Cuenca,16638,22,150.0,322,N-301,N,False,35.03640347142687
AMXHRVH63LGP9PQLGCYL,Estación bp La Era,37.05725,-2.38753,"Ricardo Fabregas,S/N",Tabernas,Almería,4200,3,100.0,1081,N-340A,N,False,293.11138624312304
ILT50BKWIKMUUKKLBW2Z,"Plaça Nova, 9",42.4167,2.872906,"2 Plaça Ajuntament, 17700 La Junquera, Girona, Spain","Jonquera, La",Girona,17700,2,22.0,958,N-2,N,False,95.4875576237892
ZRBYGP2PGD7G1RG1ZFQH,Móra la Nova - LAFON EdRR 1,41.09772,0.648795,"Plaça De Catalunya, 15, 43770 Móra La Nova, Tarragona, Spain",Móra la Nova,Tarragona,43770,3,55.0,1112,N-420,N,False,470.65134269310886
B1AHFW6O8THGO19NG91G,Móra la Nova - SELBA EdRSR 1,41.10044,0.653326,Carrer Imperial Tarraco 2,Móra la Nova,Tarragona,43770,1,7.0,1125,N-420A,N,False,269.66541346953375
XAA3QV9IWKZUSXX5NAD5,"Av. de les Comarques Catalanes, 5",41.08972,0.643364,"Av. De Les Comarques Catalanes, 2, 43740 Móra D'ebre, Tarragona, Spain",Móra d'Ebre,Tarragona,43740,3,55.0,1124,N-420A,N,False,85.49804806581008
9PO9IHK2HJIH5GM7EEIY,Montmeló - LAFON EdRR 2 Carrer Vic,41.557182,2.252292,"Carrer De Vic, 101, 08160 Montmeló, Barcelona, Spain",Montmeló,Barcelona,8160,3,55.0,873,AP-7N,AP,True,186.62603055152994
EUAA4ZNWNEJ8DSSCQZYW,"Plaça Espanya, 8",40.596043,0.449434,"Passeig Estació, 33D, 43550 Ulldecona, Tarragona, Spain","Borges del Camp, Les",Tarragona,43550,2,22.0,880,AP-7N,AP,True,1347.5810381137696
ECRUZHIIAGIOZKI33QIN,Martorell - LAFON EdRR 2,41.48536,1.919567,"Carrer Marie Curie, 1, 08760 Martorell, Barcelona, Spain",Martorell,Barcelona,8760,3,55.0,951,N-2,N,True,590.9230869942145
K39EMIBPEK3CQGWUHUXV,"Camí de Can Bros, 40-38",41.491707,1.913204,"Camí De Can Bros, 38, 08760 Martorell, Barcelona, Spain",Martorell,Barcelona,8760,3,55.0,950,N-2,N,True,87.85366186666883
IRUBSSX70LXOONWHFP1U,SELBA - Martorell EdRSR 1,41.476974,1.914794,"Rambla De Les Bòbiles, 14",Martorell,Barcelona,8760,2,22.0,876,AP-7N,AP,True,1024.3859796242955
DFE0CV0281NGMMCUOOAA,SELBA - Martorell EdRSR 3,41.471725,1.911494,"Carrer De Gelida, 53",Martorell,Barcelona,8760,2,22.0,876,AP-7N,AP,True,694.5835279252976
T2SGTVTO99DBTC72FG8M,SELBA - Martorell EdRSR 6,41.475666,1.928167,"C. Revall, Barcelona",Martorell,Barcelona,8760,4,22.0,876,AP-7N,AP,True,426.3193441768592
BF26TBP9AUUNKYFNEOKI,Servinstec Martorell - SELBA EdRSR 1,41.482094,1.91152,"Carrer D'enric Prat De La Riba, 38",Martorell,Barcelona,8760,4,22.0,951,N-2,N,True,693.3706737012068
GCPSPV4Z1JP5X0ZP3DSS,Ajuntament de Martorell - SELBA EdRSR 1,41.48087,1.914528,"Av. Francesc Riera, S/N",Martorell,Barcelona,8760,2,22.0,951,N-2,N,True,814.4366967310607
XUMPMS8IW71EQ9PEKVSZ,Ajuntament de Martorell - SELBA EdRSR 2,41.484844,1.913873,"Carrer Josep Vilar, S/N, Pavelló Can Cases",Martorell,Barcelona,8760,2,22.0,951,N-2,N,True,369.2168807508076
FGAZYSDCSTSAYKLVRSWO,Ajuntament de Martorell - SELBA EdRSR 3,41.478325,1.911591,"Carrer Nou Vial, S/N",Martorell,Barcelona,8760,2,22.0,951,N-2,N,True,1104.367690793455
IEKELUW13WSVOLYRJS6Q,martorell xcharger,41.48068,1.92429,"Av. Joaquim De Barnola I Bassols, 24,",Martorell,Barcelona,8760,2,60.0,700,A-2,A,True,958.8123079072682
MHIIZLIRFKVVB1GGKPNP,Martorell - SELBA EdRSR 2,41.4721,1.920596,"Av. Mancomunitats Comarcals, 1, 3",Martorell,Barcelona,8760,2,22.0,876,AP-7N,AP,True,297.44371919158147
BKTQDJBHPURPBN3HST6U,MARTORELL1,41.465214,1.948633,"Avinguda Del Congost, 11",Martorell,Barcelona,8760,3,44.0,700,A-2,A,True,481.7328526711529
GLOSODBPHRX6Z6AYHXNZ,Avinyonet de Puigventós - CIRCUTOR EdRSR 1,42.250843,2.910867,"Diseminado Mas Margall, 11, 17742 Avinyonet De Puigventós, Girona, Spain",Avinyonet de Puigventós,Girona,17742,2,22.0,298,N-260,N,False,761.6954648079369
LOFXKLGL6DVQK8C2IVCP,Av. Catalunya 12,41.39514,1.09848,"T-700, 12, 43440 Espluga De Francolí, Tarragona, Spain","Espluga de Francolí, L'",Tarragona,43440,6,55.0,991,N-240,N,False,820.5745887726348
42MYAGC5FZ9ABV4NLQLM,Caseres - SELBA EdRSR 1,41.040512,0.25104,"Carrer Major, 43, 43787 Caseres, Tarragona, Spain",Caseres,Tarragona,43787,2,22.0,1112,N-420,N,False,544.3294752975629
VJCISF5GZUHMD0IDXFPB,Badía del Vallès - SELBA EdRSR 1,41.50906,2.114064,"Av. De Burgos, 30-42, 08214 Badia Del Vallès, Barcelona, Spain",Badia del Vallès,Barcelona,8214,2,22.0,875,AP-7N,AP,True,895.8019100587823
LNBSXU8MTS0YG1GOZJFP,Aj. Mollerussa - LAFON EdRR 1,41.624805,0.894075,"Carrer Llorenç Vilaró, 7, 25230 Mollerussa, Lleida, Spain",Mollerussa,Lleida,25230,3,55.0,698,A-2,A,True,1914.4198731868164
2B6QYLL1PXIBT666WPTF,Les Borges Blanques - LAFON EdRR 1,41.520054,0.867339,"Passeig Del Terrall, 4, 25400 Les Borges Blanques, Lleida, Spain","Borges Blanques, Les",Lleida,25400,3,55.0,991,N-240,N,False,760.249332654316
1TWASUAFGJ6ABHS8TJQL,"Camí Borges, 3",41.547047,0.828654,"Carrer Cami Borges, 54, 25430 Juneda, Lleida, Spain",Juneda,Lleida,25430,3,55.0,991,N-240,N,False,610.8331258509072
JXMP7UM6VZ2E3YTAQP85,Santa Margarida de Montbui - SELBA EdRSR 1,41.574585,1.60887,"Ctra. De Valls, 57, 08710 Santa Margarida De Montbui, Barcelona, Spain",Santa Margarida de Montbui,Barcelona,8710,2,22.0,699,A-2,A,True,1941.8639449949073
Y8YYKK5PIKP96HC60EQL,Els Monjos - LAFON EdRR 1,41.321007,1.662544,"Avinguda De Catalunya, 80",Santa Margarida i els Monjos,Barcelona,8730,3,55.0,877,AP-7N,AP,True,1023.2860371382716
T0CXNRIYIRMCUMVKFQOR,Castellolí 2,41.59803,1.699689,"Avinguda De La Unió, 11,",Castellolí,Barcelona,8719,2,22.0,699,A-2,A,True,104.87872870741852
PKJEVDJ0ASYRU6DBTEEA,Vallmoll - SELBA EdRSR 1,41.24261,1.249082,"Plaça Major, 1",Vallmoll,Tarragona,43144,2,7.0,988,N-240,N,False,281.7780124909958
YVBVJVBGZT3Z47G3SOGP,Aeroports de la Generalitat - SELBA EdRSR 2 La Seu,42.337803,1.405644,Parking Aeroport La Seu,Montferrer i Castellbò,Lleida,25711,2,22.0,304,N-260,N,False,547.5972103637043
LRF3WWGLAIRFTPKHROIJ,El Far d'Empordà - SELBA EdRSR 1,42.25103,2.996561,"Carrer Pau Casals, 9","Far d'Empordà, El",Girona,17469,2,22.0,954,N-2,N,False,991.7205935739809
59GISWFO8GMRDZLEHKOU,Fornells de la Selva - SELBA EdRSR 1,41.93097,2.812702,"Cami Avellaners, 1",Fornells de la Selva,Girona,17458,2,22.0,953,N-2,N,False,723.3706094155583
HLONFOBITA35AOBHMBLS,El Masroig - SELBA EdRSR 1,41.12578,0.731133,"Ajuntament El Masroig, Passeig Progrés, 1","Figuera, La",Tarragona,43736,2,22.0,1112,N-420,N,False,1056.720561350081
XKUEIDHGG6LYVMYPSBTL,Redessa - SELBA EdRSR 1,41.14374,1.129171,"Edifici Tecnoparc - Av. De Bellissens, 42",Reus,Tarragona,43204,4,22.0,1113,N-420,N,False,537.4294989303694
U9BZSJP1ZPLNYVRU86TU,Gandesa - LAFON EdRR 2 Estació,41.05751,0.44118,"Avinguda De Catalunya, 62",Gandesa,Tarragona,43780,3,55.0,1112,N-420,N,False,5.691661917588904
OY3HTN4FCGRNXKVZIBRY,Gandesa - LAFON EdRR 1,41.05129,0.436174,"Carrer De La Bassa D'en Gaire, 1",Gandesa,Tarragona,43780,3,55.0,1112,N-420,N,False,281.35105111943045
VAEYM4C2HJWWMRCHKEKW,AMB FL008 - CIRCUTOR EdRSR 1,41.388206,2.007995,"Fotolinera Edifici De La Foneria. Carrer Claverol, 6",Sant Vicenç dels Horts,Barcelona,8620,1,3.0,700,A-2,A,True,924.7532004491887
RVAYFN7XGSVDDE9SXWPT,Santa Fe del Penedès - SELBA EdRSR 1,41.38356,1.721316,"Carrer Les Escoles, 2","Granada, La",Barcelona,8792,2,22.0,877,AP-7N,AP,True,1385.5938945963994
HCXKOJSXMNLYUR6ZL24D,L'Arboç - SELBA EdRSR 1,41.26533,1.599518,"Av. De La Generalitat De Catalunya, 23","Arboç, L'",Tarragona,43720,2,22.0,396,N-340,N,False,199.3844614097946
KQ4C9MWRJKBIJMTAE8SJ,Hotelet - EKOENERGETYKA EdRR 1,41.09048,1.094045,"Autovía Del Mediterrani, A-7, Km 1148",Cambrils,Tarragona,43850,3,103.5,137,A-7,A,False,52.94872139856625
6NB1EX60DVKFMDOGISCE,Santa Perpètua de Mogoda - MERCAT 1- EdRSR 1,41.536507,2.182178,Carrer De Mossèn Camil Rossell 53,Santa Perpètua de Mogoda,Barcelona,8130,4,22.0,874,AP-7N,AP,True,521.58252310725
IHDVSIX9LJCFJDGIT17T,Santa Perpètua de Mogoda - CAN FOLGUERA 1 - EdRSR 3,41.533676,2.186242,Aparcament Can Folguera,Santa Perpètua de Mogoda,Barcelona,8130,4,22.0,874,AP-7N,AP,True,932.781860514077
YCQOX3MI5UXZJG1S3YL9,SPM - La Granja 6 - Circutor EdRSR 1,41.527393,2.186053,Santa Perpètua De Mogoda,Santa Perpètua de Mogoda,Barcelona,8130,6,22.0,874,AP-7N,AP,True,1405.3498334294331
1AWRUTBM4DI0IK2WFUCT,Torrefarrera - SELBA EdRSR 3,41.66833,0.60547,"C/ Les Comes,5º Cei",Torrefarrera,Lleida,25123,2,11.04,255,N-230,N,True,93.33095817661373
24DAHSMSCD5RXQVHGVYN,Torrefarrera - SELBA EdRSR 2,41.669792,0.611239,"P.º Del Parque, 25",Torrefarrera,Lleida,25123,2,11.04,255,N-230,N,True,414.14552293662393
ER8KNDF3YUSIPVBQA9WV,Braker Corporation - INGETEAM EdRSR 1,41.4816,2.054772,"Carretera Rubí A Sant Cugat, 102",Sant Cugat del Vallès,Barcelona,8174,6,22.0,875,AP-7N,AP,True,554.8535719623989
YSCYTQI3V1UKEGIHOLWU,Braker Corporation - SELBA EdRSR 4,41.480145,2.064758,"Carrer Pau Vila, 22",Sant Cugat del Vallès,Barcelona,8174,3,7.0,875,AP-7N,AP,True,1055.6618970487145
YAYPTBIDQZNKQ5TYFD90,FIGUERES - SELBA EdRSR 1 Rubaudonadeu,42.266197,2.968559,"Carrer Rubau Donadeu, 4",Figueres,Girona,17600,2,22.0,312,N-2A,N,False,858.9687936898155
LZQPVWJSA8HN9P9IWBED,FIGUERES - SELBA EdRSR 2 Tramuntana,42.268898,2.959009,"Carrer De La Tramuntana, 33",Figueres,Girona,17600,2,22.0,312,N-2A,N,False,101.18975793087512
HAUX3QTMVOWDSQOGAK0X,Figueres - SELBA EdRSR 3 El Far,42.26577,2.970576,"C. Far D'empordà, 6",Figueres,Girona,17600,2,7.0,298,N-260,N,False,1025.4381885799212
O81Z1GXXLO1RAX2WS194,La Pobla de Montornès - SELBA EdRSR 1,41.177746,1.415153,"Av. Catalunya, 6","Pobla de Montornès, La",Tarragona,43761,2,22.0,878,AP-7N,AP,True,1045.413497751163
1GK7RMHWTWKN8ZDQ35G6,Las Médulas - ORBIS,42.488617,-6.773433,"S/N, C. Abajo",Candín,León,24442,1,7.0,497,N-536,N,False,41.964623293621734
AMXAUW6AHNWJ3FEQIS0P,Picos de Europa La Fonseya - ORBIS,43.13628,-5.038546,"S N, Carretera General, 0",Oseja de Sajambre,León,24916,1,7.0,558,N-625,N,False,43.78099794358908
UUX8MDOTXXTKNBASHQEM,El Prat de Llobregat,41.33146,2.093881,"Plaça Espanya, 2","Prat de Llobregat, El",Barcelona,8820,7,55.0,701,A-2,A,True,1550.0354239286746
IJOJQSY29VJFD3GVWZCN,Ajuntament de Montferrer - INGETEAM EdRSR 1,42.34126,1.42221,Polígon Industrial De Montferrer Parcel·La B16,Montferrer i Castellbò,Lleida,25711,2,22.0,304,N-260,N,False,88.25018827783843
0ZG6Y24ZH8IRJJXI5O19,NAITEC - CIRCUTOR EdRSR 1 Noáin,42.75418,-1.638229,"Pl. Cein, 4",Noáin (Valle de Elorz)/Noain (Elortzibar),Navarra,31110,2,22.0,607,AP-15,AP,True,826.4441433144628
AQUP0IOLIK5OHS4HTI8G,NAITEC - CIRCUTOR EdRSR 2 Pamplona,42.80149,-1.635289,"Centro De Innovación Tecnológica De Automoción De Nevarro, C. Tajonar",Pamplona/Iruña,Navarra,31006,2,22.0,675,A-15,A,True,1915.7037496372786
RWNZU9R8RKQAGUWKSHIV,Ajuntament de Vilablareix - CIRCUTOR EdRSR 1,41.953403,2.792459,"Carrer Del Marroc, 44-46",Vilablareix,Girona,17180,2,22.0,872,AP-7N,AP,True,468.66443647646526
RQ4WUDW5X9FZ4JQO17KH,Ajuntament de Vilablareix - CIRCUTOR EdRSR 2,41.950268,2.800698,"Avinguda De Lluís Companys, 75",Vilablareix,Girona,17180,4,22.0,872,AP-7N,AP,True,1062.5272681033478
SBEAMDYAAADHW3FA5TYF,Vilablareix - CIRCUTOR EdRSR 4,41.954872,2.799911,"Carrer Dels Pirineus, 33",Vilablareix,Girona,17180,2,22.0,872,AP-7N,AP,True,1109.2518058127205
5SLEYNFEPAKLB73JCU30,Ajuntament de Vilablareix - CIRCUTOR EdRSR 5,41.95583,2.793376,"Carrer Del Marroc, 19",Vilablareix,Girona,17180,2,22.0,872,AP-7N,AP,True,620.116419071469
EWMTPWPD96C2ONAV59QV,Unio Comercial Gasoils SL - INGETEAM EdRR,41.59604,1.63203,"Avinguda D'europa, 26",Igualada,Barcelona,8700,2,90.0,699,A-2,A,True,518.5020749466277
OHOUAJFQAURU0ODWQ1WH,Ajuntament de Riells i Viabrea - SELBA EdRSR 1,41.727013,2.542828,"Carrer Dels Esquirols, 14",Riells i Viabrea,Girona,17404,2,22.0,873,AP-7N,AP,True,1547.5840455784548
ATRGWO4DIPFBJAMBJ3VU,Ajuntament de Riells i Viabrea - SELBA EdRSR 2,41.72598,2.559029,"Av. Can Salvà, 100",Riells i Viabrea,Girona,17404,2,22.0,873,AP-7N,AP,True,1058.5074970256628
IJ9FHS07HOVQM7ZA8FJE,Port de Llançà - INGETEAM EdRSR 6,42.37199,3.164216,"Carrer Miranda, 3",Llançà,Girona,17490,2,22.0,297,N-260,N,False,665.1811304196424
LYHOAOVUT4QZK7FHSEMC,Port de l'Ametlla de Mar - INGETEAM EdRSR 7,40.882774,0.803978,"Ctra. Puerto, S/N","Ametlla de Mar, L'",Tarragona,43860,2,22.0,880,AP-7N,AP,True,589.1408764864784
VR6CNSRDCEXNNIUK0B2R,Port de Les Cases d'Alcanar - INGETEAM EdRSR 9,40.552387,0.53074,"Carrer De Lepant, 16",Alcanar,Tarragona,43569,2,22.0,389,N-340,N,True,624.5401288654033
DSRBGV2XEY1PEHTOIZQH,Port de l'Ampolla - INGETEAM EdRSR 11,40.812195,0.711547,"Calle Mateu Pinyana I Roch, 0, Sn.","Ampolla, L'",Tarragona,43895,2,22.0,880,AP-7N,AP,True,363.52837760716176
RC0AMRBVSIFJH7UU83AB,Port de La Ràpita - INGETEAM EdRR 1,40.6173,0.593994,Cerca De Avinguda Dels Alfacs,Sant Carles de la Ràpita,Tarragona,43540,3,55.0,389,N-340,N,True,1585.2824900757014
RVGQHGTAZH9MWBN1DHR9,Ajuntament de Pont de Suert - LAFON EdRR,42.408722,0.740063,"Carrer De Sant Sebastià, 16","Pont de Suert, El",Lleida,25520,3,55.0,256,N-230,N,True,98.29098070074242
SUHAEYCZURYNS4CS0KJC,AMB Sant Andreu de la Barca - SELBA EdRSR 1,41.44631,1.973971,"Carrer Iglesias, 6",Sant Andreu de la Barca,Barcelona,8740,4,22.0,700,A-2,A,True,389.98827336749076
ASHFZJ8MKFBLUV9YFSBE,AMB - Molins de Rei - CIRCUTOR EdRSR 1,41.41223,2.019996,"Carrer De Sant Antoni Maria Claret, 1 Bis",Molins de Rei,Barcelona,8750,2,22.0,398,N-340,N,False,402.30418807068054
GKI3B3HKTB5JXVW9DBMI,AMB L’Hospitalet de Llobregat - CIRCUTOR EdRSR 1,41.357815,2.101878,"Avinguda Carrilet, 312-314","Hospitalet de Llobregat, L'",Barcelona,8901,4,22.0,701,A-2,A,True,1818.9425180172875
K7DLREEVTRBEEKGCFXZS,AMB FL011 - CIRCUTOR EdRSR 1,41.382004,2.048048,"Carrer Pi I Margall, 43",Sant Feliu de Llobregat,Barcelona,8980,6,22.0,701,A-2,A,True,1403.0747755998914
HNXZ19QUK9KQECSSRXWV,AMB FL013 - CIRCUTOR EdRSR 1,41.478683,1.977648,"Carrer Agricultura, 1",Castellbisbal,Barcelona,8755,4,22.0,876,AP-7N,AP,True,1095.8074879132866
YFVFDAMJAHWQE78STQGU,AMB FL014 - CIRCUTOR EdRSR 1,41.513954,2.118892,"Carrer De L'estació, 3",Barberà del Vallès,Barcelona,8210,4,7.0,875,AP-7N,AP,True,1082.780080640287
E1IKP0FNMDHVCP3NP7HM,Ajuntament d'Altafulla - INGETEAM EdRR,41.14001,1.374338,"Carrer Marqués De Tamarit, 16A",Altafulla,Tarragona,43893,3,55.2,1094,N-340A,N,False,1152.437244612691
FRMXDNXEHMWPTJRFIUVD,Ajuntament de Sant Celoni - VEGA EdRR 1,41.69232,2.487575,"Plaça Sector Residenc. Esports, 49",Campins,Barcelona,8470,3,30.0,873,AP-7N,AP,True,1167.0010160828579
YMRYZK5GGTVTJPDBF5X0,Vilallonga1,41.20896,1.203214,"C. De Jaume I, 4",Vilallonga del Camp,Tarragona,43141,2,22.0,44,A-27,A,True,1021.1680442356761
27ZQMZVSY3QN1XXFUMMB,Voltaic,42.195942,2.499201,"De La, Carretera De La Canya, 115",Olot,Girona,17800,2,60.0,309,N-260A,N,False,65.09901256392344
OBVJQW6RFTE49323TX43,Ajuntament de pla,41.365845,1.28832,"Plaça De La Vila, 1,  El Pla De Santa Maria,","Pla de Santa Maria, El",Tarragona,43810,2,22.0,841,AP-2,AP,True,1082.2677783025624
CEI434HE7RN68QXXFUTK,PLA DE SANTA MARIA,41.363144,1.29282,"Av. Gaudí, 111","Pla de Santa Maria, El",Tarragona,43810,2,22.0,841,AP-2,AP,True,941.0529791109153
EWLIU4ZJLPOWUEKQKA38,Hotel Holiday Inn,41.4864,2.050093,"Carrer Del Danubi, S/N",Sant Cugat del Vallès,Barcelona,8174,4,200.0,875,AP-7N,AP,True,95.08585144194319
CTNNU7K18FYAVJT3QAD8,CAMPING1,41.16175,1.440501,"Carretera N-340, Km. 1180,",Creixell,Tarragona,43839,2,22.0,396,N-340,N,False,50.533309611585494
WZSX0C5FCN31DWEGLW43,CAMPING2,41.16167,1.440585,"Carretera N-340, Km. 1180,",Creixell,Tarragona,43839,2,22.0,396,N-340,N,False,61.26541533246681
4NFAN6HZTURSKVCKDMZY,CIMALSA LA SELVA,41.900486,2.769086,"Carretera Nacional 156 Km. 1,6 Cim",Vilobí d'Onyar,Girona,17185,2,22.0,231,N-156,N,False,145.84473284966282
W8YP6Z9DMW6LRUC41NRJ,soses,41.532814,0.487578,Plaça De Santiago Miret,Soses,Lleida,25181,2,22.0,841,AP-2,AP,True,916.9947560169678
PA0OI9SRT5SYZJVTEYNX,MORELL1,41.191113,1.203596,"Av. Camí De Reus, 15,","Morell, El",Tarragona,43760,2,22.0,44,A-27,A,True,1030.9823250535987
DXBLDEOL2FNTNXTLRWIJ,MORELL2,41.191387,1.208006,Av. De Catalunya,"Morell, El",Tarragona,43760,2,22.0,44,A-27,A,True,668.8041354423735
JELDXHW0VLF4OHA6HQPL,Florette Noblejas,39.974857,-3.420223,"Polígono 40, 37,",Noblejas,Toledo,45350,4,22.0,415,N-400,N,False,411.21013414807726
OEX9UW9PWIAMMT75OIAN,FLORETTE IBERICA SL - CIRCUTOR EdRSR 6-7,40.758312,0.599443,Polígono Industrial Cataluña Sur,"Aldea, L'",Tarragona,43896,4,22.0,985,N-235,N,False,497.0376161209299
BTIRWHTOMHIB16HBANP5,Ajuntament de Santa Perpètua de Mogoda - SELBA  EdRSR 3,41.528797,2.183975,"Carrer De Puig I Cadafalch, 6421 - 08130 - Santa Perpètua De Mogoda",Santa Perpètua de Mogoda,Barcelona,8130,4,22.0,874,AP-7N,AP,True,1200.3484582174353
3GJA33SY1XXLJVIXTMAJ,Santa Perpetua de Mogoda - CIRCUTOR EdRSR,41.537075,2.176923,"Carrer De La Creueta, 9",Santa Perpètua de Mogoda,Barcelona,8130,2,22.0,874,AP-7N,AP,True,275.3651951423368
LFN5ODKLUZ3M7ADTKZQY,Ajuntament de Santa Perpètua de Mogoda - SELBA  EdRSR 1,41.528835,2.183938,"Carrer De Puig I Cadafalch, 6421",Santa Perpètua de Mogoda,Barcelona,8130,2,22.0,874,AP-7N,AP,True,1196.4440264018062
V6IANAZJRDOC18IFIJTV,Santa Perpètua de Mogoda - Circutor EdRSR 4,41.527393,2.186053,Camí De La Granja,Santa Perpètua de Mogoda,Barcelona,8130,5,55.0,874,AP-7N,AP,True,1405.3498334294331
ZAODB9DGINGYKVD0VM7J,Ajuntament de Santa Perpètua de Mogoda - SELBA  EdRSR 4,41.534424,2.182141,Plaça Nova,Santa Perpètua de Mogoda,Barcelona,8130,2,22.0,874,AP-7N,AP,True,738.6712025652316
YVCN4J4JNDK1RXW3PQAK,Santa Perpetua de Mogoda - SELBA EdRSR X,41.526756,2.187083,"Passeig De La Florida, 89",Santa Perpètua de Mogoda,Barcelona,8130,2,22.0,874,AP-7N,AP,True,1506.9599333554606
7DENPNY7WTWMQMCZYH61,La Pobla de Segur - INGETEAM,42.246677,0.966547,"Carrer De La Font, 14,","Pobla de Segur, La",Lleida,25500,6,69.0,304,N-260,N,False,65.65051543234077
ESBM843FDDPJT4PB6VMR,Torrefarrera - SELBA EdRSR 1,41.673542,0.608108,"Carrer Mare De Déu De Montserrat, 11",Torrefarrera,Lleida,25123,2,22.08,255,N-230,N,True,358.7769108479851
AWBCMNN81WLZLXLCRIL1,"CELLERS AVGVSTVS FORVM, S.A",41.205845,1.524279,"Carretera De Sant Vicenç, S/N,","Vendrell, El",Tarragona,43700,2,22.0,396,N-340,N,False,580.9838353897302
VVJBGQ6TDFWBVPQ2OWCP,Ajuntament de Roura -,41.223045,1.21702,"Carrer Catalunya, 1,","Rourell, El",Tarragona,43142,3,59.0,44,A-27,A,True,335.1837829122608
F60N0YOFJOSG96NIYFQ6,Ayuntamiento de Garinoain,42.597973,-1.644283,"C. Zurialdea, 18",Barásoain,Navarra,31395,2,22.0,907,N-121,N,False,181.70659741439184
JQ4KIIQZIFCQFRDWHEYV,cargadores LOW COST supercharger,41.113384,1.217581,"Carrer D, 3",Tarragona,Tarragona,43006,26,180.0,394,N-340,N,False,217.56087837142036
LL18ZHXN0A5DQVR6HCEZ,Ayuntamiento de Barasoain - INGETEAM EdRSR 1,42.603527,-1.64649,"C. Elena Aranguren, 1",Barásoain,Navarra,31395,2,22.0,907,N-121,N,False,187.48758143317116
AZLUSDEYNUU3CMSK2XLN,Hospitalet de l'Infant - LAFON EdRR 3,40.999863,0.916836,"Carrer Del President Companys, 79-70",Vandellòs i l'Hospitalet de l'Infant,Tarragona,43890,3,55.0,137,A-7,A,False,375.81275324638403
0EGZZKWVIVV35U7VTWIB,Alcobendas - Avda. de Europa 21,40.514183,-3.657907,"De Europa ,21",Alcobendas,Madrid,28108,3,100.0,15,A-1,A,True,181.76465445955236
HWTMGBIWH9QQSSAEXN78,Auto Salón Volvo Oviedo,43.37039,-5.81768,"Cerdeño,29",Oviedo,Asturias,33010,3,150.0,96,A-66,A,True,380.09476633549747
ZRNEROZTV1XW7RCILHO4,Estación MP Pol. Ind. Barres (Castropol),43.532654,-6.983135,"Barres, Parcela,11/7",Castropol,Asturias,33794,2,100.0,1269,N-640,N,False,848.2145424275117
Z9ZNZVYNVTODAF068P8Y,Parking CC Carrefour Salamanca,40.97972,-5.663878,"Avda Agustinos Recoletos,1-Bis",Salamanca,Salamanca,37006,2,120.0,87,A-62,A,True,1799.8352639617988
TFXMUBJCCKAIP77UWNQM,Venta Cruce De Los Santos,36.45457,-5.763761,"Autovia 381 Jerez-Los Barrios. ,Salida 40",Alcalá de los Gazules,Cádiz,11180,6,200.0,604,A-381,A,True,131.28640918512173
PYYPYSLTXEH073VOR2Q7,"Paseo San Vicente,139-1,Bajo - Salamanca",40.963078,-5.67366,"Paseo San Vicente,139-1",Salamanca,Salamanca,37007,2,120.0,1229,N-630,N,False,615.378047234678
WB64NFTADLRALYZWDVHD,Plaza del Barrio Vidal,40.973106,-5.666487,"Avda Portugal,154-Bis-1",Salamanca,Salamanca,37006,2,120.0,1229,N-630,N,False,1861.9487168429375
59ZKITHKXVFHNY9E3PCV,Alcobendas - C.C La Vega,40.536404,-3.636647,"De La Ermita,1",Alcobendas,Madrid,28108,3,100.0,15,A-1,A,True,380.7092554180798
GKUOT6TRPVBLUDAPXIBI,Carretera de Corella - Tudela,42.060314,-1.6312,"De Corella,S/N",Tudela,Navarra,31500,2,300.0,118,A-68,A,False,62.72428614273604
J0HNHBRYBH33TBIZJAJZ,Estación bp Esparfuel,37.382015,-6.115347,"Jardines De Triana,1",Espartinas,Sevilla,41807,2,60.0,778,A-49,A,True,1735.3799587882602
EBSFYNKJB76HAIGBUOYS,Hotel Huerto del Cura,38.264,-0.6926,"Porta De La Morer,14",Elche/Elx,Alicante/Alacant,3203,3,150.0,1071,N-340,N,False,277.6492301311165
D17CTZNZQJER5V2QBXRF,Avenida Bruselas (C.C. Anbel Segura) - Alcobendas,40.531445,-3.635222,"De Bruselas,15",Alcobendas,Madrid,28108,3,100.0,15,A-1,A,True,171.94541026339095
6BMFIHMG3A23TX2UPING,Estación Ruta del Ferro de Ripoll,42.21382,2.208035,"Joaquim Sorolla,33",Ripoll,Girona,17500,4,120.0,300,N-260,N,False,316.7278385290727
NUWOYOHELM2CET6TGA8O,CC El Encinar - Alcobendas,40.5087,-3.643534,"Calle Vereda De Palacio,5",Alcobendas,Madrid,28109,3,100.0,15,A-1,A,True,1144.3128445414745
CKYXVQKCW388ZELSL6CR,Consum - Teulada,38.7278,0.102093,"Del Mediterrani,81",Teulada,Alicante/Alacant,3725,2,100.0,369,N-332,N,False,822.4943219152616
3JXR8UHVQ0EEFX3TMFVB,Alcobendas - Calle de la Granja,40.535095,-3.656719,"De La Granja,84",Alcobendas,Madrid,28108,3,100.0,15,A-1,A,True,1121.1101402929046
HOYHQM81DH0X4O0XJZ53,US_375_Numancia de la Sagra I,40.083004,-3.86535,"Calle Puente, 5",Numancia de la Sagra,Toledo,45230,1,60.0,761,A-42,A,False,322.58265676931785
9DNYWIDUXUUHWMS1SV2B,Calle Godella,40.34077,-3.688662,"Calle Godella, 116",Madrid,Madrid,28021,7,100.0,741,A-4,A,True,1121.3898060908946
EKNWHLL1SQLW0RKSJJKU,Calle Villar Dondiego,40.406044,-3.608655,"Calle Villar Dondiego, 34",Madrid,Madrid,28032,7,100.0,46,A-3,A,True,1938.6286145093711
GRT2NHAE2F9E6PMJNOY6,Calle Minerva,40.402897,-3.599018,"Calle Minerva, 17",Madrid,Madrid,28032,7,100.0,46,A-3,A,True,1887.7329106197633
EDXMGFQAI88MCFOSC39P,TotalEnergies - E.S. Petrocar Zafra,38.429974,-6.413042,"Recinto Ferial, Manzana, 2",Zafra,Badajoz,6300,4,150.0,1153,N-432,N,False,49.06608397521414
H0CT4NZZ6IOH9YJPXURT,Parking Indigo Corralillo,39.85728,-4.019286,Calle Corralillo San Miguel,Toledo,Toledo,45001,2,7.0,761,A-42,A,False,1691.6219324987155
KCIC3EHKHAXGXSVVDGZR,TotalEnergies - Hostal El Cercao,41.03116,-2.528046,"C. De D. Juan Manuel Pardo Gayoso, 2",Estriégana,Guadalajara,19262,4,180.0,940,N-2,N,False,127.81679563406458
THD6VKBQQWALVNPIRLKI,TotalEnergies - E.S. San Isidro,40.486214,-3.362073,"C. Sebastian De La Pl., 2A",Alcalá de Henares,Madrid,28805,4,150.0,685,A-2,A,True,1880.8699417859107
GTK9MQ9PJWMDHPQTLPNV,Parking indigo Francisco Norte-Playa,36.508583,-4.888966,C. Francisco Nte.,Marbella,Málaga,29602,2,7.0,0,A-7S,A,True,1160.8997261222169
GWURPO1DYSA4B8ZQX0RA,TotalEnergies - Hotel Castilla,39.978817,-4.268036,Hotel Castilla Torrijos Av. Toledo,Torrijos,Toledo,45500,4,100.0,755,A-40,A,False,440.2338070304725
WQGHP5OOP5CPWZJHV8DP,TotalEnergies - Hotel Narcea,43.355587,-4.112814,"Autovia A-8, Sal. 234, Ctra. N-634, Km 5",Reocín,Cantabria,39590,6,50.0,574,N-634,N,False,13.910106151733997
CGNYIOYGQKEJ4SSAVJTK,TotalEnergies - Hotel Rest. Acueducto Gran Ruta,39.077377,-5.575518,"Ctra. N-430, Km 131",Acedera,Badajoz,6730,4,100.0,1132,N-430,N,False,40.45762778502139
LCXI6FMGDBYRAICNTWJW,TotalEnergies - Hotel Los Olivos,40.314007,-3.69143,Hotel Los Olivos Ctra. De Andalucia A-4 Km 12,Getafe,Madrid,28906,7,100.0,741,A-4,A,True,54.59347217678786
FXRULDCSJ7VS7YOLMRRM,TotalEnergies - Lavadero Los Bodegones,38.914005,-6.331901,"Av. Reina Sofia, 27",Mérida,Badajoz,6800,4,100.0,1181,N-5,N,False,1230.6320872874526
ZERLSNALKLHKNENXTLWJ,TotalEnergies - Castillejo de Mesleon,41.28003,-3.600741,"Av. Aragon, 9",Castillejo de Mesleón,Segovia,40593,4,100.0,239,N-1A,N,False,211.16992688698355
QEBQA6DMXGQMTLD7ZGBC,TotalEnergies - Rest. Albaraka,39.686813,-3.504288,"Av. Andalucia, 94",Tembleque,Toledo,45780,4,150.0,743,A-4,A,True,182.9174147923944
YQGTKLHTXC8GTEU980OK,TotalEnergies - Rest. Casa Pepe,38.41774,-3.498863,"Rest Casa Pepe Bda. Venta De Cardenas, 23",Almuradiel,Ciudad Real,13768,6,100.0,1174,N-4A,N,False,33.09450580594593
NIWUJNYK34AYWG19XFTI,TotalEnergies - Rest. Castillo de Izan,41.753857,-3.684663,"Restaurante Castillo De Izan A-1, Km 168",Aranda de Duero,Burgos,9370,6,50.0,19,A-1,A,True,361.7082576816678
PSYDAI43JWYF0JFKO7GH,TotalEnergies - Hotel Las Navas,39.16407,-3.859428,"Av. Del Santo, 82",Malagón,Ciudad Real,13420,4,100.0,421,N-401,N,False,846.8743227944716
HIAPVVPC7ICQIRNTQN9Z,TotalEnergies - Rest. Pimpilala,40.679813,-4.631971,"Carretera De Villacastin, Km. 5",Ávila,Ávila,5194,4,100.0,182,N-110,N,False,82.05048539129643
GQIHOKIMEAU8L53U0DNS,TotalEnergies - Rest. La Vasca,42.084995,-4.208951,"Av. De Mariano De La Parte, 14",Quintana del Puente,Palencia,34250,6,50.0,81,A-62,A,True,75.38847612186488
NL43KOZE6BUBGSW7KEOO,TotalEnergies - Rest. Los Rodriguez,38.300842,-6.311405,"Calle Real, 14",Calzadilla de los Barros,Badajoz,6249,3,50.0,111,A-66,A,True,786.4982639772121
025O4B8RMIRORI8EGNVM,TotalEnergies - Rest. El Cancho del aguila,40.87538,-3.603082,"C. De La Cabezuela, 79A","Cabrera, La",Madrid,28751,3,100.0,17,A-1,A,True,192.88038476355376
PGZTLOMT5DU1EXWLVHI1,Parking indigo Plaza España,37.541077,-5.07992,"Plaza De España, 0",Écija,Sevilla,41400,2,7.0,747,A-4,A,True,1235.8668578578347
2JMPRGN2ROCYQF5AK9LZ,TotalEnergies - Rest. Rio Blanco,37.249187,-5.009267,"Autovia A-92, Km 92",Osuna,Sevilla,41640,6,50.0,828,A-92,A,True,77.08151155376727
WAMOCMMFDRJ6D6IZNUIG,TotalEnergies - Asador San Ramon,41.358734,-1.615372,"Autovia A-2, Sal. 237",Calatayud,Zaragoza,50300,3,50.0,979,N-234,N,False,198.95346016391272
QQ7Z10WF1C0LVCVSRIKS,TotalEnergies - E.S. Petrocar Caceres,39.455585,-6.367386,"Ctra. Miajadas, 1-A Sur",Cáceres,Cáceres,10005,4,190.0,1235,N-630,N,False,1366.0111151866697
2FWLVF5MZAX4XUJXOIK7,TotalEnergies - Rest. Canoas La Ribera,43.430923,-5.062519,"Calle Santianes, 49",Ribadesella,Asturias,33569,6,50.0,577,N-634,N,False,16.016539700442653
FWYZHQX6SBIJZF812Q7S,TotalEnergies - Rest. El Quijote,38.868237,-1.123833,"C. Hosteleros, 5",Almansa,Albacete,2640,4,100.0,727,A-31,A,True,1057.2957938625384
41WOUC4BHZHOQRUA1MXB,TotalEnergies - Rest. La Dehesa,38.930065,-1.83219,Ctra. A3 Km 10,Albacete,Albacete,2008,4,100.0,323,N-301,N,False,26.14609512991849
VIG88TYDPVY7Z2EE4CRR,TotalEnergies - Rest. Valle Grande,39.175896,-6.620632,"C. Pizarras, 7",Puebla de Obando,Badajoz,6191,4,100.0,489,N-523,N,False,31.1809999940036
ADYEHBDLWM5S0SQRMIEQ,TotalEnergies - Rest. Gran Ruta,38.93806,-1.758881,"Autovia De Alicante, 340",Chinchilla de Monte-Aragón,Albacete,2520,4,100.0,727,A-31,A,True,63.46688072772595
LIBD63JLHMZGJLQ1DNR0,TotalEnergies - We Taxi,40.436497,-3.630122,"C. Isaac Jimenez, 3",Madrid,Madrid,28037,4,150.0,684,A-2,A,False,1412.878054282602
QJX2QRADTEMLFZSVCUCW,TotalEnergies - Hotel Los Acebos,43.38415,-5.182959,Urbanizacion S/N,Parres,Asturias,33540,4,100.0,577,N-634,N,False,153.91521753431851
XQKVUQHALMKOQB8GGKMG,TotalEnergies - E.S. CEPSA Mavilar,43.181656,-7.967802,"N-634, Pk 658",Curtis,"Coruña, A",15310,4,100.0,589,N-634,N,False,66.94464103664895
AVLVH6KRXGVNVOQXLBH5,TotalEnergies - Rest. Don Pepe,42.03794,-7.05463,"Ctra. N-525, Km 93","Mezquita, A",Ourense,32548,4,100.0,492,N-525,N,False,43.53273051017112
K49OOQNEHML3VGCGWLLF,TotalEnergies - E.S. La Estrella de Qatar Gijon,43.536556,-5.715309,"C. Manuel Vigil Montoto, 80",Gijón,Asturias,33213,4,100.0,1278,N-641,N,True,1743.8291207177563
LIWSVG2KFLQWSKE8MEBQ,TotalEnergies - Hostal Rest. Maruja Nozana,43.39988,-5.782505,"Hotel Maruja Camin De La Fuente Nozana, 95",Siero,Asturias,33429,4,100.0,93,A-64,A,True,828.3975163174678
ZZL92INOTZWGKIPACEWR,TotalEnergies - Rest. Casa Consuelo,43.540096,-6.594704,Ctra. Nacional 634,Valdés,Asturias,33792,4,50.0,582,N-634,N,False,41.21765127478769
HLYGKWAEI3UGMJC7CMJF,TotalEnergies - Hotel Rest. Ruta Jacobea,42.899944,-8.441728,"Lugar Lavacolla, 41",Santiago de Compostela,"Coruña, A",15820,4,100.0,808,A-54,A,True,1102.32603989081
OSABU9PQEVETWKLI9ROY,TotalEnergies - Hotel Rest. Peru,39.47498,-5.858079,"Ctra. De Madrid, Km 251",Torrequemada,Cáceres,10200,6,50.0,789,A-5,A,True,341.32097986193776
A4RNV8HE00WMG1AM2KIV,TotalEnergies - E.S. Piadela,43.275074,-8.238775,"Lugar Viuxe, 70",Bergondo,"Coruña, A",15319,4,150.0,76,A-6,A,True,612.186617579096
4JTF3OS7K1VHCHHIHEPM,TotalEnergies - KIA Carastur,43.542023,-6.983545,"Ctra. N-634, Km. 548",Tapia de Casariego,Asturias,33749,4,100.0,584,N-634,N,False,59.123709701969695
VWUEWUT2LYF7A0K3FEND,TotalEnergies - Rest. O Sombreiro,43.282196,-8.427975,"Rua Orro, 22",Culleredo,"Coruña, A",15199,4,100.0,78,A-6,A,False,165.4710604303939
UAJTMLUIFA1EBBRRSKJ3,TotalEnergies - Cafeteria El Poligono,43.534954,-6.512693,"Poligono Industrial De Almuña, 304A",Valdés,Asturias,33787,4,100.0,582,N-634,N,False,55.04726976612363
M4FFLGKXROPXUEWGMW3C,TotalEnergies - Hotel Rest. Izar Ondo,42.916832,-2.036909,"Iruñeko Etorbidea, 11",Arbizu,Navarra,31839,4,100.0,605,A-10,A,True,414.3060498645399
5JZXX5FJYVWN4XGOW8WD,TotalEnergies - Hotel San Blas,43.16971,-2.609232,"Laubideta, 7",Abadiño,Bizkaia,48220,4,100.0,566,N-634,N,False,40.69046443258299
5MZ5QBSEACEWKDD3JMSH,TotalEnergies - Hotel Plazaola,42.91915,-1.8312,"Hotel Plazaola Aralar Kalea, 8",Irurtzun,Navarra,31860,4,150.0,680,A-15,A,True,364.23514000225276
F15WLEDYKEA3EEQAV36D,TotalEnergies - Bar Rest. Lermanda,42.84357,-2.745694,"Lermandabidea Kalea, 18",Vitoria-Gasteiz,Araba/Álava,1015,4,100.0,651,A-1,A,True,444.98792436938623
QJYZAE95K8KZIXSA25WZ,TotalEnergies - Rest. El Ventorro Jatetxea,42.864887,-2.320158,"Calle San Roman De San Millan, 2",Iruraiz-Gauna,Araba/Álava,1207,4,100.0,652,A-1,A,True,127.35545308241082
LSXECKKGSAN6LIY3XW30,TotalEnergies - Rest. El Sequero,42.431847,-2.281103,"Terreno Rustica, 7",Agoncillo,"Rioja, La",26160,4,100.0,263,N-232,N,False,38.841346096437384
EXOVWPIHCI1VESVCPRHC,TotalEnergies - E.S. CEPSA Camargo,43.404327,-3.86891,"Bo. La Calva, 16",Camargo,Cantabria,39600,8,200.0,553,N-623,N,False,762.420903299229
IE1OMLN5GCEZXQKIZIYO,TotalEnergies - Parrillada Barral,43.234436,-8.1295,"Lugar Castrillon, 17",Aranga,"Coruña, A",15316,4,100.0,540,N-6,N,False,42.33479995917695
HQJTMQPPLRXF4KR6GDOU,TotalEnergies - Hotel Alaiz,42.736584,-1.63274,"Ctra. Zaragoza, Km. 9",Galar,Navarra,31191,4,100.0,907,N-121,N,False,66.83905620286654
UUMCIQ9FMMRAYTS4UPZA,TotalEnergies - Hostal Meson Pepa,42.46038,-2.405872,"Av. Aragon, 9",Logroño,"Rioja, La",26006,4,100.0,864,AP-68,AP,True,840.6054066832567
TPSQVD3FZOKT4JAMGFMA,TotalEnergies - E.S. CEPSA Penagos,43.332138,-3.839495,"Ca-406, 1, C. Pumarijo, 1004",Penagos,Cantabria,39627,4,100.0,153,A-8,A,True,113.77304538520893
YDGKOHKGSJW1JR1HRNSU,TotalEnergies - Hotel Vejo,43.0054,-4.130219,"Av. Cantabria, 83",Campoo de Enmedio,Cantabria,39200,4,100.0,115,A-67,A,True,345.53409185217293
LPKKMYTESFJPGVKD0MYF,TotalEnergies - Hotel Txintxua,43.259842,-1.966306,"Zikuñaga Bailara, 72",Hernani,Gipuzkoa,20120,4,100.0,682,A-15,A,False,527.3567679658743
K7Y4OWX4Y8U4YXVSKRKV,TotalEnergies - Rest. Ballestanea,43.35876,-1.808024,"Barrio Arkolla, 75",Hondarribia,Gipuzkoa,20280,3,100.0,1294,N-638,N,True,1064.8865689389288
MTTRIVBOH7YXQM8SPTCW,TotalEnergies - Navarrete. Parking Publico,42.42854,-2.559768,"Camino De La Mora, 6",Navarrete,"Rioja, La",26370,7,110.0,864,AP-68,AP,True,1112.3295598695463
1KEBO9DRLJUGRY1SDD9U,TotalEnergies - Rest. Antolin,39.274048,-2.325318,"C. Real, 54",Minaya,Albacete,2620,4,100.0,322,N-301,N,False,138.6680683663958
B9OMLRQB2KRB4QKZ7VOR,TotalEnergies - E.S. La Estrella de Qatar Teide,41.619843,-4.717485,"Vial Camino Camino De Mieza, 17",Valladolid,Valladolid,47013,4,170.0,1189,N-601,N,False,743.1897978686663
JWAGOTQWYJ7WZGUAVVOY,TotalEnergies - Apartamentos La Regatina,43.56235,-6.201154,"Calle Lamuño, 219A",Cudillero,Asturias,33155,3,50.0,820,A-8,A,True,648.9732251850759
6Q2F0VD0VXRFAGGAQNT6,TotalEnergies - Hotel Rey Arturo,42.30616,-3.731583,"Ctra. A-62, Km. 6,600 Con Calle Llanillo",Arcos,Burgos,9195,4,100.0,81,A-62,A,True,1145.781174660541
AKXHGZEJPZYRBGUQNFM5,TotalEnergies - Rest. Beltran Jenaro,40.764946,0.646396,"Carrer De Les Flors, 48",Camarles,Tarragona,43894,4,100.0,391,N-340,N,False,82.32836751297516
TC2LOB86C2HMNHUXCTG6,TotalEnergies - Padel Indoor Tarrega,41.663532,1.133505,"Pol. Ind. Avinguda De La Canaleta, 2",Tàrrega,Lleida,25300,4,150.0,698,A-2,A,True,331.24763147938376
RMTRPCAICB7BZDXCMW35,TotalEnergies - Hotel Rest. Los Olmos,42.784393,-4.252339,Poligono Industrial De Aguilar De Campoo,Aguilar de Campoo,Palencia,34800,4,150.0,1198,N-611,N,False,134.5229255681992
HJED9AXVOWXE3IUUA94Y,TotalEnergies - Rest. El Pradillo,42.565277,-5.498366,"C. Molino, 1",Valdefresno,León,24227,4,100.0,1192,N-601,N,False,47.01815177421599
UP5JVVMQ2ECMEPGWCFEO,TotalEnergies - Hostal Soto,42.585133,-5.629985,"Av. Del Parroco Pablo Diez, 531",León,León,24010,4,100.0,211,N-120,N,True,31.995311861830217
2STSXWXZAZRDRMRBXZQI,TotalEnergies - Rest. Paris-Lisboa,41.30149,-5.224889,"Restaurante Paris - Lisboa N-620, 184",Alaejos,Valladolid,47510,4,100.0,1208,N-620,N,False,39.90137497693739
CGR0POIRWEFWQSVF6R6V,TotalEnergies - Rest. Las Brasas de San Esteban,41.939728,-5.545187,"Autovia Del Noroeste, Salida 251",San Esteban del Molar,Zamora,49650,6,50.0,69,A-6,A,True,209.1970542493811
GU3GKPXIQ8AD4LT1QTFA,TotalEnergies - Bar Rest. La Trobada,42.59959,-0.857224,"N-240, Km 311",Canal de Berdún,Huesca,22770,4,100.0,287,N-240,N,False,36.794411532464025
X9ATXY4ZTLAPYES7RGVB,TotalEnergies - Bodegas Copaboca Tordesillas,41.51875,-4.941909,"Autovia De Castilla, 148",Tordesillas,Valladolid,47100,6,50.0,84,A-62,A,True,157.51198794875486
AAXTOYCXBSEWW2R3EXXM,TotalEnergies - Hostal El Botero,40.7852,-1.34745,"Av. Madrid, 2",Monreal del Campo,Teruel,44300,4,100.0,978,N-234,N,False,16.080467732444564
PAE2SGCRFHYARR9MKJDV,TotalEnergies - Rest. La Fondica,40.21473,-0.943682,"Carretera De Camarena, Km 1, 8","Puebla de Valverde, La",Teruel,44450,7,150.0,24,A-23,A,True,655.8542829570265
K0HZOJ3WVSRH8A5NGEHY,TotalEnergies - Rest. La Palomica,41.69503,-0.98832,"C. Ns Nieves, 1",Utebo,Zaragoza,50180,4,100.0,260,N-232,N,False,29.88715009664358
GEK4L7JKT5G4JZD3O7QV,TotalEnergies - Club De Golf Zuia,42.96593,-2.868487,Club De Golf Zuia Area De Servicio Ap-68,Zuia,Araba/Álava,1139,4,50.0,548,N-622,N,True,144.31649181857344
6HDTCL4TZ3U9PYHBTJQS,TotalEnergies - Hotel Ciudad de Borja,41.83176,-1.52334,"Ctra. N-122, Km 62,500",Borja,Zaragoza,50540,4,100.0,909,N-122,N,False,21.365662847127105
DNGKHFB1TDRATNTG5CDK,TotalEnergies - Hotel Aragon,42.555096,-0.679159,"Ctra .N.240, Km 295",Santa Cilia,Huesca,22791,4,100.0,287,N-240,N,False,26.734861364488555
KL8O6LQERSDOB335KHWP,TotalEnergies - Rest. Europa,40.69635,-6.417365,"Pol. Ind. Sancti-Spiritus, C. Los Tesos, 47D",Sancti-Spíritus,Salamanca,37470,4,100.0,1210,N-620,N,False,85.6706388043614
SZQ0XLGJ1ZLQOM6AGMGA,TotalEnergies - Hotel Rest. Casa Marzo,41.341072,-1.224639,"Arrabal Bajo, 1",Cariñena,Zaragoza,50400,4,100.0,351,N-330,N,False,407.97560011631356
TKSMDGSLAJCRIYZPKHZQ,TotalEnergies - Rest. Can Costa,42.240337,2.970225,"Veinat Pont Del Princep, 9",Vilafant,Girona,17740,4,150.0,312,N-2A,N,False,38.44792325213659
4MPCNVB4UQVV9BX1EX2G,TotalEnergies - Rest. El Navarro,41.54008,-1.237246,"Restaurante El Navarro A-2, Km 285",Épila,Zaragoza,50290,7,140.0,689,A-2,A,True,92.31674622647672
AELGB5QCNGYI2R5EZPWC,TotalEnergies - Meson Despeñaperros,38.344215,-3.536214,"Av. De Andalucia, 95",Santa Elena,Jaén,23213,4,100.0,1174,N-4A,N,False,73.38955341735694
ASP8ZASNNQEFTCB0N5V6,TotalEnergies - Hostal Torremar,41.189316,-2.401461,"Ctra. N-Ii, Km. 154",Medinaceli,Soria,42248,6,100.0,942,N-2,N,False,73.08670913305956
MHYEXSKQDUFEI9CPBRQG,TotalEnergies - E.S. BP Cubillas,37.285587,-3.675525,"Av. Madrid, 6",Albolote,Granada,18290,4,100.0,341,N-323A,N,False,37.695615894960554
2D9NK4DYQRQPNCOVW38A,TotalEnergies - Rest. El Poligon,39.232445,-0.488855,"Carrer Xaloc, 18",Carlet,Valencia/València,46240,4,100.0,129,A-7,A,True,229.98965407811085
JYM37HMONQCF5DZGVUUY,TotalEnergies - Hotel Miramar,40.21707,0.188536,"Avinguda De Valencia, 22",Torreblanca,Castellón/Castelló,12596,4,100.0,389,N-340,N,True,26.322839240081198
CRY1592ERTB4GOBRRLJZ,TotalEnergies - Rest. Rio Verde,39.13819,-0.52071,"Ctra. N-340, Km 864",Massalavés,Valencia/València,46292,4,150.0,129,A-7,A,True,367.4097503669823
TGAWMR99FAFOPM4CA0TG,TotalEnergies - Hotel Braseria La Barca,37.283688,-7.178579,"C. Villamiranda, 477",Lepe,Huelva,21440,4,100.0,1149,N-431,N,False,121.82381779881223
ZPYXQUZU0S53E2ZCU28M,TotalEnergies - Camping Castillo,36.741127,-3.301634,"C. El Castillo, 32",Polopos,Granada,18750,4,100.0,1063,N-340,N,False,31.075039489314804
KOLCKRJLSR33GQM0ZESP,TotalEnergies - E.S. Europa Uno,37.383778,-6.050677,"C. Camilo Jose Cela, 2-14",Castilleja de la Cuesta,Sevilla,41950,4,100.0,778,A-49,A,True,77.24916097672626
H3CAUD7QW22KF0DCXRIY,TotalEnergies - Hotel Salobreña Suites,36.744335,-3.621378,"Carr. De Almeria, Km 323",Salobreña,Granada,18680,2,50.0,1062,N-340,N,False,79.05294837741538
NTS1BIAWRMZ9BKOYSB4J,TotalEnergies - Rest. Loma del Valle,36.987,-3.605287,"Ctra. A-44, 153",Albuñuelas,Granada,18659,4,100.0,771,A-44,A,True,105.32975579347028
PXRE1WGZWZFSVT3RQGOY,TotalEnergies - Ayto. El Ronquillo,37.729385,-6.177942,"Av. De Andalucia, 2L","Ronquillo, El",Sevilla,41880,4,100.0,1240,N-630,N,False,543.793252419055
BW42MFBHZF7CN0AEFNST,TotalEnergies - Hotel Ciudad de avila,40.66385,-4.669481,"Av. Juan Carlos I, 33",Ávila,Ávila,5004,3,100.0,430,N-403,N,False,1558.0987593956174
SFSLHPEY75I4J1DMBO6W,TotalEnergies - E.S. Exoil Manises,39.498173,-0.485379,"Avinguda De La Cova, 64A",Manises,Valencia/València,46940,4,150.0,245,N-220,N,False,1371.311134355055
QGMZUMSO1IVMHEFSHOKR,TotalEnergies - Asador 7 de Julio (A-2),40.44731,-3.558138,"Av. Del Ingeniero Conde De Torroja, 16",Madrid,Madrid,28022,2,100.0,685,A-2,A,True,234.5485489846244
7U7X0V78ZMI7AVZMFGIK,TotalEnergies - E.S. El Berrocal,39.87353,-5.54984,"Autovia Del Suroeste, Km182",Navalmoral de la Mata,Cáceres,10300,8,175.0,787,A-5,A,True,134.09671250447835
1ALUEAAOH9VFTR9KAP99,TotalEnergies - Rest. Las Termas de Segobriga,39.92119,-2.812738,"Avd. Castilla-La Mancha, 11, Km 102-A3",Saelices,Cuenca,16430,5,100.0,49,A-3,A,True,307.74522936188583
MUKLMZWFYCTMHZJZIR83,TotalEnergies - Rest. La Zarzuela,39.912716,-5.20215,"Carretera Extremadura N-V, Km 150",Lagartera,Toledo,45567,5,100.0,787,A-5,A,True,652.260997476145
SHTOOURPJANKUFFTWIKS,TotalEnergies - Rest. Cruce de las Herrerias,39.163933,-6.26362,"Zona Cruce De Las Herrerias, 53",Alcuéscar,Cáceres,10160,2,150.0,1236,N-630,N,False,67.23895142999898
3ZCZYOQLX86QUSNQ1VLM,TotalEnergies - E.S. BP ubeda,38.021942,-3.368242,"Carr. De Circunvalacion, 11",Úbeda,Jaén,23400,2,100.0,731,A-32,A,True,876.6175255598592
IUGVFU37BPFPXMLXJWBF,TotalEnergies - Rest. Grijota Golf,42.048187,-4.577396,"Ctra. Palencia-Villada, 0",Grijota,Palencia,34192,2,150.0,94,A-65,A,True,1393.0173189310985
VWMFMIV5SESPYXECCXRN,TotalEnergies - Rest. Los Cordobeses,37.134243,-4.284112,Restaurante Los Cordobeses Autovia A-92,Loja,Granada,18314,4,100.0,830,A-92,A,True,33.07463250784853
OKFATVAANUMDGGMFOL5U,TotalEnergies - E.S. Bagarciva,40.30412,-3.726365,"C. Calvario, 23",Getafe,Madrid,28901,2,100.0,761,A-42,A,False,1083.2527144172257
VGSIPXF1AMWJUE49DI0Y,Calle de Bueso de Pineda 29,40.454086,-3.65531,"Calle De Bueso Pineda, 29",Madrid,Madrid,28043,3,50.0,684,A-2,A,False,1084.9796524723045
Y4UFI2NKCQ2KOVPOTQ7P,Calle del Cerro de la Plata 4,40.399925,-3.675151,"Calle Del Cerro De La Plata, 4",Madrid,Madrid,28007,3,50.0,740,A-4,A,False,1126.7424270237564
L3NKLSNMBAUMZM4NOIN5,TotalEnergies - Area J.R.A-92,37.18175,-4.056735,"Area De Servicio J R A-92, Km 200",Huétor Tájar,Granada,18360,6,50.0,830,A-92,A,True,133.3746703105905
U7I3TE48TITRWZDKPCD3,TotalEnergies - Hostal Rest. Jose Carlos,40.489586,-5.677272,"Ctra. Nacional 630, Km 55,200","Cabeza de Béjar, La",Salamanca,37773,6,50.0,107,A-66,A,True,58.09146111777274
UGBKNJSH2C9RQV74MJNU,TotalEnergies - Hotel Rey Sancho Ramirez,42.03361,0.105233,"Hotel Rey Sancho Ramirez N-240, Km 162",Barbastro,Huesca,22300,3,50.0,285,N-240,N,False,60.07895860300679
4FMEBLBBCULNZ7NSARUI,TotalEnergies - KIA Hipergar,42.565357,-6.666844,"N-Vi, Km. 392",Arganza,León,24410,3,50.0,536,N-6,N,False,22.908838919942557
IA8JHF07KIRQIVSFSPDH,TotalEnergies - Sant Gregori. Polideportivo,41.98575,2.759216,Passeig De Largelaguet,Ripoll,Girona,17150,5,50.0,872,AP-7N,AP,True,1839.4415426077837
X2HQ1QHRTVSWM1NT5SD1,TotalEnergies - Cafe Rest. El Maragato,42.465122,-6.073517,"Cafe El Maragato Crta. Madrid-Coruña, Km 326",Astorga,León,24700,7,100.0,535,N-6,N,False,349.8448572858189
8WFHZSE9T61HVW5WLYKA,TotalEnergies - Hostal Rest.Asturias,40.186516,-6.006665,Hostal Restaurante Asturias N-630 Km 449,Jarilla,Cáceres,10728,5,100.0,1232,N-630,N,False,67.93511405257009
0ABYOR885E4US6RFRJFV,TotalEnergies - Hotel Mirasierra,41.1881,-3.583617,"Hotel Mirasierra A-1, Salida 99",Casla,Segovia,40590,4,150.0,237,N-1A,N,False,46.128704828336765
F58SMURQM9TMTV8ESWFX,TotalEnergies - Llosa de Ranes,39.01686,-0.544191,"Carr. De Rotglà, 0","Llosa de Ranes, la",Valencia/València,46815,4,100.0,385,N-340,N,False,851.4945849567656
VO6VVZRSPGKUPIA4GBBH,TotalEnergies - Rest. Santa Ana,39.521263,-3.524452,"Restaurante Santa Ana A-4, Km 112",Borox,Toledo,45710,5,100.0,743,A-4,A,True,103.67888193229012
CVZIEAUYD6PWIXGCJWSM,TotalEnergies - Hotel Mabu,42.355366,-7.883431,"Carretera Vigo, 37",Ourense,Ourense,32001,3,100.0,895,N-120,N,False,20.29803649860666
OENBVAAKFCYNSWT1VJFX,TotalEnergies - Hotel Zodiaco,38.098816,-3.76699,"Carr. Madrid Cadiz, Km 294",Bailén,Jaén,23710,5,100.0,1012,N-323,N,False,1313.3729956087072
M5AGIUXIAGVATYFIUMUX,TotalEnergies - Camping Queixans,42.392563,1.915839,"Carrer Del Cadi, 21",Alp,Girona,17538,3,50.0,301,N-260,N,False,194.98207569664802
81K3PYWYL8M7UMLBB5RN,TotalEnergies - Rest. Sala,40.676933,-4.081893,"Calle Carr. De Los Molinos, 2",Guadarrama,Madrid,28440,8,100.0,527,N-6,N,False,1094.8114251555678
NJJJDKMKXA0ZR6VLUBVO,TotalEnergies - Hotel Posadas de España. Pinto,40.263874,-3.692205,"C. Coto De Doñana, 1D",Pinto,Madrid,28320,4,100.0,741,A-4,A,True,139.50785433186127
WLF40JGQC3S2MHSGCDJM,TotalEnergies - Fontanals de Cerdana. Escadarcs,42.38496,1.891603,"Carrer De La Rufaca, 6",Alp,Girona,17538,2,180.0,301,N-260,N,False,906.870963543301
3E4B1XYLBQQHIUGZ8U1U,TotalEnergies - Sant Gregori. Padel,41.990242,2.775461,"Ctra. Cartella, 0",Ripoll,Girona,17150,6,100.0,872,AP-7N,AP,True,844.8689595610073
Q3FKGMZJJ7YYF3JPNJLX,Mahou Calderon,40.402958,-3.716466,Calle Francisco Nieva,Madrid,Madrid,28005,5,100.0,761,A-42,A,False,1733.9902715623527
6TORHHJYOROOBM3RBBLP,TotalEnergies - Ayto. Fuenlabrada de Los Montes,39.128983,-4.939481,C. Prol. C. Sta. Ana,Fuenlabrada de los Montes,Badajoz,6660,4,100.0,472,N-502,N,False,1747.3560060150844
O1R6TXHN2JGOXBAQNE85,TotalEnergies - Hotel Finca La Estacada,40.02449,-2.950546,"Carretera N-400, Km 103",Tarancón,Cuenca,16400,4,200.0,418,N-400,N,False,58.75682154202335
JDVGPMO6G8CYQJSEUUAE,TotalEnergies - Hotel Caballo Negro,36.54003,-6.173236,"C. Comercio, 1",Puerto Real,Cádiz,11510,4,100.0,846,AP-4,AP,True,113.7977007996467
CPNHVJU12XDDDGPOJEO3,TotalEnergies - Hotel Pazo de Bendoiro,42.67936,-8.175407,"Xubin, 1",Lalín,Pontevedra,36512,4,50.0,495,N-525,N,False,257.70404336449417
HNVPUWIEERIWLR5CJVQN,TotalEnergies - Rest. El Carcau,39.76863,-0.208954,"Av. Comunidad Valenciana, 1F","Llosa, la",Castellón/Castelló,12591,4,100.0,387,N-340,N,False,43.7609792358903
TBSV60SUYJZQG3CDO2VH,TotalEnergies - Rest. La Aguzadera,38.78981,-3.393839,"Restaurante La Aguzadera A-4, Km 197",Valdepeñas,Ciudad Real,13300,6,100.0,745,A-4,A,True,103.09456305179395
GVMYK0U3BXKP8DALNGFM,TotalEnergies - Hotel La Colina,41.558228,-4.870476,"Caserio Ventas Geria, 14",Geria,Valladolid,47131,4,125.0,84,A-62,A,True,77.24782259323733
FCR9JYPSMHYUYOJIGFIW,TotalEnergies - CC Vía Sabadell,41.511803,2.107014,"Carrer De La Serra De Galliners, 79",Sabadell,Barcelona,8205,28,150.0,875,AP-7N,AP,True,1520.1464333813447
UGZPCNZRFKAYMKMGZXG7,TotalEnergies - Rest. Las Vegas,39.287247,-6.321517,"Ctra. Carretera, 3",Aldea del Cano,Cáceres,10163,8,200.0,1236,N-630,N,False,54.0309934417955
C0JFMZLUIOFSBME2IKE3,TotalEnergies - Hotel Tancat de Codorniu,40.5289,0.509226,"Partida Las Mallad, 54",Alcanar,Tarragona,43530,2,150.0,389,N-340,N,True,237.9342431637282
CKJWQAGSL8UG2LTTAVCJ,Fuenlabrada - Hotel ibis Madrid Fuenlabrada,40.273643,-3.754093,Carretera De Villaviciosa De Odón A Pinto ...,Fuenlabrada,Madrid,28946,4,210.0,761,A-42,A,False,132.67025859528187
A7ZR32MDFAASX3FCMZ8F,Cornellà de Llobregat - Ayafuel Ferrocarrils Catalans,41.353825,2.092759,"Passeig Dels Ferrocarrils Catalans, 240, 2...",Cornellà de Llobregat,Barcelona,8940,4,300.0,701,A-2,A,True,1057.0823214900292
8W36WPPZMOSIEAXCJG00,San Sebastián de los Reyes - Centro Comercial Plaza Norte 2,40.54054,-3.61323,"Av. Del Juncal, 10",San Sebastián de los Reyes,Madrid,28703,8,200.0,15,A-1,A,True,339.3859838792363
5YSK9LYYP9MJJHAKAH5H,"Eroski, Bolueta",43.24831,-2.905264,"Ctra. Bilbao-Galdakao, 20, Bº Bolueta",Bilbao,Bizkaia,48004,2,22.17,566,N-634,N,False,431.1236892429371
FPQNMEYKZCCQP6H1OPC1,"Eroski, Megapark",43.28556,-2.995849,"Av. De La Ribera, 1, Parking Int. Plta. -1",Barakaldo,Bizkaia,48903,2,22.17,1292,AP-8,AP,True,1171.458223128586
YCLA9TD8NQCRAGNXQEKF,"Repsol ES, CRED Vilaseca",41.11406,1.155952,Vila Del Comu 8 Pol. Ind. L´Alba Parc. A-22-A.1,Vila-seca,Tarragona,43480,3,50.0,137,A-7,A,False,148.112613052452
LU1K9P01QAH6MHAI7JPA,"Repsol ES, E.S. Valiño J.R.S.L.",42.930157,-8.144087,"C/ Lugar De Teiraboa, S/N",Arzúa,"Coruña, A",15819,2,6.9,505,N-547,N,False,16.498910498628362
XLWVNZDNAJQFALLIWZUY,"Eroski, Abadiño",43.171646,-2.617221,"Bº Murueta, S/N, Parking Ext.",Abadiño,Bizkaia,48220,4,22.17,566,N-634,N,False,113.03116046254625
WBCOAKVNJI7YMHKCHSQV,"Repsol, Zamudio, Parque Tecnológico",43.28966,-2.859077,Paq. Tec. Bizkaia. Edif. 101,Derio,Bizkaia,48170,4,11.09,564,N-633,N,True,1725.3715543855592
18QF5XADLJH9UIMRBMWJ,Repsol Campus,40.397884,-3.684251,"C/ De Méndez Álvaro, 44-46",Madrid,Madrid,28045,34,7.36,740,A-4,A,False,956.4705991130722
D3Y9IBPR1UAVQ4FZVNEY,"Repsol, Vitoria-Gasteiz, Parque Tecnológico",42.91121,-2.666609,"C/ Albert Einstein, 44
Edificio 25-E3",Arratzua-Ubarrundia,Araba/Álava,1510,4,11.09,836,AP-1,AP,True,925.572421448553
HHQA9FJGIVHY8OZDMOEN,"REE, Redeia La Moraleja, Parking",40.525192,-3.602841,"Paseo Del Conde De Los Gaitanes, 177",Alcobendas,Madrid,28109,13,50.0,15,A-1,A,True,1420.8600420084597
V07XIEGS8ARK6P3HJWLI,"Repsol, Donostia-San Sebastián, Parque Tecnológico",43.291573,-1.985421,"P.º Mikeletegi, 53",Donostia/San Sebastián,Gipuzkoa,20009,4,11.09,1288,AP-8,AP,True,1346.3160599652413
40GS2HN0Y5UV6CFSVZIJ,"Eroski, Hondarribia",43.361584,-1.793754,"C/ Minasoroeta, Parking Int. Plta. -1",Hondarribia,Gipuzkoa,20280,2,22.17,1294,N-638,N,True,293.7372622966001
4Q2PEG9ZZDT46H618L33,Eroski Pamplona,42.833603,-1.679197,"Pol. Agustinos. C/ Soto Aizoain, 1601-Prox, Bajo",Ansoáin/Antsoain,Navarra,31013,4,22.17,675,A-15,A,True,980.2708910675389
3T8ZUHPUIYJA3DYWW8NK,"Repsol, Centro Comercial Luz de Castilla",40.92113,-4.11223,"Pol. Ind. El Cerro. Ctra. De Madrid, S/N",Segovia,Segovia,40006,2,22.17,857,AP-61,AP,False,355.74795827457064
GU2RCHCAWHH3J0G6H3AK,Eroski Tudela,42.03557,-1.58857,"Ctra. Zaragoza, S/N",Tudela,Navarra,31500,4,22.17,118,A-68,A,False,186.68877208394477
JDYTLVOMZOUQJXL4VUML,"Repsol ES, CRED Moncalián",43.411205,-3.542195,"Autovía A-8, Km 182, Bº Ambrosero",Bárcena de Cicero,Cantabria,39791,3,50.0,152,A-8,A,True,229.43258784904828
HIXRTHF2KZJIRAAPX3BJ,Eroski Eibar,43.18279,-2.480759,"Av. Otaola, 5, Parking Ext.",Eibar,Gipuzkoa,20600,4,22.17,1289,AP-8,AP,True,170.2332237084543
2GQNVCT1JPPO6HXGTVSB,"Repsol, Barberà del Vallès,",41.50853,2.138352,"Ctra. Nacional 150, Km 6-7 (Centro Comercial)",Barberà del Vallès,Barcelona,8210,2,22.17,874,AP-7N,AP,True,205.54194073950737
NRIU8YIIOWMFORLAL5RW,"Repsol, Elgoibar, Vía pública",43.213497,-2.416841,Plza. Ubitarte,Elgoibar,Gipuzkoa,20870,2,22.17,565,N-634,N,False,130.0597592198235
VXVCXIDFGH6Z4VTE0PZV,"Eroski, Arrasate",43.071915,-2.472951,"Bº Musakola, S/N, Parking Ext.",Arrasate/Mondragón,Gipuzkoa,20500,2,22.17,837,AP-1,AP,True,166.6261150323299
S8RFL5RLAZKEAWH08DYA,"Eroski, Zarautz",43.281403,-2.16392,"Araba Kalea, 41, Parking Ext.",Zarautz,Gipuzkoa,20800,4,22.17,1288,AP-8,AP,True,188.9731385660133
TJTZHPI04BJY9SIXXISS,"Repsol ES, CRED Polígono Galapagar",40.625095,-4.028266,"Ctra. M-510, Km 1,8","Escorial, El",Madrid,28292,3,50.0,854,AP-6,AP,True,1743.2322981895893
M1H1EWO9WG1RMLVUFEBN,"Repsol, Bilbao Exhibition Centre, Parking",43.2885,-2.988903,"Ronda De Azkue, 1, Parking Int. Plta. 1",Barakaldo,Bizkaia,48902,4,11.09,1292,AP-8,AP,True,1778.4703286565873
FWRRZLUBBCEFBHBRAVRA,"Repsol, Unamuno Bilbao, Parking",43.25996,-2.93222,"C/ Alameda De Urquijo, 14, Parking Int. Plta. 1",Bilbao,Bizkaia,48008,8,7.36,150,A-8,A,False,1774.1265797115643
QSWJE6QKV5SDT7UTGFHR,"Repsol, Arrasate-Mondragón, P. Tecn.",43.062134,-2.504542,"Goiru Kalea, 1",Arrasate/Mondragón,Gipuzkoa,20500,4,11.09,837,AP-1,AP,True,1469.06706482456
JRA3EHEXBXBI1ZVKSOTV,"Repsol, San Roque Santurtzi, Parking",43.318188,-3.021211,"C/ Gregorio Uzquiano, S/N",Portugalete,Bizkaia,48920,4,3.6,1292,AP-8,AP,True,1136.2732069181698
RA7KW0YD6ZDRG4UQDAQX,"Repsol, Zubialde Portugalete, Parking",43.32241,-3.018838,"C/ Almirante Cristóbal Mello, S/N",Portugalete,Bizkaia,48920,4,3.6,1292,AP-8,AP,True,1617.6612051700008
UWIVPSBI5S2PVSM4NSKN,"Repsol ES, CRED Ibarreta",43.29309,-3.006481,"Av. De La Ribera, S/N",Barakaldo,Bizkaia,48902,3,50.0,1292,AP-8,AP,True,1091.5963284619156
0X1QQHTSH6XOKPKVU3Z0,"Repsol ES, CRED Eco Zaragoza",41.622868,-0.939128,"Av. Casablanca, 11",Zaragoza,Zaragoza,50019,6,50.0,28,A-23,A,False,1033.3235247808502
IA3A4IU44N6UEFIYMXWH,"Repsol, Azkuna Zentroa, Parking",43.25976,-2.937051,"C/ Alameda De Urquijo, 43, Parking Int. Plta. 2",Bilbao,Bizkaia,48008,6,7.36,150,A-8,A,False,1821.4850734139486
AZNL6EYMMXYOYS9SV4VR,"Repsol ES, CRED La Roca",41.596695,2.309112,"Ctra. C-1415 Tarrasa-Mataró, Km 17,4","Roca del Vallès, La",Barcelona,8430,3,50.0,873,AP-7N,AP,True,415.7034460252166
BAXPR4RNXDR3UV1XUC20,"Repsol ES, CRED Esparraguera",41.528145,1.880926,"Ctra. A-2, Km 581,5",Callús,Barcelona,8292,3,50.0,699,A-2,A,True,124.36446155294716
GQI2XSOK6IKIKHGAP7KL,"Repsol ES, CRED Celra",42.025463,2.865273,"Ctra. C-66, Km 30,5",Celrà,Girona,17460,6,50.0,953,N-2,N,False,594.7874682127888
HQ6C0FCNMWJDG3NE4VI4,"Repsol ES, CRED Zuasti",42.862675,-1.744144,"Autopista A-15 Tudela- Irurzun, Km 102,5",Iza/Itza,Navarra,31892,3,50.0,609,AP-15,AP,True,117.88486747831429
3PTRJELJMLR2O24XSKJK,"Repsol, Hospital Galdakao, túnel trabajadores",43.22351,-2.818824,"Labeaga Auzoa, 46A",Galdakao,Bizkaia,48960,2,7.36,289,N-240,N,False,93.3446333603626
WB41RH5GIAMP2DUVPJJI,"Repsol ES, CRED Pumarín-Gijón",43.522247,-5.68373,"Av. De La Constitución, 220",Gijón,Asturias,33211,3,50.0,814,A-8,A,True,843.93523971346
3MTIUJSZW8JUYT2E7GRQ,"Bridgestone, Basauri",43.237164,-2.872833,C/ Urbi,Basauri,Bizkaia,48970,6,7.36,566,N-634,N,False,133.29581148695064
CEYIOFCXJNIZEB9UIEGT,"Repsol ES, CRED El Peñasco",36.73643,-4.43408,Av. Valle Inclan S/N,Cártama,Málaga,29010,3,50.0,643,A-7S,A,True,1212.9126203799863
URYESVC2EMLFY83WUKW6,"Repsol ES, E.S. Xelarriz",40.544415,-3.61012,"Av. Einstein, 5",San Sebastián de los Reyes,Madrid,28703,2,50.0,15,A-1,A,True,181.84207510666812
SKJYLLMNG7S7MRLUXWSP,"Repsol, Segovia, Estación de Autobuses",40.944714,-4.121772,Plza. De La Estación De Autobuses,Segovia,Segovia,40002,2,7.36,181,N-110,N,False,1382.8785777151913
2QZNIWYSTFYVPEGUJGCY,"Repsol ES, CRED Espinardo",38.00515,-1.145539,"Ctra. Espinardo, S/N",Murcia,Murcia,30100,3,50.0,723,A-30,A,True,950.5707242244789
VOGWJMOPTCCPBPO0VZAL,"Repsol ES, CRED Móstoles (CTR)",40.33407,-3.88671,"Ctra. M-856, Enlace N-V Y N-501",Móstoles,Madrid,28935,3,50.0,785,A-5,A,True,96.12643370720644
RY5JEY3VANIXE11YHLNV,"Repsol ES, CRED Alovera",40.57964,-3.235689,"Ctra. A-2, Km 45,60",Alovera,Guadalajara,19208,3,50.0,685,A-2,A,True,39.97276387348149
QI0TPYKSJOICSNLRYVVQ,"Repsol ES, CRED Avda Asturias",42.02575,-4.548834,"Av. De Asturias, 38",Palencia,Palencia,34005,3,50.0,1197,N-610A,N,False,1222.1296388610947
LNX8EQ0QY8P8TFELCZFN,Petronor,43.324017,-3.109918,"San Martín , 5",Muskiz,Bizkaia,48550,23,7.36,567,N-634,N,False,67.62969083093824
N0CYR3CZNZGGRVSBXOCV,"Repsol ES, CRED Artebakarra",43.31854,-2.876905,"Ctra. Bi-3715, Km 10",Derio,Bizkaia,48160,3,50.0,564,N-633,N,True,1254.5560729312372
VCRH17XN2ICHNWTDBIFQ,"Repsol ES, CRED Eskortza",43.333755,-1.81733,Pozuetakogaina 19,Irun,Gipuzkoa,20305,3,50.0,1286,AP-8,AP,True,801.1553460724468
AJVIA5CRHEOLCETGWEFQ,"Tecnalia, Derio",43.296524,-2.870662,"Astondo Bidea, Edificio 700",Derio,Bizkaia,48160,2,22.17,564,N-633,N,True,905.7775298924947
NK1P44WGTUTHOTIJJ9EE,"Repsol, Elorrio, Vía Pública",43.130333,-2.541078,Nizeto Urkizu Kalea 4,Elorrio,Bizkaia,48230,2,22.17,1268,N-636,N,False,889.1325585722549
KKSJIEUBCLHOAVR0N6KI,"Tecnalia, Vitoria, c/Da Vinci",42.909348,-2.66621,"Leonardo Da Vinci Kalea, 11",Arratzua-Ubarrundia,Araba/Álava,1510,2,7.36,836,AP-1,AP,True,1133.81801129892
HQVF8R5I19C00VPX3AIF,"Repsol ES, CRED Cardeñajimeno",42.341297,-3.612233,"Ctra. N-120 (Logroño-Vigo), Km 106",Arlanzón,Burgos,9199,3,50.0,205,N-120,N,False,14.928037311673036
VIZKCZRMQ4NQAPS4I4HN,"Repsol, Irún, Recinto Ferial",43.34746,-1.787399,Av. De Iparralde 43,Irun,Gipuzkoa,20302,2,7.36,1294,N-638,N,True,944.7631204914919
XXFWH3N8SSGX35CDVFV0,"Tecnalia, Zamudio, edif. 413",43.300552,-2.863398,"Laida Bidea,413
Parque Tecnologico",Derio,Bizkaia,48170,2,7.36,564,N-633,N,True,1395.8581973914133
5GQRW1Q2MHAKLTYEWTMI,"Repsol ES, CRED Llodio",43.148525,-2.950932,Areta 2,Laudio/Llodio,Araba/Álava,1400,6,50.0,859,AP-68,AP,True,1005.3468649147696
KKRIPUORRPUZENVRTNSU,"Repsol ES, CRED Lopidana",42.878494,-2.714111,"Cr N-1 P.K. 350,50",Zigoitia,Araba/Álava,1196,4,560.0,651,A-1,A,True,121.3780164531724
RQ9JGT4VIDWSPM9E99G1,"Mercadona, Av. de las Palmeras, Málaga",36.591106,-4.535314,"Avda. De Las Palmeras, 33",Benalmádena,Málaga,29630,2,22.17,620,AP-7S,AP,True,1893.7045730390644
OKEPNVSKUX5BS6NAXF2D,"Repsol ES, Maset S.A",42.31657,3.063787,"Cr N-260, 27,8",Pedret i Marzà,Girona,17493,3,50.0,297,N-260,N,False,36.419671834967616
V22XCCDM4JXK8SWQ5XZB,"Repsol ES, Gasolinera el Jardín, S.L.",43.538563,-7.054475,"Pto Lugo Es, Av. De Galicia, 40",Ribadeo,Lugo,27700,3,50.0,822,A-8,A,True,329.91493067694677
SO0WOWTYM38YJR9CDUAY,"Repsol ES, CRED PUENTE SAN FDO. II",40.44985,-3.523931,"Cr N-2, 16, 3",San Fernando de Henares,Madrid,28830,2,172.0,685,A-2,A,True,97.43062659113802
0JYUB8FT81O3YHHN0JRE,"Repsol ES, PORTAL ALAGON MI",41.761143,-1.149449,"Autovía Del Ebro, Km 265",Figueruelas,Zaragoza,50639,3,50.0,123,A-68,A,False,32.5948302114959
7JJQN3BSRUOIMOM23X3C,"Repsol ES, CASABLANCA-ARAGÓN",41.640594,-0.756763,"Cr A-2, 333,8","Puebla de Alfindén, La",Zaragoza,50171,3,35.0,694,A-2,A,True,46.54100721635259
ZORXDNHMDJEFKM5OI0J4,"Repsol ES, CRED AREA 280 DIR. ZARAGOZA",41.516342,-1.287987,"A-2, P.K. 281.6",Calatorao,Zaragoza,50280,3,50.0,689,A-2,A,True,88.31961999001626
ICBOQVYRCVF6TVG82BTA,"Repsol ES,  ES ENERGIA DEL BAIX LLOBREGAT SL.",41.49002,1.912936,"Cr N-2, 593,5 I",Martorell,Barcelona,8760,3,50.0,951,N-2,N,True,120.1250736897155
T3KV6BQ2X0DC3LIVYS3E,"Mercadona, Azuqueca de Henares, Guadalajara",40.635914,-3.225041,"C/ Azuqueca De Henares, 2",Cabanillas del Campo,Guadalajara,19171,4,22.17,334,N-320,N,False,1793.474002792678
6U7XDEDVN7AFCETBV7AB,"Repsol ES, CRED LAS PEDRIZAS M.I",36.917213,-4.439115,"Ap-46, Pk 3,7 M Izq",Antequera,Málaga,29230,3,50.0,849,AP-46,AP,False,70.95324718369532
SBSYXQUVXYB62UQEHNR5,"Repsol ES, CRED LAS PEDRIZAS M.D",36.91815,-4.440617,"Cr Ap-46, Pk 3,70 D",Antequera,Málaga,29230,3,50.0,849,AP-46,AP,False,82.34400797034583
YAIWOU2FY1OTGUWQYB91,"Repsol ES, GPV TORREMOLINOS 113",36.60868,-4.514325,"Av. Benalmádena, 1",Antequera,Málaga,29620,3,50.0,620,AP-7S,AP,True,955.663079715608
TZM2MLHI1JHCWG9HKPZR,"Repsol ES, GLEM S.L. CASTALLA 2",38.578075,-0.65521,"Cr Cv-815 P.K. 5,700",Castalla,Alicante/Alacant,3420,3,50.0,130,A-7,A,False,269.0624410677821
RHUDDFC3UEZPZFY3PEYW,"Repsol ES, ALZ BUÑOL",39.44505,-0.755248,"At A-3, 322 I",Buñol,Valencia/València,46360,3,50.0,50,A-3,A,True,96.82966557324472
2GRI8YHFK33PDZF2JQ4S,"Repsol ES, CRED SANSE AUTOVIA",40.545822,-3.606491,"A-1, P.K. 18,60 D",San Sebastián de los Reyes,Madrid,28703,3,50.0,15,A-1,A,True,125.37985714291341
FOFQ1KO7CZAWCSBXV7MN,"Repsol ES, DIAMOND S.L.",40.373863,-3.771555,"Cl Avenida Aviacion, 32",Madrid,Madrid,28054,3,50.0,61,A-5R,A,False,1622.599905333927
4WSQHYYJZYQFYCSKBV2R,"Repsol ES, DERIVADOS SANTA CRUZ S.L.",41.85387,-1.92631,"N-122, 102 I",Ágreda,Soria,42100,3,50.0,911,N-122,N,False,842.2462351306597
CHC2TR0MQSDTICCJMRNI,Repsol ES CRED PARLA,40.231037,-3.776129,"Cl Real, S.N.",Parla,Madrid,28981,3,50.0,761,A-42,A,False,594.0141641906874
8Q2TFSGYPHYT37RRA6SH,"Repsol ES, Grupo Maicas Peiro",38.929626,-0.662682,"Cr Nacional 430 Sdo Valencia Km, 35",Montesa,Valencia/València,46692,3,50.0,736,A-35,A,True,64.93003677797627
6MAO1WXYGO73USPXV3PN,"Repsol ES, Cred Azuqueca",40.57525,-3.260327,"Cr N-320  289,7 D",Azuqueca de Henares,Guadalajara,19200,3,50.0,685,A-2,A,True,1315.6423522806044
MRYFAVP7CLTJ5PD31XJL,"Mercadona,  De A Coruña, Lugo",43.02087,-7.563585,"Avda. De A Coruña, 187",Lugo,Lugo,27003,2,22.17,1273,N-640,N,False,1082.349596538223
IRSWSGHV9NYIUDFKRN3E,"Repsol ES, CRED ROBLEDO 1",43.435658,-5.798854,"As-18, Pk: 9, 2",Llanera,Asturias,33192,3,50.0,95,A-66,A,True,47.15808492484229
RSTY8BLYFABQQIOTEFUU,"Mercadona, Sor Ángela de la Cruz, Sevilla",37.23739,-5.114058,"C/ Sor Ángela De La Cruz, 87",Osuna,Sevilla,41640,2,22.17,828,A-92,A,True,930.7104430977167
LVCO1WBASF5Y6OCZGNKL,"Repsol ES, CRED PLANA BAIXA",39.937748,-0.092776,Avda De Francia 62-66,Vila-real,Castellón/Castelló,12540,3,50.0,387,N-340,N,False,369.62275468034073
HNEIU4CDTVKKTRGC9CZQ,"Repsol ES, LORETO S.L.",37.18492,-3.958857,"Cr A-92    P.K. 210,00",Cacín,Granada,18370,3,50.0,830,A-92,A,True,27.211444684248587
UFNUOMQQJTA83HNNLXQL,"Repsol ES, CRED VARIANTE ESTE NORTE",43.24863,-2.924537,"Cl Viaducto Miraflores-Larreaga, 1",Arrigorriaga,Bizkaia,48003,3,50.0,150,A-8,A,False,707.4897530648461
JY958CQWGRO2O3J26LCC,"Repsol ES, GRUPO MAICAS HOSTALES",40.35772,-1.136062,"Ctra. Nac. 234, Km 123,5, Derecha",Teruel,Teruel,44195,3,50.0,978,N-234,N,False,40.46444189441088
8OIN9RXNVVY7BEOIIN43,"Repsol ES,  ABRIL S.A.",38.41185,-0.421926,"Cr N-332, 116,4",Alicante/Alacant,Alicante/Alacant,3550,2,7.4,138,A-70,A,True,807.5415629753908
CEM0IRUMPTEMIWVRNJ7C,"Repsol ES, CRED LAREDO",43.39957,-3.439306,"N-634, P.K. 171,00 D",Laredo,Cantabria,39770,3,50.0,152,A-8,A,True,66.7370182925243
UKOKCLZN93GZXWWHI0B2,"Mercadona, Jardines de la Alhambra, Sevilla",37.38224,-6.116473,"C/ Jardines De La Alhambra, S/N",Espartinas,Sevilla,41807,4,22.17,778,A-49,A,True,1799.6644569557054
W7LW5JTPZUVYTZI3C5C9,"Mercadona, Inmaculada Concepción, Ciudad Real",38.988987,-3.923422,"C/ Inmaculada Concepción, 2A",Ciudad Real,Ciudad Real,13003,2,22.17,1133,N-430,N,False,426.51767101508534
0WZBCDFFATPSLIZJ5DLZ,"Repsol ES, GUTIERREZ RUEDA S.L.",37.450844,-3.920682,"Cl Avda Andalucia, S.N.",Alcalá la Real,Jaén,23680,3,50.0,1155,N-432,N,False,164.76705883419268
7P4SZYHLDNWRK1ODUY2C,"Repsol ES, VILASANA CRED HORUS",41.643234,0.895039,"Cr A-2, 486,4",Vila-sana,Lleida,25245,3,50.0,698,A-2,A,True,122.49171651572996
NLTGIL7RKF3PQWIFQKDF,"Repsol ES, TERA GASOLINERA S.L.",42.572495,-5.583343,"Cr N-630, Pk. 149 D",León,León,24009,3,50.0,210,N-120,N,True,1406.9355548697224
NIIVGKIIMWPFCNOPQJ60,"Mercadona, Nogal, Valladolid",41.592804,-4.72475,"C/ Nogal, 39 D",Laguna de Duero,Valladolid,47140,6,22.17,1189,N-601,N,False,227.2293408489304
JNU5OMZQKTHKPGHTJGGO,"Mercadona, Reino Unido, Sevilla",37.34912,-5.977045,"Avda. Reino Unido, 3",Sevilla,Sevilla,41012,2,22.17,748,A-4,A,True,809.7525427127108
ORFKDTBASRVFXWBFWHQW,"Repsol ES, CRED CASTILLETE",38.69783,-4.10576,"Cr N-420 P.K. 160,00 D",Puertollano,Ciudad Real,13500,3,50.0,1107,N-420,N,False,14.542495855460054
KA9YN8AI4ZCSOEFUPIQB,COCOPE BODEGA PINNA FIDELIS,41.6119,-4.112466,Cam. Llanillos Peñafiel Valladolid (Es),Pedrajas de San Esteban,Valladolid,47300,2,70.0,918,N-122,N,False,759.6949378967353
4AHM15CEM5N9WVXSIZEZ,"Mercadona, Berlin, Madrid",40.237885,-3.75755,"C. Berlín, 2",Parla,Madrid,28983,2,22.17,761,A-42,A,False,1832.5300494622152
5RVIVJC0EHYEEERML0IT,"Repsol ES-CL, DERIVADOS SANTA CRUZ S.L.",41.840622,-2.044228,"Cr N-122, 112 I",Castilruiz,Soria,42113,3,50.0,913,N-122,N,True,38.10936976669818
ICBCQXUIT5TSSGT4JQA0,"Repsol ES, CRED DIAGONAL PLAZA",41.636177,-0.991801,"Cl Avda Diagonal Plaza ,13",Zaragoza,Zaragoza,50197,3,50.0,689,A-2,A,True,672.5173043856813
9HCCYT2KT17HDXUQDV6W,"Mercadona, Avda. De Madrid, Zaragoza",41.650234,-0.916968,"Avda. De Madrid, 285",Zaragoza,Zaragoza,50017,2,22.17,260,N-232,N,False,1069.927118562127
SWLMKECFVCOXPDMT3V7W,"Seur, Manzanares",39.01434,-3.371398,"Pol. Ind. Manzanares, Calle 11, S/N Nave 104 - 2ª Fase",Manzanares,Ciudad Real,13200,2,11.09,745,A-4,A,True,243.50555916887194
IWYLRTSGGEE7MDYSOJSU,"Mercadona, Misioneras Concepcionistas, Cádiz",36.15526,-5.450199,"C/ Misioneras Concepcionistas, 1",Algeciras,Cádiz,11205,2,22.17,412,N-357,N,True,77.6652405575841
OWB3NW8SASRITHPG4RGQ,"Repsol ES, CRED Oiartzun",43.31266,-1.879497,"Gi 636 P.K. 5,000 M.I.",Oiartzun,Gipuzkoa,20180,3,50.0,1287,AP-8,AP,True,500.964774329475
68HA53KBLUOO36XAFTCI,"Repsol ES, CRED Requena",39.4841,-1.105832,"Ctra N-3 Km 275,5",Cofrentes,Valencia/València,46340,3,50.0,12,N-3,N,False,93.15555005999101
UYXKONRZ5S1HMSFTKM8E,"Repsol ES, CRED San Pablo Sevilla",37.404747,-5.955503,"Cr N-4, 537,6",Sevilla,Sevilla,41007,3,50.0,747,A-4,A,True,635.1069287232606
DHCVMKS3IWZIJTG0I86K,"Repsol ES, K124 S.L.",39.864933,-2.576845,"Camino Casalonga, 0, 1 D",Villares del Saz,Cuenca,16442,3,50.0,49,A-3,A,True,114.76811405922015
ML9NCEXG9TZKJITZAW5Z,"Repsol ES, CRED Hostalets",42.295982,2.940136,Barri Dels Hostalets # Sector C-2,Llers,Girona,17730,2,120.0,872,AP-7N,AP,True,78.42734465750125
J53Z13KJFW5JYAAHY2PX,"Repsol ES, Sanalemo Gestión",37.904846,-4.758799,"Pg P.Ind.Pedroches,Par.8S I-2, S/N.",Córdoba,Córdoba,14014,3,50.0,1154,N-432,N,False,612.8594688383381
ASRFQTV79EOMXV3BQCXQ,"Repsol ES, Torneo S.L.U - Sevilla",37.39487,-6.002508,"Cl Torneo, 70",Sevilla,Sevilla,41002,3,50.0,1245,N-630,N,False,1191.0290344542454
DWEDLWKFIUCEIMLDXWZI,"Repsol ES, CRED Ciudad Universitaria",37.37495,-6.080571,"Cr Se-625 P.K. 1,150 M.I.",Bormujos,Sevilla,41930,3,50.0,778,A-49,A,True,120.38910739673992
JKHMS9FEX25R0FBOTYOL,"Repsol ES, CRED Ciudad Rodrigo",40.603703,-6.529007,"Cr N-620, 324 I",Ciudad Rodrigo,Salamanca,37500,3,50.0,88,A-62,A,True,1310.072312937942
UZMQFYA7SJ3FK9TLU9UT,"Repsol ES, Altet, S.L",38.27588,-0.538824,"Cl Avenida De Cartagena, 59",Elche/Elx,Alicante/Alacant,3195,3,50.0,361,N-332,N,False,98.07610715343486
9ZGB2JAG1FYUQEC5KZEG,"Repsol ES, Caño Dorado S.L",41.452637,-4.666846,"Cr N-601, 167,7",Mojados,Valladolid,47250,3,50.0,1188,N-601,N,False,30.718525120423585
BVB2SQKM1AJHGVBUQGG3,"Repsol ES, Benicarlo",40.42183,0.417109,"Cr N-340, 1043,8",Benicarló,Castellón/Castelló,12580,3,50.0,389,N-340,N,True,1476.3157519608237
CTUT1KYGOMBTFQ7UGZEJ,"Mercadona, Av. José Gutiérrez Solana",43.460533,-3.837418,"Avda. José Gutiérrez Solana, 18",Santander,Cantabria,39011,4,22.17,1202,N-611,N,False,642.6701592433762
30QBLWNV67PKK43UPPXD,"Mercadona, Paseo Yeserias, Madrid",40.400562,-3.712372,"Paseo Yeserías, 3-5 -7",Madrid,Madrid,28005,2,22.17,761,A-42,A,False,1487.993008164504
O1YH3HDZNNWIYDLSHA1C,"Repsol ES, Mafon 2018 S.L",39.976894,0.010466,"Cr C-232 Grau-Teruel, 1,0","Alcora, l'",Castellón/Castelló,12100,3,50.0,252,N-225,N,False,843.8854930403178
PMTNCCZJSVZMH1CPMAH5,"Repsol ES, CRED Ugaldebieta M.I.",43.326897,-3.067953,"At A-8, 131, Abanto-Autopista",Abanto y Ciérvana-Abanto Zierbena,Bizkaia,48500,3,50.0,151,A-8,A,True,72.7613215306891
WE4E2SCF9BRR6HLFNLCY,"Repsol ES, Combustibles Picassent",39.361874,-0.456342,"Cl Abadia, 13",Alcàsser,Valencia/València,46220,3,50.0,128,A-7,A,True,589.8612787855716
YTMSPJLVLVDMBKMEHWU0,"Mercadona, Batlle Dionis Mestre Serrat, Tarragona",41.374886,1.166581,"Carrer Del Batlle Dionís Mestre Serrat, S/N",Montblanc,Tarragona,43400,4,22.17,990,N-240,N,False,657.3957227257247
1HIY7GZ9Q9XMLW5AHKWH,"Repsol ES, CRED Can Rosa",41.54788,2.222185,"Cl Bosc, S.N.",Mollet del Vallès,Barcelona,8100,3,50.0,874,AP-7N,AP,True,128.73383745554602
OK1UOY4D9KKAZYZMPCR1,"Mercadona, Albeniz, Málaga",36.73514,-4.418768,"C/ Albeniz, 35 - C/ Bocana",Málaga,Málaga,29014,2,22.17,642,A-7S,A,True,1460.3937300424875
XKJJCKCOFYJUBDLTHLI0,"Mercadona, Rúa Plácido Peña, Lugo",43.301094,-7.678828,"Rúa Plácido Peña, 38",Vilalba,Lugo,27800,2,22.17,587,N-634,N,True,1314.6377538957217
DUBJRBABNXUECRTPROTD,"Repsol ES, CRED Rincon De La Victoria",36.71254,-4.265452,"Cl Avenida De La Torre, 26",Moclinejo,Málaga,29738,3,50.0,642,A-7S,A,True,1189.267515732634
J0FHD8C5SAX8XTZGERQE,"Repsol ES, Asama Campanar",39.478752,-0.401191,"Cl Valle De La Ballestera, 44",València,Valencia/València,46015,3,50.0,53,A-3,A,False,1770.1976933080377
F3RTEXZE6H0CB1PK0YNT,"Repsol ES, CRED Villalba",43.30262,-7.67234,"Cl Campo Del Puente, S.N.",Vilalba,Lugo,27800,3,50.0,587,N-634,N,True,788.6295216587972
I4F2AJ9KEI25WOXFLQYA,"Repsol ES, Eurotrak",41.66645,1.210961,"A-2 Km 513,83",Cervera,Lleida,25218,2,10.0,698,A-2,A,True,86.21738115999166
KDXJCZVY8FASR1KZ6MRY,"Mercadona, La Sierra, Guadalajara",40.640163,-3.151164,"C/ La Sierra, 3",Guadalajara,Guadalajara,19005,4,22.17,685,A-2,A,True,753.0534020969955
LFC4ES9O4UAODNWJUNBV,"Mercadona, de Serrablo, Huesca",42.521503,-0.360579,"C/ De Serrablo, C/ General Villacampa",Sabiñánigo,Huesca,22600,4,22.17,1018,N-330,N,True,437.6343555508273
1YWOCZTAJXAVVXFAIRBZ,"Mercadona, Prolongación C/ Pizarro, Cádiz",36.696243,-6.142772,"Prolongación C/ Pizarro, S/N",Jerez de la Frontera,Cádiz,11407,4,22.17,754,A-4,A,True,1863.0074915185198
H5RTE3BBNN5PWTOMLGLJ,"Mercadona, Jesús de Nazaret, Jaén",37.784412,-3.776479,"C/ Jesús De Nazaret, 3",Jaén,Jaén,23009,4,22.17,1014,N-323,N,False,1427.292934147945
PSVRCLICPWXKS1L3ZZXX,"Repsol ES, Convenience y Servi . Murcia",38.062828,-1.038701,"Diseminado Carr Borreguera, 1 (N-340, A, 671,6 D)",Santomera,Murcia,30140,3,50.0,1065,N-340,N,False,1920.3810193036177
TBJWQOLD2XBYRMGJCSQA,"Repsol ES, CRED Jerez Alto",36.70677,-6.124923,Avda. Presidente Adolfo Suarez N,Jerez de la Frontera,Cádiz,11407,3,50.0,754,A-4,A,True,1035.7514405582958
BZJZH5UFNVP6KLIWPKWZ,"Mercadona, TINEO, Madrid",40.374004,-3.627924,"C/ Tineo, 5",Madrid,Madrid,28031,4,22.17,46,A-3,A,True,1927.9532156023206
81ICNYJTDHLOTRBAVLLG,"Repsol ES, Cantos S.L.",38.729446,0.091984,"Cl Dels Gremis, 25-31 (Pol. Teulada) Buzón 60005B",Teulada,Alicante/Alacant,3725,3,50.0,369,N-332,N,False,101.12650147687295
FHGFK4VBY34HADXJLFKM,"Repsol ES, Carburantes Y Servicios Garceran",38.03511,-1.253361,"Avda.De La Industria, Parcela 64H # Pol. Ind. San Jorge","Torres de Cotillas, Las",Murcia,30565,3,50.0,1100,N-344,N,False,1981.8822145573643
ZVVERVHNP310CMLAFKQV,"Mercadona, Av. Padre Isla, León",42.600574,-5.574006,"Av. Padre Isla, 23 - Julio Del Campo, 10",León,León,24002,2,22.17,1246,N-630A,N,False,1637.5490317877739
7LYMSSXUFGVIGZF6PVRM,"Repsol ES, Parking Pumarin",43.369183,-5.847409,Alfonso Camín,Oviedo,Asturias,33011,2,7.36,1218,N-630,N,False,1602.3153677430523
89ZLVGHKBU0MQF7PPCNZ,"Mercadona, Av. Madrid, Pontevedra",42.221756,-8.708812,"Avda. Madrid, 108",Vigo,Pontevedra,36214,6,22.17,810,A-55,A,True,71.11945318360786
C0VCSSBSPVRYHCSTO1WJ,"Repsol ES, CRED Puerto Lumbreras",37.567875,-1.802376,"Cr N-340 A, 578,2",Lorca,Murcia,30890,3,50.0,135,A-7,A,True,475.92295242693467
ADAOAPYJMSJYD2UE7NIJ,"Mercadona, Ctra. de Castañera, Asturias",43.378517,-5.185025,"Ctra. De Castañera, S/N",Parres,Asturias,33540,4,22.17,577,N-634,N,False,367.97729240627046
HQXHRJDRFRVJBRO7KKJO,"Repsol ES, Intecmin S.L.",39.01291,-1.874904,"Pg Campollano-P. 2-Ct, S.N.",Albacete,Albacete,2007,3,50.0,1003,N-322,N,True,155.39242742921257
RTUKMPQLGXTUN4PI2DZD,"Repsol ES, CRED. Salinas De San Pedro",37.838898,-0.777624,Avda. Del Puerto S/N,San Pedro del Pinatar,Murcia,30740,3,50.0,1046,N-332,N,False,1162.802445220353
VAXWXKYH4KZGDGDMFYGW,"Repsol ES, CRED Galindo M. Izdo",43.29831,-3.003486,"Cr Bi-3745, 9,2 M Izd",Sestao,Bizkaia,48910,4,180.0,1292,AP-8,AP,True,1453.4208495462742
TDFQNRYKIX0INHA38M9S,"Repsol ES, CRED Roda De Berá",41.17787,1.490892,"Cl Vallespir, 118",Roda de Berà,Tarragona,43883,3,50.0,396,N-340,N,False,39.17001450084373
RJQ2ODCTMKACZQ2Y3ECB,"Repsol ES, Reza",42.351295,-7.894788,"Cr Or-402 , P.K. 3.,8",Barbadás,Ourense,32002,3,50.0,802,A-52,A,True,313.8018027007351
KOVAQ1ASECRAO18PZIBV,"Repsol ES, Benes Productos Petrolíferos S.L.",42.460106,-2.40703,"Av Avda De Aragon , 7",Logroño,"Rioja, La",26006,3,50.0,864,AP-68,AP,True,844.5362114337264
FQ7IN3FIJEUA9B0U9KCT,"Repsol ES, Auto-Servi Romero",39.56358,-1.212855,"Cr N-3, 262",Utiel,Valencia/València,46300,3,50.0,11,N-3,N,False,34.90304877286365
FUYBDSCXPJVXFVGVDKN7,"Mercadona, Escaño, Madrid",40.30759,-3.727089,"C/ Escaño, 35",Getafe,Madrid,28901,4,22.17,761,A-42,A,False,1094.0948501982957
EY3R0NZ4QEVQUJH5D5EZ,"Repsol ES, Aljobar S.L 2",41.638054,-4.746664,"Av De Salamanca, 68 A",Valladolid,Valladolid,47014,3,50.0,84,A-62,A,True,1873.518044499784
ACYMRFRUWSDINI2ADPSH,"Mercadona, Av. Aragón,Teruel",40.33155,-1.105558,"Avda. De Aragón, 31",Teruel,Teruel,44002,2,22.17,247,N-223,N,False,390.21986467345397
Y54N8S7D1BND04QUKV4U,"Repsol ES, CRED Almansa",38.87484,-1.100252,"Av. Ayora, 20",Almansa,Albacete,2640,3,50.0,727,A-31,A,True,779.4375310124683
H0F8I1HC4RHE3FYOBM0S,"Repsol ES, La Carolina",38.27228,-3.610011,"Cr N-4, 269","Carolina, La",Jaén,23200,3,50.0,745,A-4,A,True,237.16401507575742
TDXEIRH1C8PEFIKPO6RA,"Repsol ES, O Rei Das Tartas",43.379726,-7.426508,"A-8 Salida 552 Autovia A-8 (Lu-P-0105, P.K. 0,150)",Abadín,Lugo,27738,3,50.0,824,A-8,A,True,156.48171380060793
C8WNAQ4JZ1UYSCTFCKQK,"Repsol ES, Cap Desarrollo De Invers. y Proy.",40.94145,-4.105706,"Cl Los Doradores, 6",Segovia,Segovia,40004,3,50.0,857,AP-61,AP,False,1970.0853793605274
Z3CI7TEIO6JTMIXIRZ4U,"Mercadona, Puerto Santa Maria, Alicante",38.646046,0.04581,"Puerto De Santa María, S/N",Calp,Alicante/Alacant,3710,4,22.17,367,N-332,N,False,790.2985043611205
IRBEAGYYAYMHU1R9PUQD,"Mercadona, Av de la Constitución, Toledo",39.965733,-4.81433,"Avda. De La Constitución, 30",Oropesa,Toledo,45600,4,22.17,478,N-502A,N,False,1152.7523576923113
OTHBCFCUMILXGWW1ZKQ9,"Repsol ES, Edificaciones Tifan",40.474277,-3.848516,"Cl Cr.Majadahonda-El Plantio, 66",Majadahonda,Madrid,28221,3,50.0,63,A-6,A,True,532.285865414254
FCCH1BM73QR2OHCW0AGL,"Mercadona, Dolores Ibárruri, Valencia",39.4797,-0.424249,"C/ Dolores Ibárruri, S/N",Mislata,Valencia/València,46920,4,22.17,53,A-3,A,False,1034.7131255369945
ZX1TT6FSIJVRVHGKGE3W,"Repsol ES, CRED Igay M.I.",42.741688,-2.913164,"Au Ap-68 P.K. 63,50 I",Erriberagoitia/Ribera Alta,Araba/Álava,1213,2,180.0,861,AP-68,AP,True,78.48349768779093
7MMEMYIL0P9GAPTXJDUO,"Mercadona, Caja de Ahorros, Alicante",38.369278,-0.442353,"C/ Caja De Ahorros, S/N",Alicante/Alacant,Alicante/Alacant,3016,6,22.17,377,N-334,N,False,1520.222488716408
OYMAUD8Y3C2UOYYXE3FO,"Mercadona, Passeig Espanya, Barcelona",41.57851,1.603554,"Passeig Espanya, S/N",Santa Margarida de Montbui,Barcelona,8710,6,22.17,699,A-2,A,True,1454.9171987744553
WDZAVPG52OJ4QKR7U3EG,"Mercadona, Avda. Antonio Almela, Valencia",39.198395,-0.503851,"Avda. Antonio Almela, 5","Alcúdia, l'",Valencia/València,46250,2,22.17,129,A-7,A,True,764.007712970975
8EGBWGQN60BEWUIFWCWD,"Repsol ES, Estación De Servicio El Bruch S.A",41.19533,1.202777,"Cl Avenida La Pau, S.N.","Morell, El",Tarragona,43760,3,50.0,44,A-27,A,True,1142.1478788879656
XZ7RKDSQZ3YAOW97BVA0,"Repsol ES, Can Carreres",41.476982,1.921486,"Cl Pau Claris, 13",Martorell,Barcelona,8760,3,50.0,876,AP-7N,AP,True,723.548529837304
9WBVDK6IQSUBQRBE31EX,"Mercadona, Tamarindo, Cáceres",39.890347,-5.527859,"C/ Tamarindo, 6",Navalmoral de la Mata,Cáceres,10300,8,22.17,787,A-5,A,True,396.3128406220197
WERQ0TTKL0ZQOTX1BDDV,"Mercadona, Villayerno, Burgos",42.368496,-3.656039,"C/ Villayerno, 1",Burgos,Burgos,9007,6,22.17,22,A-1,A,False,1351.0384663482823
JENRVS8FIYYAQ57U5EMC,"Repsol ES, CRED Palol De Revardit",42.048206,2.819475,Cr C-66 P.K. 36,Palol de Revardit,Girona,17843,3,50.0,872,AP-7N,AP,True,1933.5280512365791
T36J7GLRCOTA5MD2ATM2,"Repsol ES, Gesefel Rubí",41.48134,2.031021,"Cr C-1413 ,P.K. 9,8",Rubí,Barcelona,8191,3,50.0,875,AP-7N,AP,True,1005.7301042857346
6AXQVGHISKQ5TB746TWG,"Repsol ES, CRED Villalba Estación",40.62599,-4.004366,"C/ Rafael Alberti, 22 (Antigua C/ Real)",Collado Villalba,Madrid,28400,3,50.0,64,A-6,A,True,675.6237376888859
NQDFSZXUTYD1SEQTJXXF,"Repsol ES, Valle De Úrbel",42.366688,-3.843328,"A-231, Pk 152",Pedrosa de Río Úrbel,Burgos,9131,5,150.0,207,N-120,N,False,495.5960480565294
BDYF02ELPZCPB0OHP2U7,"Repsol ES, Lence Torres",42.98814,-7.535613,"Cr N-6, 498",Lugo,Lugo,27160,3,50.0,537,N-6,N,False,421.5553940429183
O23WXSFSLNW5TAM3FUYS,"Mercadona, Claverol, Barcelona",41.385788,2.010151,"C/ Claverol 24, - Ctra. De Torrelles, 14 - 20",Sant Vicenç dels Horts,Barcelona,8620,4,22.17,700,A-2,A,True,857.8427281170383
9W8SPYLW8VLTTHACVLQM,"Repsol ES, Es Jamac Gestion Avila",40.657917,-4.69179,"Cl Avenida Madrid, 4 D",Ávila,Ávila,5001,3,50.0,429,N-403,N,False,1456.74207591313
CFL37B54ZPHLIW9UHAAD,"Mercadona, Jauregi Bailara, Gipuzkoa",43.278305,-1.987254,"Jauregi Bailara, S/N",Hernani,Gipuzkoa,20120,4,22.17,1288,AP-8,AP,True,121.95271740225876
U4SYLCPEYXN4UNFWMTSL,"Repsol ES, Hersan S.L",36.594658,-4.528167,"Cl Av.Garcia Lorca-Arroyo Miel,17",Benalmádena,Málaga,29630,3,50.0,620,AP-7S,AP,True,1800.4860764790787
IZINF9SWKQFAKEPEWAZP,"Repsol ES, Carburantes De Ponferrada S.L",42.64649,-6.876847,"Cr N-6 414,5",Trabadelo,León,24523,3,50.0,536,N-6,N,False,61.522365132497136
FJN2NSYCQFHIMXTVJIBB,"Mercadona, Santísimo De La Fe, Valencia",39.50191,-0.44704,"C/ Santísimo Cristo De La Fé, 51, Carretera De Manises, 14",Paterna,Valencia/València,46980,4,22.17,245,N-220,N,False,1257.3209020085465
LXA22W2H4IUGDWASKV17,"Repsol ES, CRED Dr. Esquerdo",40.409813,-3.669222,"Av Doctor Esquerdo, 153",Madrid,Madrid,28007,2,150.0,45,A-3,A,False,981.4569829506496
Z1XZ6A9EPC7KKMJSQRBF,"Mercadona, San Manuel, Málaga",36.499664,-4.791872,"C/ San Manuel, S/N (Urbanización Las Chapas)",Marbella,Málaga,29604,4,22.17,646,A-7S,A,False,93.85610948807157
EEFPYC4AFTXOGJ2EMJQM,"Repsol ES, S. Isidro-Parador",36.798725,-2.601368,"Cr A-391, 3,8",Roquetas de Mar,Almería,4720,3,50.0,635,A-7S,A,True,1750.2632314007092
ERVWPIJRCWXTIYXNVXM3,"Repsol ES, Bargues, S.L",41.63844,0.874253,"Cr A-2, 484,5",Fondarella,Lleida,25244,3,50.0,698,A-2,A,True,90.66645672615415
07CQHJZ1FM7JBW3KQQMS,"Repsol ES, CRED Roquetas",36.81941,-2.59748,"Cr E-15 ,P.K. 429 (N-340 Salida)",Roquetas de Mar,Almería,4720,3,50.0,635,A-7S,A,True,117.36877667583626
UQDRBBLAQM2UFMY8H5H2,"Mercadona,  Alicante",38.274216,-0.667331,"Avinguda D'alacant, 113,",Elche/Elx,Alicante/Alacant,3202,6,22.17,1071,N-340,N,False,94.64459590435163
UQKDPZZ7RD4DTZGC7UKP,"Mercadona, Lerun, Gipuzkoa",43.222256,-2.406634,"Lerun Kalea, 1",Elgoibar,Gipuzkoa,20870,6,22.17,565,N-634,N,False,32.826520308314706
G0QD78MJUZ4QBLS5DXSK,"Mercadona, Del Parc, Barcelona",41.359264,2.076985,"Av. Del Parc, 46",Cornellà de Llobregat,Barcelona,8940,4,22.17,701,A-2,A,True,1491.595546671156
YSQ3AXBI87IKM7PB8QSP,"Repsol ES, Majaralgaba S.L.",37.460323,-6.027182,"Cr A-3131 P.K.1,9","Algaba, La",Sevilla,41980,3,50.0,112,A-66,A,True,1558.9165046381447
HBX9SZXLK8Y1U5LVC6XO,"Mercadona, Sancho Panza, Madrid",40.317394,-3.706843,"Av. Sancho Panza, S/N",Getafe,Madrid,28906,6,22.17,741,A-4,A,True,1244.2952881037386
G3W4W38LMQPQQLRDTJTA,"Repsol ES, CRED Talavera De La Reina",39.963757,-4.800619,"Cr N-5A, 113,6",Oropesa,Toledo,45600,3,50.0,524,N-5A,N,False,1935.9188372174692
GN69FOC1IX6YIOPGKVQQ,"Refinería Cartagena, Parking Oficinas Generales",37.573177,-0.922659,Valle De Escombreras S/N,Cartagena,Murcia,30350,2,7.36,1099,N-343,N,False,1224.8490128415654
ISBCCM2XM2OLYMDFWD9F,"Repsol, Refinería Cartagena, Parking Formación",37.575275,-0.923421,Valle De Escombreras S/N,Cartagena,Murcia,30350,2,7.36,1099,N-343,N,False,1219.1398653416736
7ETYDJKLBNPFGMWXYN9M,"Repsol ES, CRED Ciudad Real",38.977356,-3.9362,"Pg P.I. Larache,Parc.93, S.N",Ciudad Real,Ciudad Real,13005,3,50.0,1117,N-420A,N,False,21.91066072842281
GNVX34FKLZ7YZMV3ZW7E,"Repsol ES, E.S. Utges, S.L.",41.614822,0.652746,"Carretera Ll-11, P.K. 9,00 Iz",Lleida,Lleida,25191,4,180.0,992,N-240,N,False,1076.7537724735257
2RHZ85AI0CWCFSW3APOI,"Repsol ES, Gureak Zerbitzuguneak",43.152893,-2.068776,"Cr N-1, 437,2",Ibarra,Gipuzkoa,20400,3,50.0,656,A-1,A,True,26.690917531520192
9DHJI2VNSJU7LLATPVKI,"Repsol ES, Puertollano S.A",38.67897,-4.10922,Cl Asdrubal S.N,Puertollano,Ciudad Real,13500,3,50.0,1107,N-420,N,False,790.7905396767952
C5X5IQHYZS2S52IDX5I2,"Repsol ES, CRED S.Asensio M.I.",42.513184,-2.752763,"Au Ap-68, 100",San Asensio,"Rioja, La",26340,2,120.0,863,AP-68,AP,True,121.3491129529405
F1TILJ2IEFS6HGH789K2,"Repsol ES, Fco Javier Poyatos Molina",41.114117,1.222814,"Pol. Ind. Francolí, Parc-1",Tarragona,Tarragona,43006,3,50.0,394,N-340,N,False,150.53860841398586
87SL0ISEU560NGKAZ8QC,Repsol Es. Carburantes Yagüe S.L,41.62732,-5.173078,"Cr N-6, 202,2",Mota del Marqués,Valladolid,47120,3,50.0,529,N-6,N,False,42.778932342627925
9D9AEP2KXY6III4BDUWF,"Repsol ES, CRED La Hispanidad",41.627514,-4.760207,"Avda. Salamanca, 80",Valladolid,Valladolid,47197,3,50.0,84,A-62,A,True,1529.9550692043815
MN8N7DKZUU5NMGYNESZP,"Mercadona, Kabiezes",43.323204,-3.033483,"Av. Antonio Alzaga, 7 - 13",Santurtzi,Bizkaia,48980,2,22.17,613,N-644,N,True,988.2728429203316
SPNJMBUEFIRKRWIYXTFU,"Repsol ES, CARABANCHEL AUTO S.L",40.382946,-3.696042,"Cl Antonio Lopez, 244",Madrid,Madrid,28026,3,50.0,740,A-4,A,False,661.0525753771182
HYNEZTFU4X2END0CVX3H,"Mercadona, Los Naranjos, Málaga",36.507614,-4.950527,Urb Los Naranjos - Parque Comercial,Marbella,Málaga,29660,6,22.17,2,A-7S,A,False,203.69504822234225
G42UIZB1GZBIUVH8TZTS,"Repsol ES, CRED Eskoriatza",43.01694,-2.535529,"Ap-1 P.K. 121,500 Mi",Eskoriatza,Gipuzkoa,20540,3,50.0,837,AP-1,AP,True,45.22213120347028
MXB7LVSFKP4HM4ZWRQNE,"Mercadona, Jumilla, Murcia",38.4727,-1.314734,"Av. De Murcia, 49",Alcantarilla,Murcia,30520,4,22.17,1102,N-344,N,False,871.2793983244126
5CP9RQBRMRPRQOAALTVK,"Repsol, DC - Tornavacas",40.25634,-5.685693,Valle Del Jerte S/N,Tornavacas,Cáceres,10611,3,50.0,183,N-110,N,False,204.7413424792776
UD0KONWFHVXHSMERXJDK,"Repsol ES, La Piscina Peñarroya",38.30061,-5.275259,"Cr N-432, 192,2",Espiel,Córdoba,14200,3,50.0,1154,N-432,N,False,424.3370823969659
L1INJ4M4EM9B9IVVSHXC,"Repsol, DC - Cañaveral",39.792778,-6.388707,San Cristóbal Nº4,Cañaveral,Cáceres,10820,2,22.17,1234,N-630,N,False,4.615903874092895
LL6UKHTAOAVKT6SZVT8V,"Repsol ES, Gestión De Estaciones De Servici",38.881786,-6.963889,"Cl Avenida Circunvalacion, S.N.",Badajoz,Badajoz,6007,3,50.0,1130,N-430,N,False,351.48166730608784
UV1T5SIYZKNQQO4VOYJF,"Mercadona, Av. Cantabria, Cantabria",43.006126,-4.128251,"Av. Cantabria, 78",Campoo de Enmedio,Cantabria,39200,6,22.17,115,A-67,A,True,201.20056983746542
FISIKE0QPUV6VYW6WQQY,"Repsol ES, SALAS GESTIÓN DE CARBURANTES SAN",40.380363,-3.59776,"M-203, 0.28, I",Madrid,Madrid,28031,3,50.0,46,A-3,A,True,384.52168915947556
MFXV73HMUDLTTE39GHEC,"Repsol ES, GVP ARROYOMOLINO",40.302162,-3.922616,"Cr A-5, 23.5",Arroyomolinos,Madrid,28939,3,50.0,785,A-5,A,True,104.1896016898513
DH3M2Z5GMQMMMOU8T7SR,"Mercadona, Carrequemada, Burgos",41.671883,-3.682322,"C/ Carrequemada, 3",Aranda de Duero,Burgos,9400,2,22.17,242,N-1A,N,False,231.4525626322179
DMLQOCUBWNW43SNXYMM1,"Repsol ES, Petronalca S.L.",43.219044,-2.408673,"Cr N-634, 56,7",Elgoibar,Gipuzkoa,20870,3,50.0,565,N-634,N,False,13.12130596868689
CGJ6GUQEWNSCELYU0QXS,CARREFOUR SAN FERNANDO DE HENARES,40.44953,-3.527738,"CTRA NACIONAL II, PK 16",San Fernando de Henares,Madrid,28830,3,50.0,685,A-2,A,True,176.60245934262684
Q5PFHUSAKY58NCL15R4E,Muebles La Factoria - Asturias,43.383102,-5.748537,"N-634 Granda, 51A, 33188, Asturias, Spain",Oviedo,Asturias,33199,4,100.0,579,N-634,N,False,18.701386169145643
INIXR4JLNQ1JTCDTWRKV,Ibis Budget - Valencia Alcasser,39.36511,-0.430242,"Carrer Dels Fusters, 51, 46290 Alcàsser, Val",Silla,Valencia/València,46460,5,80.0,128,A-7,A,True,1141.095079533033
RLWD3ELHW6SDAVSHPM21,Alcampo - Vilagarcía de Arousa,42.594414,-8.755006,"Rúa Xílgaro, 5, 36619 Vilagarcía De Arousa",Vilagarcía de Arousa,Pontevedra,36613,6,90.0,1277,N-640A,N,False,15.40911192939602
NHXXQFIZHBNSCEFXMUQA,Centro Comercial Ruta de la Plata - Cáceres,39.468914,-6.390872,"C. Londres, 35, Oeste, 10005 Cáceres, Spain",Cáceres,Cáceres,10005,18,150.0,1235,N-630,N,False,133.0311491872604
H2WBDVLC32TBF1WJMNY6,Twelve Pádel Zenter - Vigo,42.212193,-8.710245,"Estrada Fragosiño, 20A, Sárdoma, 36214 Vigo",Vigo,Pontevedra,36214,3,50.0,810,A-55,A,True,863.572259198058
O8DRHJI2DZDX4RLXXUDY,Galp - El Astillero,43.404575,-3.835361,"C. Prosperidad, 55, 39611 Astillero, Cantabri","Astillero, El",Cantabria,39610,2,120.0,1264,N-635,N,False,1903.2754699833201
4FMZLHQY3Y5WEQGQTCSZ,Parque Comercial Jaca,42.577766,-0.529058,"Ctra. Ipas, 2A, 22700 Jaca, Huesca, Spain",Jaca,Huesca,22700,4,100.0,1020,N-330,N,True,170.35211859664722
CISFYXOLBLUWVFEWDRG5,Centro Comercial L'Aljub - Elche,38.264095,-0.721607,"Carrer Jacarilla, 7, 03205 Elx, Alicante, Spa",Elche/Elx,Alicante/Alacant,3205,46,120.0,1071,N-340,N,False,429.0754911726952
MB4GMZPX4V9VWQONHHXS,Alcobendas - Calle Calabozos,40.53064,-3.65194,"Calabozos,1",Alcobendas,Madrid,28108,3,100.0,15,A-1,A,True,502.36239364588397
2UYRD9IZYTD6NNABSHTO,Alcobendas - Avda. Doctor Severo Ochoa,40.542156,-3.652058,"Del Dr. Severo Ochoa,30",Alcobendas,Madrid,28100,3,100.0,15,A-1,A,True,1444.2793452184055
NSASYWZBVX2NTOXGFYDP,Inturasa Pérez Rumbao-Ourense,42.287685,-7.860525,"Madrid Km,231",San Cibrao das Viñas,Ourense,32915,4,300.0,801,A-52,A,True,1186.5040429100043
CV4C6PZS3LZUI9OATFOB,Alcobendas - Plaza de la Moraleja,40.515896,-3.651399,"De La Moraleja,9",Alcobendas,Madrid,28109,3,100.0,15,A-1,A,True,167.1357179171303
TPINGQNXCHLWDR2OTKGJ,Estación bonÁrea - Caspe,41.233006,-0.05824,"35, Parcela ,1124",Caspe,Zaragoza,50700,2,100.0,964,N-211,N,False,735.9650829824983
2YLUPQVP4YSPKS3J4NO0,"Alcobendas - C. de la Constitución, 106",40.547207,-3.645207,"C. De La Constitución,106",Alcobendas,Madrid,28100,3,100.0,15,A-1,A,True,1699.4822004426103
9OU5EIJFNFHPNWMXWBE8,Estación bp Faro de Cullera,39.1727,-0.2612,"Sueca ,34",Cullera,Valencia/València,46400,3,150.0,372,N-332,N,False,239.01502962337293
IXTX6KRQ4NQALKI4FUVL,Hiperber Distribución y Logística - Novelda,38.382263,-0.760926,"Maria Cristina,115",Novelda,Alicante/Alacant,3660,3,100.0,346,N-325,N,False,1182.813981545333
Y24USFOI7R3GTSLAFUHM,Momo Oil Miajadas,39.1406,-5.92096,"Curtidores,9",Mesas de Ibor,Cáceres,10100,2,100.0,789,A-5,A,True,1178.1593629622103
URPMMPCQG89XKBDZQAWF,"Repsol, Camargo, Vía pública",43.42272,-3.843528,"C/ Rufino Ruiz Ceballos 11
Maliaño",Camargo,Cantabria,39600,2,22.17,1265,N-636,N,True,741.0520025377501
WR6JGWIAZLMF1UNPXTZG,"Repsol ES, CRED Pau Carabanchel",40.36804,-3.765412,"Avda. De La Peseta, 6",Madrid,Madrid,28054,3,50.0,61,A-5R,A,False,1661.4872635867246
9TFNEPBLRLC36ZGAOQSS,"Repsol ES, CRED Pau Vallecas",40.37605,-3.604325,Avd. Real De Arganda 74,Madrid,Madrid,28031,3,50.0,46,A-3,A,True,307.6798550007703
U2YQFVD4SABGY7EAOCDN,"Repsol ES, CRED Ugaldebieta M.D.",43.328472,-3.068215,"Au A-8 P.K. 131,00 D",Abanto y Ciérvana-Abanto Zierbena,Bizkaia,48500,5,400.0,151,A-8,A,True,59.214580837485244
2SVBYBMTFSO64B2UYNDC,"Repsol ES, CRED Rambla Belén",36.852745,-2.468273,Rambla Belén S/N,Almería,Almería,4008,3,50.0,634,A-7S,A,True,484.32080604334607
B9N1MNQ5C1RH8Z1RWIBL,"Repsol, ITP Derio, Parking",43.301067,-2.869915,"Parke Tecnológico De Bizkaia, Edificio 902",Derio,Bizkaia,48160,4,7.36,564,N-633,N,True,904.998944638541
XHIZY3GEJMNWBBELO3CF,"ITP AERO, Visitas, Zamudio",43.29207,-2.856165,"Parque Tecnológico De Zamudio, Edif. 300",Derio,Bizkaia,48170,2,7.36,564,N-633,N,True,1976.4485024727687
OJZ519NZMUVX5PPVMIW3,"Repsol, ITP Alcobendas, Parking",40.533592,-3.630152,"Calle De Francisca Delgado, 9",Alcobendas,Madrid,28108,4,7.36,15,A-1,A,True,165.32214239678677
EAT3TC6CASHKZGVBBUCD,"Repsol, ITP Albacete, Parking",38.94093,-1.881468,"Parque Aeronáutico Y Logístico Albacete, Carretera De La Peñas, (Cm3203) Km 5,3",Albacete,Albacete,2049,2,7.36,733,A-32,A,True,549.1268961583135
USXNDO5J0RHCHRWU8X4F,"Repsol ES, CRED Pº De Extremadura",40.378696,-3.790842,"Cr A-5 P.K. 9,00 I (Paseo Extremadura 543)",Madrid,Madrid,28024,3,50.0,783,A-5,A,False,882.2921986134237
RZAVVFWKHVSJDXCSJLDB,"Repsol ES, CRED Aravaca-El Plantío",40.46903,-3.819865,"Av. De La Victoria, 34",Madrid,Madrid,28023,3,50.0,63,A-6,A,True,179.4116201444452
9OZKCPABDSZ3DVHT3G4K,"Repsol ES, CRED Bergara",43.12585,-2.423945,"C/ Amillaga, 17",Bergara,Gipuzkoa,20570,3,50.0,837,AP-1,AP,True,257.4603635759662
NYA5SXX0NBCCBE4D3KJX,"Repsol, Isabel Torres Santander, Vía pública",43.453693,-3.871444,C/ Isabel Torres Sn,Santander,Cantabria,39011,1,7.36,1202,N-611,N,False,781.1807435805725
DWRKCD0BTP3E7LHAUZHO,"Repsol, Somorrostro, Centro de Formación",43.322124,-3.123565,"Bº San Juan, 10",Muskiz,Bizkaia,48550,2,22.17,567,N-634,N,False,67.11457652468242
UUDY217QGJVALEY8VKNR,"Repsol, Calderón de la Barca, Vía pública",43.459362,-3.808639,C/ Calderón De La Barca 18,Santander,Cantabria,39002,1,7.36,1202,N-611,N,False,1450.0992143028864
PVRR4M7RJJWPXIJ0UCYF,"Repsol, Cardenal Cisneros, Vía pública",43.463165,-3.810778,C/Cardenal Cisneros 2,Santander,Cantabria,39001,1,7.36,1202,N-611,N,False,1378.0166029705817
XL6KBDQCAEOR5OUKUUGJ,"Repsol ES, CRED Archiduque Carlos",39.46081,-0.400144,Archiduque Carlos 70,Xirivella,Valencia/València,46014,3,50.0,53,A-3,A,False,1770.3108713078914
AAH9RYLENQGNNGP8IAUU,"Repsol ES, CRED Ozone Torrevieja",37.98816,-0.687151,"Cr Cv-905  P.K. 10,10 D
E.S. - Ozone",Torrevieja,Alicante/Alacant,3181,3,50.0,1048,N-332,N,False,179.25149704766977
IGL5VNCSNI8DHPHMYZ3K,Ilboc,37.576637,-0.921393,C/ Valle De Escombreras S/N,Cartagena,Murcia,30350,8,7.36,1099,N-343,N,False,1442.0060507213796
WYAEA92DOHWS2NDJEX1J,"Repsol, Grupo Antolín, Parking",42.362694,-3.632955,"Carretera Madrid - Irún, Km 244,8",Burgos,Burgos,9007,2,7.36,171,N-1,N,False,53.850322689027024
BGVWMSUTFH8XWFAJOE86,"Repsol, Apartamentos Maddiola",43.293633,-2.092501,"C/ Benta Aldea, 7.",Aia,Gipuzkoa,20810,2,7.36,1288,AP-8,AP,True,747.2928541134406
7JEUTD0GHSFKQ2B4I4XI,"Repsol ES, CRED Rabasa",38.37629,-0.509315,"Av. Universitat, S/N, Pol. Ind. Rabasa",Alicante/Alacant,Alicante/Alacant,3009,3,50.0,138,A-70,A,True,397.34730722352845
QCMMNK6DMY5BBORROIEX,Repsol Tech Lab,40.33755,-3.886013,"C/ Agustín De Betancourt S/N.
Centro De Tecnología Repsol",Móstoles,Madrid,28935,6,7.3,785,A-5,A,True,354.8601073298473
Y84Z9IMKCVZGBHIHUPYG,"Repsol, Casa Rural Maddiola, Repsol",43.29887,-2.069368,"C/ Aita Orkolaga, 161.",Donostia/San Sebastián,Gipuzkoa,20008,2,22.17,1288,AP-8,AP,True,691.4158536711227
W1IYXXWXDKRA5OOGTPMW,"Repsol ES, CRED Lobón",38.839523,-6.646957,"Cr A-5, 369,8",Lobón,Badajoz,6498,3,50.0,792,A-5,A,True,67.43943887135063
YPOBQ7FSBXS6UG2JORYJ,"Repsol ES, CRED El Desvío",38.250813,-0.698257,"Cr Cv-8500 P.K. 3,60 I",Elche/Elx,Alicante/Alacant,3293,3,50.0,1071,N-340,N,False,1391.139401770691
3Q59PAB0X2RBWOMUK3TC,"Repsol ES, CRED Cáceres II",39.481743,-6.362858,"Cr N-521 P.K. 45,00 M.I.",Cáceres,Cáceres,10003,3,50.0,485,N-521,N,False,37.61446495688059
PEFBIS76EK9OIHMA013V,"Repsol ES, CRED Venta Del Moro",39.53936,-1.312051,"Au A-3 P.K. 266,10 D
Gasolinera",Caudete de las Fuentes,Valencia/València,46315,3,50.0,50,A-3,A,True,142.00082154647626
WN40LFVTV7JILEUW0T7D,"Repsol ES, CRED Tolosa",43.11622,-2.093085,"Ctra. N-I, Km. 432,5",Ibarra,Gipuzkoa,20400,3,50.0,656,A-1,A,True,105.64866132354477
IOYF80VW7UX0M74AV8GO,"Repsol ES, CRED Barajas II",40.449253,-3.565438,"Cr N-2, P.K. 12,60 M.D.",Madrid,Madrid,28022,3,50.0,685,A-2,A,True,37.609494791804785
OOCEZ9N5MHXEQYNFLTNN,"Repsol ES, CRED Los Bermejales",37.350544,-5.977387,Cr N-4  P.K. 544 Md,Sevilla,Sevilla,41012,6,50.0,748,A-4,A,True,955.4184059753215
Z0DMN2ETU2BKKCMMRRAQ,"Repsol ES, CRED Las Tablas",40.502323,-3.662709,"C/ Del Abetal, 8 (Pau Las Tablas)",Madrid,Madrid,28050,6,50.0,14,A-1,A,False,388.50018448302785
67ARI5GBONDOHSGYTPMH,"Repsol ES, CRED Elviña",43.33353,-8.402651,"Av. Alcalde Alfonso Molina, 586,","Coruña, A","Coruña, A",15009,3,50.0,160,AP-9,AP,True,351.6742353511012
WIMMRHGJNMCOPGHI0KXX,"Repsol ES, CRED Navalmoral Izq",39.89113,-5.524659,"Ctra.N-V, Pk.179",Navalmoral de la Mata,Cáceres,10300,3,50.0,787,A-5,A,True,432.99084894415535
GYXREI4NAEXF3R81CDMF,"Repsol ES, CRED Villares",40.98837,-5.645836,"Crta. Valladolid / P.G. Los Villares, 2",Villares de la Reina,Salamanca,37184,3,50.0,86,A-62,A,True,1315.915796842599
YUMU4XGYDRBEJZZSBQ9O,"Repsol ES, CRED Valtierra M.D.",42.200317,-1.675074,"Au A-15 P.K. 14,00 D",Valtierra,Navarra,31514,3,50.0,606,AP-15,AP,True,31.034879669175425
GDAHPF426LAUCGX3SQKU,"Repsol ES, CRED Centrolid",41.674446,-4.718901,"Av Del Euro, S.N.",Valladolid,Valladolid,47009,3,50.0,83,A-62,A,True,1455.4931299884884
XEMOI6Q2TJMIW7VWA1SC,"Repsol ES, CRED La Serna León",42.602234,-5.557438,"Calle José María Suárez González, Sn",León,León,24007,9,50.0,209,N-120,N,False,1528.3874844028512
UNEYWQMNQHS7JRJEDFIH,"Repsol ES, CRED Arturo Soria",40.457466,-3.658406,"C/ Arturo Soria, 175",Madrid,Madrid,28043,5,50.0,684,A-2,A,False,1507.2768925284656
O33DMUILCBOVGUFNL8DO,"Repsol ES, CRED Santa Cruz De Mudela",38.63611,-3.471416,"Cr N-4 - P.K. 216,90 I",Santa Cruz de Mudela,Ciudad Real,13730,3,33.0,745,A-4,A,True,34.97797003810295
XVTS9AAYDFXCSVX94QYB,"Repsol ES, CRED Molins",41.39367,2.025168,"Au  Ap-2     P.K. 8,50 D",Molins de Rei,Barcelona,8750,3,50.0,700,A-2,A,True,635.5730480430011
BHIZFFHZ2CBZAGUWT13T,"Repsol ES, CRED Martinez de Velasco",42.131214,-0.41966,"Av. Martínez Velasco, 53",Huesca,Huesca,22004,6,50.0,30,A-23,A,True,840.6238971758711
C8ELWHTVQIWJJFYGGRFB,"Repsol ES, CRED Quintanapalla 2",42.404915,-3.54957,"Au Ap-1 P.K. 12,00 I,",Fresno de Rodilla,Burgos,9290,3,50.0,834,AP-1,AP,True,62.93895620709272
1CNRHGVNEFVVLTK77LG9,"Repsol ES, CRED Altafulla",41.140034,1.365343,"Cr N-340   P.K. 1173,00 D",Tarragona,Tarragona,43008,3,50.0,1094,N-340A,N,False,396.45384410488396
GT7XT3OROOXALVAE7060,"Repsol ES, CRED Puerta De Madrid",40.47615,-3.39316,"Cr M-300 (Pg.Matillas-Parc.A1), P.K",Alcalá de Henares,Madrid,28802,3,50.0,685,A-2,A,True,945.2987544567018
MB5TVSCJIDGEJ7XIIAIF,"Repsol ES, CRED Los Angeles",38.37026,-0.497515,"Av. Novelda, 179",Alicante/Alacant,Alicante/Alacant,3009,3,50.0,138,A-70,A,True,1098.3944780254144
KDYXC5CTHUKDXWIV2LTC,"Repsol ES, E.S. Carburantes Y Derivados",36.133446,-5.451953,"Av. Virgen De Europa, S.N",Algeciras,Cádiz,11202,3,50.0,9,A-7S,A,True,797.2796955693414
SOXLEQJSFVMPOIM7SKF0,"Repsol ES, CRED Santa Clara",37.405262,-5.956113,"Cr N-4, 537,6",Sevilla,Sevilla,41007,3,50.0,747,A-4,A,True,673.1614780053519
GYSZQGMZINL9QY33T2F0,"Repsol ES, E.S. Almudévar",42.036148,-0.575526,"Autovía Mudéjar, 341
Cr A-23, 341,5 I",Almudévar,Huesca,22270,3,50.0,30,A-23,A,True,204.7369607975918
PJCZXN7HR6VWITGZUWHW,"Repsol ES, CRED San Antonio",41.33558,-1.642669,"Cr N-234 P.K. 256,40 D",Calatayud,Zaragoza,50300,3,50.0,689,A-2,A,True,185.6019534070209
SOSJROLGTIJDDMHQKNEC,"Repsol ES, Codisoil Valladolid I",41.667873,-4.728412,"Av. De Burgos, 33",Valladolid,Valladolid,47009,6,50.0,83,A-62,A,True,1538.2824271764032
OIM8OLFIVDUFCEJZ7VOK,"Repsol ES, Codisoil S.A",41.62987,-4.727401,"Cl Paseo Arco De Ladrillo, 65",Valladolid,Valladolid,47013,3,50.0,1189,N-601,N,False,1355.9995154305861
MI1OTZ2W1HFJQBBYIU1F,"Repsol ES, CRED Alcorisa",40.89723,-0.371891,"Cr N-211 P.K. 212,00 I",Alcorisa,Teruel,44550,3,50.0,963,N-211,N,False,804.9937570273266
L2OYJPNWDDLFN6E4IS8Q,"Repsol ES, CRED La Flecha",41.622746,-4.773732,"Ctra. Salamanca, 34,",Arroyo de la Encomienda,Valladolid,47195,3,50.0,84,A-62,A,True,918.2186941759417
HMP9HK2BUIO3JCGKYB4N,"Repsol ES, CRED Alcalá De Henares",40.47124,-3.413169,"Cr M-300, 30.3",Alcalá de Henares,Madrid,28802,3,50.0,685,A-2,A,True,285.3186703475432
4VKVLYX2VOBIEGECIIOS,"Repsol ES, CRED Valladolid",41.67259,-4.724259,Avda Burgos Nº100,Valladolid,Valladolid,47009,3,50.0,83,A-62,A,True,1336.165533507929
269ONA6OGNY6AICGAGDM,"Repsol ES, CRED Polígono Azuqueca",40.55628,-3.277304,"Av. De Alcalá, 14",Azuqueca de Henares,Guadalajara,19200,3,50.0,685,A-2,A,True,1018.4169222220385
5FFMWXTHXJKZE5TJEUPR,"Repsol ES, E.S Fatinafar",37.19073,-3.636363,Ctra Malaga Km 142,Benalúa,Granada,18015,3,50.0,1156,N-432,N,False,1461.4114691002585
419WDT7O22WKTDID1MIT,"Repsol ES, CRED La Garena",40.481506,-3.400273,"Av. Juan Carlos I, S/N",Alcalá de Henares,Madrid,28806,3,50.0,685,A-2,A,True,106.80403753180964
GLSKEKEUWBTLN5OEW1MN,"Repsol ES, CRED Venturada",40.78568,-3.613601,"Cr A-I P.K. 49,00 D",Navalafuente,Madrid,28729,4,400.0,16,A-1,A,True,151.46343031817702
GFWSIHIEDDJAZYMQRSB2,"Repsol ES, E.S. Pica,S.L.",36.804737,-2.621016,"Cr N-340, P.K. 426
Bulevar Cdad. De Vicar",Vícar,Almería,4738,3,50.0,635,A-7S,A,True,851.7814732528981
PG5OMD64OIQJ2QXGBFUT,"Repsol ES, CRED Avda Andalucía Izq",40.367065,-3.693852,"Cr A-4 P.K. 6,70 Izq",Madrid,Madrid,28041,3,50.0,740,A-4,A,False,1284.8053180910983
LAW0B6YSIOWH0QGNAWUW,"Repsol ES, E.S. Grupo Vilcogas S.L.",43.294167,-7.670673,"Avenida Terra Cha, De, 164",Vilalba,Lugo,27810,3,50.0,587,N-634,N,True,592.2252718611522
VHSWEKKJ4EEQEDVQCWVK,"Repsol, Garena Jatetxea",43.1293,-2.765836,"Barrio Iturriotz, 11",Dima,Bizkaia,48141,2,7.36,289,N-240,N,False,583.8978474897422
RWTRLSEEIFWBY0BR1UII,"Repsol ES, E.S. Fill-Up S.L.",38.878727,-6.962094,"Avenida Ricardo Carapeto S, N D",Badajoz,Badajoz,6008,3,50.0,1130,N-430,N,False,20.107571996608012
0HKGLVJTASJHJLHQMGRK,"Repsol, Herca 1999 S.L.",39.48435,-2.158367,"(Mg.De), 1, Cuv-8307, A-3, P.K. 186",Atalaya del Cañavate,Cuenca,16710,3,100.0,50,A-3,A,True,123.69427449670926
20RV02Z3W5JQTJNA81VV,"Repsol ES, CRED Moratalaz",40.407505,-3.65204,Glorieta Del Corregidor Sancho De Córdoba,Madrid,Madrid,28030,3,50.0,45,A-3,A,False,362.18060618345436
TGYPY30I3D2VDV53CDZL,"Repsol ES, CRED Cuesta Del Bolon",41.51141,-5.74736,"C. De Villalpando, 13",Zamora,Zamora,49023,3,50.0,922,N-122,N,False,371.22535829836505
DC8JJSDHXWH3GFTRZLHG,"Repsol ES, E.S. Gasolper Alicante",38.34496,-0.523203,"Carr. D'ocaña, 24",Alicante/Alacant,Alicante/Alacant,3006,3,50.0,350,N-330,N,False,164.50093566531604
QOTE5OWWPZZ5DHRTDSMR,"Repsol ES, CRED CIM Vallés",41.53979,2.186993,"C.I.M. Valles, Parcela-13, S.N.",Santa Perpètua de Mogoda,Barcelona,8130,3,50.0,874,AP-7N,AP,True,313.96388209057335
UAACQLQCRFEEIKTCOHII,"Repsol ES, CRED Jerez Las Viñas",36.70418,-6.11592,Avda Andalucía Nº 34,Jerez de la Frontera,Cádiz,11405,3,50.0,754,A-4,A,True,1347.8675636858823
WEAQFHYZZK9TZHZVZKHC,"Repsol, Barrualde-Galdakao, Hospital",43.224346,-2.817532,"Labeaga Auzoa, 46A",Galdakao,Bizkaia,48960,11,22.17,289,N-240,N,False,202.4078648404969
WJUNSDL5M9KFQGQ202YY,"Repsol ES, Poio",42.43656,-8.673804,"Av. Encoirados, 7 (Campelo)",Poio,Pontevedra,36163,2,20.0,163,AP-9,AP,True,1593.4999636539042
XNPTMN3BBZXSKJV2RFZ0,"Repsol ES, CRED Magraners",41.61073,0.66291,"Cr N-240 P.K. 89,00 I",Lleida,Lleida,25001,6,50.0,992,N-240,N,False,733.7151188968479
QE2UMMCFTKQHPPTHGXWE,"Repsol ES, CRED Avda Andalucia Dcho",40.36675,-3.694729,"A-4, P.K. 6,70 Dcha",Madrid,Madrid,28041,3,50.0,740,A-4,A,False,1366.4969524979692
RP1FXQX37DUIR85DR9Q1,"Repsol ES, CRED Montornés",41.548813,2.265386,"Av Mogent, 3",Montornès del Vallès,Barcelona,8170,3,50.0,873,AP-7N,AP,True,1212.1154328213665
2RBVK1ZNRQADCCNVE7UD,"Repsol ES, CRED San Javier",37.806217,-0.843048,Avenida De Balsicas 64,San Javier,Murcia,30730,3,50.0,887,AP-7N,AP,False,676.5415541969601
YDKHD1BUQCXQFRIBUGXL,"Repsol ES, CRED San Blas (Alcala 510)",40.441235,-3.62528,"Cl Alcala, 510",Madrid,Madrid,28037,3,50.0,684,A-2,A,False,916.091583232756
WQYVR9IWVELDTKKDIFU3,"Repsol ES, CRED El Atabal",36.73082,-4.467445,"Avda. Lope De Vega, S.N. Málaga",Málaga,Málaga,29190,3,50.0,645,A-7S,A,True,1657.5481532410597
TTVWPZGUIFY6VIEFOYCL,"Repsol ES, CRED Valtierra M.I.",42.20028,-1.675974,Aut. 15 Valtierra,Valtierra,Navarra,31514,3,50.0,606,AP-15,AP,True,43.37305399762934
TY3GNXL8NW0YNQZLJSGN,"Repsol ES, E.S. Davidiga S.L.",39.953747,-4.847665,C/ Calera 100,Oropesa,Toledo,45600,3,50.0,476,N-502A,N,False,446.45254535101276
LCVF00UXLKMCONBVYG8D,"Repsol ES, CRED Andujar",38.03624,-4.056944,"Cl Plaza Colón, S.N",Andújar,Jaén,23740,3,50.0,746,A-4,A,True,594.427414272468
BYMJSENGZYWWS62QD68M,"Repsol ES, CRED Avda De Los Rosales",40.339966,-3.668788,Avda. De Los Rosales 147 M-301 Km 4,Madrid,Madrid,28021,3,50.0,741,A-4,A,True,391.4966094332292
G2H1ZUUOTKAYGTTUYUNX,"Repsol, Mobis Parts Europe N.V.",40.44154,-3.495332,"C/ Tapiceros,1",San Fernando de Henares,Madrid,28830,4,22.17,685,A-2,A,True,1817.3763736277328
ECKYD5EFDUZBCRB0RCL3,"Repsol ES, CRED Jerez Alto II",36.70687,-6.125022,Avda. Presidente Adolfo Suarez,Jerez de la Frontera,Cádiz,11407,3,50.0,754,A-4,A,True,1024.692018620953
FUAMGXIEWJMMRKJDP9HL,"Repsol, Rafael Hoteles Atocha, Parking",40.401527,-3.687144,"Méndez Álvaro, 30",Madrid,Madrid,28045,5,22.17,740,A-4,A,False,1428.798395425083
JBJC5XL78OKJHRPVLQIM,"Mercadona, Parque Alcosa, Sevilla",37.411747,-5.919649,Concepción Estevarena S/N,Sevilla,Sevilla,41019,2,22.17,747,A-4,A,True,619.2587039468783
IX0E7ASDG7YMLLPU1YC3,"Mercadona, Gran Vía Sureste, Madrid",40.36441,-3.589786,C/ Cardenal Vicente Enrique Y Taracón Nº 16,Madrid,Madrid,28051,2,22.17,46,A-3,A,True,508.4652750934799
FLCAZ73V6RLPHZ7FWCM9,"Repsol ES, Tirant Lo Blanch",38.70958,-0.472659,Avd. Tirant Lo Blanch S/N,Alcoy/Alcoi,Alicante/Alacant,3804,3,50.0,381,N-340,N,False,1014.1260617049153
HFCDGNAUTYFOXEMTYIOG,Seur Córdoba,37.8449,-4.79378,C/ Herreros S/N Polg Amargacena,Córdoba,Córdoba,14013,6,11.08,746,A-4,A,True,215.8503667659186
WI5GJ2JWOVDS5S7JA6GI,"Repsol ES, Ctra Fortuna Leganés",40.35721,-3.773545,C/ Alava Parcela 11.4.1I-10S/N,Leganés,Madrid,28917,3,50.0,61,A-5R,A,False,1036.7998215377008
ZFWGJYAZT581VRWOBNLP,Seur Toledo,39.95202,-3.854473,"Cra Cuesta La Reina Cm 400, Puerta: Par9",Villaseca de la Sagra,Toledo,45260,10,22.17,848,AP-41,AP,False,1474.8991707970304
P53EKW85JZ66CAASDCL7,"Repsol ES, Glem S.L.",38.2579,-0.67828,Camino Viejo Elche- Santa Pola,Elche/Elx,Alicante/Alacant,3290,6,50.0,1071,N-340,N,False,1343.1132233159644
BHNKU8YMMZEEKW5V7COD,Seur Santiago,42.906166,-8.496879,/ Do País Vasco 0016 Nave,Santiago de Compostela,"Coruña, A",15707,2,11.0,162,AP-9,AP,True,402.9045009896811
D1PEDUCZ4TTFQA1QDBD0,Seur Ponferrada,42.55555,-6.615536,Bil P.I.B. 0013 Puerta: Nave,Ponferrada,León,24404,2,11.0,536,N-6,N,False,1423.4359058765315
XGIGKSHWFBTLTIXIXWAD,Seur Santander,43.396423,-3.847406,Pol Industrial Guarnizo 0095,"Astillero, El",Cantabria,39610,6,11.0,553,N-623,N,False,1171.7648987374698
CIJ4F9CQVKI4JPGTMCRZ,Seur Guadalajara,40.571903,-3.250879,Avd Paris 0010 Puerta Bj,Azuqueca de Henares,Guadalajara,19200,4,11.0,685,A-2,A,True,467.4861471711097
G8NGLTG0WTIZHE7AOTXL,Seur Logroño,42.478546,-2.406905,Las Cañas 0001,Logroño,"Rioja, La",26009,4,11.09,670,A-13,A,False,663.5532979643351
1FTWFRPPC8M46HG7Q4JI,Seur Sevilla (Dos Hermanas),37.29211,-5.99581,C/ Torre D E Los Herberos 0108,Dos Hermanas,Sevilla,41703,6,11.0,748,A-4,A,True,1512.3902105211548
O4MG1R8LLX03VCCMLHPP,Seur Pamplona,42.774765,-1.638261,Pol Noain-Esquiroz 0017 Piso:Bj Puerta:A,Noáin (Valle de Elorz)/Noain (Elortzibar),Navarra,31110,10,11.09,675,A-15,A,True,551.672841735967
LKJ218C3P7MQCZQGFGDL,Seur Zaragoza,41.643356,-0.942629,Cra Madrid 314 Km,Zaragoza,Zaragoza,50011,6,11.0,690,A-2,A,True,1708.2757777745437
XPZ0OFI8PWEVAUI4PL6V,"Repsol ES, CRED Cobo Calleja",40.26626,-3.74363,"Cr M-506, 18",Fuenlabrada,Madrid,28947,3,50.0,761,A-42,A,False,1034.3162491104474
BYEPESEEBGFHFWUDRP02,Seur Sevilla (Carmona),37.443005,-5.783023,Parque Logístico 2,Carmona,Sevilla,41410,6,11.0,747,A-4,A,True,297.8830205903791
EIWKYUPGR5Q3G6TARO0W,Seur San Sebastián,43.302387,-1.942579,Mateo Errota 0015 Piso Bj,Donostia/San Sebastián,Gipuzkoa,20014,4,11.0,1287,AP-8,AP,True,1486.8283190577295
IS1LSUBLH0QPX3RSET4K,Seur Asturias,43.443127,-5.781331,Ctra. Antigua Oviedo-Gijón,Llanera,Asturias,33192,6,11.0,95,A-66,A,True,1221.6262276995515
SNRXPEBFN7Y030AYRS9U,"Mercadona, Av. Collidors, Valencia",39.6229,-0.3034,"Av. Collidors, 14R",Puçol,Valencia/València,46530,6,22.17,126,A-7,A,True,954.8653701421403
E47XCC63RVCX3NAMGO1Q,Seur Granada,37.215775,-3.700106,Ctra. Santafe  Km 0.5  Pol. Ind. Los Álamos,Atarfe,Granada,18230,16,11.0,1155,N-432,N,False,410.59671948200116
OMBGRYKDWBCI32ZICRHP,"Repsol ES, CRED El Vendrell II",41.224968,1.544318,"Av. Las Matas, 2","Vendrell, El",Tarragona,43700,3,50.0,396,N-340,N,False,255.79152666183373
9NEHNXJRCKZDXCRBKBZ9,Seur Valencia,39.065342,-0.547764,"La Montaña, Pol. Ind., 110",Alcàntera de Xúquer,Valencia/València,46293,4,11.0,129,A-7,A,True,434.9351124261514
KCGIAQJOIAVDZPWNYWPP,Seur Vigo,42.212723,-8.711776,Loalma Rias Bajas S. Cra Fragosiño 0038 Bj,Vigo,Pontevedra,36214,4,11.0,810,A-55,A,True,920.0389122697112
LGFH6TQTG6N4505IX2UB,Seur Bilbao,43.250748,-2.893243,Araba 3,Etxebarri,Bizkaia,48450,18,11.09,566,N-634,N,False,367.47972340225647
IXGH8N3TNITPTF0YUKHB,"Repsol ES, CRED Almazán",41.48165,-2.52849,"Cr N-111, 190",Almazán,Soria,42200,3,50.0,673,A-15,A,True,863.688687358989
DTRAMSTNLKU2G3GL85AW,"Repsol ES, CRED Sancti Spiritus",40.711796,-6.387456,"Cr Cr A-62 ,P.K. 309 M.I.",Sancti-Spíritus,Salamanca,37470,3,50.0,88,A-62,A,True,224.72760105664634
0S9SNBBYAX5TI0YO5JKW,"Repsol ES, La Junquera",42.39862,2.880505,"Cr N-2 P.K. 772,50 I
Borrassàgirona","Jonquera, La",Girona,17709,2,180.0,957,N-2,N,False,44.70892463143455
R5A1Q0DI2IRVYSQZDPKP,Seur Badajoz,38.89978,-6.999273,"Pol Industrial El Nevero Catorce, 7",Badajoz,Badajoz,6006,6,11.09,794,A-5,A,True,234.3254336110539
FCCVFZLILXVR1502ZGIL,"Repsol ES, E.S Avda Portugal",40.601562,-6.534759,"Cr N-620, 324,5 I",Ciudad Rodrigo,Salamanca,37500,6,50.0,542,N-620A,N,False,944.7736075852031
HDXGXKX5WARJCG5NXSPW,"Repsol ES, Beroglez Inversiones",42.566803,-6.657921,"Cr N-6, 391",Arganza,León,24410,3,50.0,536,N-6,N,False,67.674323641123
D7M7H1QSXR0UBO7AIX9O,Seur Ferrol,43.48639,-8.200271,"Av. Nicasio Pérez, 29",Ferrol,"Coruña, A",15406,2,11.0,167,AP-9F,AP,True,1699.9691158258029
4PIFSUHU5ARUNWSGJ3KO,Seur Málaga,36.713245,-4.519733,"Fernando Sor, 2",Málaga,Málaga,29590,12,11.0,645,A-7S,A,True,833.2018623371134
NVIPFKHA0LV98UBWSCA5,Seur Albacete,39.01624,-1.88902,Complejo Industrial Campollano 35 Bajo,Albacete,Albacete,2007,2,11.0,1003,N-322,N,True,955.0453153857462
LKSRCHO7X9GQ8J8FIERX,"Repsol ES, CRED Barrio Fortuna",40.361786,-3.780576,"Cl San Bernardo - Bo. Fortuna, S.N.",Madrid,Madrid,28054,3,50.0,61,A-5R,A,False,268.8753770267945
A879FRQ3R6SF1OSOQC7K,"Repsol, La Casona del Judio, Repsol",43.468834,-3.829249,"C. Repuente, 20",Santander,Cantabria,39012,2,7.36,1202,N-611,N,False,1177.665873027271
AHVKFIJVMHVKTREEHKF7,"Repsol ES, CRED Jaume I Mollerusa",41.630405,0.88824,Avenida Jaime I 24 M.D,Mollerussa,Lleida,25230,3,50.0,698,A-2,A,True,1278.0584133604782
6SNA07EASZOE8CG1ZIR9,"Repsol ES, CRED Riu Ebre",40.70916,0.588111,"Cr Tv-3405, 0,5",Amposta,Tarragona,43870,3,50.0,390,N-340,N,False,214.5372301023795
XAN1KWP9ZXWTSRIXCFHS,"Repsol ES, La Planilla",42.302677,-1.974797,"Cl Avenida Numancia, S.N.",Calahorra,"Rioja, La",26500,3,50.0,263,N-232,N,False,328.83443252909177
6MFPUUOCRVI7DKUSQLWI,Seur Burgos,42.34971,-3.639521,C La Ribera 0017 Piso: Bj Puerta5,Burgos,Burgos,9007,2,11.0,21,A-1,A,True,164.71985348540076
BSJAPWXTFTUTPA9XEIJB,"Repsol ES, E.S. La Granadina",38.174843,-0.853956,"Cr Cv-909 P.K. 4,2 (Catral-Albatera)",Albatera,Alicante/Alacant,3340,2,150.0,133,A-7,A,True,476.5981592639464
0VAHLOT7BFPBHR3UENIU,"Repsol ES, CRED Maria Fortuny",41.15847,1.117876,"Cl Avda. Maria Fortuny, 57",Reus,Tarragona,43204,6,50.0,1113,N-420,N,False,1847.5714930343204
1P1CTK06XJWNG8TGUVRM,Seur Salamanca,40.939823,-5.658701,C Vertical Sexta 0021,Arapiles,Salamanca,37188,2,11.0,1230,N-630,N,False,819.1363381669088
WMRAUYU30G5SXXG8UAUX,"Repsol ES, CRED Medina del campo",41.301678,-4.909067,"Av Del Quinto Centenario, 2",Medina del Campo,Valladolid,47400,3,50.0,66,A-6,A,True,727.9038737940307
SKOICK074YMFWCZQ0HFW,Seur Lugo,43.03666,-7.574088,Avd Benigno Rivera 0012 Piso: Bj,Lugo,Lugo,27003,2,11.0,539,N-6,N,False,146.33211880177004
YZORMFC976JYTB3J32W1,"Repsol ES, E.S. Garmar Los Villares",41.004993,-5.649383,"Cr C-519, 4 I",Villares de la Reina,Salamanca,37184,3,50.0,86,A-62,A,True,484.11012311581936
1UHAZ5WZDJ75YXUEZDIH,"Repsol ES, CRED Montesierra",37.393333,-5.952799,"Cl Avenida Montesierra, S.Nº",Sevilla,Sevilla,41007,3,50.0,827,A-92,A,True,1328.4430578446918
M8VDUZGLBOR4MUAJO8OT,Seur Getafe,40.314095,-3.683397,"Diseño, 2",Getafe,Madrid,28906,14,11.0,741,A-4,A,True,737.2109974508171
XMDVT0OVLKP26GB0R9RX,"Repsol ES, Luykar",42.264267,-4.406918,"Avda. Ingeniero Rivera, S.N.",Frómista,Palencia,34440,6,50.0,1198,N-611,N,False,455.52585014722405
AW1BVNZOFE8P0EXGGVCD,"Repsol, LKS jabeen Erkidegoa – Cdad. Prop. LKS",43.065926,-2.506135,"Goiru Kalea,7",Arrasate/Mondragón,Gipuzkoa,20500,2,7.36,837,AP-1,AP,True,1824.1953365245413
3KDVFHY0O2O8AXPY2E8O,"Repsol ES, CRED Montmelo",41.55372,2.25017,"Cl Vic, 69",Montmeló,Barcelona,8160,3,50.0,873,AP-7N,AP,True,567.6597945663007
ZZVKT3KLO2ZF5LBVTIKE,"Repsol ES, CRED Montecanal",41.62692,-0.922777,Cl Urb. Montecanal,Zaragoza,Zaragoza,50012,3,50.0,28,A-23,A,False,920.3950971230206
0QNWGPFDGHGRAE8Y2E50,"Repsol ES, San Juan Bosco",41.662277,-0.887544,Av Jose Atares 18 Dplo,Zaragoza,Zaragoza,50018,3,50.0,355,N-330,N,False,1242.8617885544907
VG0UIMDWJNSFWQ3UGP6I,"Repsol, Akelarre jatetxea",43.307793,-2.04306,"Padre Orkolaga Ibilbidea, 56",Donostia/San Sebastián,Gipuzkoa,20008,2,22.17,1288,AP-8,AP,True,1571.487892481638
XMSVGGTUAQTCTB3R38Z6,"Repsol ES, CRED La Masía",41.57879,1.640102,"Cr N-2, 555",Òdena,Barcelona,8711,3,50.0,699,A-2,A,True,1672.2963018188818
OOR5M8EM919LOLQV7ZXE,"Repsol ES, CRED Ferreruela",41.05004,-1.275875,Cr A-23 P.K. 202,Ferreruela de Huerva,Teruel,44490,3,50.0,26,A-23,A,True,124.63856545123855
X1VSGQWIB3T93JFYHFNP,"Repsol ES, Valmotor S.A.",39.46943,-0.458678,"Cl Colaors - San Onofre, S.N.",Aldaia,Valencia/València,46960,3,50.0,53,A-3,A,False,1287.79557379062
WY2MJ8M4GQSGCCGRGQ2Z,"Repsol ES, CRED San Vicente",38.401493,-0.534131,"Carretera De Agost, 68",San Vicente del Raspeig/Sant Vicent del Raspeig,Alicante/Alacant,3690,3,50.0,147,A-77A,A,False,1114.7939007927075
ZLOBTQOM3BXDUZLS8UZI,"Repsol ES, Gasoils Amat S.L",41.428673,1.779271,"Cl Crta. San Quinti, 28",Sant Sadurní d'Anoia,Barcelona,8770,3,50.0,877,AP-7N,AP,True,1663.732289864164
JHRWCDHVU39VLIO9AGJQ,Seur Castellón,39.96217,-0.067032,Avenida Valencia 233,Castelló de la Plana,Castellón/Castelló,12005,12,11.09,1088,N-340A,N,False,487.78909203545953
YKSUGENN0CAONUSBW4LM,"Repsol ES, Valmotor II",39.471493,-0.465302,"Cl Ovidi I Montllor, 18",Aldaia,Valencia/València,46960,3,50.0,52,A-3,A,True,932.9816563325546
NEWNJDHOTN0TDVQUWMYL,"Mercadona, Patí Fosc, Alicante",38.511154,-0.228598,"C/ Patí Fosc, 10","Villajoyosa/Vila Joiosa, la",Alicante/Alacant,3570,4,22.17,363,N-332,N,False,964.9722969755644
OFSDXVSLHCROHJLCVRCJ,"Repsol ES, Echevarria Vitoria S.L",42.857586,-2.721757,"Cl Avenida Huetos, 81",Vitoria-Gasteiz,Araba/Álava,1010,3,50.0,651,A-1,A,True,1143.2005404668334
26HKWRBGJJREAZLGXUIX,"Repsol, GLP-Huelva",37.183784,-6.911489,Carretera Huelva-Mazagón Km 9,Palos de la Frontera,Huelva,21810,2,22.17,1169,N-442,N,False,217.19515038872257
JKHMEZLKUSYVS0TBANPL,"Repsol, GLP-Barcelona",41.561756,2.275572,"Can Parellada, 5",Montornès del Vallès,Barcelona,8170,2,22.17,873,AP-7N,AP,True,339.39905615549225
UH0ACCRWE74L5NWR3D6S,"Mercadona, Alcalde Miguel Castaño, León",42.583652,-5.556085,"C/ Alcalde Miguel Castaño, 121",León,León,24005,6,22.17,1193,N-601,N,False,412.04422879724416
LKIUSS3K4HHXECX6IRNP,"Repsol, GLP-Tarragona",41.106483,1.20557,"Autovía De Salou, Km. 0,800",Tarragona,Tarragona,43006,2,22.17,394,N-340,N,False,950.4623275750175
JKO7KGYB4I5H5WGL5IZL,"Mercadona, Arquitecto Luis Bono, Málaga",36.738815,-4.49136,"Avda. Arquitecto Luís Bono, 17",Málaga,Málaga,29190,6,22.17,645,A-7S,A,True,1065.9086227710895
5RRTAOXDTG8M67TZXCCC,"Repsol, GLP-Campo de Gibraltar",36.200455,-5.419483,"Polígono Industrial Guadarranque, S/N",Sanlúcar de Barrameda,Cádiz,11369,2,22.17,5,A-7S,A,True,352.0490339983803
HS6JB0C65O6QUOSYSPH2,"Repsol ES, CRED Ojaiz",43.4428,-3.877837,"Barrio Camarreal, 150",Santander,Cantabria,39011,3,50.0,1202,N-611,N,False,22.979776250821235
BUHH1VTPU5EFTYWB8J4G,GLP-Repsol  Bizkaia,43.34196,-3.058567,"Carretera De Santurce A Ciérvana, Km. 2,5",Santurtzi,Bizkaia,48980,2,22.17,613,N-644,N,True,785.3638952935949
FUZBV2M94E2TC3QTOUH0,"Mercadona, Casa Balate, Málaga",36.74875,-4.057975,"C/ Casa Balate, S/N",Algarrobo,Málaga,29750,6,22.17,642,A-7S,A,True,1318.6329585079918
JLBA42YXOHXPN5TBVXUN,"Repsol ES, Nolasco, S.L",38.93423,-0.211568,"Cr Cv-60, P.K. 35",Ador,Valencia/València,46724,3,50.0,884,AP-7N,AP,True,1663.0799059707983
OXWTGHQQLIAB1D4AIXKP,"Mercadona, Carlos I de España, Sevilla",37.280758,-5.926307,"C/ Carlos I De España, 9",Dos Hermanas,Sevilla,41701,4,22.17,628,N-4,N,False,1806.0530221589524
L4TLQZDBG1UDWGXLCCRT,"Repsol ES, CRED Logroño",42.450302,-2.370463,"Au Ap-68, 136,2",Logroño,"Rioja, La",26006,4,180.0,864,AP-68,AP,True,75.35619119918591
UVWE8BUEVNUDRKPJBQND,"Repsol ES, CRED Tudela",42.01253,-1.601074,"Au A-68, 222",Fontellas,Navarra,31512,4,180.0,865,AP-68,AP,True,80.66908948156033
9WDJE4QHO53WHRNFMSID,"Mercadona, Federico Mayor Zaragoza, Badajoz",38.889202,-6.998226,"C. Federico Mayor Zaragoza, S/N",Badajoz,Badajoz,6006,4,22.17,794,A-5,A,True,966.3820099206217
JQYNWNXEKRDNVNQOJJYT,"Repsol ES, Rogonoil S.L",41.18201,-4.807545,"Cr N-6, 141",Ataquines,Valladolid,47210,3,50.0,66,A-6,A,True,26.605671690962748
UO3EIX6TUXHCMNZCQO72,"Repsol ES, Montellos",43.26614,-8.23206,"Cr C-542 3,3",Bergondo,"Coruña, A",15319,3,50.0,76,A-6,A,True,289.2220765106413
WCC8YM5K8HQ9NEOCI5YU,"Repsol ES, Petronalca S.L 1",42.77596,-1.635383,"Cr N-121, 5",Noáin (Valle de Elorz)/Noain (Elortzibar),Navarra,31110,3,50.0,675,A-15,A,True,283.79821486018164
UMZO3G8JIFACTOQ0DAN3,"Repsol ES, Valdemendral S.L.",41.51741,-4.945926,"Cr A-62 Pk. 147, 00 D",Tordesillas,Valladolid,47100,3,50.0,84,A-62,A,True,182.60612525074882
UBZSGO8WUR3EZQIA7OXH,"Repsol ES, Codisoil Tordesillas",41.501053,-5.00457,"Av De Portugal, 7",Tordesillas,Valladolid,47100,3,50.0,663,A-11,A,False,1221.1478668447712
MI6ZNPQ2Q8US0V1ARGF5,"Repsol ES, Carretera les Tries",42.189835,2.505046,"Cl Les Tries, 70",Olot,Girona,17800,3,50.0,42,A-26,A,False,526.547041619373
LVBHI9AZE0SGVOPHYBVV,"Mercadona, Santa Barbara, Tarragona",40.706623,0.570019,"Ctra. Santa Bárbara, S/N",Amposta,Tarragona,43870,4,22.17,1091,N-340A,N,False,1236.8722089630403
WW9PSQBM4JR3DWGCJKT3,"Repsol ES, CRED Ferrol Catabois",43.502872,-8.221867,"Cr C-646, 2",Ferrol,"Coruña, A",15405,3,50.0,167,AP-9F,AP,True,876.3204880404339
F9WRCX3U9LKR2N7RW9OJ,"Repsol ES, Roa Los Llanos",42.6887,-2.953059,"Cr N-1, 318 Mi",Miranda de Ebro,Burgos,9200,3,50.0,173,N-1,N,False,23.076229552311986
JDABW08TINFBL3CR2QPI,"Mercadona, Los Cantos, Madrid",40.34244,-3.828407,"Avda. Los Cantos, S/N",Alcorcón,Madrid,28922,2,22.17,784,A-5,A,True,1310.110692307483
G6KL2POLXUTRAYAT6J7H,"Repsol ES, CRED Salas",42.02304,-3.29473,"Cr N-234, 437",Salas de los Infantes,Burgos,9600,3,50.0,983,N-234A,N,False,20.00201689867918
LXHDCKBGG9J86ZEZO23B,"Repsol ES, A.S. Molladar",43.31885,-4.068469,Bo Molladar 1,Cartes,Cantabria,39311,3,50.0,115,A-67,A,True,162.05306062998596
69GEKUPV8COFDXNDJZ17,"Mercadona, Ramón y Cajal, Málaga",36.548126,-4.617622,"Avda. Ramón Y Cajal, S/N",Fuengirola,Málaga,29640,2,22.17,646,A-7S,A,False,777.6104309961551
RMEN2OIVIMLKHPOSQQMS,"Repsol ES, Huercal de Almería",36.87556,-2.444295,"Cr N-340 A, 446,5",Huércal de Almería,Almería,4230,3,50.0,634,A-7S,A,True,1330.9403215953087
YQNZ1MHDGFWSXBNSLSZU,"Repsol ES, CRED Estepona",36.463676,-5.038765,"Cr N-340, 166,5",Estepona,Málaga,29688,3,50.0,2,A-7S,A,False,45.8958799878839
AZBMPE4JMTQBIDSTRLFE,"Repsol ES, CRED Carbajosa de la Sagrada",40.93918,-5.655376,Pol. Ind. Montalvo,Arapiles,Salamanca,37188,3,50.0,1230,N-630,N,False,1105.233320763596
PZD9R1LTZUK7KDAZCOSJ,"Repsol ES, Gex S.L",41.115513,1.222382,Cr N-340 1159.5 Tarragona,Tarragona,Tarragona,43006,3,50.0,394,N-340,N,False,6.641990501201586
KECUNC9661X7UUATQU5K,Polidux,41.92648,0.163698,Crta. N240 Km147,Monzón,Huesca,22400,2,22.17,285,N-240,N,False,193.12830281504452
OKSLVGXQ7BLQE7TZZ5QM,"Mercadona, Avda. del Mediterráneo, Alicante",38.467503,-0.786906,"Avda. Del Mediterráneo, S/N",Elda,Alicante/Alacant,3600,6,22.17,728,A-31,A,True,967.6538359983945
CVCXLQWSQ3QZAVCNKOFN,"Repsol ES, Santiago Del Orbigo S.L.",42.56529,-6.605738,"Cl Avenida Asturias, 137",Ponferrada,León,24404,3,50.0,536,N-6,N,False,379.4308663662511
R4MDDXXAGPZ1WJGEOHZM,"Repsol ES, CRED Montblanc",41.37436,1.164609,"Cl Av. Muralla, Sta.Tecla, 10",Montblanc,Tarragona,43400,5,100.0,990,N-240,N,False,829.233730766063
XSYCPEJBHYYY0VX2ULVA,"Repsol ES, Maria Dolores Murillo Navarro",39.00737,-6.006145,"Cr N-430, 92,3",Don Benito,Badajoz,6410,3,50.0,1132,N-430,N,False,35.20001523307181
CDYEFU0CIFYYJWJOA20D,GLP-Repsol  Madrid,40.265728,-3.738497,"Crta. Fuenlabrada - Pinto, Km 22,5",Fuenlabrada,Madrid,28947,2,22.17,761,A-42,A,False,1448.5823921511717
EF5U0KNI1C1MIHBNX7EP,Seur Mérida,38.924026,-6.375449,"Pol. Ind. El Prado, R. 73",Mérida,Badajoz,6800,2,11.0,791,A-5,A,True,373.8521669095464
JWXTLMSW66ACT3JOJC9A,"Repsol ES, E.S. Massalavés M.D.",39.15396,-0.527742,"Cr. A-7 Pk 379,5 M.D. Dir Valencia",Massalavés,Valencia/València,46292,5,150.0,129,A-7,A,True,83.70716882212038
39BUMIQJRAMYXCRXJOMT,"Repsol ES, CRED Iberum Illescas",40.101227,-3.835079,Av. De Hontalva S/N,Illescas,Toledo,45200,2,50.0,761,A-42,A,False,870.3138585716198
WUJ1CSSYWIYY2NWWN2HF,"Repsol ES, Os Pepes",42.072742,-7.731959,"Cr N-525, 199,4 I",Xinzo de Limia,Ourense,32630,3,50.0,493,N-525,N,False,22.468114813652328
QV2FGX6OOLOQ5USNLZJR,"Repsol ES, E.S. Alberique M.I.",39.154736,-0.529238,Cr. A-7 Pk 378 M.I. Dir. Alicante/Albacete,Massalavés,Valencia/València,46292,5,50.0,129,A-7,A,True,71.68297601789988
2YZPL59X7BJQ4KVIJWC0,"Mercadona, Av. Salamanca, Cáceres",40.03697,-6.090985,"Avda. Salamanca, 28",Piornal,Cáceres,10600,4,22.17,1232,N-630,N,False,751.346217641208
X7UX6DMQZ2CNKXOVBHWN,"Mercadona, Crta. Onda, Castellón",39.94224,-0.109499,"Ctra. De Onda, 9",Vila-real,Castellón/Castelló,12540,4,22.17,387,N-340,N,False,1828.726612224948
CEZK7DOUBLV5PGQ9C6XV,"Repsol, Parking BEC (Zona Verde)",43.28836,-2.988535,Ronda De Azkue 1,Barakaldo,Bizkaia,48902,12,22.17,1292,AP-8,AP,True,1786.3854592210737
Y6MU08XRQFF3KJNLXJKY,"Repsol, Parking BEC (Metro)",43.288826,-2.988403,Ronda De Azkue 1,Barakaldo,Bizkaia,48902,12,22.17,1292,AP-8,AP,True,1832.3687041570402
LITVGYB7MF4A4YJT3NST,"Repsol ES, CRED MARQUESES DE BARBERA",41.521038,2.12386,"Cr N-150, 8,6",Barberà del Vallès,Barcelona,8210,5,150.0,875,AP-7N,AP,True,1570.7879837301375
L1BUD1JPEG5MIEDY8CBA,"Mercadona, La Nava, Zamora",41.526314,-5.759514,"Calle De La Nava, S/N, Polígono De La Hiniesta",Zamora,Zamora,49024,4,22.17,922,N-122,N,False,883.0053571520821
H3WUZCYOTHDLZ3RPQ7MQ,"Repsol ES, CRED Alquerias",39.8985,-0.124249,"C/ Carrer Migjorn, 4","Alqueries, les/Alquerías del Niño Perdido",Castellón/Castelló,12539,3,50.0,387,N-340,N,False,280.2880249160747
WXL0Y7YM3EXG26ATHV07,"Repsol ES, Raos S.L.",43.434334,-3.836502,"Pg Poligono De Raos Parcela C, S.N.",Camargo,Cantabria,39600,3,50.0,116,A-67,A,True,192.4689239186277
7VROEYKPGH9ZNZA3NT10,"Repsol ES, Villarce Madrid",42.33028,-3.700475,"Cl Madrid, 66",Burgos,Burgos,9001,3,50.0,19,A-1,A,True,1209.8661921592447
D9WOULHBLGJR3VZV7FPD,"Repsol ES, CRED Bidasoa",43.346916,-1.787072,"Cl Avenida De Iparralde , 42",Irun,Gipuzkoa,20302,3,50.0,1294,N-638,N,True,1001.9918566778551
PETGRIMUKBTGFDYUZ9B1,"Repsol ES, CRED Camas",37.38301,-6.026482,"Cr Se-610, 0,9",Camas,Sevilla,41900,3,50.0,778,A-49,A,True,724.5741372931682
WFU8GJYQJBHVBBMPOECV,"Mercadona, Pablo Neruda, Madrid",40.3811,-3.661295,"Avda. Pablo Neruda, 91",Madrid,Madrid,28018,6,22.17,740,A-4,A,False,1804.187981390757
MYOZUWKNCTIJPB9FOZD3,"Repsol ES, Ecogaser Cidacos S.L",42.533875,-1.670663,"Av. Pamplona, 3A",Tafalla,Navarra,31300,3,50.0,606,AP-15,AP,True,287.1459645219136
WUM7OHNW8F53WYYCZLPL,"Mercadona, Julio Jaurena, Cantabria",43.45774,-3.857789,"C/ Julio Jaurena, 4",Santander,Cantabria,39011,6,22.17,1202,N-611,N,False,657.511152859623
I4F7QWWRAJZQQZO7ETQQ,"Repsol ES, Orpinsoil S.L",39.86494,-3.970643,"Cl Jarama (Polg. Indust.Par,22), Sn",Toledo,Toledo,45007,3,50.0,761,A-42,A,False,1775.9722574167047
HOQ7DTTI6GQMCZWOT31G,"Repsol ES, CRED Finestrat",38.538696,-0.172849,Pg P.Ind. La Cala - Parc.1 A,Finestrat,Alicante/Alacant,3509,3,50.0,364,N-332,N,False,173.2596631940893
C7TN3FGTWW7T8FIF76YR,"Repsol , GLP-Castellón",39.9505,-0.017444,Polígono Industrial Serrallo S/N El Grao Aptdo 38,"Alcora, l'",Castellón/Castelló,12100,2,22.17,252,N-225,N,False,860.8660680937687
QHXO5ZUPCA74PGQW9R2W,"Repsol ES, La Peñuela Pozo Cañada S.L",39.10762,-1.990407,"Cr N-301, 231,8","Gineta, La",Albacete,2110,3,50.0,725,A-31,A,True,469.97171641414906
JOGXZN4BMWQILRZ4QTRU,"Mercadona, Ctra. Almarcha, Cuenca",39.407837,-2.4207,"Ctra. Almarcha, 76",San Clemente,Cuenca,16600,4,22.17,331,N-310,N,False,46.984919913912904
AF3F9SNZNI45NHWEYGRL,"Repsol ES, Odibar 06, S.L.",40.43418,-3.533239,"Avda. San Pablo, 32",Coslada,Madrid,28823,3,50.0,685,A-2,A,True,1362.201737521535
VPVA9WYLE7TWPCSRRL2Q,"Repsol ES, Alz Mislata",39.47214,-0.429718,"At A-3, 350,9",Mislata,Valencia/València,46920,3,50.0,53,A-3,A,False,73.93938716407769
9FQV03CMELIZTLKKUEBI,"Mercadona, Ruta del Pomelo, Málaga",36.752033,-4.096825,"C. Ruta Del Pomelo, S/N",Vélez-Málaga,Málaga,29740,4,22.17,642,A-7S,A,True,505.92331597942007
EYCXSANSNYZVUGHQOCNI,"Repsol ES, Ecogaser Sadar S.L",42.797783,-1.645583,"C/Mari Abrego, 5",Pamplona/Iruña,Navarra,31006,3,50.0,675,A-15,A,True,1474.772523239147
DT3KHN2DCCZCKJKGKUTM,"Repsol ES, CRED Valdezorras",37.4168,-5.955147,"Cr Se-30 P.K. 0,10 D",Sevilla,Sevilla,41008,3,50.0,747,A-4,A,True,1146.7808123216105
9DESNXSEM0MUKIJNAM82,Seur Tarragona,41.114624,1.203081,"Ctra Valencia, 228",Tarragona,Tarragona,43006,4,11.0,394,N-340,N,False,38.8844020455578
SXHUQRO9X5FUGVTPOC3P,"Repsol ES, Navia",43.536427,-6.724516,"Cl Av De Los Emigrantes, 34",Navia,Asturias,33710,3,50.0,583,N-634,N,False,538.181188430146
GBPTSWKVIS2QOPKBFO2U,"Repsol ES, CRED Lucentum",38.375374,-0.49938,C/ Fortuny Esq Avda Novelda 141,Alicante/Alacant,Alicante/Alacant,3009,3,50.0,138,A-70,A,True,507.6893236869787
UM14RJIVMUNH7XL5GIZW,"Repsol ES, CRED Motilla Del Palancar",39.56518,-1.913989,"Cr N-3, 199,3",Motilla del Palancar,Cuenca,16200,3,50.0,11,N-3,N,False,18.405000587501423
S7I5NZRMHQZW3XA0IIFO,"Mercadona, Paseo de Elx, Alicante",38.248543,-0.798186,"Paseo De Elx, 14",Crevillent,Alicante/Alacant,3330,4,22.17,1069,N-340,N,False,32.78970534978104
DSWHBLIPPPRLWFMYJPJZ,"Repsol ES, CRED Las Gaunas",42.453342,-2.448068,Avenida De Madrid 25,Logroño,"Rioja, La",26007,2,180.0,195,N-111,N,False,756.6825776791643
3GVQC7LCCSAPBWTUGSSF,"Mercadona, Algarrobo, Málaga",36.723408,-4.351078,"Calle Algarrobo, S/N",Málaga,Málaga,29018,4,22.17,642,A-7S,A,True,976.2235266209174
NYDNMBFXP3DXVGP208BX,"Repsol ES, Gasolper Espartal",38.344532,-0.523061,"Cl Crta.Madrid Esq.Rio Jucar, 19",Alicante/Alacant,Alicante/Alacant,3007,3,50.0,350,N-330,N,False,175.3125432297335
49BTUZLNZSZSMZFJW9GK,"Repsol ES, Footwear Planet S.L",38.390522,-0.505632,Footwear Planet Sl,San Vicente del Raspeig/Sant Vicent del Raspeig,Alicante/Alacant,3690,3,50.0,138,A-70,A,True,1213.5834307272733
Y1CR7L7WUVZS7ZZSPG3Z,SEUR Tudela,42.069897,-1.622349,"Carr. De Alfaro, S/N",Tudela,Navarra,31500,4,11.0,118,A-68,A,False,993.1921951434157
MN0CEUC8QFR17X5XP88Y,"Mercadona, Olivo,Ciudad Real",38.982933,-3.932697,"C/ Olivo, 32",Ciudad Real,Ciudad Real,13002,4,22.17,1133,N-430,N,False,120.48936848297397
YBJHT43VEFG1T2UUG9AD,"Repsol ES, CRED. Estepa M.I.",37.303066,-4.876792,"Cr A-92, 110,1",Estepa,Sevilla,41560,3,50.0,828,A-92,A,True,76.71797953836857
UQNPNXNWGMZOLZWKX2YH,"Repsol ES, CRED La Albericia",43.463383,-3.838176,"Cr Ca-230 (Albericia-Sardinero, 0,1",Santander,Cantabria,39012,3,50.0,1202,N-611,N,False,910.4613282717353
OKZTCEVM8DXRHIW59CMH,"Mercadona, Alfredo Kraus, Jaén",38.09286,-3.777854,"C. Alfredo Kraus, S/N",Bailén,Jaén,23710,4,22.17,1012,N-323,N,False,481.937844794867
LKSU3MOTGH1MISQOUCLC,"Repsol ES, CRED C.T.M.",40.3663,-3.655268,"Cr M-301 P.K. 3,50 I",Madrid,Madrid,28053,2,180.0,740,A-4,A,False,1958.3479682404777
LNZTDRVNASRMYAV7ECJJ,"Repsol ES, La Telva, S.L.",43.294277,-8.360222,"Cr Ac-220 (Confluenc. Ac-213), S.N.",Cambre,"Coruña, A",15181,3,50.0,507,N-550,N,False,735.6522817050513
US66KZ6Y19ZAXCFWIRKG,"Repsol ES, Armengol Morales S.L",42.43267,1.936314,"Cr N-152, 171",Puigcerdà,Girona,17520,3,50.0,226,N-152,N,True,19.97077369448834
VJGN8K1EY8PPENY1BI6Y,"Mercadona, Grande, Toledo",39.594162,-3.042161,"C/ Grande, 49",Quintanar de la Orden,Toledo,45800,4,22.17,322,N-301,N,False,1387.4093481749637
FII2GYSDUOZGB75QHOKY,"Repsol ES, Petrodea S.L.",40.065903,-2.134603,"Cl Hermanos Becerril, 2",Cuenca,Cuenca,16004,3,50.0,758,A-40,A,False,913.3499623153319
RTGFA84GCBV5ZWXAO2SA,"Repsol ES, CRED Cim II",41.532158,2.193899,"Cl Las Palmas, S.N",Santa Perpètua de Mogoda,Barcelona,8130,3,50.0,874,AP-7N,AP,True,1310.8590503500284
ROIIHYYPYPWKRQTITBJA,"Mercadona, C/Valencia, Alicante",38.068665,-0.733703,"C/ Valencia, S/N",Benijófar,Alicante/Alacant,3178,4,22.17,887,AP-7N,AP,False,1174.6177702363068
LRVPFJ88BPHZXLGCFZCQ,"Repsol ES, CRED Arrigorriaga Md",43.190346,-2.897381,"Au Ap-68, 6",Ugao-Miraballes,Bizkaia,48490,2,180.0,859,AP-68,AP,True,125.29355148166836
E3SIUT0BK3YFVSYEWXEL,"Repsol ES, Petronalca S.L 2",42.6141,-1.278242,"Cr N-240, 41",Liédena,Navarra,31487,3,50.0,704,A-21,A,True,614.1227276213634
IBDKTHWYM0W40KQLJVSC,"Repsol ES, CRED Arrigorriaga MI",43.189816,-2.894425,"Au Ap-68, 6",Ugao-Miraballes,Bizkaia,48490,2,180.0,859,AP-68,AP,True,77.52886582995608
ZVUQOPUECFEQYINWAELG,"Repsol ES, Petrolimia, S.L.",42.075867,-7.727157,"A Devesa S/N,",Xinzo de Limia,Ourense,32636,3,50.0,493,N-525,N,False,484.3562465439351
CVGPG4UM7BAXED4FLQY0,"Repsol ES, Talluntxe Gureak S.L.U",42.776344,-1.634673,"Cr N-121, 5",Aranguren,Navarra,31192,3,50.0,675,A-15,A,True,214.5350010164738
KV32HSCX7EOBMS4DGWGU,"Mercadona, Av. Juan Carlos, Madrid",40.636227,-4.016513,"Avda. Juan Carlos I, S/N",Collado Villalba,Madrid,28400,4,22.17,854,AP-6,AP,True,177.9085010585137
JOQVC26GVW8IBWD2ZSSV,"Repsol ES, CRED AV EUROPA - Gerona",42.192814,2.482602,"Av Europa (Parcela 7), 7",Olot,Girona,17800,3,50.0,309,N-260A,N,False,1387.2234819280015
OZTHR8RS06F4FZJBXKXH,"Mercadona, Av. Das Mariñas, A Coruña",43.326546,-8.364246,"Avda. Das Mariñas, 283",Oleiros,"Coruña, A",15179,6,22.17,160,AP-9,AP,True,1469.76252158531
W0ZO4K3UW72IDO5PGMJC,"Repsol ES, CRED Altube Dirección Bilbao",42.966206,-2.870166,"Au Ap-68, 36",Zuia,Araba/Álava,1139,2,180.0,860,AP-68,AP,True,90.86310504448117
5WJ6XDQYIII8YCX8YIVR,"Repsol ES, CRED Altube Dirección Zaragoza",42.966293,-2.873699,"Au Ap-68, 36",Zuia,Araba/Álava,1139,2,180.0,860,AP-68,AP,True,77.61376574983207
W8RLXD1J9IZTCXMPH4LT,"Repsol ES, Blanlei S.L.",38.406437,-0.438919,"Cl Av Muchamiel, 8",Alicante/Alacant,Alicante/Alacant,3550,3,50.0,138,A-70,A,True,212.86177444956704
EJXTYXVYNHYI6GBPJHGB,"Repsol ES, CRED Castejon",42.136894,-1.699955,Cr N-232 82,Castejón,Navarra,31590,3,50.0,262,N-232,N,False,34.66355841093423
QJYPVSQMBISBS1VPKLD9,"Repsol ES, Mollabao S.L.",42.42137,-8.659799,"Estrada Pontevedra-Marín 2,",Pontevedra,Pontevedra,36003,3,50.0,163,AP-9,AP,True,689.7302994850978
3ODOJOF9HRKFKTYJYMPV,"Repsol, GLP-Escombreras",37.56955,-0.934904,Crta. Particular Repesa Km 11,Cartagena,Murcia,30350,2,22.17,1099,N-343,N,False,244.43325335847982
QVH803GFF3LRVFIKWSI0,SEUR Vitoria,42.850292,-2.736175,"C/ Ollamendi, 8 Parc.4 (P. Industrial De Júndiz)",Vitoria-Gasteiz,Araba/Álava,1015,6,11.09,651,A-1,A,True,897.699957547665
QSMC04SJBOYNYAZNAYHA,"Repsol ES, Safor Estaciones S.L.",38.9716,-0.18166,"Cl Avenida De Valencia, 23",Gandia,Valencia/València,46701,3,50.0,370,N-332,N,False,1331.300160235216
WG54CTH2UTJCVCOO9EIT,"Repsol ES, Combustibles Camporroso S.L",38.937634,-1.757928,"A-31 Pk. 86,4 De",Chinchilla de Monte-Aragón,Albacete,2520,3,50.0,727,A-31,A,True,57.31025593309861
N8KU3MDFJXBLYENG5VJL,"Tecnalia, Mikeletegi 2",43.286366,-1.985743,"Mikeletegi Pasealekua 2, Parque",Donostia/San Sebastián,Gipuzkoa,20009,2,7.36,1288,AP-8,AP,True,767.5566396628489
PNWHTKRUK5UKMIZOX1FH,"Tecnalia, Mikeletegi 7",43.287827,-1.983613,"Mikeletegi Pasealekua 7, Parque",Donostia/San Sebastián,Gipuzkoa,20009,2,7.36,1287,AP-8,AP,True,934.1536472079868
ZNEXMS6T3UPJTZZ5QFSW,"Repsol ES, El Carmen",36.721676,-4.380575,"Cl Avenida Del Pintor Sorolla, 76",Málaga,Málaga,29017,3,50.0,642,A-7S,A,True,1257.0526799323113
YDUYM4PW73SXLTIASGFW,"Repsol ES, Abós",42.56688,-0.55431,"Av. Regimiento De Galicia, 10 Iz",Jaca,Huesca,22700,3,50.0,1033,N-330A,N,False,13.849247266297084
OLJBKWAR4FZYMMFBEL95,"Repsol ES, Poyatos - Roda De Bara",41.170483,1.458196,"Ctra. Tv 2041, Km 0,300",Creixell,Tarragona,43839,3,50.0,396,N-340,N,False,279.7853162338833
ETMR6SPXICTOWYX0SEMU,"Repsol ES, Ismael Mejias Gonzalez",37.467678,-5.65052,C/  Sevilla 82,Carmona,Sevilla,41410,3,50.0,1175,N-4A,N,False,1010.38713614765
W6URZEGWLMMPACGMFTAX,VP 00005 Castiello de Jaca,42.626865,-0.547614,C/ Dos Valles Castiello De Jaca Huesca (Es),Castiello de Jaca,Huesca,22710,9,60.0,1021,N-330,N,True,46.76597984489039
D7QMI2A8AM3RQ1SVBA1K,"Repsol ES, CRED Mirabueno",40.92805,-2.713923,"Cr A-2, 107 D",Algora,Guadalajara,19268,3,40.0,686,A-2,A,True,161.85718646505018
TVJ2PLYF7WFTVECG4KFJ,"Repsol ES, Stigler 2012 S.L",41.613693,0.655439,N-240 Esq C/Cogull,Lleida,Lleida,25190,3,50.0,992,N-240,N,False,932.0332846155346
61DX8YX4XK0GEGJHNSIM,"Tecnalia, Vitoria, c/Einstein",42.91425,-2.662757,"Albert Einstein,28",Arratzua-Ubarrundia,Araba/Álava,1510,2,7.36,836,AP-1,AP,True,692.8780556263862
GO9OD5ZSU4QPKFMHGYXO,"Repsol ES, Villahuerta S.L",41.189228,-2.404372,"At A-2 P.K. 154,4 I",Medinaceli,Soria,42248,3,50.0,688,A-2,A,True,148.45275856512495
JXH0NKL20IHW8W0R0P7A,"Repsol ES, CRED Parets",41.559162,2.231719,"Carrer De La Volta, Sn",Parets del Vallès,Barcelona,8150,3,50.0,874,AP-7N,AP,True,759.3619235960662
WJBSWUNGWUI9MKAXQJP9,"Repsol ES, Mansilla S.L",42.49535,-5.414388,"Cr N-601, 308",Mansilla de las Mulas,León,24210,3,50.0,557,N-625,N,False,260.5841170784565
0N2ZGWKTSMPPFTPIFBHX,"Repsol ES, Jose Luis Casaleiro Acosta",36.69706,-6.096857,"Cr N-342, 4",Jerez de la Frontera,Cádiz,11405,3,50.0,781,A-4R1,A,False,1410.3432748184018
4Y2LXGGZ6KFE0AKHSW8L,"Tecnalia, Zamudio, edif. 204",43.294376,-2.862912,Laida Bidea 204 Parque Tecnológico,Derio,Bizkaia,48170,2,7.36,564,N-633,N,True,1485.7355914157315
XFD217ZTXHSGLAP9MDGC,"Repsol ES, Esverinsa",41.939438,-7.445949,"Cl San Lazaro, 81 I",Verín,Ourense,32600,3,50.0,493,N-525,N,False,1627.6007507667716
0MSSBLUV4UTE7AE2J1B6,"Repsol ES, CRED Calahorra M.I.",42.29264,-1.969542,"Au Ap-68, 176,9 D (Dirección Bilbao)",Calahorra,"Rioja, La",26500,2,120.0,864,AP-68,AP,True,98.95020351579328
69AXWGOD8ZWZBE3X8SDQ,"Repsol ES, CRED Prado Viejo",42.454155,-2.466383,"Cl Poligono Prado Viejo, 3",Logroño,"Rioja, La",26007,3,50.0,195,N-111,N,False,729.1362276122437
2XQSM9OR0LVTTBHT8LMN,"Repsol ES, CRED Gallur M.D.",41.83281,-1.319388,"Au A-68, 254",Gallur,Zaragoza,50650,2,180.0,865,AP-68,AP,True,72.92363808976236
C5ZMAI1I2JWHKS1GZY1G,"Repsol ES, CRED Sobradiel M.D.",41.730312,-1.031231,"Au A-68, 283",Sobradiel,Zaragoza,50629,2,180.0,866,AP-68,AP,True,85.8636800703175
M0QIF0BXYAFK6EKDPDXZ,"Repsol ES, CRED Calahorra M.D.",42.291874,-1.971266,"Au Ap-68, 176,9 I (Dirección  Zaragoza)",Calahorra,"Rioja, La",26500,2,120.0,864,AP-68,AP,True,65.3874255127219
CKEXGIUV4FCHMAMKKZ6J,"Repsol ES, CRED Sobradiel M.I.",41.73174,-1.030398,"Au A-68, 283",Sobradiel,Zaragoza,50629,2,180.0,866,AP-68,AP,True,86.52554958997507
INNANIFSEDWA4KPD0VGQ,"Repsol ES, Cerro De Los Gamos I",40.456352,-3.810996,"Cl Enrique Granados, 1",Pozuelo de Alarcón,Madrid,28224,3,50.0,63,A-6,A,True,1152.8032464217051
RNOLZCGRLZA42B8OU3TG,"Repsol ES, Edificaciones Tifan S.L 1",40.504295,-3.888499,Pgno. Europolis Cl Belgrado S/N,"Rozas de Madrid, Las",Madrid,28232,3,50.0,63,A-6,A,True,1003.6982736760318
SMHQ4Y22VVFELMZFPWOD,"Repsol ES, Nimaci S.L. 1",41.516502,2.112522,Cl Tibidabo S/N,Sabadell,Barcelona,8205,3,50.0,875,AP-7N,AP,True,1620.9073913036382
XR0TMVPFX2LCPB28SJT0,"Repsol ES, Area La Torreta S.L",39.519478,-1.752575,"Cr A-3, 225",Castillejo de Iniesta,Cuenca,16250,3,50.0,50,A-3,A,True,146.733957306011
BFJ54OM4PIO89Y84HZRW,"Repsol ES, Santa Ana",37.29819,-3.129388,"Av. Medina Olmos, 50",Baza,Granada,18500,3,50.0,832,A-92,A,True,1638.8694441801183
JF6IO8L6JAVR5CKA2NCY,"Repsol ES, Canivell Ceares",43.526474,-5.656026,"As-248, 20",Gijón,Asturias,33209,3,50.0,158,A-8,A,True,779.9136194408748
BL0WNF4S9FY3DUSSYYVC,"Repsol ES, E.S. Vicalvaro",40.40447,-3.610726,"C/ Avenida Daroca, 336",Madrid,Madrid,28032,3,50.0,46,A-3,A,True,1723.7235434966467
AJ3MJJLX69GBUDXA0ZON,"Repsol ES, CRED Miranda De Azan",40.896027,-5.662612,"Ctra. Cv-70 Km. 1,6",Arapiles,Salamanca,37796,3,50.0,107,A-66,A,True,148.9768042407275
AXVB2HAI5XTZSZPKJOHP,"Repsol ES, CRED A. De La Miel M.I.",36.613167,-4.528667,Arroyo De La Miel Margen Izquierdo Au Ap-7 P.K. 224 I,Antequera,Málaga,29620,3,30.0,620,AP-7S,AP,True,93.37408955072466
OTJJ0PMX2X6MS7CESTZU,Seur Alcaniz,41.040245,-0.126677,Av. Maestrazgo S/N,Alcañiz,Teruel,44600,4,11.04,969,N-232B,N,False,35.666120574033435
EFLFVKAOMQCADBRUDIIY,"Repsol ES, Behobia",43.342266,-1.760706,"Endarlaza Hiribidea, 24",Irun,Gipuzkoa,20305,3,50.0,612,N-121-A,N,True,74.17858802076611
AL1ROKZQVF1ZZOVTQRHE,"Repsol ES, Saceplus S.L",40.48325,-2.733142,"Cr N-320, Pk. 221,5",Sacedón,Guadalajara,19120,3,50.0,332,N-320,N,False,253.42012950126283
2X7RANC5649VLCWWTQLF,"Repsol ES, CRED Majadahonda II",40.47364,-3.876106,"Cl Dr.Marañon C/V Pl Escorial, S.N.",Majadahonda,Madrid,28220,3,50.0,63,A-6,A,True,1700.3717451985406
WY9RNZUXM1NRVUXMGDIC,"Repsol ES, Valaes S.L",40.673275,-3.610357,"Cr N-1 ,P.K. 34",Colmenar Viejo,Madrid,28750,3,50.0,16,A-1,A,True,85.26285007985146
STBWBKZFJSYVJMUPIC4Q,"Repsol ES, Jaycer CB",41.623886,-4.369998,"Cr N-122, 329,1",Quintanilla de Onésimo,Valladolid,47350,3,50.0,918,N-122,N,False,431.54552666786617
2F7EZTFUYRHJZW9KSYGJ,"Repsol ES, CRED Merida",38.937904,-6.362213,"Ctra A-5, Km 341 (Al Lado Del Restaurante Abades)",Mérida,Badajoz,6800,3,50.0,791,A-5,A,True,105.73611483886293
37DA4DRLUTS6EOUJZAXQ,"Repsol ES, EL POLIGONO",41.53376,0.413226,"A-2, 441,400",Fraga,Huesca,22520,3,50.0,695,A-2,A,False,49.65469525485869
IUMMBFS3NG452KLB8U33,"Repsol ES, CRED Cazalegas I",39.988556,-4.703472,"Cr A-5, 104,3",Cazalegas,Toledo,45683,3,50.0,787,A-5,A,True,91.44248197793296
KS8PNBTUKLAS1J3LAV75,"Repsol ES, CRED Aranda De Duero",41.662678,-3.691853,"Cl Avenida Castilla, 64",Aranda de Duero,Burgos,9400,3,50.0,241,N-1A,N,False,58.227636425354945
CC16PULJ2PRCMSLYGAN4,"Repsol ES, Carburantes Montearenas S.L",42.55087,-6.576214,"Cl Montearenas (Antigua N-Vi), S.N.",Ponferrada,León,24401,3,50.0,536,N-6,N,False,283.6776244012582
3A5UH8HCHLDBY25HDYSK,"Repsol ES, Ctra. Bejar",40.9475,-5.670195,"Cr N-630, 342 D",Carbajosa de la Sagrada,Salamanca,37008,3,50.0,1230,N-630,N,False,23.961784842757854
XQXOGGI1ATLBWDAK6V5T,"Repsol ES, Estación De Servicio Pica S.L",37.01612,-2.446226,Cr A-92 P.K. 379 (Salida 376),Tabernas,Almería,4200,3,50.0,833,A-92,A,False,70.41072834597387
HEIIHY7LWXIEAJN7EXB0,"Repsol ES, CRED Navalmoral",39.89605,-5.5438,"Cr N-5A, 180,8",Navalmoral de la Mata,Cáceres,10300,3,50.0,787,A-5,A,True,1564.152096924628
7KQNO48IIFSAIZQTPF2H,"Repsol ES, Miguel Servet",41.63453,-0.861833,"Miguel Servet, 254",Zaragoza,Zaragoza,50013,3,50.0,120,A-68,A,False,280.5606629506677
GDJLHDGX1LRQORLUKIBX,"Repsol ES, CRED Angel Bruna",37.616524,-0.98408,"Cl Angel Bruna-Ronda Norte, S.N",Cartagena,Murcia,30300,3,50.0,723,A-30,A,True,1482.609858324845
L25MTSFDVZCN6JUIUY0R,"Repsol ES, M. Isabel Belda",39.36421,-0.466393,"Cl Palleter, 10",Alcàsser,Valencia/València,46220,3,50.0,128,A-7,A,True,1255.9524873270084
DVGRHDXMDSX7R14YZXYN,"ITP AERO, A20, Zamudio",43.292473,-2.856071,"Parque Tecnológico De Zamudio, Edif. 300",Derio,Bizkaia,48170,6,7.36,564,N-633,N,True,1989.968961466042
RSRQQXR46W8BOPKZBF04,"Repsol ES, CRED Buenos AirES",40.955204,-5.706421,"Cr N-630, 338",Carbajosa de la Sagrada,Salamanca,37008,3,50.0,1226,N-630,N,False,18.404004079895458
BD78ASGP0TFL738ADNMH,"Repsol ES, CRED Hernani Izdo.",43.277805,-1.978935,"Ap-8 P.K. 22,000 Mi",Hernani,Gipuzkoa,20120,5,120.0,1287,AP-8,AP,True,88.10548097218881
JDLDPQJAJ0JKHHGWNNKC,"Repsol ES, CRED Mataporquera",42.86685,-4.154992,A-67 Pk 116 Mi,Aguilar de Campoo,Palencia,34811,5,50.0,1198,N-611,N,False,88.06469911684951
JY0Z7ZEIFNCRSADPHM9S,"Repsol ES, CRED Hipódromo",40.461254,-3.757853,"Cr A-6  P.K. 8,00 M.D.",Madrid,Madrid,28023,5,180.0,62,A-6,A,False,67.99735576999036
KRVHNUWGTPU19JPWSWOO,"Repsol ES, CRED Mas Morato",42.398148,2.882428,"Cr  N-2  P.K. 772,50 Des Mas Morato","Jonquera, La",Girona,17709,5,120.0,957,N-2,N,False,73.37507826692314
KIKFX3WASR4GZCKJOHPF,"Mercadona, Bailén, Jaén",37.97308,-3.80371,"C/ Bailén, 47",Mengíbar,Jaén,23620,4,22.17,767,A-44,A,True,1056.0370578129782
H90XZOF20VMKYVLRPNJ0,"Repsol ES, CRED Albolote",37.232986,-3.649455,C/Loja,Albolote,Granada,18220,3,50.0,830,A-92,A,True,876.1641886142781
69EX4PFZDJXMXXS8GEKO,"Repsol ES, CRED Nova Barbera",41.52112,2.129667,"Cl Ronda Santa Maria ,202-210 (Esq.",Barberà del Vallès,Barcelona,8210,5,150.0,874,AP-7N,AP,True,1365.9222673058175
GLGGSWEPRQZT5BWM75VQ,"Mercadona, La Glorieta 22, Gandía",38.991703,-0.162346,C/ La Goleta Nº 22,Gandia,Valencia/València,46730,4,22.17,1054,N-337A,N,False,615.572327574143
5ZMMRVBUAFCFVHSIJZV7,Repsol Es. Las Pedrizas,36.812946,-4.441931,"Cr A-45, 159,5",Málaga,Málaga,29014,3,50.0,774,A-45,A,True,40.84193972063483
V1Y1NZ4GXW6DI9KHB3ZL,"Repsol ES, CRED Benidorm",38.559322,-0.134794,Cr Cv-70 P.K. 47,Benidorm,Alicante/Alacant,3502,3,50.0,884,AP-7N,AP,True,328.9446227005198
KQCOOXCD9OBTAWRTKKFB,"Repsol ES, Puerta Cabañas,S.L.",41.479416,-1.372926,Avda.De Zaragoza,"Almunia de Doña Godina, La",Zaragoza,50100,3,50.0,689,A-2,A,True,794.5140369580457
DH6WJMYGYFRGHSHQQAVI,"Mercadona, C/ Almacellas, Huesca",41.842663,0.298643,"C/ Almacellas, 112",Binéfar,Huesca,22500,4,22.17,284,N-240,N,False,523.726817788498
1BYZOHL2FAO8GTNXHSYV,"Mercadona, Can Flaquer, Barcelona",41.543854,2.222194,"C/ Can Flaquer, S/N",Mollet del Vallès,Barcelona,8100,4,22.17,874,AP-7N,AP,True,576.6881795648791
8XY8FTLWP2IJHK0XVG43,"Mercadona, Tordesillas, Zamora",41.521973,-5.718848,"Ctra Tordesillas, 22",Zamora,Zamora,49022,4,22.17,921,N-122,N,False,231.89431355589804
6CX6NDLY3GI1PSSVFGY8,"Repsol ES, CRED Torrelodones",40.56826,-3.917357,"Cr A-6, 28,2",Galapagar,Madrid,28250,3,50.0,64,A-6,A,True,54.42312796104577
HUKCVAXGO1KJVSVVXYJY,"Repsol ES, Sant Feliu,S.L.",41.39283,2.036953,"Cl Laurea Miro, 403",Sant Feliu de Llobregat,Barcelona,8980,3,50.0,700,A-2,A,True,1512.3633536431034
K5AMRRBVEQ3HZ3PXGI1P,"Repsol ES, CRED Barajas Tierra T-2",40.466827,-3.572808,Terminal 2 Del Aerop. Barajas,Madrid,Madrid,28042,3,50.0,685,A-2,A,True,1899.1627188405182
TGBFZ7RRGVIW6B2PTEGD,"Repsol ES, Gasoto Palencia",42.013767,-4.525546,"Cl Avenida Campos Goticos, S.N.",Palencia,Palencia,34003,3,8.0,1197,N-610A,N,False,1154.4346774854948
GMLJOQSIQXHRJC06EBF5,"Repsol ES, Gesmovil B.Llobregat",41.38465,2.003614,"Cl Carretera De Torrelles, 68",Sant Vicenç dels Horts,Barcelona,8620,3,50.0,700,A-2,A,True,1411.5279504122889
NHTNELQW24FIUCHZHMVB,"Repsol ES, CRED Vera De Bidasoa Md",43.278088,-1.708453,Crta N-121 A Km 66 Md,Lesaka,Navarra,31789,3,50.0,611,N-121-A,N,True,23.94771579199446
YAA3EIYDW0U2SUSYTMOE,"Repsol ES, Elagas S.L",38.082584,-0.954128,"Cr Cv-915 , 1",Orihuela,Alicante/Alacant,3312,3,50.0,1065,N-340,N,False,1282.8312505317856
WC2PYISBZRGLTPO7EF84,"Repsol ES, Concordy S.A.",40.465527,-3.805031,"Cr A-6, 12",Madrid,Madrid,28023,3,50.0,63,A-6,A,True,70.01420092032764
GIRYVD4AWEBBSDGTZ9OQ,"Repsol ES, Salnasur, S.L.Murcia",37.712704,-1.590787,"Cr N-340 A (La Hoya), 606,5",Lorca,Murcia,30816,3,50.0,135,A-7,A,True,255.26967112117538
VWPEG7LIHQSME1WTVDKX,"Repsol ES, Donabri S.L - Llosa, La",39.77377,-0.226262,A7 Salida 289 Enlace Cv3211,"Llosa, la",Castellón/Castelló,12591,3,50.0,124,A-7,A,False,137.07264708556622
MJY8QBY0CK8DZKBO4MGK,"Repsol ES, Cuatro Caminos S.A Amposta",40.705482,0.579714,"Avinguda De La Ràpita, 141, D",Amposta,Tarragona,43870,3,50.0,390,N-340,N,False,615.5108100834963
JUHP2U4T7UPP8MTBW8IW,"Repsol ES, CRED Legazpi - Madrid",40.391518,-3.695313,"Cl Plaza Legazpi, 9",Madrid,Madrid,28045,3,50.0,740,A-4,A,False,1156.0260247258575
D2LPVOHTCPCV83LEMS4O,"Repsol ES, Gasoleos Calefaccion S.L.U",39.16378,-3.016181,"Cl Socuellamos, 92",Tomelloso,Ciudad Real,13700,3,50.0,331,N-310,N,False,709.6952252263148
DJIG4B0IAUOBYUM2LM9B,"Mercadona, Hiribarren Kalea, Gipuzkoa",43.04167,-2.189792,"Hiribarren Kalea, 38",Lazkao,Gipuzkoa,20210,4,22.17,656,A-1,A,True,568.3793072207488
1NOLHA452UYQCU0VYRUF,"Repsol ES, Muñoz Gonzalez Juan Francisco",38.06034,-3.320162,"Cr C-604, 6,2 I",Sabiote,Jaén,23410,3,50.0,731,A-32,A,True,1693.0588455402208
ROTB3TBPOUJSD9XQGN1W,"Repsol ES, Area De Servicio El Toll",39.42112,-0.504355,"Carrer Toll-L'alberca Calle B, 33",Torrent,Valencia/València,46901,3,50.0,128,A-7,A,True,629.278800727372
YLGILVPIKZVGQNOA4WFC,"Repsol ES, CRED Nova Cullera",39.156116,-0.25463,"Cl Corbera, C. Del Xúquer, S/N",Cullera,Valencia/València,46400,3,50.0,372,N-332,N,False,1088.625300040575
T8N4JPCCBYPKJ4J1BZYX,SEUR Barberá del Vallés,41.51298,2.156241,"Avinguda Torre D'en Mateu, 93",Barberà del Vallès,Barcelona,8210,16,11.0,874,AP-7N,AP,True,780.6581168094738
34NSSGARKKQBUBCINSGC,"Mercadona, Ronda de la Farinera, Barcelona",41.53608,2.204484,"Ronda De La Farinera, S/N",Mollet del Vallès,Barcelona,8100,6,22.17,874,AP-7N,AP,True,1331.6357930286595
DEYSM4NNKUYOWJRIOVTV,"Repsol ES, San Eloy",36.710045,-6.089237,"Cr P-0435, 0.5",Jerez de la Frontera,Cádiz,11591,3,50.0,406,N-349,N,True,505.79624409043606
ICSQYJGIPJHS4AKM6OY7,"Repsol ES, Reim Oil S.L.",40.63071,-3.233835,"Cr Cm-1007, 3",Cabanillas del Campo,Guadalajara,19171,3,50.0,334,N-320,N,False,1266.3946359531944
BDEPVOW8MZ5GV9N6WDWZ,"Repsol ES, CRED A. De La Miel M.D.",36.61219,-4.52731,Autovia A-7 Km 1002 Md,Antequera,Málaga,29620,3,30.0,620,AP-7S,AP,True,68.93790009800817
IJOHKUR9W9HBTLZSYFWW,"Mercadona, Cervantes, Alicante",38.501335,-0.245401,"C/ Cervantes, 75","Villajoyosa/Vila Joiosa, la",Alicante/Alacant,3570,4,22.17,363,N-332,N,False,779.1145138950385
DSOQMNPOSAOHKMFDTD6R,"Repsol ES, CRED Gines",37.377983,-6.082067,"Cr Se-625, 0,750",Gines,Sevilla,41960,3,50.0,778,A-49,A,True,237.0084727393149
X03VNKAOKG8GL6HEYHE5,"Mercadona, Pérez Galdós, Alicante",38.3877,-0.757497,"Av. Pérez Galdós, 1",Novelda,Alicante/Alacant,3660,6,22.17,728,A-31,A,True,1082.2748323312512
GSSFT68WL6N1IAXFXLEF,"Mercadona, El Limpiabotas, Zaragoza",41.622734,-0.937227,"C/ El Limpiabotas, 1",Zaragoza,Zaragoza,50019,6,22.17,28,A-23,A,False,889.6758367087139
UDQ6HRVZU56PPZOTBL4Y,"Repsol ES, Gesefel El Papiol",41.432823,2.005857,Cl Monturiol Esw C/Les Forques,"Papiol, El",Barcelona,8754,3,50.0,700,A-2,A,True,784.9390522602713
XRTTAZQMG1OHGZEDLTZD,"Repsol ES, M. Dolores Murillo Navarro",38.677063,-6.39383,"N-630, 651, 3 D",Almendralejo,Badajoz,6200,3,50.0,1238,N-630,N,False,1159.2951404706528
7AX6VSAQPBYOQRWXJLU6,"Repsol ES, CRED Ongi Etorri",40.537537,-3.633994,Cl Boulevard Salvador Allende 12-13 M.D.,Alcobendas,Madrid,28108,5,150.0,15,A-1,A,True,510.9405042938455
CJDHWVSBWMJOJV4RJ8RF,"Repsol ES, CRED Zaisa III",43.337906,-1.765315,"Cl Antxotxipi , 15",Irun,Gipuzkoa,20305,2,150.0,1286,AP-8,AP,True,77.56724400088991
7AYFPTPVNR7WZ9I1UKTI,"Repsol ES, Amasa S.L.U",43.177235,-2.055118,"Cr N-1, 440,7",Aduna,Gipuzkoa,20150,3,50.0,656,A-1,A,True,34.8601289087941
LZDYTDNHPUHTJULN7GKF,"Repsol ES, CRED Bejar I",40.384197,-5.76269,"Cl Crta De Salamanca, 3",Béjar,Salamanca,37700,3,50.0,1250,N-630A,N,False,8.45599808521514
NHEZ5CNDJFSWGK1VMMHL,"Repsol ES, Villabona Sa",43.179886,-2.054352,"Cr N-1, 440,9",Aduna,Gipuzkoa,20150,3,50.0,656,A-1,A,True,49.92330432915036
RCR95BNRHIMWNHB0HN4N,"Repsol ES, Zarautz S.A",43.28479,-2.158873,"Cr N-634, 17,6",Zarautz,Gipuzkoa,20800,3,50.0,565,N-634,N,False,17.057677855147517
0BJLGR0EPYI0M9PV56JP,Hotel Zentral Toledo,39.8651,-4.020704,Av. Castilla La Mancha 3,Toledo,Toledo,45003,2,7.36,761,A-42,A,False,913.2240667796943
VFYSYON1ZKXHQRSQXY4N,"Repsol ES, CRED Poligono Antequera",37.029396,-4.534625,Cl El Efebo Nº 1,Antequera,Málaga,29200,3,50.0,1043,N-331,N,False,787.5312462427029
5HVPZBYXAY2ZW82ZXY5Y,"Repsol ES, Pafer Zalla S.L",43.31964,-3.045963,"Cl Polig.Ind. Balparda El Arbol , 2",Santurtzi,Bizkaia,48980,3,50.0,1292,AP-8,AP,True,358.3425442538255
AMDUDR614YDFO1DRXIII,"Repsol ES, Jacinto Manuel Miguel Santande",41.16891,-2.421546,"Cr N-2, 150",Medinaceli,Soria,42240,3,50.0,942,N-2,N,False,37.297933067237096
WITSUV1KG49RCXXYM7RC,"Repsol ES, CRED Torrevieja",37.996155,-0.656078,"Cl Avda. Alfredo Nobel, 195",Torrevieja,Alicante/Alacant,3183,3,50.0,1048,N-332,N,False,1707.7827356003168
ZHQLIDYSQTIG6UK8EIZM,"Repsol ES, Verin S.A. DCHA.",41.94547,-7.415855,"Cr N-525, 165,1 D",Verín,Ourense,32627,3,50.0,492,N-525,N,False,212.68241834057036
JYCCJH3XQYQKZWHWH6LD,"Mercadona, Avda. Cataluña, Zaragoza",41.66407,-0.862638,"Avda. Cataluña, 101",Zaragoza,Zaragoza,50014,6,22.17,355,N-330,N,False,1725.5081728153236
ER7NNTQ3EYMPAM3VQ4XF,"Mercadona, Avda. de las Salinas, Murcia",37.83226,-0.786312,"Avda. De Las Salinas, S/N",San Pedro del Pinatar,Murcia,30740,6,22.17,887,AP-7N,AP,False,1523.6235759629192
6ENM2RZ633FDOCEDNBIM,"Repsol ES, CRED Basauri",43.226482,-2.889176,"Cl Goiri, S.N",Basauri,Bizkaia,48970,3,50.0,149,A-8,A,True,537.6681046268142
SVP0DVESYU0E7DOZV8X3,Seur Cádiz,36.60814,-6.191559,"Av. Nicolás Copérnico, 63","Puerto de Santa María, El",Cádiz,11500,16,11.0,754,A-4,A,True,453.7429392435511
KLYJTEBUE7XWU68YZKLP,Hotel Zentral Zaragoza,41.661457,-0.907027,"Avda. Francia S/N,",Zaragoza,Zaragoza,50003,6,7.36,260,N-232,N,False,1360.094107043053
8D7IAENROLF5RSCRROFW,"Repsol ES, CRED Cocentaina",38.73875,-0.439747,"Cl Avenida Pais Valencia, 117",Cocentaina,Alicante/Alacant,3820,3,50.0,382,N-340,N,False,680.629728870517
EQ2BPXFPGQQEZRH5VLTD,"Repsol ES, Aplica, S.L.",41.633842,0.822908,"Cr A-2, 480,3",Sidamon,Lleida,25222,3,50.0,698,A-2,A,True,196.025672660684
RHQFGRIQCOOCEWZRF1OJ,"Mercadona, Juan de la Cierva, Almería",37.399452,-1.952809,"C/ Juan De La Cierva, S/N",Huércal-Overa,Almería,4600,4,22.17,631,A-7S,A,True,925.6447701369847
KCHGPLIICAF9IYVTIP5N,"Repsol ES, CRED Guadalajara",40.63343,-3.184843,"Cl Julian Besteiro ,25",Guadalajara,Guadalajara,19004,3,50.0,685,A-2,A,True,679.7596862549847
AMHENCI7C98SPCEMJW9Y,"Repsol ES, CRED El Arcángel",37.87708,-4.766204,"Cl Enrique Puga, S.N.",Córdoba,Córdoba,14010,3,50.0,746,A-4,A,True,577.5667844576371
V6YAQRJZYT8BQKOGHGX3,Repsol Dynasol,43.412834,-3.780305,"Bo. La Mina, S/N",Entrambasaguas,Cantabria,39719,6,7.36,1264,N-635,N,False,1589.599139220878
UCQ0SLFZL83WFTXVA5QJ,"Repsol ES, Codisoil Santa Marta",40.94978,-5.610282,"Cr N-501, Pk.89 Md",Santa Marta de Tormes,Salamanca,37900,3,50.0,797,A-50,A,True,591.515340014079
2SEHNU3V5ROO46NK6SMK,"Repsol ES, CRED Arahal",37.255394,-5.564284,"Cr A-92, 44",Arahal,Sevilla,41600,3,50.0,828,A-92,A,True,59.01534581960082
LKFZZBQPDSKG8KRNM27Z,"Repsol ES, Mosyper Gestion S.L.",43.328358,-8.389698,"Cl Luis Lopez Casanegra, Nº 1","Coruña, A","Coruña, A",15009,3,50.0,506,N-550,N,False,20.440470898016724
3RMLUFE03AB1SAJ39QO0,"Repsol ES, Quiroga S.L.",42.473877,-7.264507,"Cl Real, 143",Quiroga,Lugo,27320,3,50.0,215,N-120,N,False,273.6470725167181
R4JELAO20OFN3OG3HGB9,"Repsol ES, Complejo S.Cristobal",43.044655,-7.569912,"Cl Benigno Rivera, S.N.",Lugo,Lugo,27003,3,50.0,539,N-6,N,False,885.4720500339689
UR5KL4FC0QBKMHD8R82D,"Mercadona, Carretera Nacional 521, Cáceres",39.452965,-6.47921,"Carretera Nacional, 521,",Malpartida de Cáceres,Cáceres,10910,6,22.17,488,N-521,N,False,130.28430501914272
0PGJUNW4MVKFGORIB33T,"Mercadona, Av. de la Jarea, Zaragoza",41.76558,-1.125518,"Av. De La Jarea, S/N",Alagón,Zaragoza,50630,4,22.17,123,A-68,A,False,313.328520685929
ZNVLWPJFJKR2X8QAUDWB,Hotel Zentral Gijón,43.53626,-5.64345,"Avenida Torcuato Fernández Miranda, 26",Gijón,Asturias,33203,4,7.36,158,A-8,A,True,1560.526104189624
UAQADWKJ8TTPGBM8XNBA,Hotel Zentral Oviedo,43.357685,-5.85301,"C/ Leopoldo Calvo Sotelo, 13",Oviedo,Asturias,33007,2,7.36,1218,N-630,N,False,271.29828922389396
AOOMU6OSWYFJ0ZJOLUFA,"Repsol ES, CRED C-60",41.59199,2.341945,"Cr C-60 Km 8,7","Roca del Vallès, La",Barcelona,8430,3,50.0,873,AP-7N,AP,True,1255.268956615023
8VWHKMPWLJZL9XR0GLTG,"Repsol ES, Munuera",37.611034,-1.76036,"Pg Pol. Industrial Saprelorca, S.N.",Lorca,Murcia,30817,3,50.0,135,A-7,A,True,183.86346961729598
OU30HGJYV76ODEGM9IAZ,"Repsol ES, Garceran 1 S.L - Murcia",37.995636,-1.176738,Avenida De Los Jeronimos 160,Murcia,Murcia,30107,3,50.0,135,A-7,A,True,820.8787070293376
BCJJZGIZ2ZZ2O2BGQTIX,"Mercadona, Marconi, Barcelona",41.482628,2.041299,"C/ Marconi, 52",Rubí,Barcelona,8191,4,22.17,875,AP-7N,AP,True,481.25636211762304
66KRDRXCFLRDU198EGU5,"Repsol ES, CRED Sant Andreu",41.443146,1.981474,"Carrer Mèxic, 1,",Sant Andreu de la Barca,Barcelona,8740,3,50.0,700,A-2,A,True,128.2616211307758
Z0DQFWLZGPOH4TXYLRGI,"Repsol ES, Lucena Autopista Md",37.43968,-4.552145,Ctra. A-45 P.K. 51 Md,Lucena,Córdoba,14900,2,7.36,772,A-45,A,True,63.787360761692426
E33WVROT6HS9QH4N9O8G,"Mercadona, Manuel Gutiérrez Mellado, Huesca",41.91608,0.187479,"C/ Manuel Gutiérrez Mellado, 1",Monzón,Huesca,22400,2,22.17,285,N-240,N,False,765.7599689236176
NHVJ2QGRBUJQKGLUWFH7,"Repsol ES, Área De Servicio Bertólez 2",42.313114,-7.866466,"Cr N-525 Km 234,3",San Cibrao das Viñas,Ourense,32911,3,50.0,1182,N-525,N,False,36.13601093417085
RUVUXOAGPLAD1SYFIBDP,"Repsol ES, Carburantes Alronay S.L",38.91571,-0.556926,"Cl Avda. De La Diputacion, 4","Olleria, l'",Valencia/València,46850,3,50.0,130,A-7,A,False,1485.8035245637188
PJYOCKR4MELCBULMZ4NF,"Mercadona, Fernando Múgica, Gipuzkoa",43.280518,-2.01765,"Fernando Mugica Kalea, 1",Donostia/San Sebastián,Gipuzkoa,20018,6,22.17,565,N-634,N,False,143.1714041599491
GDOLFPB6EELY54ZVPPNR,"Repsol ES, Catoalc Carburantes S.L. 1",38.974754,-0.592242,"Cl Avenida Castilla, 6","Alcúdia de Crespins, l'",Valencia/València,46690,3,50.0,736,A-35,A,True,847.8843629013251
IOVREY0OP17YU2PI7CUM,"Repsol ES, Lasarte",43.25799,-2.018205,"Cl Circuito Ibilbidea, 8",Donostia/San Sebastián,Gipuzkoa,20160,3,50.0,657,A-1,A,True,160.1110579085938
AHRGSX7BXYAAYTZQNFDM,"Mercadona, Carrer del Comerç, Valencia",38.97916,-0.182634,"(Pol.Ind. Alcodar) Carrer Del Comerç, 11",Gandia,Valencia/València,46701,6,22.17,370,N-332,N,False,990.2465432696401
DVMFOHP3PTXSKSLJGR1Y,"Repsol ES, CRED Puente San Fernando",40.449158,-3.522459,"Cr N-2, 16,3",San Fernando de Henares,Madrid,28830,3,50.0,685,A-2,A,True,21.81667899578233
SUWJ2VMHZBGYFQSMYILJ,"Repsol ES, CRED Linares",38.090263,-3.626034,"Cl Avenida De España, 3",Linares,Jaén,23700,3,50.0,996,N-322,N,False,821.986375266098
EKP1WSFRKICJLFBKWW7N,"Repsol ES, Espai Girones S.L",41.96563,2.781624,"Cami Dels Carlis, 10",Salt,Girona,17190,3,50.0,872,AP-7N,AP,True,164.8695735317164
HOEWQ0KVEBUH0LQBFLBB,Eulen Gobelas,40.47325,-3.82425,"Gobelas, 29",Madrid,Madrid,28023,6,7.36,63,A-6,A,True,72.03096862506622
XZ8MADJTJVS695JQFZ9J,"Mercadona, Av. de Puerto Rico, Zaragoza",41.702736,-0.997137,"Av. De Puerto Rico, S/N",Utebo,Zaragoza,50180,4,22.17,260,N-232,N,False,213.38559014821635
CRWPFXNVW0EA1TIINF69,"Mercadona, Otaola Hiribidea, Gipuzkoa",43.181046,-2.485073,"Otaola Hiribidea, 20",Eibar,Gipuzkoa,20600,4,22.17,1289,AP-8,AP,True,137.71638714195095
VAVMO5R0EJ6E8VJBNVVD,"Repsol ES, Energia Del Llemena S.L.",41.990192,2.767891,"Cr Ge-531, 4,6",Ripoll,Girona,17150,3,50.0,872,AP-7N,AP,True,1381.7924869083026
TA0KUUM1WIJM2OARW1OW,"Mercadona, Av. Ramon Nuñez Montero, A Coruña",43.332813,-8.305259,"Av. Ramon Nuñez Montero, 52",Oleiros,"Coruña, A",15173,2,22.17,1187,N-6,N,False,1370.1567780692951
Z5U8WPW9LIOTF9JQ8GDE,"Mercadona, Plaza Costa del Sol, Málaga",36.6248,-4.499448,Plaza Costa Del Sol,Antequera,Málaga,29620,2,22.17,621,AP-7S,AP,True,1328.6444486662263
AZNTGCER1ROKHAP7TKDK,"Mercadona, César Manrique, Madrid",40.35552,-3.541748,"C. César Manrique, 2",Rivas-Vaciamadrid,Madrid,28522,4,22.17,46,A-3,A,True,816.1223095322732
2HKQT0TZY4XCXQWV7VK1,"Mercadona, Línea de la Concepción, Cádiz",36.024708,-5.611236,"C. La Linea De La Concepcion, S/N",Tarifa,Cádiz,11380,6,22.17,1060,N-340,N,False,402.9387121679745
QJ1GQV7VGUOVMNDKYWVG,"Atocha Investments, S.L",40.40113,-3.690088,"Calle Del Gral. Lacy, 23",Madrid,Madrid,28045,2,7.36,740,A-4,A,False,1528.844961598612
9MXUGTXBFHGQALM7E6MN,"Mercadona, Benicull, Valencia",39.15738,-0.253646,"Carrer Benicull, 1",Cullera,Valencia/València,46400,4,22.17,372,N-332,N,False,1194.140824966756
WXGM38PBH6HS4YW7RRYV,"Repsol ES, Autoserv. Bilbao",43.251,-2.889104,"Cr N-634, 106,4",Etxebarri,Bizkaia,48450,3,50.0,566,N-634,N,False,30.735207504676247
6OL5UKEESEHYJLBNZJLK,"Repsol ES, Medina y Valero",39.05966,-1.053334,"Cl Virgen Del Rosario, S.N.",Ayora,Valencia/València,46620,3,50.0,348,N-330,N,False,14.054581259761308
TJ4XOKZLRSVYPLNSJ1MW,"Repsol ES, CRED Igay M.D.",42.74313,-2.913518,"Au Ap-68, 63 D - Sentido Zaragoza",Erriberagoitia/Ribera Alta,Araba/Álava,1213,2,180.0,861,AP-68,AP,True,63.78845280145022
E6EPD1M9LOYNJJJH9X9E,"Repsol ES, Zaisa I",43.341217,-1.754291,"Cl Terminal De Zaisa-Behobia, S.N.",Irun,Gipuzkoa,20305,2,150.0,1286,AP-8,AP,True,181.7225377414338
PGHPKC2B3NEF2WDP3Y7M,"Repsol ES, Chousal S.L",43.512253,-8.219678,"Cr C-646, 3 D",Ferrol,"Coruña, A",15405,3,50.0,592,N-655,N,False,850.6934249421852
VJSOEWQAXQAY6I4UNQJM,"Repsol ES, Almenara Casas Inversiones S.L",39.76781,-3.174745,"Cr N-301, 97",Corral de Almaguer,Toledo,45880,3,50.0,322,N-301,N,False,30.522901223186558
PKJHXOEB0NG7OFNWADR6,"Repsol ES, Lola Sanchez S.L",37.68358,-0.955041,C/ Marcona 21,Cartagena,Murcia,30593,3,50.0,887,AP-7N,AP,False,931.4534162307948
NKPHNME2MWKMYJW0VIGC,"Mercadona, Av. Estalajes, Badajoz",38.26092,-5.68528,"Av. Estalajes, S/N",Azuaga,Badajoz,6920,4,22.17,1154,N-432,N,False,812.7006001131266
OKQDLFXKNMSYTDOV0RSG,"Repsol ES, CRED El Marin",40.961994,-5.698223,"Cl Antonio Lopez Borrasca, 2-14",Salamanca,Salamanca,37007,3,50.0,87,A-62,A,True,275.1873778849898
B8FRDOWJVIFN96ULXGJS,"Mercadona, Hulla, Madrid",40.339737,-3.675161,"C/ Hulla, 21",Madrid,Madrid,28021,4,22.17,741,A-4,A,True,121.85862202683286
P7R3MALODGMPJRMLQEOM,"Repsol ES, CRED Calle Castilla",43.453526,-3.823695,"Cl Castilla, 91",Santander,Cantabria,39009,3,50.0,556,N-623,N,False,442.1355292665251
CUBQCU7WOITMZM3IXJGC,"Repsol ES, Gaserto, S.A",40.454697,-3.492412,"Cl Avenida Castilla, 43",San Fernando de Henares,Madrid,28830,3,50.0,685,A-2,A,True,791.5961544700325
KEZXCROXUKZTP4CVG0TC,"Repsol ES, Gureak Zerbitzuguneak Miramon",43.286034,-1.983912,"Pg Miramon P.K.1200-Gi3401 Dcha, Sn",Donostia/San Sebastián,Gipuzkoa,20014,3,50.0,1287,AP-8,AP,True,734.1946401749923
TNJVI5HTXIJS15TVIFLH,"BM, Martorell",41.493378,1.911576,"Avda. Comte De Llobregat, 119",Martorell,Barcelona,8760,2,7.36,950,N-2,N,True,23.188271606442004
BTMWYOD5AKFRIVSJIFD2,"Mercadona, Las Fraguas, Madrid",40.342003,-3.813805,"C. Las Fraguas, 5",Alcorcón,Madrid,28923,4,22.17,784,A-5,A,True,1599.8575449171935
VZUGAZYZ2OJ1UQACPUKE,"Repsol ES, Gasoleo Del Norte, Sur, Este y O",43.433228,-7.361696,"Cl Avenida Eladio Lorenzo, 2",Mondoñedo,Lugo,27747,3,50.0,587,N-634,N,True,502.2516670038636
LHYGO5CVZLZESMHBZLBQ,"Mercadona, Circunvalación, Madrid",40.45846,-3.457206,"C. Circunvalación, 10",Torrejón de Ardoz,Madrid,28850,4,22.17,685,A-2,A,True,904.8304364919061
KY75EOVTP4TFZTIGSW6M,"Repsol ES, Aljobar S.L 1",41.838745,-4.56733,"Cr A-62, 98,9",Dueñas,Palencia,34210,3,50.0,82,A-62,A,True,73.47075478271087
LVF4FD3RZ7ZQQUIE0DBP,"Repsol ES, Lence Torres, S.L. 1",43.051132,-7.565489,"Avda. Benigno Ribera ,S.N. (Pol..Ceao)",Lugo,Lugo,27003,3,50.0,75,A-6,A,True,915.2069655096898
IBJV3JFOFP8UEXVMHATA,"Repsol ES, CRED Benahavi",36.473248,-5.010904,"Cr N-340, 169,1",Estepona,Málaga,29688,3,22.0,2,A-7S,A,False,131.42741478164598
P3VGUDKRFUEO08M3IHXM,"Repsol ES, Poza Casado S.L.",41.91578,-3.751034,"Cr A-1, 187,7",Cilleruelo de Abajo,Burgos,9349,3,50.0,19,A-1,A,True,106.40328759663467
ISSBWGMPO6SDCMOBZ9ZS,"Mercadona,  Ronda Norte, Murcia",37.993366,-1.141114,"Gran Via Ronda Norte, 24",Murcia,Murcia,30009,4,22.17,723,A-30,A,True,488.732428198477
IGMHC7XWYI001PLEVRSS,"Mercadona, Illaramendi Etorbidea, Gipuzkoa",43.2248,-2.023937,"Illaramendi Etorbidea, 2",Andoain,Gipuzkoa,20140,6,22.17,682,A-15,A,False,91.35198089843266
UIU8XQQD9T1QDNEEPIGA,"Mercadona, Joaquin Rodrigo, Zaragoza",41.63745,-0.94712,"C/ Joaquin Rodrigo, Con C/ Antonio Vivaldi, Con C/ Frederic Chopin.",Zaragoza,Zaragoza,50012,4,22.17,690,A-2,A,True,1846.1153020005534
SZBP7CRUNPPCSROWR5RR,"Repsol ES, Los Bermejales S.L.",37.351433,-6.676219,Pg Polig. Los Bermejales Calle A-Pa,Niebla,Huelva,21840,3,50.0,778,A-49,A,True,964.0845049576468
C4NYWU7JYXJYVVLTDLCI,"Repsol ES, CRED San Rafael",43.025753,-7.567155,"Cl Avenida La Coruña, 310",Lugo,Lugo,27003,3,50.0,1273,N-640,N,False,466.260883800051
8WGA78VY2L7GRG9EVAYF,"Repsol ES, Gasolinera Carral S.L",43.22592,-8.356156,"Cr N-550, 18 I",Carral,"Coruña, A",15175,3,50.0,507,N-550,N,False,20.610598449102472
9EBQMYIIUWCSZ9YPLC5R,"Repsol ES, Sunoil 2022 S.L",36.558834,-4.620855,"Av Las Salinas-Loma Baja, S.N.",Fuengirola,Málaga,29640,3,50.0,646,A-7S,A,False,68.01880579309908
FBJVGUNJ0DYBTKZ6YZ6A,"Repsol ES, Navarro",38.246628,-6.300466,"Carretera Nacional 630 Km 702,20",Fuente de Cantos,Badajoz,6240,3,50.0,1239,N-630,N,False,38.34441489913144
9JXQTE1S0HTSMCXFDLQH,"Repsol ES, CRED Casablanca Norte",41.64069,-0.754753,"Cr A-2, 333,8","Puebla de Alfindén, La",Zaragoza,50171,3,50.0,694,A-2,A,True,56.20338849458129
E9B8YNALLNUZPJGTFC7S,"Repsol ES, CRED Alcorcon",40.346256,-3.805383,"Cl Avda Del Pinar, S.N.",Alcorcón,Madrid,28923,3,50.0,61,A-5R,A,False,1625.561959313966
LJOTHCFMQWJ8XLLARE6O,"Repsol ES, El Helmántico",41.017372,-5.67022,"Cr N-630, 334 D, Aldeaseca De La Armuña",Villares de la Reina,Salamanca,37189,3,50.0,1225,N-630,N,False,15.798757313508442
ACUPRNOYJYBBWOGC4DZP,"Mercadona, Adrada, Madrid",40.370766,-3.611511,"C. La Adrada, 10 - C. La Pueblanueva, 40",Madrid,Madrid,28051,4,22.17,46,A-3,A,True,1102.8831497290662
VFG62EPCGSKAIM4BEFJH,"Mercadona,  Badia Polesine, Sevilla",37.29688,-4.881699,"Av. Badia Polesine 16,18",Estepa,Sevilla,41560,4,22.17,828,A-92,A,True,604.2516841484149
2CFBTRB79KMR6KIVC4MF,"Repsol ES, Aristoil Global S.L",42.3579,-5.328425,"Cr N-601, 291,9",Garrafe de Torío,León,24290,3,50.0,1192,N-601,N,False,4.7171758458180975
HQWKZPYMUBUISPIEYPK3,"Repsol ES, Fernando Verdu E Hijos S.L",38.9574,-0.189206,"Avinguda De La Vall D'albaida, 55",Gandia,Valencia/València,46702,3,50.0,370,N-332,N,False,104.14713500517121
KQWB1AMNEPKRNMVU0GF3,"Mercadona, Barrio Santa Barbara",41.77198,-2.473549,Paseo De Santa Barbara,Soria,Soria,42005,4,22.17,194,N-111,N,False,557.9281936912761
XCYILLPAUPH9WVOJEOWG,"Repsol ES, Bellpuig, Leida",41.632168,1.006968,"Cr A-2, 495,5",Bellpuig,Lleida,25250,3,50.0,698,A-2,A,True,442.95424380510565
35GCZUKLTBQ9H8Q42RPG,"Repsol ES, Villanueva del Arzobispo",38.172478,-3.004094,Av Valencia,Villanueva del Arzobispo,Jaén,23330,3,50.0,732,A-32,A,True,1091.889714374419
S7SGMGPI9ZFTYZOSZIQB,"Repsol ES, Es Grupo Rocaoil, S.L.",37.86593,-4.782423,"Av. De Cádiz, 74",Córdoba,Córdoba,14013,3,50.0,782,A-4R2,A,False,1087.4345293327567
777FWFKDJNVM9KCAK5A9,"Mercadona, Carretera N-3, Valencia",39.48464,-1.08812,Carretera N-3,Cofrentes,Valencia/València,46340,6,22.17,50,A-3,A,True,1076.090995029246
VNUQTTEY2EKXT2ZUE5BW,"Mercadona, Av. Adolfo Suarez, Cuenca",40.003822,-3.005373,"Av. Adolfo Suarez, 51",Tarancón,Cuenca,16400,6,22.17,48,A-3,A,True,1042.2397080659043
MVHQENVBU4ABOMFQDANI,"Repsol ES, Hermanos Espino S.L, Oiartzun",43.313297,-1.877236,"Gi 636 Pk 4,900 Margen Derecha",Oiartzun,Gipuzkoa,20180,3,50.0,1287,AP-8,AP,True,371.85887576546185
EQOEDEDC4DMMTROL210T,"Mercadona, Caña de Azúcar, Almería",36.748833,-2.99943,"Calle Caña De Azúcar, 1",Adra,Almería,4779,6,22.17,635,A-7S,A,True,1078.5040569650137
V6A8O5P3A47PTZHTZDYJ,"Repsol ES, Santa Cruz de Mudela II",38.635555,-3.471584,"Cr N-4, 216,9",Santa Cruz de Mudela,Ciudad Real,13730,3,50.0,745,A-4,A,True,16.581356881412972
8VQVZKIBA1GCZKNUYQ1T,"Repsol ES, Rambar, Granada",36.740208,-3.584585,Avd. Del Mediterraneo,Salobreña,Granada,18680,3,50.0,1062,N-340,N,False,688.0291589678623
WZB7SLUNDBZOOSCXLICF,"Mercadona, Sierra de Andia, Álava",42.865147,-2.687727,"Sierra De Andia Kalea, 10",Vitoria-Gasteiz,Araba/Álava,1010,6,22.17,652,A-1,A,True,1686.4404226855534
LKYNCXV8TMZOFODIANPB,"Repsol ES, Combustibles Plata",37.572216,-6.108937,Autovia A-66 (Via De La Plata) M,Guillena,Sevilla,41219,3,50.0,112,A-66,A,True,162.08348300841837
XJ1JBJSMWLKSFLAZUEGY,"Repsol ES, Lence Torres, S.L. 2",43.03935,-7.573201,"Cl Avda Benigno Rivera,50 -Pol.Ind",Lugo,Lugo,27003,3,50.0,539,N-6,N,False,359.163208006427
NQFYJ6JEKHZFQ89JTEOK,"Repsol ES, Verin S.A. IZDA.",42.019314,-7.608592,"Cr N-525, 186,8 I",Trasmiras,Ourense,32695,3,50.0,493,N-525,N,False,16.270898048056136
GNJ2IPDI0DJJJVT3PJ5G,"Mercadona, Calle de la Democracia, Valencia",39.473232,-0.399654,"C/ De La Democràcia, 49",València,Valencia/València,46018,2,22.17,53,A-3,A,False,1612.2237663150015
HGCC1YLDGG4DSU2SHBJS,"Repsol ES, Fertol SRL",41.527275,-5.699888,"Cr N-122, Carr. Villagodio, 453, 8 D",Zamora,Zamora,49022,3,50.0,921,N-122,N,False,20.3183165556079
SAZXIICWGSWRDNV3E3EW,"Repsol ES, San Juan Bosco S.A.",41.66155,-0.886367,Av Jose Atares N 3,Zaragoza,Zaragoza,50018,3,50.0,355,N-330,N,False,1272.7741066122067
PJXEVL7UGYZVURBNQ3ZH,"Repsol ES, CRED La Bisbal",41.278713,1.495252,"Cr T-240, 3,5","Bisbal del Penedès, La",Tarragona,43717,3,50.0,841,AP-2,AP,True,522.0256312111461
HGOEMI6T95QOEGGZOHW6,"Mercadona, Ctra. del Marquesado, Cádiz",36.430046,-6.141759,"Ctra. Del Marquesado, S/N",Chiclana de la Frontera,Cádiz,11130,4,22.17,777,A-48,A,False,1569.011976097489
SBBTEKYTA2POKINOEQRD,"Repsol ES, CRED Chinales",37.897198,-4.766739,"C/ Cr N-432, 269,2",Córdoba,Córdoba,14007,3,50.0,1154,N-432,N,False,1708.2440152486433
GL002ORG3TUSTFJPO7DQ,"Repsol, Parking Playa Poniente",43.54134,-5.672933,"Av. De Juan Carlos I, S/N,",Gijón,Asturias,33212,8,22.17,1278,N-641,N,True,1178.4223342993082
D2Z9HQVSLP9Q6LARUGGV,"Mercadona, Ingeniero Susín, Huesca",42.135487,-0.416903,"C/ Ingeniero Susín, S/N",Huesca,Huesca,22004,2,22.17,30,A-23,A,True,1050.1536618359185
EXCKHHZVJTJBTTKQVM0V,"Repsol ES, Tres Columnas, S.L.",40.487446,-3.358135,"Cl Avda De Guadalajara, 29",Alcalá de Henares,Madrid,28805,3,50.0,685,A-2,A,True,1943.0215423193392
YRA3HTN1DNP9XHDL8LVD,Seur Teruel,40.333435,-1.111269,Crt Cubla Sn,Teruel,Teruel,44001,2,11.0,978,N-234,N,False,347.09595788476025
FM9QXLNYTGIHFFENL2RA,"Repsol ES, CRED Bellvei",41.2348,1.565754,Cr N-340 P.K. 1194.30 I,Bellvei,Tarragona,43719,3,50.0,396,N-340,N,False,55.24787494888614
DSGRMGPE9PQO2XIOXLJ8,"Mercadona, Carrer Alacant, Alicante",38.684704,-0.471892,"Carrer Alacant, 83",Alcoy/Alcoi,Alicante/Alacant,3801,4,22.17,380,N-340,N,False,919.9709054771242
108ICUFMEC1CUAHFF9WU,"Mercadona, Carrer 548, Valencia",39.52852,-0.484545,"C/ 29, Carrer 548, 26",Paterna,Valencia/València,46182,4,22.17,127,A-7,A,True,1107.8577359700994
81LMFMRLHYLXN4CLKCQH,"Repsol ES, CRED Orcasitas",40.37843,-3.718714,"Cl Av Princesa Juana De Austria, S.",Madrid,Madrid,28026,3,50.0,761,A-42,A,False,42.02741794248984
AABRWWE4N2WRRPAHEBN3,"Repsol ES, Estación De Servicio El Bruch",41.58103,1.608434,"Cl Avenida Angel Guimera, 15",Igualada,Barcelona,8700,3,50.0,699,A-2,A,True,1235.115756427992
WAV8TVXOKPUWJDWAKTET,"Repsol ES, CRED Larache",38.970715,-3.925806,"Cr Cr-514, 0,3",Ciudad Real,Ciudad Real,13004,3,50.0,760,A-41,A,True,826.5240667577475
5PZPJD53YFYVZHXDDM7X,"Mercadona, C/ Roma, Madrid",40.34389,-3.849186,"Parque Oeste, C. Roma, 15, C.C",Alcorcón,Madrid,28922,4,22.17,784,A-5,A,True,674.8144617004533
MJDQOEZJLHYXWTZ2FHVC,"Repsol ES, Parking San Cristobal Mengibar",37.973404,-3.802544,"C. Bailén, 40",Mengíbar,Jaén,23620,3,50.0,767,A-44,A,True,950.0270756884196
AGCZLN8EZE8Q9A0Q4LS1,"Repsol ES, CRED Sant Cugat",41.48268,2.050903,"Av. De La Via Augusta, 3",Sant Cugat del Vallès,Barcelona,8174,3,50.0,875,AP-7N,AP,True,223.72429331391947
DUPNOAXYEECSHXVE4VCQ,"Repsol ES, Codisoil Arapiles",40.894054,-5.657723,"Cr A-66, P.K. 348 M.I. (Polig.501-Parc.236)",Aldeatejada,Salamanca,37187,3,50.0,107,A-66,A,True,239.58261263576935
C7OVIRP6J6MDGGWVRB6L,"Repsol ES, Adria Sole Giralt",41.733295,0.59136,"Cr N-230, Km 15",Alguaire,Lleida,25125,3,50.0,255,N-230,N,True,26.98296898238976
7O16Y2DPBBDVIKOFTODY,"Repsol ES, CRED Cerdanyola",41.50854,2.090352,"Carrer De Jeroni Marti, 1,",Cerdanyola del Vallès,Barcelona,8193,3,50.0,875,AP-7N,AP,True,1888.3665142758505
NBT4WFY7OLDUXT2TJQGX,"Repsol ES, Calamocha",40.91255,-1.298796,"Avenida Estacion Nueva, 2",Calamocha,Teruel,44200,3,50.0,978,N-234,N,False,23.44648492505113
ITJ5SGNPA3VZQROTH92E,"Repsol ES, Quintáns",42.207283,-8.267648,"Cr A-52 ,P.K. 272","Cañiza, A",Pontevedra,36880,3,50.0,803,A-52,A,True,119.35613825040402
AWVB7OJEM1CATZ3M2WCD,"Mercadona, Augustobriga-Clara Shuman, Madrid",40.355392,-3.6849,"C. De Clara Schuman, C. Augustóbriga, S/N",Madrid,Madrid,28021,6,22.17,741,A-4,A,True,435.32264923860976
H5D9C503WYGWAJSFFKXI,"Mercadona, Pintor Luis Pardo, Asturias",43.530884,-5.646899,"C. Pintor Luis Pardo, 1",Gijón,Asturias,33204,2,22.17,158,A-8,A,True,1035.942745594233
Q36ST72AFYCT301O54HC,"Mercadona, Sta. Leonor, Málaga",36.49343,-4.991936,"C. Sta. Leonor, S/N",Marbella,Málaga,29670,6,22.17,618,AP-7S,AP,True,1116.8691732293958
J7TYHXVTHQKWNJHSPA5Z,"Refinería Cartagena, Parking empleados",37.573833,-0.924294,Valle De Escombreras S/N,Cartagena,Murcia,30350,16,7.36,1099,N-343,N,False,1097.8242683130325
JIJWK7F1AEWAX4KGFUP5,"Repsol ES, Mercamadrid Madrid",40.35822,-3.659861,"Mercamadrid Parcela D-3, Sn",Madrid,Madrid,28053,3,50.0,741,A-4,A,True,1533.8790289756923
XWEIINIPU5XV5MTODRFT,"Repsol ES, Chantada S.L",42.612644,-7.765817,"Av. De Lugo, 95",Chantada,Lugo,27500,3,50.0,500,N-540,N,False,704.0358911017264
ZTLGD7GCVOQQUGVKIU9D,"Repsol ES, Gasogas Calefacción S.L.U",39.16841,-3.022823,"C. Campo, 117",Tomelloso,Ciudad Real,13700,3,50.0,331,N-310,N,False,114.89489816929968
2J1TDRTTQU4SXYYDOTAD,"Mercadona, Sant Sadurní D´Anoia",41.428005,1.780185,"Ctra. San Quintin, S/N - C/ Perpinya, S/N",Sant Sadurní d'Anoia,Barcelona,8770,4,22.17,877,AP-7N,AP,True,1557.6245256156694
6AFJZEVKYII9S22CQIOX,"Repsol ES, Sanctipetri Oil - Andalucia",36.41839,-6.139589,"Carretera De Medina, De, S.N",Chiclana de la Frontera,Cádiz,11130,3,50.0,777,A-48,A,False,1897.1288812682417
Y1H07DBDL5HYJBJILCAG,"Repsol ES, Pinto Autovía",40.246105,-3.690528,"Ctra. De Andalucía, N-Iv, Km.20, 2D",Pinto,Madrid,28320,2,50.0,741,A-4,A,True,45.63500937463738
GSWOUB0KTEWRQKY3E7LU,"Mercadona, Av. Santiago, Ourense",42.348778,-7.868943,"Av. Santiago, 17 - Av. Marin",Ourense,Ourense,32001,2,22.17,494,N-525,N,False,12.56929029420879
LH1ZSCDUKWLVNMD6RLN9,"Repsol ES, CRED Merida Autovia Dcho",38.93861,-6.365095,"Ctra A-5, Km 341",Mérida,Badajoz,6800,3,35.0,791,A-5,A,True,142.247308934888
NURY0N7ZIYD2GHRI1RL8,"Mercadona, Avellano, Almería",36.774548,-2.803223,"C/ Avellano, 2","Ejido, El",Almería,4700,4,22.17,635,A-7S,A,True,1733.9640445973737
6HYSSWIBJG20PIK7Y5KA,"Repsol ES, CRED El Padul",37.046276,-3.654141,Cr A-44 P.K. 147,Padul,Granada,18640,3,50.0,771,A-44,A,True,149.84397782321597
E0IL8U0K4V2X2PJYUBA7,"Mercadona, Getares Algeciras",36.1148,-5.440905,"Carretera Getares S/N, C. Polaris, S/N,",Algeciras,Cádiz,11207,6,22.17,407,N-350,N,False,389.547504062969
JDRFW3VZNRRTNKCHHGYO,"Mercadona, Gonzalez Serrano Badajoz",38.891376,-6.986028,"Av. Miguel Fabra, 2 - C/ Gonzalez Serrano",Badajoz,Badajoz,6006,4,22.17,794,A-5,A,True,1698.572334123589
MAUNIHDLZP8K37AL882P,"Repsol ES, Puigfel Carburants",41.500603,2.151051,"B-141, Km 0.4",Ripollet,Barcelona,8291,2,50.0,874,AP-7N,AP,True,1534.003864083436
LKTMG1R60N6BTRJMHFKI,"Repsol ES, Fuentes De Ebro",41.51486,-0.636486,"P.º Del Justicia, 1",Fuentes de Ebro,Zaragoza,50740,3,50.0,281,N-232A,N,False,14.370723147853752
3VXUFWRGXGHADXUE5Z6S,"Repsol ES, CRED Fonolleras",41.661747,1.198526,"A-2, P.K. 512,00 D",Cervera,Lleida,25218,3,50.0,698,A-2,A,True,66.38247237114918
ZA4OHCWJ5I0QPULUR0VA,"Mercadona, Zuazo",43.22947,-2.856931,"Calle Txomin Egileor, 54",Galdakao,Bizkaia,48960,6,22.17,566,N-634,N,False,273.23522488264064
RE5WJ0AQCVLTEEB3LI9U,"Repsol ES, Atlantic Romero",37.198166,-3.637778,Av De Andalucia 116,Granada,Granada,18014,3,50.0,1156,N-432,N,False,1003.1898699102101
FOEPVAMZI36TJO41JPKF,"Repsol ES, Bertólez S.L",42.313038,-7.865342,"Rua Ponte Sevilla, 18",San Cibrao das Viñas,Ourense,32911,3,50.0,1182,N-525,N,False,43.26848032303745
WXQM94KXQFMYNRSEKCWP,"Tarragona Química, Parking Norte",41.199783,1.219498,Cta. Nac. 240 Km 8 -Complejo I,"Morell, El",Tarragona,43760,8,7.36,44,A-27,A,True,264.3019164852317
CR9CEUN3CCQN5VHNJKSS,"Tarragona Química, Parking Sur",41.18766,1.221806,"T-750, 167",Perafort,Tarragona,43155,8,7.36,44,A-27,A,True,541.082386709518
JEUPV76TABNA6OOYYYK1,"Mercadona, Plaza de Toros, Madrid",40.288826,-4.004672,"C. Las Eras, 3",Navalcarnero,Madrid,28600,4,22.17,785,A-5,A,True,624.421107894138
RE8YAGG77UTIE57PAKII,"Repsol ES, Amaro Bravo",42.429638,-8.09032,"Cr N-541, 28 I","Carballiño, O",Ourense,32534,3,50.0,502,N-541,N,False,30.853525367423895
5WXT1D8VUCTSA4C3BTZQ,"Repsol, DC - Oliva de Plasencia",40.10933,-6.083487,Carretera Cc-12.1 S\N,Oliva de Plasencia,Cáceres,10667,2,22.17,1232,N-630,N,False,1748.631107462438
XAO4QHIV5C1EDWYOXVZF,"Mercadona, Ctra. Alcañiz, Teruel",40.351845,-1.108454,"Ctra. Alcañiz, 52",Teruel,Teruel,44003,4,22.17,978,N-234,N,False,1040.0716499274426
Q2QFRX4ANV6RCOUWEB7C,"Repsol ES, CRED Collado II",40.64868,-4.008085,"Cr M-601, 1,3",Collado Villalba,Madrid,28400,3,20.0,854,AP-6,AP,True,1375.9276146205978
2NXMS1KGEUD9S9DE5U4E,"Repsol ES, Bastiments Alcocebre S.L",40.296238,0.226067,"N-340, Km 1021",Alcalà de Xivert,Castellón/Castelló,12570,3,50.0,389,N-340,N,True,45.084082873999684
9JRGXPT64N9FZVGAF32G,"Mercadona, Carr. de Fuencarral, Madrid",40.523735,-3.656588,"M-603, Carr. De Fuencarral",Alcobendas,Madrid,28108,4,22.17,15,A-1,A,True,491.1746100430117
8GPCXJTSMD3UF0OQQNBP,"Repsol, DC - Cabezuela del Valle",40.191193,-5.806582,Travesía Parque De San Antonio S/N,Cabezuela del Valle,Cáceres,10610,2,22.17,183,N-110,N,False,7.753852305466875
YNMREQPSIZ3R6MP6NEIM,"Repsol ES, CRED Pinto Izq",40.24634,-3.689326,"Cr A-4 P.K. 20,20",Pinto,Madrid,28320,3,50.0,741,A-4,A,True,57.142384259882554
SFFPKAWWBR5I6FWLVU93,"Repsol ES, CRED La Bicicleta",40.643116,-3.142868,"Cl Avda.Francia,S.N",Guadalajara,Guadalajara,19005,3,50.0,685,A-2,A,True,84.95888473273023
ZXJDH3FSHGU1V1UCEMAA,"Repsol ES, Petro Garrotxa S.L.",42.235676,2.29189,"Cr C-151, 10,6",Sant Joan de les Abadesses,Girona,17860,3,50.0,300,N-260,N,False,18.88924994617204
2J6KSKEXVXYIACIPQKED,"Repsol ES, CRED Falset",41.14394,0.816832,"Cr N-420, 841",Falset,Tarragona,43730,3,50.0,1112,N-420,N,False,554.882658610842
8GKEUDLKNZNHQ1PIQKO6,"Repsol ES, Santiago del Orbigo S.L",42.56074,-6.625561,"Cl Avenida De Galicia, 86",Ponferrada,León,24404,3,50.0,536,N-6,N,False,902.9770224860264
RXZ2VA7AGXGSZ5R7VBSF,"Repsol ES, CRED Abanilla",38.102615,-1.035307,"Cr A-7 , P.K. 554 M.D.",Santomera,Murcia,30148,3,40.0,134,A-7,A,True,74.36100364974448
RQBXKM3AQRZIPIKFDTY8,"Repsol ES, CRED Castellon",39.971577,-0.053404,"Avd. De Valencia S/N, Esquina Ronda Sur",Castelló de la Plana,Castellón/Castelló,12005,6,50.0,251,N-225,N,False,684.9183781012227
6KJKANSR1WCTB8OBFSKM,"Repsol ES, CRED Campolivar",39.531395,-0.4423,Cl Crta.Vieja De Burjasot-Centro Co,Paterna,Valencia/València,46980,3,50.0,126,A-7,A,True,1325.9139470117639
QBGPEWQMFY94EKO3203C,"Repsol, DC - Navalmoral de la Mata",39.891525,-5.549233,"Avda. Angustias, 20",Navalmoral de la Mata,Cáceres,10300,3,50.0,787,A-5,A,True,1492.6304076967547
4TGP9BVCYTJBS7VJHPGA,"Repsol ES, Petronalca S.L",42.456474,-2.431826,"Cl Piqueras, 22",Logroño,"Rioja, La",26006,3,50.0,670,A-13,A,False,493.2501017276843
WMH47PR47PG31SBXBV6J,"Repsol ES, El Portillo M.I.",42.570038,-5.519555,"Cr N-601, 321 M.I.",Valdefresno,León,24227,3,50.0,1192,N-601,N,False,40.79735179021135
ZBNG0JU4BNGGUHLXSAE0,"Repsol ES, Lavancaro",40.08459,-3.868067,"C/ Avenida Castilla La Mancha, Nº 1",Yuncos,Toledo,45210,3,50.0,761,A-42,A,False,605.3167867304021
QKCSIVPO1MQH2WLGUDRY,"Repsol, DC - Parking 1 San Frco.",39.46752,-6.366973,"Rda. De San Francisco, S/N",Cáceres,Cáceres,10003,2,22.17,486,N-521,N,False,1019.2527526750831
A2U8G6GYSZ5FB6R0YN6C,"Repsol ES, CRED Chiva",39.475666,-0.589258,"At A-3, 337",Chiva,Valencia/València,46370,3,50.0,51,A-3,A,True,177.9251696233353
HJYRM7ETHJJSZ6W77G2N,"Mercadona, C. Tritón",38.00189,-0.657925,"C. Tritón, 2",Torrevieja,Alicante/Alacant,3183,6,22.17,1048,N-332,N,False,1135.0981174079866
LKHNVZSTEIY0T6HNXQXM,"ITP aero, edif. Admire",43.293034,-2.856349,"Edificio Admire, Parcela 300 Del Parke Tecnológico De Zamudio",Derio,Bizkaia,48170,4,7.36,564,N-633,N,True,1976.3676970156573
0U4TUKO1YTFZIZFFIQ5J,"Repsol ES, El Bruch S.A",41.18634,1.219806,"Cl Ta-750, 1,90 D","Pobla de Mafumet, La",Tarragona,43140,3,50.0,44,A-27,A,True,403.2657828170883
SPNXFADR57KIIYP4G273,"Repsol ES, Suarez Penalba S.L",38.35758,-2.79921,"Cl Avenida De Andalucia, 131",Puente de Génave,Jaén,23350,3,50.0,1001,N-322,N,False,542.2190477790774
LJYR84CDGZR0GM6TI2FV,"Repsol ES, Poligas S.L.",41.617226,-4.705746,C/ Plata Nº 41,Valladolid,Valladolid,47012,3,50.0,662,A-11,A,False,1130.5911713138858
DFY97OS6ZEKCYHQHNTQU,"Repsol ES, Domaio S.L",42.29132,-8.669962,"Cr Po-551 P.K. 33,00 A",Moaña,Pontevedra,36957,3,50.0,519,N-554,N,False,619.5463632030153
43TDGBPNCPJOK0YZHOCZ,"Mercadona, Cámara de Comercio, Almería",36.813896,-2.580341,"Av. Cámara De Comercio, S/N",Roquetas de Mar,Almería,4720,4,22.17,635,A-7S,A,True,1088.0916513575853
3DWWXCURKW1ZTY7RBOVJ,"Mercadona, Poligono Ertzilla, Bizkaia",43.179665,-2.648431,"Poligono Ertzilla, 7",Iurreta,Bizkaia,48215,4,22.17,566,N-634,N,False,73.82201590052104
0U2UXOGZDVMXLO61BBCZ,"Repsol ES, CRED Lopidana Dcho",42.87734,-2.712676,"Cr N-1, 350,5",Zigoitia,Araba/Álava,1196,2,150.0,651,A-1,A,True,51.59203664994763
OPSCFM3VKMIWUMOYRCYZ,"Repsol ES, Moraleda",37.182484,-3.953195,"Cr  A-92 P.K. 211,2",Cacín,Granada,18370,3,50.0,830,A-92,A,True,60.29917423649011
WZMLX5U7VDUIFWUQRO8D,"Repsol, DC - Casar de Cáceres",39.554325,-6.414634,"P.º Extremadura, 21",Casar de Cáceres,Cáceres,10190,3,50.0,108,A-66,A,True,1053.5073261175655
OZPALMGWJTF28DGCAYL4,"Repsol ES, Verde y Sostenible 2021 S.L",38.91077,-6.340376,"Cr N-5A, 340,9",Mérida,Badajoz,6800,3,50.0,1181,N-5,N,False,1904.9719936672457
JCYCDATPNUFCJBYQIHBX,"Repsol ES, Angel Manuel Exposito",39.06214,-3.617921,"Cl Tiburcio, 98",Daimiel,Ciudad Real,13250,3,50.0,762,A-43,A,True,1674.8916692246867
4U5K0R0WRFUGWSNAFSX0,"Repsol, DC - Miajadas",39.15499,-5.901894,"Av. De Trujillo, 103",Mesas de Ibor,Cáceres,10100,3,25.0,1180,N-5,N,False,614.3084541902988
VVHJGYAMRKEPASMOC9F5,"Repsol ES, CRED Gallur M.I.",41.834606,-1.320079,"A-68, P.K. 254,00",Gallur,Zaragoza,50650,2,180.0,865,AP-68,AP,True,105.22453635216462
1WMXAIK81YRMYK5HOVGW,"Repsol ES, CRED Loja Pueblo",37.164536,-4.137088,"Cr N-342, 483",Huétor Tájar,Granada,18300,3,50.0,830,A-92,A,True,453.01657699694437
9VCYHSPVGAHZRLGHCJGE,"Repsol ES, Canivell Av. Lugo",43.56653,-5.926751,"Cl Avenida Lugo, 24",Avilés,Asturias,33401,3,50.0,1259,N-632A,N,False,28.077374616188493
ATWZXB5RYIUU5XU7WSHE,"Repsol ES, HELLIN S.L.",38.52438,-1.70307,"Cr N-301, 310,2",Hellín,Albacete,2400,3,50.0,325,N-301,N,False,621.3769760716998
YOIQLXDWAUXBACLO28LP,"Repsol ES, Crisfal Lusopor, S.L.",39.409634,-7.241979,"C. Pizarro, 8",Valencia de Alcántara,Cáceres,10500,3,50.0,488,N-521,N,False,8.38053315843879
JJDCPAYL63Y6LIOJKZBQ,"Repsol ES, Rosaleda",36.738403,-4.424578,"Cl Avenida S.Ramon Y Cajal, 1",Málaga,Málaga,29014,3,50.0,643,A-7S,A,True,1381.548602041628
YGFWQ58TJE3YOWGXYORM,"Mercadona, Cerca de Montero, Madrid",40.6528,-4.007848,"C/ Cerca De Montero, 3 - 5",Collado Villalba,Madrid,28400,4,22.17,854,AP-6,AP,True,1783.9001617485562
OJEYMOJNYSDJYK19BUBC,"Repsol, Bodegas Roda",42.585976,-2.845534,"Av. Vizcaya, 5",Haro,"Rioja, La",26200,2,11.0,933,N-124,N,False,29.989205649882923
TD6QJFGFOBIQDFOQBGFS,"Mercadona, Calle Toledo, Parla",40.229843,-3.777018,"C. Toledo, S/N",Parla,Madrid,28981,6,22.17,761,A-42,A,False,528.1176677050532
V5NJJ1OAJDLXXOJJAGJ4,"Repsol ES, P.Isidoro Ortiz, S.L,",39.278214,-2.602423,"Cl Dos De Mayo, 167",Villarrobledo,Albacete,2600,3,50.0,331,N-310,N,False,1554.1723853297976
AW3UEIFUVWFN2OG3E5JT,"Mercadona, Calle Elche, Alicante",38.195297,-0.558614,"C/ Elche, 62",Santa Pola,Alicante/Alacant,3130,4,22.17,1051,N-332,N,False,817.099117686642
ARKWYKGTZTTFFROTSSLP,"Repsol ES, Area De Servicio Godisa S.L",38.718063,-4.071291,"Cr Cr-506, 3.300",Argamasilla de Calatrava,Ciudad Real,13440,3,50.0,1107,N-420,N,False,37.89270964720311
VA0MFJZA3ARTBPL0RWBJ,"Repsol ES, Villarce La Ventilla",42.344566,-3.648094,"Cr N-120, P.K. 108,3",Burgos,Burgos,9007,2,150.0,206,N-120,N,False,767.3288138851901
ETNU9BLXES7ZA6Q15Q9N,"Mercadona, C/ de la Metalurgia, Cádiz",36.70721,-6.115873,"Av. Tio Pepe, 3 - C/ De La Metalurgia",Jerez de la Frontera,Cádiz,11407,6,22.17,754,A-4,A,True,1012.8156208579161
FCBQSXH6EIWIBQXGJO12,"Repsol ES, Proinpi S.L",40.465115,-5.325487,"Cr N-110, 314,8",Piedrahíta,Ávila,5500,3,50.0,183,N-110,N,False,19.80624432415952
VFRDNHTV9QA1HQ38CZXL,"Mercadona, San Fernando, Valencia",39.567123,-1.202052,"C/ San Fernando, 19",Utiel,Valencia/València,46300,4,22.17,50,A-3,A,True,544.0181355222592
0VLWWSNL8OPWDGHXWPTY,"Repsol ES, Lucia E Hijos Villa Gutierrez",39.083492,-4.616153,Cl Avenida Castilla-La Mancha,Puebla de Don Rodrigo,Ciudad Real,13109,3,50.0,1132,N-430,N,False,7.617192174960175
LHRVAEMAES4LHJLJGAYX,"Repsol ES, CRED Miami Playa",41.006916,0.935816,Cr N-340 P.K. 1132 I,Mont-roig del Camp,Tarragona,43892,3,50.0,137,A-7,A,False,1320.9387601513502
EOVL6X3GHLBEMDIT0TRZ,"Repsol ES, Autodrom Baix P.",41.141193,1.231075,"Pg Riu Clar- Parcela 169-179, S.N.",Tarragona,Tarragona,43006,3,50.0,43,A-27,A,True,145.7340098119718
E1L41GXZGF7LWGUMDVOG,"Mercadona, C/ San Miguel, Málaga",36.749508,-3.878021,"C/ San Miguel, 11 - Pje. San Miguel",Nerja,Málaga,29780,4,22.17,642,A-7S,A,True,1635.4616617896716
YEFHYKH8QFDFWGVPXSYX,"Repsol ES, CRED Zubieta",43.252766,-2.021427,"A-1, Km. 451 De",Donostia/San Sebastián,Gipuzkoa,20160,5,50.0,657,A-1,A,True,53.87614517383113
IVSZQXQX72PGG21T12OT,"Repsol, DC - Valencia de Alcántara",39.409443,-7.246477,"Parque España, 10",Valencia de Alcántara,Cáceres,10500,2,22.17,488,N-521,N,False,11.801180719801591
5F8YTKQOHZIDYDP2ZH77,"Repsol ES, Lazcaba S.L.",38.926872,-6.322177,"Av Reina Sofia, 68",Mérida,Badajoz,6800,3,50.0,1181,N-5,N,False,4.883369556927162
DLTCU3X7LVVJJOQ3XOC0,"Repsol ES, CRED Cornellá II",41.34677,2.090203,"Cami Mig, 29","Hospitalet de Llobregat, L'",Barcelona,8907,6,50.0,701,A-2,A,True,250.02448582530536
ZXK8QYRPELOVPUKZG64U,"Mercadona, Av. Medina Olmos, Granada",37.29714,-3.128725,"Av. Medina Olmos, S/N",Baza,Granada,18500,4,22.17,832,A-92,A,True,1553.6489389556457
YJEF3VZIDNWNBHKTKABN,"Repsol ES, Gasóleos Teruel",40.36329,-1.145989,"Poligono Industrial La Paz, Calle Atenas Nº 18,",Teruel,Teruel,44195,2,50.0,978,N-234,N,False,39.65146670837134
IYECFQO8UX6RJLFXNGWN,"Repsol ES, CRED Arrasate Mondragon",43.06309,-2.476076,Ap-1 P.K. 129 Md,Arrasate/Mondragón,Gipuzkoa,20500,3,50.0,837,AP-1,AP,True,74.28482813478668
FO2SSSPQ2Y6QXGEZZJGX,"Repsol ES, CRED Amorebieta Izq",43.230495,-2.753489,"Cr A-8 Bilbao-Behobia ,P.K. 100",Amorebieta-Etxano,Bizkaia,48340,3,50.0,1290,AP-8,AP,True,34.30954268165171
SED52ZFJBXDZPFDIJTGS,"Mercadona, Pol las Navas, Cantabria",43.311108,-4.250142,"Pol. Las Navas, 3",Cabezón de la Sal,Cantabria,39500,6,22.17,574,N-634,N,False,123.72587200359511
ELOMIXPVLOXYGU3SQEU2,"Repsol ES, Almetir S.L",36.868595,-2.230236,"Diseminado Retamar Nijar Ctra, 80",Almería,Almería,4150,3,25.0,632,A-7S,A,True,95.45179560229278
633BJK0PMHWZLWK1QYED,"Repsol ES, CRED Los Barrios",36.200123,-5.514449,"Cr  A-381 , P.K. 80 M.I.","Barrios, Los",Cádiz,11370,3,50.0,604,A-381,A,True,161.84828119242104
M5B4VY0LC0VWNFFUHRWJ,"Repsol ES, Las Cumbres",37.885376,-1.136602,"Cr A-30  P.K. 408,1",Murcia,Murcia,30155,3,50.0,723,A-30,A,True,129.0312356738714
AXTRAA8EADS9S2YZHZMD,"Repsol, DC - Aldeanueva del Camino",40.26017,-5.930185,C. Gabriel Y Galán,Aldeanueva del Camino,Cáceres,10740,2,22.17,107,A-66,A,True,481.3663669553273
7GAQVIVMOLOB20UPY0FA,"Repsol ES, El Molar S.A",40.71318,-3.577692,"A-1, Km 40.7","Molar, El",Madrid,28710,3,50.0,683,A-1A,A,False,41.0212473161503
BUPJVQEHCUOQIBXGHGIR,"Repsol ES, Cix Serveis Lleida S.L.U",41.611584,0.643865,"Cr Ll-11  P.K. 10,00",Lleida,Lleida,25001,6,50.0,992,N-240,N,False,1899.294422158488
1GBRGKMLEADFAWZTKUSA,"Repsol ES, Parque Logístico",37.878708,-4.833958,Ctra. A-431 P.K. 4 (Parque Logistico),Córdoba,Córdoba,14005,3,50.0,1167,N-437,N,False,1880.6227123584415
LLAH7YKP2ODMKBGRZPGU,"Repsol ES, CRED Benavente",41.99221,-5.647187,"Cr, 6, P.K. 260,50 I",Benavente,Zamora,49600,2,160.0,531,N-6,N,False,24.346245238615005
A6E0SDSSRLWGTEO9RBZO,"Repsol ES, CRED Quart II",41.933746,2.843571,"Carrer Cira De Girona, Km 7",Quart,Girona,17242,3,50.0,953,N-2,N,False,1873.3485006053113
ANKY0C3UYH38DLCE0RHQ,"Repsol, DC - El Cuartillo",39.47734,-6.333269,"Carr. De Trujillo, Norte (Campus Universitario)",Cáceres,Cáceres,10004,2,22.17,485,N-521,N,False,400.579190246272
4HWKO6XKGJNLX98TRHGL,"Repsol ES, CRED Velez",36.760857,-4.104544,"Cl Rotonda Pago De La Mata, S.N",Vélez-Málaga,Málaga,29700,3,50.0,642,A-7S,A,True,493.4898788493386
FKCQOZZHETAKUEWUAEII,"Repsol ES, CRED Amorebieta Dcha",43.231743,-2.756243,"Cr A-8  Bilbao Behobia P.K. 99,7",Amorebieta-Etxano,Bizkaia,48340,3,50.0,1290,AP-8,AP,True,92.96371971953691
698RN1FKRHBKLZRSPADA,"Repsol ES, Los Valos S.L.U",42.236645,-8.595355,"Cr Redondela-Porriño 5,12",Mos,Pontevedra,36415,3,50.0,513,N-550,N,False,18.859595068218532
ON3T9IRPFKPFMAMVE7YQ,"Repsol ES, Nacinco47 S.L",40.184185,-4.136094,"Cr A-5, 47,7",Casarrubios del Monte,Toledo,45950,3,50.0,786,A-5,A,True,103.81115979042897
WIAYD6EQUKN0MK1EW5TQ,"Repsol ES, CRED Ctra. Fuencarral",40.52487,-3.655887,"Cr M-603, 14,1",Alcobendas,Madrid,28108,2,150.0,15,A-1,A,True,496.1543994748395
3PECMWOKIJYGRPMDK1HG,"Repsol ES, Mogente",38.87854,-0.754148,"Avinguda Hijas De La Caridad, 1",Mogente/Moixent,Valencia/València,46640,3,50.0,736,A-35,A,True,372.4911243540328
CD0JOOR2DT7TPMUWKE0Q,"Repsol ES, CRED Portal De Gamarra",42.864586,-2.660313,"Avenida Del Cantabrico, 8",Vitoria-Gasteiz,Araba/Álava,1013,2,150.0,652,A-1,A,True,1802.101381764121
GWZ9CBVAXPWWC7DQGZWN,"Repsol ES, Discarpe S.L",41.60235,-4.115048,"Cr N-122, 307",Pedrajas de San Esteban,Valladolid,47300,3,50.0,918,N-122,N,False,18.24115408438177
0ZCCOUIU8A2IM8CNBQCC,"Repsol ES, A.S. Gestores Gonzalez Sanjuan S.L",40.40291,-3.689916,"C/ Áncora, 39",Madrid,Madrid,28045,3,50.0,740,A-4,A,False,1681.5182037074123
7Y6GBZDSH9GFEHWCRAHI,"Repsol ES, Carburants Artesa 2002 S.L",41.55312,0.706301,"Cr Cl-7020, 8,5",Artesa de Lleida,Lleida,25150,3,50.0,841,AP-2,AP,True,1476.8464691233848
DC184P14DWYGHP68DARE,"Repsol ES, Cdad del Transporte del Poniente S.L.",36.796352,-2.686587,"Cr N-340, 420,7","Mojonera, La",Almería,4746,3,50.0,635,A-7S,A,True,137.54917939304335
JBB1HXBUOP4CJIBDBUMD,"Repsol ES, Maypa S.L.",40.76181,-3.009119,"Cr A-2, 75,7",Espinosa de Henares,Guadalajara,19192,3,50.0,686,A-2,A,True,74.21982092137723
N3QCP9CEXTFUJENPHVIB,"Mercadona, Clara Campoamor, Valencia",39.367386,-0.46669,"Av. Clara Campoamor, S/N",Alcàsser,Valencia/València,46220,6,22.17,128,A-7,A,True,1020.7870347100388
VUP3K5LSJYJHHT3RZACW,"Repsol ES, CRED Zurbano",42.876923,-2.617185,"A-1, Pk 358,5",Arratzua-Ubarrundia,Araba/Álava,1520,4,23.0,652,A-1,A,True,59.733171977897996
PFLEJWGBDNMW7ONJMKM6,"Repsol, DC - Aliseda",39.425343,-6.692208,C. Orellana,Aliseda,Cáceres,10550,3,50.0,488,N-521,N,False,134.94110944141883
I2KVTGCNSPTVBROUGQKV,"Repsol ES, CRED Santomera M.I.",38.10091,-1.035592,Cr A-7 P.K. 554 M.I.,Santomera,Murcia,30148,3,50.0,134,A-7,A,True,68.85199649428807
H9TTNPVHCQW58C9YSFEP,"Repsol ES, Invesiones Rogon S.L.",40.40143,-3.635975,"C. De La Fuente Carrantona, S.N.",Madrid,Madrid,28030,3,50.0,45,A-3,A,False,809.8611663077343
SXZAGN9WVAAFTAYADQZ1,"Repsol ES, Paraiso",37.18013,-3.928777,"Cr A-92, 212,7",Cacín,Granada,18370,3,50.0,830,A-92,A,True,65.97680597815994
8XKHHHWOICRPNW5BN0RS,"Repsol ES, CRED Bailén",38.08885,-3.779011,"Cr N-323 A, 0",Bailén,Jaén,23710,3,50.0,1012,N-323,N,False,85.26179029940317
Z8XQNK71GZE1YTK0Y2CD,"Repsol ES, La Europea Jonquera",42.40548,2.871916,"Au Ap-7 P.K. 7,00 D",Agullana,Girona,17707,5,150.0,872,AP-7N,AP,True,93.97918012120202
VI6TZYLVTYH2WRGEKYY2,"Repsol ES, A.S. El Rosario",37.022522,-4.391351,At A92-M P.K. 16.7 M.D.,Jimera de Líbar,Málaga,29312,3,40.0,600,A-92M,A,True,130.92182965854565
PPTHKGUJH9W1F2QGNEMO,"Repsol ES, Meixonfrio",42.898987,-8.527383,"N-550, Km. 60, 00 D",Santiago de Compostela,"Coruña, A",15705,3,50.0,809,A-54,A,True,1437.9586980427887
H2SIGQCLJF2XBKRQ8RSU,"Repsol ES, CRED Alcobendas",40.545982,-3.634572,"Cl Avenida De España, S.N",Alcobendas,Madrid,28100,3,50.0,15,A-1,A,True,1441.3306462999406
5AFPSDPTJ8QVEHTZLN8B,"Repsol ES, CRED Avda. Alemania",39.462074,-6.383596,Avda Alemania Sn,Cáceres,Cáceres,10005,3,20.0,486,N-521,N,False,21.461618813766822
ZPVJP7UTVL3NWCO9TGWQ,"Repsol ES, Los Palancares",40.055172,-2.1262,"Cr N-320, 136,5",Cuenca,Cuenca,16004,6,50.0,332,N-320,N,False,1901.646674378491
ONWSGKLVTHVLXUJQNDO4,"Repsol ES, CRED San Marcos",42.604313,-5.578834,"Cl Cruz Roja De Leon, S.N.",León,León,24002,3,50.0,1246,N-630A,N,False,1184.6101543398136
01LYNCWOOB1XUBHZYXIE,"Repsol ES, Footwork S.L.",39.487656,-0.468213,"Cr, Vv-6116, 1, 1 D",Manises,Valencia/València,46940,3,50.0,245,N-220,N,False,429.83589920719265
XQN331YA8R9C17DPYFCE,"Repsol ES, El Polear",37.066895,-4.327099,"Crta De Granada, Km 7",Villanueva del Trabuco,Málaga,29313,3,50.0,600,A-92M,A,True,164.73438998791696
SZOC9YVWE2XQYIQJUQIQ,"Repsol ES, CRED La Roda Autovia",39.20085,-2.144451,A-31 P.K. 40 Md,"Roda, La",Albacete,2630,3,50.0,725,A-31,A,True,42.13515894575968
PGMGFENANERXSXHKBUKS,"Repsol ES, Cerro De Los Gamos II",40.45554,-3.812002,"C/ Manuel De Falla, 2",Pozuelo de Alarcón,Madrid,28224,3,50.0,63,A-6,A,True,1255.722059652484
10BTNELON2Y49DLD4OXA,"Repsol ES, Es Codisoil Medina",41.318146,-4.916636,"C/ Avenida De La Constitucion, 48",Medina del Campo,Valladolid,47400,3,50.0,66,A-6,A,True,1315.9120653196642
TANIHRDRA3XDIIDM3Q2P,"Repsol ES, Catoalc Carburantes S.L. 2",38.956272,-0.588379,"Av. Corts Valencianes, S.N",Canals,Valencia/València,46650,3,50.0,130,A-7,A,False,1723.8950848569004
BTJC48H2LV77ELAW9YXQ,"Repsol ES, Santa Cruz S.L",42.344048,-7.981913,"Cr N-120, 580,5",Ourense,Ourense,32990,3,50.0,896,N-120,N,False,33.416798408557135
MDGQ9FKPQGPLUWO53Q4Q,"Repsol ES, CRED Merida III",38.938477,-6.344544,"Av. Vía De La Plata, 33",Mérida,Badajoz,6800,3,50.0,1236,N-630,N,False,84.65558591283244
B6MDSCBIJ5MMTT7GV6IC,"Repsol ES, Campos S.L.",42.655037,-8.111703,"Avenida De Buenos Aires, De, S.N",Lalín,Pontevedra,36519,3,50.0,495,N-525,N,False,852.4057962128029
BRCTNJPFWT8Z2EAZ8JRD,"Repsol ES,  CRED Quintanapalla MD",42.403908,-3.549281,"Ap-1, K. 12, 00 D",Fresno de Rodilla,Burgos,9290,2,180.0,834,AP-1,AP,True,51.0875316841545
LYSMNSZRIV5ILJDVPK9U,"Repsol ES, Jose Mª Barragan Merida",38.662292,-4.298971,"N-420, 141, 9 D",Brazatortas,Ciudad Real,13450,3,50.0,1107,N-420,N,False,237.07699145238814
ROT8JIZFIEQTHW92SWQZ,"Repsol ES, Luykar 2021 S.L",42.587753,-4.32788,"N-611, 80, 6 I",Herrera de Pisuerga,Palencia,34400,3,50.0,1198,N-611,N,False,100.6375726969046
R0ORKRXMGZLRSC83DVRT,"Repsol, Ayto. Torrelodones. Rufino Torres",40.57571,-3.930013,"Cam. De Valladolid, 22-24",Galapagar,Madrid,28250,3,50.0,64,A-6,A,True,126.62306439287836
TDDNMTUFXCTYBMAHDN3O,"Repsol ES, Maset S.A.",42.260727,2.949918,"Carretera D'olot, S/N",Vilafant,Girona,17740,3,50.0,298,N-260,N,False,18.490038596466476
GJONPLH7FMZAYW6EZOBY,"Repsol, Guarroman",38.196457,-3.673307,"Cr N-4 P.K. 280,00 D",Guarromán,Jaén,23210,1,90.0,745,A-4,A,True,128.90041487092358
RLJ7UK5LUQZK79MEXQHY,"Repsol ES, Edificaciones Tifan S.L 2",40.552567,-3.897427,"Ctra. De La Coruña, Km. 25, 500","Rozas de Madrid, Las",Madrid,28290,3,50.0,64,A-6,A,True,38.659366423148974
LTGMOZOOVOUO3DJANTYE,"Repsol ES, Combustibles As Fontes S.L.",42.52561,-7.527315,"Rúa Chantada, S/N",Monforte de Lemos,Lugo,27400,3,50.0,217,N-120,N,False,1792.1679320572505
WG4RUCKGPFTKNCNYRGOY,"Repsol ES, CRED Rocafort",39.54908,-0.425657,"C. Principe Felipe, 3",Rocafort,Valencia/València,46111,3,50.0,126,A-7,A,True,1024.0470534980514
I5FBDLPIZU4QUZLEZKKZ,"Repsol ES, Gasolinera Gomez Y Palomares S.L",40.07415,-2.170837,"Cr N-400, 176,9",Chillarón de Cuenca,Cuenca,16191,3,50.0,758,A-40,A,False,511.7466370921158
HRW1FXCKZX5ZGDWQMZR1,"Repsol ES, CRED La Negrilla",37.368343,-5.935452,"Cr Se-021 P.K. 0,80 D",Alcalá de Guadaíra,Sevilla,41500,3,50.0,827,A-92,A,True,1973.2599428608253
ENVWLACJLWPLEMZU19S0,"Repsol ES, CRED Foz",43.57688,-7.269241,"Av. Viveiro, 92",Foz,Lugo,27787,3,50.0,1281,N-642,N,True,227.2010021368999
JZHQJBVVEDRVBEH4YBGH,"Repsol ES, Futur Calpe S.L.",38.645634,0.050302,"C/ L'esport, 2",Calp,Alicante/Alacant,3710,3,50.0,367,N-332,N,False,1172.7370018354593
PIRQVJZGGQNPKCNLNZYQ,Seur Jaén,37.818386,-3.78111,"C. Beatriz Núñez, 23",Jaén,Jaén,23006,4,11.0,1013,N-323,N,False,801.0608417082157
7HISQ0TPTGGK684QVW1V,"Repsol ES, CRED Tarragona",41.11639,1.228123,"Cr N-340 P.K. 1160,00 I",Tarragona,Tarragona,43006,6,50.0,394,N-340,N,False,19.155457045825298
SCMIDMIAU7NQLNYNLIT7,"Repsol ES, CRED Puente Castro",42.58558,-5.559408,"Av. Del Alcalde Miguel Castaño, 98",León,León,24005,3,50.0,209,N-120,N,False,220.53015083977968
NRA6K2D0E9YYMCJQFFR0,"Repsol ES, Menchero Y Rubio",39.180363,-3.399121,"N-4, 153,3 De",Herencia,Ciudad Real,13640,3,30.0,744,A-4,A,True,76.55176385459654
WTIVU7CJYZGCPHFP7LUO,"Repsol ES, Vec Rios",41.98272,-7.285478,"Autovía De Las Rías Bajas, Pk. 143, Md",Riós,Ourense,32610,3,50.0,800,A-52,A,True,115.88897717905567
VQPJSGN4CSZQOZHDKLBW,"Mercadona, Verín, Ourense",41.94215,-7.434123,"Rúa Rosalía De Castro, 6",Verín,Ourense,32600,2,22.17,492,N-525,N,False,1757.0478845536925
GJ9N8ZOE4WWAQY4BLLFC,"Repsol ES, CRED Estepa",37.302097,-4.880273,"Cr A-92 P.K. 105,20 D",Estepa,Sevilla,41560,3,50.0,828,A-92,A,True,43.55568888108156
UWPKRCWAMUZVF7UG5VWK,"Repsol ES, Area de Servicio Legorreta",43.07888,-2.156183,"Cr N-1, 425",Legorreta,Gipuzkoa,20250,3,50.0,656,A-1,A,True,49.826437591540966
4FRCOZXJP3GK85G8WRLL,"Repsol ES, RAMIRO",41.27575,-4.887979,"Autovía Del Noroeste, P.K. 154,10 D",Medina del Campo,Valladolid,47400,3,50.0,66,A-6,A,True,66.45959763586356
N7WBHADCTDPJXVX0NJXP,"Repsol ES, MIFAMI IV GASOLINERAS S.L.",41.0908,1.094971,Autovia A-7 P.K.1148,Cambrils,Tarragona,43850,3,50.0,137,A-7,A,False,53.706635319553016
VCWG3KTXLX5D4T957VAX,"Repsol ES, Carmen Prieto E Hijos S.C.",38.26148,-5.684881,"C. Estalajes, S.N, I",Azuaga,Badajoz,6920,3,50.0,1154,N-432,N,False,792.4012025040313
6DJE4NNQPFTKR3UPZLV2,"Repsol ES, Campsa-Estaciones de Servicio S.A.",40.105133,-3.64514,"Cr A-4, 36,5 M.Izdo",Seseña,Toledo,45224,3,50.0,741,A-4,A,True,37.92457473781667
QFFYYNCVHHNA7EYTYCIH,"Repsol ES, U.S. Combustibles Setubal",40.38391,-3.724159,"Cl Avenida Abrantes, S.N.",Madrid,Madrid,28025,2,50.0,761,A-42,A,False,503.4519866722653
6HAOKHROJEMJJVGQ6QXM,"Repsol ES, Buenos Aires SA",40.27685,-3.699617,Cl Rio Bembezar-Parcela 13,Getafe,Madrid,28906,2,50.0,741,A-4,A,True,739.3007428455779
6VILCAMKEEDKRPTBCWLZ,"Repsol ES, Gestión De Recursos Energéticos",37.90426,-6.221767,"Cl Marina Española, S.N",Santa Olalla del Cala,Huelva,21260,3,50.0,1240,N-630,N,False,66.53661197596222
HKFD7HAJOB01KNMDSZUQ,"Repsol ES, RED AZUL S.A.",38.01387,-3.383437,"Av. Cristo Rey, S.N.",Úbeda,Jaén,23400,3,50.0,999,N-322,N,False,787.2047698153632
65HWCW9GYW4GITT4XGEB,"Repsol ES, Los Olivos",38.02356,-3.77988,"Cr N-323, 11,9",Jabalquinto,Jaén,23712,3,50.0,1012,N-323,N,False,44.877506530098444
JKMMLPVHLLM50PCUNEP1,"Repsol ES, CRED El Encuentro",38.984783,-3.93451,"Cl Ronda De Alarcos, 21",Ciudad Real,Ciudad Real,13002,3,50.0,1145,N-430C,N,False,21.411837891349556
MYPOYUOF5LTPPLZTAIIS,"Repsol ES, LORENA Y NATALIA",39.53354,-1.600131,Ctra. Madrid Valencia,Minglanilla,Cuenca,16260,3,50.0,11,N-3,N,False,18.882190420954338
5IMIFBVSYHCCI2ZWNIT1,"Repsol ES, ES SALAS DE GESTION DE CARBURANTES",40.379997,-3.596023,"M-203, 0.28, D",Madrid,Madrid,28031,3,50.0,46,A-3,A,True,507.4199749343019
D09KL1KBUCDTTZGGF4VV,"Repsol ES, CRED Siero",43.39399,-5.779967,Autovía A-64 Pk 30,Siero,Asturias,33429,3,50.0,93,A-64,A,True,220.54131762474992
T5Z7MMNGALERCVF72R99,"Repsol ES, CRED ALGARROBO",36.760094,-4.049841,"Carr. De Cadiz, P.K. 277,80 I",Algarrobo,Málaga,29750,3,50.0,642,A-7S,A,True,95.14456038262195
WDEYBVFSG3UXJJLJV7VE,"Repsol ES, Campsa Estaciones de Servicio S.A.",38.234272,-0.55012,"Cr N-332, 93,5",Santa Pola,Alicante/Alacant,3130,3,50.0,1051,N-332,N,False,68.45607975894781
AJ62FXNI06N5CR3IFBZI,"Repsol ES, Indálica Copec S.A.",37.3209,-3.297419,"Cr A-92, 279",Diezma,Granada,18180,3,50.0,831,A-92,A,True,40.63935658003503
MB16ZZCYU4KO7BTQ0DTY,"Repsol ES, CRED CASARRUBUELOS",40.17092,-3.82174,"C. De La Inmaculada, 43",Casarrubuelos,Madrid,28977,6,50.0,761,A-42,A,False,652.5858463556272
V4VNBEUZINFIV3QCMGRA,"Constantia Tobepal, Logroño",42.460464,-2.472893,"Av. De Burgos, 67",Logroño,"Rioja, La",26007,4,7.36,195,N-111,N,False,1455.828848089012
DLEI2LYV78DXJ1VNFSUV,"Repsol ES, M.BELTRAN E HIJOS",40.802696,-0.837117,N-420,Utrillas,Teruel,44760,3,50.0,1111,N-420,N,False,43.73964931028226
E0NL1WTPFDRXOTPSEIC5,"Repsol ES, FOOTWEAR COX",38.147137,-0.889284,"Cl Avenida Del Carmen, 94",Cox,Alicante/Alacant,3350,3,50.0,133,A-7,A,True,1249.2873823183002
SJOS8H8M2862EQ9NOWK5,"Once, Centro logístico",40.37646,-3.634324,"Camino De Hormigueras, N.º 172",Madrid,Madrid,28031,8,22.17,46,A-3,A,True,1815.3460829809433
6PTZKHFYNGRKGSLXHQYW,"Repsol ES,  ASTIGI IBERICA S.L. I",37.526638,-5.085269,"Ctra. Osuna, 0",Écija,Sevilla,41400,3,50.0,747,A-4,A,True,309.33896277034364
GYL3UQEHEVNKN7IPHGVI,"Repsol ES, LEVANTINA DE COMBUST.",38.38627,-0.758594,"Av. Pérez Galdós, 2, D",Novelda,Alicante/Alacant,3660,3,50.0,728,A-31,A,True,1267.692482760433
DDGW2TPTBS7ENETVNPI4,"Repsol ES,  LA TORRE",40.22226,0.201337,"N-340, 1011.5",Torreblanca,Castellón/Castelló,12596,3,50.0,389,N-340,N,True,27.523354564774266
1GD5XKOHEGF8SETQQIKI,"Once, Centro de tiflotecnología",40.376793,-3.633473,"Camino De Hormigueras, N.º 172",Madrid,Madrid,28031,4,22.17,46,A-3,A,True,1760.3976762438053
O0TONXH0DLQ4WIIZTSBA,"Mercadona, Paseo de Colón, Granada",37.229958,-3.655152,"Paseo De Colón, 5",Albolote,Granada,18220,2,22.17,830,A-92,A,True,814.9220363448745
EXZWJOJKCO6KZOYGQ6GK,"Repsol ES, GASOLMILLOS",42.399574,-4.038098,"N-120, 144",Sasamón,Burgos,9123,3,50.0,207,N-120,N,False,32.99390625547695
0LOMCT8REG02BGKLPPGP,"Mercadona, Mariana Pineda, Granada",36.735348,-3.686408,"C/ Mariana Pineda, S/N",Almuñécar,Granada,18690,2,22.17,1062,N-340,N,False,143.1804312717096
AAPMKUPYWIYYGKV4L6WZ,"Repsol ES, Cred Arc De Bara",41.178364,1.488765,"Carrer Hispano Suiza, 33",Roda de Berà,Tarragona,43883,3,50.0,396,N-340,N,False,32.254422143983355
YZGEKDZMZP4M3YDGLJWW,"Mercadona, Av. de Palestina, Cádiz",36.532104,-6.199436,"Av. De Palestina, 1",Puerto Real,Cádiz,11510,2,22.17,846,AP-4,AP,True,293.0067825878081
ZPAMETFGYLTRECGNYF57,"Mercadona, C/ Agustín Rodríguez, Ávila",40.64947,-4.677486,"C/ Agustín Rodriguez Sahagún, 21",Ávila,Ávila,5003,2,22.17,429,N-403,N,False,1787.0896565312034
6UOOUGLBTAAS0OR8ADDX,"Mercadona, Alcalá, Madrid",40.44396,-3.615541,"C. Alcalá, 552",Madrid,Madrid,28022,2,22.17,684,A-2,A,False,630.7754795301239
9TBTNVU2279D9CHXQDXF,"Repsol ES, María de Huerva",41.54003,-0.996078,"Cr N-330, 480,3",María de Huerva,Zaragoza,50430,3,50.0,27,A-23,A,True,605.2031367840005
8I9XCZ0GZISD6M5SWTGD,"Repsol ES, G.R.A. BLANCO ARRABAL",40.95487,-5.674639,"Ctra. Fregeneda, 45",Carbajosa de la Sagrada,Salamanca,37008,3,50.0,1229,N-630,N,False,127.91695518892156
EAFC790EZEI1KHQTUDXW,"Repsol ES, NAVAS. S.L.",41.25931,-3.591229,"Cr A-1, 107,4",Castillejo de Mesleón,Segovia,40593,3,25.0,18,A-1,A,True,224.08768102537186
28BCH08ZSGCTJRCBAGOB,"Repsol ES, ALMURADIEL IZ",38.50673,-3.496652,"Cr N-4, 232, 5",Almuradiel,Ciudad Real,13760,3,50.0,745,A-4,A,True,109.0739528731677
5KI08BKJGCBRSJGS1C8E,Seur Huesca,42.1483,-0.391504,"Rda. De La Industria, 30",Huesca,Huesca,22006,2,11.09,718,A-22,A,False,412.3518623916323
XWSDHNUAP7DUAEO3UMRA,"Repsol, DC - Aldea del Cano",39.286087,-6.320399,"Crtra. N-630, Esquina Callejón Barrero",Aldea del Cano,Cáceres,10163,3,50.0,1236,N-630,N,False,49.63214356353346
Z3TWPG9SYNWS0JJNVEIX,"Repsol ES, ZUERA (SERVIBAYO S.L.)",41.856663,-0.793702,"Av. Zaragoza, 127",Zuera,Zaragoza,50800,3,50.0,356,N-330,N,False,332.4300550443503
SWXGRVDIAXTNVBD27MDA,"Mercadona, Cristóbal Pérez Pastor, Albacete",38.995365,-1.861372,"C/ Cristóbal Pérez Pastor,12",Albacete,Albacete,2004,2,22.17,726,A-31,A,True,1526.6856723558722
SLFLYA3MGEVUASJNPHNS,"Repsol ES, CRED AMOREBIETA",43.2288,-2.753252,"Cr N-634, 93,",Amorebieta-Etxano,Bizkaia,48340,3,50.0,566,N-634,N,False,6.614488424177416
6QWRD9HUELFAPVIG3ZPN,"Repsol ES, GRUPO MAICAS LA PAZ",40.357143,-1.136348,"Cr N-234, Km 123,5 I",Teruel,Teruel,44195,3,50.0,978,N-234,N,False,24.23236584663082
GQTGLA3UFCCSLUUC66MW,"Mercadona, Avda. Valencia, Castellón",39.975,-0.048613,"Avda. Valencia, 75",Castelló de la Plana,Castellón/Castelló,12005,2,22.17,251,N-225,N,False,1242.5606655406737
VENCN6A0GUSZNNXKNXSK,"Mercadona, JESÚS NAZARENO, Sevilla",36.98943,-5.938007,"Avda. Jesús Nazareno, 38","Cabezas de San Juan, Las",Sevilla,41730,2,22.17,844,AP-4,AP,True,455.29128031114305
GMWN83WVJOENF3O3N1MA,"Once, Doctor García Tapia",40.40786,-3.634714,"Avda. Del Doctor García Tapia, N.º 210",Madrid,Madrid,28030,4,7.36,45,A-3,A,False,1476.2552996154247
TEG5ZGGKAY2I7CFXY1AH,"Mercadona, Marquesa de Canillejas, Asturias",43.389446,-5.661968,"C/ Marquesa De Canillejas, 39",Siero,Asturias,33510,2,22.17,579,N-634,N,False,279.4294161706755
VQJBPZICK1SXG7DE1JMG,"Mercadona, MARIA CASARES, A Coruña",42.869385,-8.558265,"Rúa Maria Casares, 5",Santiago de Compostela,"Coruña, A",15706,2,22.17,163,AP-9,AP,True,1337.120323975778
T5GISQFQJM8EZXHJLOIU,"Repsol ES, LES 4 RODES",41.09367,0.647901,"Cr N-420, 467,1",Móra la Nova,Tarragona,43770,3,50.0,1124,N-420A,N,False,209.55021035611801
JJERGOW7FSJJWL1FJOD1,"Repsol ES, CAN JARDI, S.A",41.46682,2.025811,"Cr C-1413, 7,7",Sant Cugat del Vallès,Barcelona,8174,3,50.0,875,AP-7N,AP,True,544.9705185746351
SZAJQ2HV6UVDVSOMMTGA,"Repsol ES, LOS BREZOS",42.34085,-3.766363,"Av. De Valladolid 33 (Cr N-120, 119)",Burgos,Burgos,9001,3,50.0,207,N-120,N,False,3.2852705849634747
DHBMU5F36GWBZNLCZX39,"Repsol ES, CRED RÍOSECO DE TAPIA",42.690834,-5.767766,"At Ap-66, 126 I",Rioseco de Tapia,León,24274,3,50.0,858,AP-66,AP,True,57.10575241366233
QAP1I2CNAWZCATIOIIFG,"Mercadona, Teniente Coronel Noreña, Madrid",40.386135,-3.69083,"C/ Teniente Coronel Noreña, 69",Madrid,Madrid,28045,2,22.17,740,A-4,A,False,449.7378372636513
S9CUQAPYVU3XXQLW3LAW,"Repsol ES, MAYFAL S.L.",43.484028,-5.430796,"C. De Carlos Ciaño Canto, 3",Villaviciosa,Asturias,33300,3,50.0,1255,N-632,N,False,7.798094084713257
A4U6UKFINSQK0FQKDNXT,"Repsol ES, CRED SANTA AGNES",41.585583,2.326694,"Cr C-60 Km. 8,7","Roca del Vallès, La",Barcelona,8430,3,50.0,873,AP-7N,AP,True,1385.6977083831694
BDD5XPGQ9VWCGUNR6BQR,"Repsol ES, E.S. MURRIA HERMANOS",41.0526,-0.152782,"Cr N-232, 134,8",Alcañiz,Teruel,44600,3,50.0,280,N-232A,N,False,23.341063880248942
ERKZG51TUPVRK4XRSUAR,"Repsol ES, O PICATO",42.93182,-7.634305,"N-540, 10,5 Iz",Guntín,Lugo,27210,3,50.0,500,N-540,N,False,23.729772512322107
O2CBVV2TVUHPCPHGLYBW,"Repsol ES, Elepra 2013",43.54616,-5.905303,"C. Sta. Apolonia,44",Avilés,Asturias,33403,3,50.0,1256,N-632,N,False,259.9991926557526
MIN8NCQXLSZ9YPRUXPQP,"Repsol ES, CRED BEJAR II",40.389664,-5.750808,"Cr N-630, 412 D",Béjar,Salamanca,37700,5,180.0,1250,N-630A,N,False,35.105940399199476
WFSOVX5QXC0CKLPQDO36,"Repsol ES, CRED Chucena Norte",37.348347,-6.423251,"Cr A-49, 37",Chucena,Huelva,21891,3,50.0,778,A-49,A,True,69.72722996289656
65STLFBMSJDNWC7BBSYS,"Repsol ES, CRED Chucena Sur",37.34687,-6.423124,"Cr A-49, 37",Chucena,Huelva,21891,3,50.0,778,A-49,A,True,86.59724680856554
XH0OKXHICF2IFH6C8ZF5,"Mercadona, Juan Carlos I, Córdoba",37.665596,-4.722457,"Avda. Juan Carlos I, 42",Fernán-Núñez,Córdoba,14520,2,22.17,1037,N-331,N,False,798.8304908220999
RP8LBPKSMBTVCX2LX8RI,"Mercadona, Xabucu, Asturias",43.56156,-5.972547,"C/ Xabucu, 6",Castrillón,Asturias,33450,2,22.17,1256,N-632,N,False,712.1059735019289
FOPDWWH1AL71VEAK4I9H,"Mercadona, Ctra. Nal. 433, Huelva",37.91684,-6.82365,"Ctra. Nal. 433, Km.115",Cortegana,Huelva,21230,6,22.17,459,N-433,N,True,84.30826529502426
2YNVNCNXAPRK0ZANUDTU,"Mercadona, C/. Joan Fuster, Valencia",38.924553,-0.123451,"C/ Joan Fuster, 7",Oliva,Valencia/València,46780,2,22.17,370,N-332,N,False,179.1751834269488
9W3Q9MCOA1EZXAA61EXG,Seur León,42.53897,-5.57427,Pol. Ind. Onzonilla Nave G11 Calle 3,León,León,24192,2,11.09,1221,N-630,N,False,761.3442705783216
IMQNZBRCE0MXHRALHERW,"Repsol ES, CRED GRANOLLERS",41.594925,2.285438,"Cr B-5002, 15",Granollers,Barcelona,8401,3,50.0,873,AP-7N,AP,True,1516.563204318625
87HUI8HVMZ3PM47EOBNX,"Cocope, Bodegas Pinna Fidelis",41.612,-4.112466,Cam. Llanillos Peñafiel Valladolid,Pedrajas de San Esteban,Valladolid,47300,2,7.36,918,N-122,N,False,768.7933797646497
WZR7ONOD90YYTCS3AWL5,"Repsol ES, CANIVELL LA FLORIDA",43.36556,-5.873323,Cl Cudillero -Esq.C/Catedr.Luis Sel,Oviedo,Asturias,33012,3,50.0,1218,N-630,N,False,1786.4971741853167
SIF7P3KVHANONYECDV98,"Repsol ES, CRED AVDA. TENERIFE",40.56033,-3.620022,"Av. De Tenerife, 18",San Sebastián de los Reyes,Madrid,28703,3,30.0,232,N-1A,N,False,987.3511558876495
3YSS3ZCZFMP1RQI6UFAF,"Repsol, DC - Salorino",39.480495,-7.006085,"Cc-313, 3",Salorino,Cáceres,10570,3,50.0,488,N-521,N,False,55.32585857592187
OTVYNVJGKYBGAJOVEHHM,"Mercadona, Honori García, Castellón",39.991467,-0.064549,"C/ Honori García García, 28",Castelló de la Plana,Castellón/Castelló,12006,2,22.17,881,AP-7N,AP,True,1027.3502260942182
XZTYO3Q6F4RMHLLQOWR5,"Repsol ES, CRED FIGUERAS",42.266582,2.981707,"Av De Roses 14,Cr C-260, 27,5",Figueres,Girona,17484,3,50.0,954,N-2,N,False,553.6275308841795
6WRVRAJCMW9XXUHGGLPI,"Repsol ES, RUYTOL",36.737015,-4.101814,"Av. De Andalucía, 169, D",Vélez-Málaga,Málaga,29740,3,50.0,399,N-340A,N,False,919.0974589345407
E4QKZWKFD2FGOR1WTAL7,"Repsol ES, LA RAMBLA",37.6435,-4.73772,"Autovía De Málaga, Pk 21, 6","Rambla, La",Córdoba,14540,2,150.0,772,A-45,A,True,31.802091655800208
BSXCAS7QCRAJWMICCY5L,"Repsol ES, CRED PUERTOLLANO",38.704845,-4.100161,"Ctra. N-420 Pk.160,500",Puertollano,Ciudad Real,13500,3,50.0,1107,N-420,N,False,21.69252292847473
ZEJS8HRNYQOB8RIU2F2R,"Repsol ES, CRED ROBLEDO 2",43.437935,-5.79856,"Au A-66 P.K. 19,00 I",Llanera,Asturias,33690,3,50.0,95,A-66,A,True,33.69394780344603
9JYTRDAIXFRKPWVUTK3E,"Mercadona, José Jesús García Díaz, Sevilla",37.409023,-5.941963,"C. José Jesús García Díaz, 2",Sevilla,Sevilla,41020,2,22.17,747,A-4,A,True,74.43220934361442
UPAQWH8NVHENMVGUZHTN,"Repsol ES, ASTIGI IBERICA S.L. II",37.54196,-5.073383,"Av. Dr. Fleming, 45",Écija,Sevilla,41400,3,50.0,747,A-4,A,True,1107.3703406091881
EVNAKMD7THKFV0JL1REH,"Mercadona, Juan Bautista Andrade, Pontevedra",42.43967,-8.641998,"Rúa Juan Bautista Andrade, 11",Pontevedra,Pontevedra,36005,2,22.17,511,N-550,N,False,258.293175581358
SODZMOVWGYAVK9Z90HUF,"Repsol ES, CRED CONTRUECES",43.52097,-5.668889,"Esq.C/Castro, Carr. De La Carbonera, Gijon-Sur",Gijón,Asturias,33210,3,50.0,814,A-8,A,True,823.6821217858502
BRXB6DXCXR0EUQQQNOEE,"Mercadona, Anglada, Lleida",42.70354,0.794504,C/ Anglada S/N,Vielha e Mijaran,Lleida,25530,4,7.6,256,N-230,N,True,46.840986651292546
MYGHKSIZRLEGALX5GSI7,"Repsol ES, BAYO LIROLA S.A.",36.956276,-2.127844,"Cr N-340, 487",Lucainena de las Torres,Almería,4114,3,50.0,632,A-7S,A,True,196.46096948496952
ZGRTLCRQMQQSXNPIFR1U,"Repsol ES, E.S. BORAGO DCHO (DOS BARRIOS)",39.87046,-3.477679,"Cr A-4, 72 M.Dcho",Dosbarrios,Toledo,45311,3,50.0,743,A-4,A,True,35.78321050058919
LLZ4DMIH28SEBHGZLRW6,"Repsol ES, Alas",39.48121,-0.459635,"At, Autovía Del Este, 348, D",Quart de Poblet,Valencia/València,46930,3,50.0,52,A-3,A,True,18.741896677075243
94K5RCVPEMTHUXC7CCQH,"Repsol ES, CRED LIAÑO",43.383472,-3.858519,Barrio Santa Barbara 25,Villaescusa,Cantabria,39690,2,150.0,553,N-623,N,False,901.0951840282574
AHMAIA7U3FMBTQ7K7AKQ,"Repsol ES, TERA GASOLINERA SL",41.996254,-6.025719,"Cr N-525, 31,5 D",Camarzana de Tera,Zamora,49332,3,50.0,491,N-525,N,False,17.90278482576808
6Z26CCANMR9QBPDYTKBE,"Repsol, DC - Trujillo",39.45631,-5.883288,C/ San Juan Bautista Salle,Torrequemada,Cáceres,10200,3,24.0,1178,N-5,N,False,464.3444427869187
DMFWWZBIEWWIVRVVV2WP,"Repsol ES, PEIRO BONAFONTE",40.148884,-0.823395,"N-234, Km. 83, I",Sarrión,Teruel,44460,3,50.0,976,N-234,N,False,27.4673489812494
3RARWLKUUEX3KEQTAMON,"Repsol ES, RICAGAS GUMIEL SL",41.780006,-3.695843,"Cr A-1, 171",Aranda de Duero,Burgos,9370,3,50.0,891,N-1,N,False,21.97582330198194
CPCFO7XWRD5CKW9MGVSP,"Repsol ES, Área de servicio Km. 258",38.336933,-3.545228,Ctra. A-4 Km.258,Santa Elena,Jaén,23213,3,50.0,745,A-4,A,True,75.68431808636255
PENZJ8IKYRQ684BKII7C,"Repsol ES, CRED Albacete",39.032806,-1.891447,"Cr A-31, P.K. 69",Albacete,Albacete,2007,7,150.0,725,A-31,A,True,85.67276810019266
WKKRPNVOWSDC8NFRNWNA,"Mercadona, Isla de la Palma, Madrid",40.556664,-3.626848,"C/ Isla De La Palma, 1",San Sebastián de los Reyes,Madrid,28703,2,22.17,232,N-1A,N,False,1572.3740946769074
S3LYU0JPMGBSACA4V5KK,"Repsol ES, CRED PUCHAR",43.39413,-3.459625,"Cr N-634, 173,3",Colindres,Cantabria,39750,3,50.0,152,A-8,A,True,272.2194158467867
QL7RGBQHHWSPHLVH2QCT,"Repsol ES, CRED BERRIOZAR",42.840054,-1.676699,Av.De Gipuzkoa Etorbidea,Ansoáin/Antsoain,Navarra,31013,3,50.0,609,AP-15,AP,True,1048.0228333889784
EQ6B9UCGWF73ADKSEDM7,"Repsol ES, AREA SERVICIO LA RETAMA",43.328358,-4.190896,"Cr  N-634 , P.K. 244,20 M.D.",Cabezón de la Sal,Cantabria,39509,6,50.0,574,N-634,N,False,39.07627963072744
KF70MYUITROYPB5LTFXB,"Repsol ES, CAP DESARROLLO DE INVERSIONES",42.364117,-3.621746,"Cr N-1, 246",Burgos,Burgos,9007,3,40.0,171,N-1,N,False,26.643432253950078
M67KN5ZTUWSAHSYK3ZEJ,CRED SAN JUAN DE DIOS,42.617085,-5.602002,"Cr C-623, 3,4",San Andrés del Rabanedo,León,24191,3,50.0,1220,N-630,N,False,1468.4779281122449
ZNXCNFAREAKPJHZ5IRIC,"Repsol ES, CRED FUENLABRADA II DIR MADRID",40.259354,-3.761557,"Cr A-42, 18,7",Fuenlabrada,Madrid,28947,3,50.0,761,A-42,A,False,33.90953398118948
FB6KJZQ4LNV1EIMBIQWW,"Mercadona, Orihuela, Alicante",38.34438,-0.508457,"Avda. Orihuela, 21",Alicante/Alacant,Alicante/Alacant,3007,2,22.17,730,A-31,A,True,975.2249045393006
BKAQ8W5480Y24J3NZHV0,"Repsol ES, CRED BARRIO CAULINA",36.702198,-6.084673,Cl Barrio Caulina - (Crta Acceso N-4,Jerez de la Frontera,Cádiz,11591,3,40.0,781,A-4R1,A,False,181.54769349837184
MMQIFXEEXO6R3BITLHOD,"Mercadona, Pza. Castelar, Murcia",37.62169,-0.883834,"Pza. Castelar, 8","Unión, La",Murcia,30360,4,22.17,1104,N-345,N,False,1475.6679536156266
ISWTT2BAZQYWTPUVQA4G,"Repsol ES, CRED GUARROMÁN",38.193504,-3.672057,"Cr N-4, 280,5",Guarromán,Jaén,23210,2,50.0,745,A-4,A,True,150.89743796163063
VDAM2KUMNKRPQCS7S7AX,"Repsol ES, FOOTWORK SL",38.25681,-0.747799,"Cr N-340, 714,1",Elche/Elx,Alicante/Alacant,3293,3,50.0,1070,N-340,N,False,49.80353414509732
HAN4QK3BZUW8MXQALCZD,"Mercadona, C/ Ernest Llunch, Tarragona",41.118668,1.270143,"C/ Ernest Lluch, 16",Tarragona,Tarragona,43007,4,7.6,137,A-7,A,False,683.0574571994136
P36UWZVHEVBYQHHEFSIL,"Mercadona, De Igualada, Barcelona",41.350178,1.704178,"C/ De Igualada, 51",Vilafranca del Penedès,Barcelona,8720,2,22.17,396,N-340,N,False,909.2035428714734
VILCHYVYCTTTERFCSJPX,"Mercadona, Constitución, Madrid",40.464634,-3.44586,"Avda. Constitución, 225",Torrejón de Ardoz,Madrid,28850,2,22.17,685,A-2,A,True,274.2422747819466
MRRP4P1MWRCJKG0MQDM7,"Repsol ES, CRED ENTRAMBASAGUAS",43.39003,-3.68275,"A-8, P.K. 195,00 D",Entrambasaguas,Cantabria,39716,3,50.0,152,A-8,A,True,123.1687775182301
UG2OGY54H0K8TBMUGCLJ,"Mercadona, Josep Tarradelles I, Girona",41.982536,2.811099,"Avda. Josep Tarradelles I Joan, 10",Girona,Girona,17001,2,8.0,872,AP-7N,AP,True,1888.4729674402113
XNAZJK9L9JNTZ6YIISMG,"Mercadona, Cardenal Vidal I Barraquer, Tarragona",41.121773,1.239176,"C/ Cardenal Vidal I Barraquer , 3",Tarragona,Tarragona,43005,2,7.6,395,N-340,N,False,491.67077631966845
ZQD8PVDQRIADSCTOQONK,"Repsol ES, ARNAZ PEREZ JOSE LUIS",42.017097,-4.346335,"Cr A-62, 69",Torquemada,Palencia,34230,3,18.0,81,A-62,A,True,139.64938496977996
ZDSID79UOA689DFF9PI9,"Mercadona, Ctra. Bilbao-Galdakao, Bizkaia",43.247917,-2.907697,"Ctra. Bilbao-Galdakao, 8",Bilbao,Bizkaia,48004,2,22.17,566,N-634,N,False,615.4698026095599
N0WDLOR8VLUOS30W0K6Z,"Repsol ES, GESLAMA-PER,S.L.",40.40769,-3.659906,"Cl Avenida Moratalaz, 21",Madrid,Madrid,28030,3,50.0,45,A-3,A,False,221.5682271322508
WVVBEKMQUMXNR7V31KSS,"Repsol ES, CRED EL MONTICO II",43.511272,-5.817303,"Au A-8  P.K. 401,5 I",Carreño,Asturias,33469,3,50.0,816,A-8,A,True,57.834420984176504
P8RJ6RZ2OAXS1WBWSEGS,"Mercadona, Manuel de Falla, Tarragona",41.114655,1.241484,"C/ Manuel De Falla, 3B",Tarragona,Tarragona,43005,2,7.6,1114,N-420,N,False,370.40018465468563
LXOPR8YMGBMFIAETNHH7,"Repsol ES, E.S. NUEVA MAYPA S.L.",40.748188,-3.032742,Cr A-2 P.K. 72 M.I.,Chiloeches,Guadalajara,19190,3,50.0,686,A-2,A,True,171.1003963981648
EEUNTGPPQXVVFKNN9TOJ,"Mercadona, Avda. Castellón, Castellón",39.95455,-0.057837,"Avda. Castellón, 192",Almassora,Castellón/Castelló,12550,4,22.17,251,N-225,N,False,1435.40865522859
KPHEZRMSBGFPJDA07XE4,"Mercadona, Alameda de la Constitución, Murcia",37.67326,-1.696004,"Alameda De La Constitución, 3",Lorca,Murcia,30800,2,22.17,135,A-7,A,True,1010.0377973958759
RIZKRQAHWAUMGCAKXHXO,"Repsol ES, ES CAMPSA-ESTACIONES DE SERVICIO, S.A.",40.9901,-5.687609,"Cr C-300 P.K. 5, 4 D",Doñinos de Ledesma,Salamanca,37185,3,50.0,87,A-62,A,True,456.14602878363746
QM2P2N8J5Y4JN7YMTPCC,"Mercadona, Rúa Corredoira, Lugo",42.527103,-7.522202,"Rúa Corredoira, 72",Monforte de Lemos,Lugo,27418,2,22.17,217,N-120,N,False,1662.9724095340673
V7O4CDS1JYTVCA7XJ1PC,"Repsol ES, Venta del Barrio",41.21446,-0.468551,"Cr N-232, 170,2","Puebla de Híjar, La",Teruel,44510,3,50.0,259,N-232,N,False,30.01245822152832
P5NYIUHPAWXY1O3IVZVZ,"Repsol ES, AREA DE SERVICIO LOS CERRILLOS",39.88855,-5.467399,"Cl Autovia Extremadura, 174",Pedroso de Acim,Cáceres,10335,2,50.0,787,A-5,A,True,100.42165508612092
HHH2JTTFE71P3LCZGN7U,"Repsol ES, Tierras de España S.L.U.",37.90762,-4.607956,"Cr N-4, 384,8",Adamuz,Córdoba,14610,3,50.0,746,A-4,A,True,121.19144463283514
NC6RDGQ5GJLTCPIHHJG1,"Repsol ES, CRED VALS POLIGONO",41.2983,1.258475,"Cr T-200, 2,5",Valls,Tarragona,43800,6,50.0,989,N-240,N,False,286.17112211170115
Q2FVIPP7DLZ77SH4VCJ2,"Repsol ES, CRED RIOSECO II",42.69129,-5.770646,"At Ap-66, 126 M.D.",Rioseco de Tapia,León,24274,3,50.0,858,AP-66,AP,True,40.82316215420906
DHRVEIHCCOVWOIMA8L4D,"Repsol ES, CARBURANTES LA PERDIZ",41.58709,-3.058162,"C. De La Universidad, 33",Burgo de Osma-Ciudad de Osma,Soria,42300,3,50.0,914,N-122,N,False,31.920392432922643
IQSNPHCRSEYXGXGPBTGP,"Mercadona,  Avda Dr Pascual Parrilla Paricio, Murcia",38.00324,-1.135498,"Avda. Dr. Pascual Parrilla Paricio, 10",Murcia,Murcia,30007,4,22.17,723,A-30,A,True,1485.5824460893625
IR6MAPTAL5JLAKOYUDPN,"Repsol ES, MARACENA",37.213154,-3.636796,"Cam. De Albolote, S.N, D",Íllora,Granada,18200,3,50.0,1156,N-432,N,False,1878.5922646246158
NLTLGWJBGIYGS0JCFIEQ,"Repsol ES, ANDRYMAR",37.98478,-4.282966,"Av. Ribera De San Isidro Labrador, I",Villa del Río,Córdoba,14640,3,50.0,746,A-4,A,True,256.2686497946406
VYPWDSDOLSJCR07I4GJD,"Repsol ES, CRED EL CERRO",41.60892,-4.709303,"A-601, P.K. 4,90 D",Valladolid,Valladolid,47012,2,50.0,1189,N-601,N,False,1342.1697995682184
2AUEYIFJGUACHZFOFLKZ,"Repsol ES, CARBURANTES DE NTRA SRA DE PEÑARROYA - MEMBRILLA",38.973827,-3.336978,"Cr N-430, 368 Membrilla",Membrilla,Ciudad Real,13230,2,50.0,1138,N-430,N,False,1309.9912628984546
LDGWV3BRXKPXSSTYPTWU,ONCE DT Toledo,39.88293,-4.032602,"C/ Reino Unido, 10",Toledo,Toledo,45005,4,7.36,761,A-42,A,False,1077.2500992488142
1ST9LXXEE8BAMPXXTFRW,LAG OLEIROS SLU,43.328884,-8.366269,"Ctra. Nacional VI, km. 589,602 Perillo",Oleiros,"Coruña, A",15172,1,42.0,506,N-550,N,False,1675.4613292472857
QD5O8XM4CQRBTOZAIIIR,"Repsol ES, CRED Hernani Dcho",43.279854,-1.982283,"Ap-8 P.K. 22,000 Md",Hernani,Gipuzkoa,20120,5,120.0,1287,AP-8,AP,True,68.44690436088145
MMJMCU3LZ11ELS7HD83W,"Repsol ES, CRED Dueñas Izq",41.91378,-4.510273,"Cr A-62, Km. 88,9 M. Izq",Venta de Baños,Palencia,34208,3,50.0,82,A-62,A,True,67.02210733163678
KYNYVJY3A1EIXK1MP9EH,"Repsol ES, Las Palmeras, S.L",41.382935,2.017342,"Cr B-2002, 2,8",Sant Vicenç dels Horts,Barcelona,8620,3,50.0,700,A-2,A,True,441.85437154548663
GYB2JFK7SRJJPFFM7NVA,"Repsol ES, Fertol",41.697346,-6.342305,"Cr N-122, 516,7 I",Alcañices,Zamora,49500,3,50.0,925,N-122,N,True,4.283860256999248
K4M5PI9EI59YNHFNOTKO,"Repsol, Ayto. Torrelodones. Jesusa Lara",40.57834,-3.952473,"C. Jesusa Lara, 10",Galapagar,Madrid,28250,3,50.0,64,A-6,A,True,508.1254682476471
YXPUJA0HHPFRBEQZOEA6,"Repsol ES, Hermanos Gimenez Ochando C.B.",39.474678,-1.124505,"N-322, 454, 1",Requena,Valencia/València,46357,3,50.0,1006,N-322,N,False,42.05681865869034
VVE7FNPTJ3VAYUDFDKLB,"Repsol ES, Explotacion Carburantes Canido",42.14763,-8.622518,"N-550, 158 De",Mos,Pontevedra,36418,3,50.0,813,A-55,A,True,255.6832861530706
OYZNOW8UO5ZF2EVL4A7I,"Repsol, Central Ciclo Combinado Bahía de Algeciras",36.183987,-5.388704,"Cam. Puente Mayorga Guadarr, 3",San Roque,Cádiz,11313,2,7.36,408,N-351,N,False,950.5105761445199
ZUJKDCU91UKF5Z8YFO76,"Repsol, Ayto. Torrelodones. Calle Real",40.57502,-3.926509,"C. Real, 32",Galapagar,Madrid,28250,3,50.0,64,A-6,A,True,125.87583391305598
QXHUZRV2RPAVII7M0NLY,"Repsol ES, Rosa Maria Folla Fernandez",42.417934,-6.824132,"N-536, 30, 5 D",Puente de Domingo Flórez,León,24380,3,50.0,497,N-536,N,False,10.418481833723755
BRWFRZXUPCTYJRWTV1OY,Alcazaba Vive Lagoon Restaurant,36.41467,-5.2251544,Calle Cortijo Del Beneficiario,Casares,Málaga,29690,2,22.0,617,AP-7S,AP,True,327.37423421959886
LPJYQQUFOF9NM33OCQIA,FAST Corhyund,37.90227,-4.72421,Poligono Industrial Las Quemadas 97,Córdoba,Córdoba,14014,2,60.0,746,A-4,A,True,975.5996234011205
8YI6DDECSZGBM081C2ZU,FAST Carlisto,40.923546,-4.1123247,Carlisto,Segovia,Segovia,40006,2,180.0,857,AP-61,AP,False,315.9224707218109
DXSHHJAEKCMT6B9XTYL3,FAST Golf Valderrama,36.282524,-5.326921,Avenida Los Cortijos S/N,San Roque,Cádiz,11310,6,22.0,5,A-7S,A,True,1191.0316694287894
6H5MGC76P36O7RNZBYXV,FAST Novomóvil Oleiros,43.32192,-8.31828,Rua O Morrazo 9,Oleiros,"Coruña, A",15171,6,180.0,1187,N-6,N,False,70.9560100938032
YFTGIYQPT115I7QPNGG4,Ferrero Tennis Academy,38.667793,-0.9054229,Juan Carlos Ferrero Tennis Academy 44,Cañada,Alicante/Alacant,3409,6,22.0,728,A-31,A,True,1415.872285819849
QIXNVIOVTI4V10EGP79B,FAST Hotel Segovia Sierra de Guadarrama,40.775005,-4.2081513,Calle Río Tajo S/N,"Espinar, El",Segovia,40424,5,30.0,1194,N-603,N,False,79.56526393509637
4XYITSMUIZ32RLW9NJQ4,FAST La Vida Pádel,40.53685,-3.61523,Calle J H-2 7,Alcobendas,Madrid,28108,4,22.0,15,A-1,A,True,240.32804809520275
XCO2D8UNGTRO1WYT5WKB,Flow Pádel Club,39.520065,-0.4648493,Carrer Ciutat De Sevilla 43,Paterna,Valencia/València,46988,1,7.4,127,A-7,A,True,727.5493169470783
EAOKECQEJ61CRRGRMKLI,Hyundai Almerialva,36.891556,-2.4456482,N-340 Km 448,Huércal de Almería,Almería,4230,2,60.0,1078,N-340A,N,False,24.20634247860053
RQ9HYOEY1XX5ARZH2UMZ,Hyundai Guadalete,36.70885,-6.114385,Avenida Tío Pepe 13,Jerez de la Frontera,Cádiz,11407,2,60.0,754,A-4,A,True,843.7409280659652
OMKV96TAQWVCNP7CU7D7,Hyundai Hyupersa,41.629597,-4.7360234,Calle De Pilar Miró 2,Valladolid,Valladolid,47008,2,60.0,1189,N-601,N,False,1564.9759451835894
EEZZ5VSUZZXZ60PY0WVG,Golf Park,40.517986,-3.659475,Avenida De Europa 10,Alcobendas,Madrid,28108,12,22.0,15,A-1,A,True,552.935590633726
FPFPKNXIA5LPQGDO68IK,Ilunion Alcora,37.370434,-6.033199,Carretera Tomares Km 1,San Juan de Aznalfarache,Sevilla,41920,6,22.0,778,A-49,A,True,1240.3632068444472
5ZQZONUGBOQ1IHZB2YJU,Ilunion Badajoz,38.882553,-6.881839,Urbanización Golf Guadiana 161,Badajoz,Badajoz,6009,4,22.0,793,A-5,A,True,479.98221274949253
CQMA5BKUFOFEKRHUQJRC,Ilunion Atrium,40.447998,-3.655426,Calle De Emilio Vargas 3,Madrid,Madrid,28043,6,22.0,684,A-2,A,False,982.2674696048824
443WEDSSD5IKJZKHWLRD,Ilunion Fuengirola,36.55357,-4.613045,Paseo Marítimo Rey De España 87,Fuengirola,Málaga,29640,6,22.0,646,A-7S,A,False,727.3241677431556
LICEGOZBELD2YKU5OER3,Indie Padel,40.38637,-3.624714,Avenida De La Democracia 11,Madrid,Madrid,28031,2,22.0,46,A-3,A,True,532.3852076051186
VNOLEOYYMHGQRUZS0M4D,Mad4Padel,40.46038,-3.80314,Calle La Pedriza 6,Pozuelo de Alarcón,Madrid,28224,3,22.0,63,A-6,A,True,608.5030184130823
0PFUPMSTQ74LBP7PRKVW,RACE,40.623444,-3.6048968,Av. Del Guadalix 3,Colmenar Viejo,Madrid,28707,4,22.0,16,A-1,A,True,1535.7162604333864
8G5SGYHV5R0KZSLBAFO9,Real Golf Club de San Sebastián,43.33771,-1.8269306,Jaitzubia Auzoa 78,Hondarribia,Gipuzkoa,20280,2,7.4,1294,N-638,N,True,1537.193735201396
F0YXQNAKIZSOUWLG2R8P,Sungrow Pamplona,42.816692,-1.7082847,Pol. Arazuri-Orcoyen Parc. 5,Orkoien,Navarra,31160,3,100.0,675,A-15,A,True,581.0050939597002
