segment_id,Carretera,road_prefix,PK_inicio,PK_fin,length_km,imd_total,imd_ligeros,imd_pesados,n_stations,is_tent,max_spacing_km,cod_prov
0,A-7S,A,1042.61,1046.86,5.32281201171875,102470.0,96818.0,5652.0,1.0,True,60,29
1,A-7S,A,1046.86,1047.22,0.45083056640625,35364.8,,,,True,60,29
2,A-7S,A,1047.22,1068.55,22.38995703125,62093.25,58333.5,3759.75,4.0,False,120,29
3,A-7S,A,1068.55,1070.83,2.587326416015625,39802.0,35743.0,4059.0,1.0,True,60,29
4,A-7S,A,1070.83,1091.065,20.452484375,25038.5,23155.0,1883.5,2.0,True,60,
5,A-7S,A,1091.735,1114.64,22.153611328125,54861.25,50468.5,4392.75,4.0,True,60,11
6,A-7S,A,1114.64,1114.644,0.003913169145584107,35364.8,,,,True,60,11
7,A-7S,A,1114.644,1116.69,2.19084765625,67813.0,62711.0,5102.0,1.0,True,60,11
8,A-7S,A,1116.69,1116.82,0.13867440795898436,35364.8,,,,True,60,11
9,A-7S,A,1116.82,1122.6,5.75433251953125,45253.0,43335.0,1918.0,1.0,True,60,11
10,N-3,N,29.3,40.81,12.0063173828125,4061.0,3583.0,478.0,1.0,False,120,28
11,N-3,N,165.386,262.39,99.933375,1374.78125,971.03125,403.75,32.0,False,120,16
12,N-3,N,264.45,275.45,11.1705576171875,8056.25,7232.5,823.75,4.0,False,120,46
13,N-3,N,294.0,306.3,12.48571484375,478.5,430.75,47.75,4.0,False,120,46
14,A-1,A,12.0,12.69,0.6317365112304687,23408.859375,,,,False,120,28
15,A-1,A,12.69,21.05,9.2723662109375,82398.5625,79612.125,2786.4375,16.0,True,60,28
16,A-1,A,21.05,50.12,29.361072265625,63356.833333333336,57580.333333333336,5776.5,12.0,True,60,28
17,A-1,A,50.12,99.29,48.3314296875,23122.0625,19120.0,4002.0625,16.0,True,60,28
18,A-1,A,99.29,157.42,57.65953515625,16850.1875,13246.625,3603.5625,32.0,True,60,40
19,A-1,A,157.42,242.67,86.2464453125,23695.65625,18637.6875,5057.96875,32.0,True,60,09
20,A-1,A,242.67,244.86,1.8361939697265626,23408.859375,,,,True,60,09
21,A-1,A,244.86,247.29,2.54731103515625,11521.75,8879.5,2642.25,4.0,True,60,09
22,A-1,A,247.29,252.8,5.0826103515625,8380.0,5623.75,2756.25,4.0,False,120,09
23,A-23,A,0.2,2.34,2.310360595703125,22326.0,18967.25,3358.75,4.0,True,60,46
24,A-23,A,2.34,117.12,114.5190625,16353.517857142857,12831.30357142857,3522.214285714286,56.0,True,60,12
25,A-23,A,117.12,176.27,59.16262109375,10213.125,6920.875,3292.25,8.0,True,60,44
26,A-23,A,176.27,209.85,33.6176171875,8867.4375,6052.125,2815.3125,16.0,True,60,44
27,A-23,A,209.85,277.01,67.1852734375,12828.375,9959.5,2868.875,24.0,True,60,50
28,A-23,A,277.01,277.6,0.6664176635742187,19014.0,18389.75,624.25,4.0,False,120,50
29,A-23,A,291.3,298.43,7.13774072265625,18935.25,15754.75,3180.5,4.0,True,60,50
30,A-23,A,298.43,362.06,63.12998046875,19066.64285714286,16924.321428571428,2142.3214285714284,28.0,True,60,22
31,A-23,A,362.06,381.375,18.94403125,8993.75,8214.5,779.25,8.0,True,60,22
32,A-23,A,381.375,381.38,0.004020787715911865,11520.75,,,,False,120,22
33,A-23,A,381.38,384.526,2.755139404296875,11520.75,,,,True,60,22
34,A-23,A,384.526,384.53,0.01563569736480713,11520.75,,,,True,60,22
35,A-23,A,384.53,390.0,8.19111376953125,11520.75,,,,True,60,22
36,A-23,A,390.0,394.5,5.0231572265625,8007.0,7187.25,819.75,4.0,True,60,22
37,A-23,A,403.293,406.28,3.07336767578125,7183.5,6221.25,962.25,4.0,True,60,22
38,A-23,A,406.28,406.281,0.0010044301748275758,11520.75,,,,False,120,22
39,A-23,A,413.4,424.07,10.691798828125,7707.5,7095.5,612.0,4.0,True,60,22
40,A-23,A,424.07,424.108,0.022787527084350587,11520.75,,,,False,120,22
41,A-26,A,63.24,63.99,0.8772500610351562,14400.764705882353,,,,False,120,17
42,A-26,A,63.99,83.93,19.995333984375,14400.764705882353,13056.176470588236,1344.5882352941176,17.0,False,120,17
43,A-27,A,0.0,3.81,3.929346435546875,25707.833333333332,22228.333333333332,3479.5,12.0,True,60,43
44,A-27,A,3.81,29.309,25.31344921875,21133.75,18842.25,2291.5,12.0,True,60,43
45,A-3,A,3.8,6.833,2.991106201171875,44162.333333333336,42829.25,1333.0833333333333,12.0,False,120,28
46,A-3,A,6.833,33.17,26.125583984375,65651.55,61118.725,4532.825,40.0,True,60,28
47,A-3,A,33.17,80.42,47.0211484375,31633.25,27198.6875,4434.5625,16.0,True,60,28
48,A-3,A,80.42,84.91,4.57468994140625,28484.25,23749.5,4734.75,4.0,True,60,16
49,A-3,A,84.91,178.06,92.788640625,24078.96875,19464.75,4614.21875,32.0,True,60,16
50,A-3,A,178.06,327.47,148.867625,24586.291666666668,17633.770833333332,6952.520833333333,48.0,True,60,46
51,A-3,A,327.47,340.06,12.5045244140625,62115.5,50136.25,11979.25,12.0,True,60,46
52,A-3,A,340.06,348.26,8.10466943359375,61221.5,49442.25,11779.25,4.0,True,60,46
53,A-3,A,348.26,352.05,3.76862109375,37897.79166666667,,,,False,120,46
54,A-30,A,0.28,111.61,110.227515625,14681.022727272728,11638.75,3042.2727272727275,44.0,True,60,02
55,A-30,A,111.61,135.129,23.4965078125,46830.125,40247.3125,6582.8125,16.0,True,60,30
56,A-30,A,135.129,135.13,0.0008220828175544739,54109.732954545456,,,,False,120,30
57,A-55,A,26.78,31.23,4.72482861328125,21221.75,18672.875,2548.875,8.0,True,60,36
58,A-55,A,31.23,31.406,0.09074537658691406,36506.3125,,,,False,120,36
59,A-56,A,40.3,49.105,8.9974169921875,922.6666666666666,790.3333333333334,132.33333333333334,6.0,False,120,27
60,A-58,A,0.0,45.527,45.56689453125,4945.071428571428,4690.392857142857,254.67857142857142,28.0,False,120,10
61,A-5R,A,0.0,2.68,2.810882568359375,121782.25,116675.5,5106.75,4.0,False,120,28
62,A-6,A,7.5,11.15,3.716494140625,17205.75,,,,False,120,28
63,A-6,A,11.15,22.09,11.1392802734375,66503.95,63619.95,2884.0,20.0,True,60,28
64,A-6,A,22.09,39.56,17.788310546875,57399.9375,51291.0625,6108.875,16.0,True,60,28
65,A-6,A,110.5,110.57,0.05243044662475586,17205.75,,,,False,120,05
66,A-6,A,110.57,181.75,73.2580390625,19871.725,16170.55,3701.175,40.0,True,60,47
67,A-6,A,181.75,181.78,0.03821421051025391,17205.75,,,,True,60,47
68,A-6,A,181.78,183.92,2.669201904296875,17205.75,,,,True,60,47
69,A-6,A,183.92,255.2,71.70871875,16907.1,13328.05,3579.05,20.0,True,60,47
70,A-6,A,255.2,257.52,2.140528564453125,17205.75,13576.75,3629.0,4.0,True,60,49
71,A-6,A,257.52,268.34,11.163201171875,20716.166666666668,15089.916666666666,5626.25,12.0,True,60,49
72,A-6,A,268.34,323.62,54.98529296875,7338.464285714285,5465.964285714285,1872.5,28.0,True,60,24
73,A-6,A,323.62,388.19,64.77646484375,13365.4,10511.85,2853.55,20.0,True,60,24
74,A-6,A,388.19,488.51,100.492390625,9270.805555555555,6857.305555555556,2413.5,36.0,True,60,27
75,A-6,A,488.51,523.01,34.657640625,18134.5,15107.833333333334,3026.6666666666665,24.0,True,60,27
76,A-6,A,523.01,570.29,47.54838671875,17182.214285714286,14239.57142857143,2942.6428571428573,28.0,True,60,15
77,A-6,A,570.29,586.17,15.87676171875,17997.5,16045.5,1952.0,8.0,True,60,15
78,A-6,A,586.17,593.0,7.00185595703125,12487.5,11217.5,1270.0,4.0,False,120,15
79,A-60,A,0.0,15.57,15.2130498046875,9084.0,8080.25,1003.75,8.0,False,120,47
80,A-60,A,103.38,131.74,27.004623046875,10717.5,9377.0,1340.5,12.0,False,120,24
81,A-62,A,7.6,87.81,80.677390625,13926.395833333334,8987.9375,4938.458333333333,48.0,True,60,09
82,A-62,A,87.81,118.3,30.6676953125,28764.6,22532.95,6231.65,20.0,True,60,47
83,A-62,A,118.3,125.09,6.8295625,27673.25,22420.25,5253.0,8.0,True,60,47
84,A-62,A,125.09,151.98,27.0466875,39567.4375,33098.5,6468.9375,16.0,True,60,47
85,A-62,A,153.36,155.28,1.9296767578125,19825.25,13872.75,5952.5,4.0,True,60,47
86,A-62,A,155.28,238.7,83.838578125,13113.272727272728,9187.977272727272,3925.2954545454545,44.0,True,60,49
87,A-62,A,238.7,243.95,5.276296875,26745.25,20929.5,5815.75,4.0,True,60,37
88,A-62,A,243.95,352.166,108.7586875,8017.0,5273.795454545455,2743.2045454545455,44.0,True,60,37
89,A-62,A,352.166,352.17,0.003999267578125,19825.25,,,,False,120,37
90,A-62,A,352.17,355.346,3.192255126953125,5353.0,2790.0,2563.0,1.0,True,60,37
91,A-63,A,0.34,30.65,30.408619140625,12148.875,11415.833333333334,733.0416666666666,24.0,False,120,33
92,A-63R,A,0.0,2.8,2.33743310546875,5740.9375,,,,False,120,33
93,A-64,A,0.0,31.85,32.297521484375,25337.5,23637.875,1699.625,16.0,True,60,33
94,A-65,A,0.23,11.38,10.7217568359375,7984.0,6646.916666666667,1337.0833333333333,12.0,True,60,34
95,A-66,A,11.24,24.07,12.587216796875,52440.5,48611.75,3828.75,4.0,True,60,33
96,A-66,A,24.07,32.28,8.364625,43787.25,40390.416666666664,3396.8333333333335,12.0,True,60,33
97,A-66,A,32.28,46.83,14.578580078125,25299.666666666668,23050.916666666668,2248.75,12.0,True,60,33
98,A-66,A,46.83,65.08,18.1367265625,18215.0,16143.833333333334,2071.1666666666665,12.0,True,60,33
99,A-66,A,65.08,65.1,0.018184913635253906,13543.339583333334,,,,False,120,33
100,A-66,A,143.1,152.4,9.197583984375,10966.5,9314.875,1651.625,8.0,True,60,24
101,A-66,A,152.4,205.61,53.26650390625,11197.875,9356.75,1841.125,16.0,True,60,24
102,A-66,A,205.61,207.41,1.697255859375,13543.339583333334,,,,True,60,49
103,A-66,A,216.5,267.3,51.22741015625,6660.6875,5457.125,1203.5625,16.0,True,60,49
104,A-66,A,267.3,276.1,8.7889072265625,7160.25,6190.0,970.25,8.0,True,60,49
105,A-66,A,276.1,336.5,62.704640625,7929.71875,6790.65625,1139.0625,32.0,True,60,49
106,A-66,A,339.85,343.07,3.36603076171875,21576.75,17572.75,4004.0,4.0,True,60,37
107,A-66,A,343.07,478.66,129.5529609375,11010.085714285715,8619.171428571428,2390.9142857142856,70.0,True,60,37
108,A-66,A,478.66,551.65,69.6688125,12287.325,9696.9,2590.425,40.0,True,60,10
109,A-66,A,551.65,617.787,65.467046875,11468.40625,9116.03125,2352.375,32.0,True,60,10
110,A-66,A,625.09,684.29,59.7428671875,16720.6875,13077.0625,3643.625,48.0,True,60,06
111,A-66,A,684.29,772.6,83.21765625,14799.354166666666,11438.9375,3360.4166666666665,48.0,True,60,06
112,A-66,A,772.6,809.74,37.76043359375,27837.8,24138.25,3699.55,20.0,True,60,41
113,A-67,A,0.0,8.39,8.34201171875,17076.0,15148.25,1927.75,12.0,True,60,34
114,A-67,A,8.39,103.49,95.1683671875,7365.6875,6447.166666666667,918.5208333333334,48.0,False,120,34
115,A-67,A,103.49,181.81,78.1572109375,18234.729166666668,15870.166666666666,2364.5625,48.0,True,60,39
116,A-67,A,182.61,205.23,22.146171875,52646.85,49296.4,3350.45,20.0,True,60,39
117,A-67,A,205.23,205.233,0.0010983446836471558,17655.364583333336,,,,False,120,39
118,A-68,A,84.1,116.54,32.402779296875,26040.75,,,,False,120,31
119,A-68,A,223.82,233.17,9.25015625,19587.625,17382.125,2205.5,8.0,False,120,50
120,A-68,A,233.17,234.38,1.282176025390625,26040.75,24610.5,1430.25,4.0,False,120,50
121,A-68,A,243.2,246.18,3.169131591796875,47906.0,40272.0,7634.0,1.0,False,120,50
122,A-68,A,246.18,255.1,8.9338779296875,31823.5,24986.5,6837.0,4.0,False,120,50
123,A-68,A,255.1,269.13,14.0518564453125,25790.2,18637.3,7152.9,10.0,False,120,50
124,A-7,A,274.01,298.19,24.25207421875,32682.65,25958.35,6724.3,20.0,False,120,12
125,A-7,A,306.7,306.72,0.037400657653808594,43249.91666666667,,,,False,120,46
126,A-7,A,306.72,324.07,17.584904296875,83265.41666666667,61668.916666666664,21596.5,12.0,True,60,46
127,A-7,A,324.07,336.05,11.7076279296875,67142.0,48879.0,18263.0,4.0,True,60,46
128,A-7,A,336.05,353.47,17.505119140625,74727.0,55309.75,19417.25,4.0,True,60,46
129,A-7,A,353.47,398.23,44.12945703125,60115.818181818184,46679.59090909091,13436.227272727272,22.0,True,60,46
130,A-7,A,398.23,492.0,92.3009921875,19914.925,17598.3,2316.625,40.0,False,120,03
131,A-7,A,505.99,507.54,1.636701171875,43249.91666666667,,,,False,120,03
132,A-7,A,507.54,513.53,5.9212041015625,2451.0,2297.0,154.0,4.0,True,60,03
133,A-7,A,513.53,552.97,39.3958203125,52912.5,43986.625,8925.875,16.0,True,60,03
134,A-7,A,552.97,567.329,14.499140625,48182.0,38806.583333333336,9375.416666666666,12.0,True,60,30
135,A-7,A,570.0,651.64,83.7921640625,38317.833333333336,31053.9375,7263.895833333333,48.0,True,60,30
136,A-7,A,651.64,662.89,10.8941337890625,14360.5,10832.625,3527.875,8.0,True,60,30
137,A-7,A,1122.16,1171.25,53.49297265625,32390.975,28712.05,3678.925,40.0,False,120,43
138,A-70,A,0.0,17.49,17.89973828125,75561.19277108433,70867.8795180723,4693.313253012048,83.0,True,60,03
139,A-70,A,17.49,22.33,4.953470703125,68688.75,62884.25,5804.5,4.0,True,60,03
140,A-70,A,22.33,31.4,9.2824970703125,55379.0,50644.0,4735.0,4.0,True,60,03
141,A-73,A,0.0,10.055,9.9518994140625,5178.0,4295.0,883.0,4.0,True,60,09
142,A-73,A,10.055,10.42,0.3244554748535156,5178.0,,,,False,120,09
143,A-73R,A,0.0,0.455,0.5280252075195313,3124.0,2112.5,1011.5,4.0,False,120,09
144,A-75,A,0.0,12.72,12.754431640625,3455.625,2672.625,783.0,8.0,True,60,32
145,A-75,A,12.72,12.722,0.0017716336250305177,3455.625,,,,True,60,
146,A-77,A,0.0,7.37,7.2349716796875,19208.0,17842.5,1365.5,4.0,False,120,03
147,A-77A,A,0.0,4.07,3.6365458984375,34006.25,32914.5,1091.75,4.0,False,120,03
148,A-79,A,0.0,6.0,6.572265625,9915.0,9226.75,688.25,4.0,False,120,03
149,A-8,A,106.04,115.09,8.8744453125,19712.4375,,,,True,60,48
150,A-8,A,115.09,115.425,0.310095458984375,19712.4375,,,,False,120,48
151,A-8,A,129.5,139.27,9.209908203125,19712.4375,,,,True,60,48
152,A-8,A,139.35,199.5,59.98544140625,36589.03125,31955.8125,4633.21875,32.0,True,60,39
153,A-8,A,199.5,229.26,30.457134765625,20879.9,17868.8,3011.1,20.0,True,60,39
154,A-8,A,229.26,230.07,1.0172723388671876,43017.5,37793.5,5224.0,4.0,True,60,39
155,A-8,A,230.07,273.55,43.00023828125,27924.15,25230.0,2694.15,20.0,True,60,39
156,A-8,A,273.55,294.4,20.94788671875,11662.375,9929.3125,1733.0625,16.0,True,60,33
157,A-8,A,294.4,360.13,65.724734375,15577.805555555555,13424.694444444445,2153.1111111111113,36.0,True,60,33
158,A-8,A,360.13,379.36,18.912595703125,20668.875,19092.5,1576.375,8.0,True,60,33
159,AP-7R,AP,799.79,802.11,2.117697509765625,28815.333333333332,27452.0,1363.3333333333333,3.0,False,120,30
160,AP-9,AP,2.63,13.78,11.162439453125,29918.25,28203.916666666668,1714.3333333333333,12.0,True,60,15
161,AP-9,AP,13.78,15.82,2.0422757568359375,22177.75,20202.75,1975.0,4.0,True,60,15
162,AP-9,AP,15.82,67.27,51.50725390625,16090.0,14653.166666666666,1436.8333333333333,12.0,True,60,15
163,AP-9,AP,67.27,132.45,65.25265234375,26663.75,23625.75,3038.0,32.0,True,60,36
164,AP-9,AP,132.45,159.81,27.3904921875,42466.958333333336,38625.416666666664,3841.5416666666665,24.0,True,60,
165,AP-9,AP,159.81,162.136,2.328515380859375,21969.25,20023.5,1945.75,4.0,True,60,36
166,AP-9,AP,162.136,177.86,15.741556640625,6317.125,5670.25,646.875,8.0,False,120,36
167,AP-9F,AP,0.0,36.19,36.20519140625,19375.5,18040.3125,1335.1875,32.0,True,60,15
168,AP-9V,AP,0.2,5.02,4.68233544921875,51292.5,48741.25,2551.25,8.0,False,120,36
169,N-1,N,199.69,202.8,3.8854140625,4282.0,3285.75,996.25,4.0,False,120,09
170,N-1,N,230.0,230.4,0.40038104248046874,2513.0,,,,False,120,09
171,N-1,N,244.0,246.78,3.093501953125,2513.0,,,,False,120,09
172,N-1,N,246.78,248.87,2.056424072265625,2513.0,1731.0,782.0,4.0,False,120,09
173,N-1,N,249.5,321.45,71.6010625,3256.9285714285716,2485.964285714286,770.9642857142857,28.0,False,120,09
174,N-1,N,329.4,331.22,1.8425579833984376,2513.0,,,,False,120,09
175,N-1,N,331.22,334.62,3.472529541015625,498.0,337.75,160.25,4.0,False,120,09
176,N-1,N,334.62,336.2,1.5472586669921875,2513.0,,,,False,120,09
177,N-110,N,66.82,90.205,22.8813125,1339.375,1147.875,191.5,8.0,False,120,42
178,N-110,N,90.205,90.21,0.004893952369689941,3523.316964285714,,,,False,120,42
179,N-110,N,90.21,128.98,37.8539609375,1988.5833333333333,1803.5,185.08333333333334,24.0,False,120,40
180,N-110,N,134.55,187.555,52.59285546875,3189.0625,2949.28125,239.78125,32.0,False,120,40
181,N-110,N,193.145,197.18,4.11115966796875,5853.75,5415.0,438.75,4.0,False,120,40
182,N-110,N,197.64,249.59,51.64276171875,3857.5714285714284,3381.5,476.07142857142856,28.0,False,120,40
183,N-110,N,258.65,404.615,144.57571875,4024.6428571428573,3816.1071428571427,208.53571428571428,56.0,False,120,05
184,N-110A,N,95.88,99.37,4.955947265625,1261.75,1136.75,125.0,4.0,False,120,40
185,N-110A,N,138.84,140.22,1.547527099609375,41.0,38.0,3.0,4.0,False,120,40
186,N-110A,N,153.02,154.53,1.5315350341796874,159.5,151.5,8.0,4.0,False,120,40
187,N-110A,N,205.08,206.366,1.39512451171875,147.5,127.5,20.0,4.0,False,120,40
188,N-110A,N,212.99,214.165,1.1863839111328125,9.5,9.25,0.25,4.0,False,120,40
189,N-110A,N,257.12,258.2,1.61374072265625,147.5,,,,False,120,05
190,N-111,N,79.7,84.61,4.8315888671875,4412.442307692308,,,,False,120,31
191,N-111,N,151.18,190.045,38.5884140625,322.8333333333333,280.4166666666667,42.416666666666664,12.0,False,120,42
192,N-111,N,210.0,221.9,12.7927724609375,243.375,223.875,19.5,8.0,False,120,42
193,N-111,N,222.42,225.065,2.898229248046875,6734.25,6133.125,601.125,8.0,False,120,42
194,N-111,N,226.33,322.966,96.147578125,4412.442307692308,3985.5,426.9423076923077,52.0,False,120,26
195,N-111,N,322.966,324.112,1.140230224609375,22094.75,21097.0,997.75,4.0,False,120,26
196,N-111A,N,260.275,271.06,10.7633505859375,27.0,23.25,3.75,4.0,False,120,42
197,N-111R,N,193.65,194.585,1.347956787109375,199.25,173.0,26.25,4.0,False,120,42
198,N-113,N,51.72,68.31,16.587392578125,5227.625,3858.125,1369.5,8.0,True,60,42
199,N-113,N,72.57,74.0,1.499635498046875,4300.75,,,,False,120,31
200,N-113,N,74.0,78.84,4.74687060546875,4300.75,,,,True,60,31
201,N-113,N,78.84,82.34,3.4979150390625,3373.875,1839.625,1534.25,8.0,True,60,26
202,N-113,N,82.34,101.37,18.76801171875,4300.75,,,,True,60,31
203,N-120,N,8.0,9.3,1.9832606201171874,2532.0,2264.75,267.25,4.0,False,120,26
204,N-120,N,16.266,43.44,27.961087890625,1768.8,1615.05,153.75,20.0,False,120,26
205,N-120,N,45.883,106.88,60.0671171875,4703.75,3175.3,1528.45,20.0,False,120,09
206,N-120,N,106.88,107.7,0.8075451049804687,4754.275,,,,False,120,09
207,N-120,N,117.3,172.3,55.484109375,1965.2142857142858,1746.7857142857142,218.42857142857142,28.0,False,120,09
208,N-120,N,174.61,264.72,90.1682890625,376.75,338.2083333333333,38.541666666666664,24.0,False,120,34
209,N-120,N,302.445,302.725,0.8124131469726562,4754.275,,,,False,120,24
210,N-120,N,305.21,307.67,2.460872802734375,4754.275,,,,True,60,24
211,N-120,N,307.67,311.47,3.802884521484375,12319.5,11828.0,491.5,4.0,True,60,24
212,N-120,N,311.47,312.68,1.1892943115234376,8672.25,8163.25,509.0,4.0,True,60,24
213,N-120,N,312.68,313.19,0.5033509216308594,4754.275,,,,True,60,24
214,N-120,N,313.19,347.1,34.17252734375,9829.9375,8558.8125,1271.125,16.0,False,120,24
215,N-120,N,426.0,500.67,74.3466640625,4804.8,4145.0,659.8,20.0,False,120,32
216,N-120,N,500.67,502.82,2.20559765625,4754.275,,,,False,120,27
217,N-120,N,502.82,567.0,62.6248515625,5051.75,4422.821428571428,628.9285714285714,28.0,False,120,27
218,N-120,N,567.0,568.06,1.1029691162109374,4754.275,,,,False,120,32
219,N-120,N,568.75,569.3,0.5570244140625,6218.75,5652.25,566.5,4.0,False,120,32
220,N-120,N,569.3,569.67,0.3593700866699219,4754.275,,,,False,120,32
221,N-125,N,3.95,8.56,4.61203125,8748.25,8076.5,671.75,4.0,True,60,50
222,N-125,N,8.56,10.08,1.520674560546875,8748.25,,,,True,60,50
223,N-126,N,0.0,2.2,1.719106201171875,6616.5,5594.5,1022.0,4.0,False,120,26
224,N-141,N,0.0,8.35,8.2955078125,419.75,410.25,9.5,4.0,False,120,25
225,N-145,N,0.5,9.7,9.1598134765625,13888.57142857143,13254.285714285714,634.2857142857143,7.0,False,120,25
226,N-152,N,0.0,1.74,1.742572509765625,7859.75,7777.125,82.625,8.0,True,60,17
227,N-154,N,0.0,1.48,1.4635465087890625,7164.25,6726.75,437.5,4.0,False,120,17
228,N-154,N,3.2,7.86,4.65664892578125,6762.75,6604.5,158.25,4.0,False,120,17
229,N-155,N,0.05,0.565,0.5685567626953125,1952.5,1861.5,91.0,4.0,False,120,17
230,N-156,N,0.0,0.53,0.5299515380859375,7462.0,6202.25,1259.75,4.0,False,120,17
231,N-156,N,0.53,1.58,1.0523287353515625,5060.75,4179.75,881.0,4.0,False,120,17
232,N-1A,N,18.9,20.0,1.1157965087890624,12290.0,11874.75,415.25,4.0,False,120,28
233,N-1A,N,22.68,23.0,0.42210958862304687,15031.0,14530.5,500.5,4.0,False,120,28
234,N-1A,N,55.05,57.55,2.6125771484375,4566.25,4415.25,151.0,4.0,False,120,28
235,N-1A,N,72.0,77.5,5.44273486328125,3035.0,2931.25,103.75,4.0,False,120,28
236,N-1A,N,90.9,93.4,1.9096358642578124,3481.625,,,,False,120,28
237,N-1A,N,98.7,100.0,1.40176953125,473.25,456.5,16.75,4.0,False,120,40
238,N-1A,N,101.2,103.7,2.478205810546875,3481.625,,,,False,120,40
239,N-1A,N,109.2,110.5,1.277353759765625,235.0,201.0,34.0,4.0,False,120,40
240,N-1A,N,136.67,137.3,0.6323081665039062,3481.625,,,,False,120,40
241,N-1A,N,155.25,157.25,2.248974609375,3928.25,3141.5,786.75,4.0,False,120,09
242,N-1A,N,158.14,160.16,2.381689208984375,5264.0,4541.333333333333,722.6666666666666,3.0,False,120,09
243,N-211A,N,180.15,185.57,5.6124736328125,131.25,117.0,14.25,4.0,False,120,44
244,N-211A,N,243.6,245.4,1.7263199462890626,131.25,,,,False,120,44
245,N-220,N,0.0,2.05,2.0344532470703127,36286.25,33798.5,2487.75,4.0,False,120,46
246,N-223,N,0.0,1.03,1.0463436279296876,4187.75,3991.75,196.0,4.0,False,120,44
247,N-223,N,1.03,2.06,1.11464697265625,11402.5,11080.75,321.75,4.0,False,120,44
248,N-223,N,2.06,2.37,0.387302978515625,7795.125,,,,False,120,44
249,N-225,N,0.0,16.0,15.1883349609375,5383.625,4392.25,991.375,8.0,False,120,46
250,N-225,N,19.0,23.36,4.160353515625,7333.75,6568.5,765.25,4.0,False,120,12
251,N-225,N,42.7,43.6,0.8128204345703125,6615.75,5377.75,1238.0,4.0,False,120,12
252,N-225,N,47.92,51.49,3.5724169921875,3637.5,3468.5,169.0,4.0,False,120,12
253,N-225A,N,5.002,10.95,6.22325439453125,70.25,67.25,3.0,4.0,False,120,46
254,N-230,N,6.635,6.76,0.12367517852783202,3689.6332417582416,,,,False,120,25
255,N-230,N,6.76,122.39,114.4248671875,3923.980769230769,3459.2115384615386,464.7692307692308,52.0,True,60,22
256,N-230,N,122.39,187.09,64.02562109375,3455.285714285714,2979.3214285714284,475.9642857142857,28.0,True,60,25
257,N-232,N,0.0,0.38,0.3575226135253906,4619.749125874126,,,,False,120,12
258,N-232,N,0.38,77.4,72.464609375,3966.0454545454545,3415.909090909091,550.1363636363636,22.0,False,120,12
259,N-232,N,89.75,223.82,133.743015625,4761.134615384615,4128.807692307692,632.3269230769231,52.0,False,120,44
260,N-232,N,242.6,251.96,9.459,15689.142857142857,15033.857142857143,655.2857142857143,7.0,False,120,50
261,N-232,N,293.6,296.78,3.313265869140625,4619.749125874126,,,,False,120,50
262,N-232,N,329.6,330.875,1.246544921875,4619.749125874126,,,,False,120,31
263,N-232,N,330.875,399.585,68.7138203125,7426.275,6594.475,831.8,40.0,False,120,26
264,N-232,N,417.925,473.4,55.91087890625,4478.363636363636,3969.068181818182,509.29545454545456,44.0,False,120,26
265,N-232,N,480.7,569.72,86.573796875,1319.0645161290322,1184.1290322580646,134.93548387096774,31.0,False,120,09
266,N-232A,N,30.85,31.325,0.523946533203125,183.5,,,,False,120,12
267,N-232A,N,31.63,31.785,0.17424932861328124,183.5,,,,False,120,12
268,N-232A,N,31.905,33.25,1.065023681640625,77.0,64.0,13.0,4.0,False,120,12
269,N-232A,N,34.57,35.69,1.114805908203125,8.0,7.5,0.5,4.0,False,120,12
270,N-232A,N,35.71,35.97,0.26263742065429685,183.5,,,,False,120,12
271,N-232A,N,36.015,37.835,1.8101278076171874,290.0,274.5,15.5,2.0,False,120,12
272,N-232A,N,37.88,38.86,1.0046284790039062,183.5,,,,False,120,12
273,N-232A,N,39.135,39.3,0.17017694091796876,6.5,6.0,0.5,2.0,False,120,12
274,N-232A,N,39.36,40.37,0.8065134887695312,183.5,,,,False,120,12
275,N-232A,N,71.562,74.284,2.986790771484375,67.5,59.75,7.75,4.0,False,120,12
276,N-232A,N,77.085,79.0,1.4743084716796875,183.5,,,,False,120,12
277,N-232A,N,79.12,84.0,3.45303662109375,17.5,15.0,2.5,4.0,False,120,12
278,N-232A,N,92.069,96.4,3.885138427734375,569.5,520.75,48.75,4.0,False,120,44
279,N-232A,N,100.05,100.865,0.93746142578125,183.5,,,,False,120,44
280,N-232A,N,131.74,136.5,5.4694423828125,4713.25,4313.5,399.75,4.0,False,120,44
281,N-232A,N,208.8,212.9,5.084783203125,2255.5,1926.75,328.75,4.0,False,120,50
282,N-232A,N,217.4,219.0,1.542498291015625,183.5,,,,False,120,50
283,N-232A,N,375.3,377.9,2.658904541015625,589.0,518.25,70.75,4.0,False,120,26
284,N-240,N,130.9,141.3,11.196671875,2176.625,1756.5,420.125,8.0,False,120,22
285,N-240,N,145.0,198.44,54.17883984375,3616.25,3375.59375,240.65625,32.0,False,120,22
286,N-240,N,198.44,205.413,7.53345703125,12070.0,10574.25,1495.75,4.0,True,60,22
287,N-240,N,283.48,340.65,57.31706640625,1574.857142857143,1450.3214285714287,124.53571428571429,28.0,False,120,22
288,N-240,N,480.79,493.79,12.2801484375,5838.25,,,,False,120,01
289,N-240,N,493.79,528.48,33.2141484375,5838.25,,,,False,120,48
290,N-240A,N,196.5,198.05,1.9389134521484375,83.5,76.0,7.5,4.0,False,120,22
291,N-240A,N,205.275,206.6,1.2530078125,6878.0,6188.0,690.0,4.0,False,120,22
292,N-240R,N,286.741,287.761,1.0335159912109375,5740.9375,,,,False,120,22
293,N-240R,N,292.27,292.638,0.6753843383789062,5740.9375,,,,False,120,22
294,N-240R,N,317.0,317.75,0.61663525390625,5740.9375,,,,False,120,50
295,N-240R,N,329.52,331.59,2.253018310546875,5740.9375,,,,False,120,50
296,N-240R,N,336.75,337.65,1.2946304931640624,5740.9375,,,,False,120,50
297,N-260,N,0.0,36.2,33.1551796875,6935.55,6694.6,240.95,20.0,False,120,17
298,N-260,N,37.55,62.6,23.251236328125,7898.5625,7425.3125,473.25,16.0,False,120,17
299,N-260,N,64.3,67.55,3.326230712890625,343.25,311.75,31.5,4.0,False,120,17
300,N-260,N,83.93,114.0,29.722732421875,7274.0,6795.0,479.0,16.0,False,120,17
301,N-260,N,117.35,179.53,62.04913671875,4845.833333333333,4620.875,224.95833333333334,24.0,False,120,17
302,N-260,N,179.53,194.46,14.0434375,5710.5,5405.375,305.125,8.0,True,60,17
303,N-260,N,194.46,226.5,31.61753515625,5221.066666666667,4847.466666666666,373.6,15.0,False,120,25
304,N-260,N,227.8,347.23,115.86634375,3515.3571428571427,3307.6071428571427,207.75,28.0,False,120,25
305,N-260,N,354.3,487.286,128.6489765625,1882.638888888889,1761.138888888889,121.5,36.0,False,120,22
306,N-260A,N,3.88,8.57,4.72138720703125,33.5,31.75,1.75,4.0,False,120,17
307,N-260A,N,51.251,52.628,1.64389599609375,67.75,40.0,27.75,4.0,False,120,17
308,N-260A,N,53.15,56.855,3.592911376953125,87.5,51.75,35.75,4.0,False,120,17
309,N-260A,N,83.93,84.2,0.306349365234375,77.625,,,,False,120,17
310,N-260A,N,464.0,517.51,52.59409375,2401.8125,2346.125,55.6875,16.0,False,120,22
311,N-260R,N,0.0,1.428,1.981527587890625,3011.0,2911.5,99.5,4.0,True,60,25
312,N-2A,N,0.0,9.64,9.7820048828125,13555.666666666666,12964.666666666666,591.0,12.0,False,120,17
313,N-2A,N,223.31,227.11,3.59554541015625,11611.958333333332,,,,False,120,50
314,N-2A,N,326.18,326.35,0.16935870361328126,20478.75,18785.25,1693.5,4.0,False,120,50
315,N-2A,N,407.97,411.21,3.5381708984375,11611.958333333332,,,,False,120,22
316,N-2A,N,427.775,430.41,2.935049072265625,38.0,35.5,2.5,4.0,False,120,22
317,N-2A,N,718.36,725.16,6.8071142578125,9668.25,8838.625,829.625,8.0,False,120,17
318,N-2R,N,204.22,205.03,1.401127197265625,584.5,543.25,41.25,4.0,False,120,50
319,N-2R,N,211.14,212.0,0.9467555541992188,555.0,519.25,35.75,4.0,False,120,50
320,N-2R,N,219.5,220.6,0.92137060546875,555.0,,,,False,120,50
321,N-2R,N,226.64,227.84,1.164710205078125,485.5,453.0,32.5,4.0,False,120,50
322,N-301,N,65.0,210.92,149.837125,3338.7291666666665,2137.0416666666665,1201.6875,48.0,False,120,16
323,N-301,N,256.75,274.972,17.528701171875,994.125,887.875,106.25,8.0,False,120,02
324,N-301,N,277.209,300.712,23.3665546875,222.25,202.0,20.25,4.0,False,120,02
325,N-301,N,303.117,327.78,24.463486328125,3414.75,3221.75,193.0,8.0,False,120,02
326,N-301,N,328.3,349.9,22.050296875,679.0,641.1666666666666,37.833333333333336,12.0,False,120,30
327,N-301,N,355.57,360.27,3.6806171875,994.125,,,,False,120,30
328,N-301,N,361.115,372.98,12.809822265625,967.75,794.0,173.75,4.0,False,120,30
329,N-301,N,426.0,428.0,1.86230224609375,1573.5,1292.25,281.25,4.0,False,120,30
330,N-310,N,52.7,54.0,1.3013304443359375,2563.25,2260.25,303.0,4.0,False,120,13
331,N-310,N,58.86,198.713,141.502671875,1587.576923076923,1341.5576923076924,246.01923076923077,52.0,False,120,02
332,N-320,N,134.0,271.8,136.46625,4334.460526315789,3969.1315789473683,365.32894736842104,76.0,False,120,16
333,N-320,N,271.8,272.37,0.6004724731445312,5208.873120300752,,,,False,120,19
334,N-320,N,290.4,341.0,50.15146484375,6083.285714285715,5450.928571428572,632.3571428571429,28.0,False,120,19
335,N-320A,N,227.57,241.13,14.4016630859375,341.6875,,,,False,120,19
336,N-323,N,186.634,187.1,0.6319627685546875,4498.875,,,,True,60,18
337,N-323,N,187.6,189.8,2.08598388671875,5916.75,5517.75,399.0,4.0,False,120,18
338,N-323,N,190.3,194.02,3.7331923828125,4498.875,4046.875,452.0,8.0,True,60,18
339,N-323A,N,82.6,87.7,5.23801708984375,1175.6666666666667,1097.6666666666667,78.0,3.0,False,120,18
340,N-323A,N,88.1,100.8,11.95209765625,837.8333333333334,,,,False,120,18
341,N-323A,N,108.35,119.8,11.894681640625,3486.25,3205.5,280.75,4.0,False,120,18
342,N-323A,N,143.3,154.59,11.2128271484375,4927.5,4653.625,273.875,8.0,False,120,18
343,N-323A,N,163.4,166.97,3.848209716796875,54.5,48.75,5.75,4.0,False,120,18
344,N-323A,N,169.13,169.28,0.24500949096679686,185.5,165.5,20.0,4.0,False,120,18
345,N-323A,N,466.5,469.26,2.646207275390625,500.0,462.0,38.0,4.0,False,120,18
346,N-325,N,3.789,6.51,2.827391357421875,11358.5,10717.5,641.0,4.0,False,120,03
347,N-325,N,6.51,20.15,13.5106923828125,6159.25,5740.666666666667,418.5833333333333,12.0,False,120,03
348,N-330,N,93.46,170.28,76.0208203125,2032.5625,1901.59375,130.96875,32.0,False,120,46
349,N-330,N,187.5,301.44,112.4043828125,1557.888888888889,1225.0277777777778,332.8611111111111,36.0,False,120,16
350,N-330,N,406.35,408.5,2.138955078125,17532.333333333332,16703.0,829.3333333333334,3.0,False,120,03
351,N-330,N,417.34,467.9,50.300453125,720.125,412.8125,307.3125,16.0,False,120,50
352,N-330,N,469.24,478.6,9.2192607421875,1903.40625,,,,False,120,50
353,N-330,N,481.9,482.71,0.846300537109375,1903.40625,,,,False,120,50
354,N-330,N,482.71,491.0,8.04113720703125,4678.5,4397.25,281.25,4.0,False,120,50
355,N-330,N,502.2,510.25,7.9513154296875,36286.75,32808.0,3478.75,4.0,False,120,50
356,N-330,N,515.5,524.18,8.507009765625,1309.0,1181.25,127.75,4.0,False,120,50
357,N-330,N,528.23,552.425,24.17075,347.5,282.75,64.75,4.0,False,120,22
358,N-330,N,553.95,567.853,13.9063505859375,339.75,271.75,68.0,4.0,False,120,22
359,N-330,N,574.287,575.75,1.74205517578125,1774.25,1459.25,315.0,4.0,False,120,22
360,N-330,N,576.68,585.87,8.7194228515625,215.0,172.75,42.25,4.0,False,120,22
361,N-332,N,95.81,97.85,2.15831005859375,29407.0,28076.5,1330.5,4.0,False,120,03
362,N-332,N,97.85,98.683,0.7388976440429688,16601.5,15908.75,692.75,4.0,False,120,03
363,N-332,N,119.5,144.13,22.955201171875,15214.833333333334,14415.166666666666,799.6666666666666,12.0,False,120,03
364,N-332,N,144.13,149.3,6.63509033203125,42508.5,40964.75,1543.75,4.0,False,120,03
365,N-332,N,149.3,151.74,2.373002197265625,22764.0,21938.75,825.25,4.0,False,120,03
366,N-332,N,151.74,152.36,0.6029896240234375,16059.1875,,,,False,120,03
367,N-332,N,160.375,177.77,17.3389921875,11011.0,10364.555555555555,646.4444444444445,9.0,False,120,03
368,N-332,N,177.77,178.53,0.7610784912109375,6872.0,6466.0,406.0,1.0,False,120,03
369,N-332,N,178.53,190.6,12.04282421875,7262.8,6720.8,542.0,5.0,False,120,03
370,N-332,N,194.22,226.0,33.80339453125,16059.1875,14321.8125,1737.375,16.0,False,120,46
371,N-332,N,229.0,242.65,13.4110576171875,13671.125,12199.5,1471.625,8.0,False,120,46
372,N-332,N,244.06,257.275,13.720244140625,9791.25,8730.625,1060.625,8.0,False,120,46
373,N-332A,N,75.365,75.85,0.8293539428710938,3295.3333333333335,3145.6666666666665,149.66666666666666,3.0,False,120,03
374,N-332A,N,272.06,274.12,2.590514404296875,3174.5,3110.0,64.5,4.0,False,120,46
375,N-332R,N,251.0,253.25,2.60128125,7840.5,7272.5,568.0,2.0,False,120,46
376,N-334,N,0.0,0.35,0.328698974609375,52428.5,,,,False,120,03
377,N-334,N,0.35,0.94,0.5540328369140625,52428.5,51041.0,1387.5,4.0,False,120,03
378,N-340,N,730.4,731.1,0.7593203125,8246.168859649122,,,,False,120,03
379,N-340,N,731.1,733.856,2.827858642578125,8246.168859649122,,,,False,120,03
380,N-340,N,786.275,791.5,5.26944384765625,938.75,891.75,47.0,8.0,False,120,03
381,N-340,N,797.32,799.6,2.755636474609375,23717.5,22706.0,1011.5,4.0,False,120,03
382,N-340,N,800.5,802.67,2.730749267578125,9655.5,9019.0,636.5,4.0,False,120,03
383,N-340,N,802.67,805.8,3.1113173828125,7856.75,7349.25,507.5,4.0,False,120,03
384,N-340,N,805.8,807.2,1.6788414306640624,5080.25,4745.0,335.25,4.0,False,120,03
385,N-340,N,849.76,850.21,0.3852363586425781,8246.168859649122,,,,False,120,46
386,N-340,N,931.2,932.0,0.6343848876953125,8246.168859649122,,,,False,120,46
387,N-340,N,936.154,972.59,36.5886328125,13233.125,11983.6875,1249.4375,32.0,False,120,12
388,N-340,N,972.59,974.57,1.83838037109375,8246.168859649122,,,,True,60,12
389,N-340,N,974.57,1079.955,107.747734375,8310.421052631578,7683.105263157895,627.3157894736842,76.0,True,60,12
390,N-340,N,1079.955,1083.89,4.03895556640625,8246.168859649122,,,,False,120,43
391,N-340,N,1083.89,1128.82,45.6714296875,8092.357142857143,7037.964285714285,1054.392857142857,28.0,False,120,43
392,N-340,N,1133.02,1140.48,7.44058349609375,8246.168859649122,,,,False,120,43
393,N-340,N,1144.79,1146.22,1.7970108642578124,16987.25,14504.75,2482.5,4.0,False,120,43
394,N-340,N,1154.275,1160.558,6.291443359375,14443.5,13714.75,728.75,4.0,False,120,43
395,N-340,N,1160.77,1160.93,0.16739219665527344,8246.168859649122,,,,False,120,43
396,N-340,N,1165.34,1237.18,73.4642578125,18588.163636363635,16662.563636363637,1925.6,55.0,False,120,43
397,N-340,N,1239.68,1240.955,1.3644903564453126,8246.168859649122,,,,False,120,08
398,N-340,N,1240.955,1243.87,3.119683837890625,29352.25,26573.25,2779.0,8.0,False,120,08
399,N-340A,N,262.7,269.3,6.47902880859375,10265.0,9639.5,625.5,4.0,False,120,29
400,N-340A,N,354.16,359.294,5.42771484375,818.0,728.25,89.75,4.0,False,120,
401,N-340A,N,383.82,386.0,2.1828720703125,6819.0,,,,False,120,04
402,N-340A,N,391.7,401.7,9.9816943359375,5114.25,4672.25,442.0,4.0,False,120,04
403,N-340A,N,405.83,406.3,0.45378335571289063,6819.0,,,,False,120,04
404,N-347AL,N,0.0,4.17,3.949742431640625,5194.5,4754.75,439.75,4.0,True,60,04
405,N-347GR,N,0.0,0.842,0.841995361328125,8640.0,7932.0,708.0,2.0,False,120,18
406,N-349,N,0.0,3.22,3.9575673828125,13089.5,11310.25,1779.25,4.0,True,60,11
407,N-350,N,0.0,1.2,2.131406005859375,17440.75,16365.5,1075.25,4.0,False,120,11
408,N-351,N,3.1,4.6,1.399834716796875,5740.9375,,,,False,120,11
409,N-351,N,4.6,7.3,2.8215859375,5740.9375,,,,False,120,11
410,N-357,N,0.0,0.04,0.02258563995361328,8845.25,,,,False,120,11
411,N-357,N,0.04,0.44,0.22597711181640626,8845.25,,,,True,60,11
412,N-357,N,0.44,2.05,1.288369140625,8845.25,6334.0,2511.25,4.0,True,60,11
413,N-400,N,7.055,37.388,30.330546875,6557.625,6040.125,517.5,8.0,False,120,28
414,N-400,N,51.45,53.193,1.4936673583984375,3191.25,2830.75,360.5,4.0,False,120,45
415,N-400,N,54.0,56.554,2.55894873046875,700.25,,,,False,120,45
416,N-400,N,57.64,59.882,2.2030146484375,700.25,,,,False,120,45
417,N-400,N,63.843,95.06,32.299177734375,553.3333333333334,487.75,65.58333333333333,12.0,False,120,45
418,N-400,N,98.08,122.32,24.667953125,332.375,295.25,37.125,8.0,False,120,16
419,N-400,N,125.67,174.3,48.91226953125,700.25,674.45,25.8,20.0,False,120,16
420,N-400A,N,116.606,119.947,3.595872802734375,67.75,61.75,6.0,4.0,False,120,16
421,N-401,N,78.93,187.2,105.8316796875,5156.403846153846,4653.596153846154,502.8076923076923,52.0,False,120,45
422,N-401A,N,49.997,50.296,0.23570590209960937,2211.5,1961.5,250.0,4.0,False,120,45
423,N-401A,N,54.662,55.163,0.31794345092773435,1446.25,1282.5,163.75,4.0,False,120,45
424,N-401A,N,90.97,94.4,3.53327685546875,4708.75,4185.0,523.75,4.0,False,120,45
425,N-401A,N,96.49,98.4,2.39438134765625,2211.5,,,,False,120,45
426,N-401A,N,107.525,111.352,3.919637451171875,2211.5,,,,False,120,45
427,N-403,N,6.76,26.32,20.380564453125,515.75,464.875,50.875,8.0,False,120,45
428,N-403,N,30.214,132.0,97.185,3765.078125,3483.453125,281.625,64.0,False,120,05
429,N-403,N,132.0,135.12,3.416574951171875,6163.25,5689.0,474.25,8.0,False,120,05
430,N-403,N,140.6,177.45,37.2830078125,2993.75,2710.85,282.9,20.0,False,120,05
431,N-403A,N,41.225,41.987,0.5668484497070313,440.25,397.0,43.25,4.0,False,120,45
432,N-403A,N,52.38,52.844,0.22468075561523437,2075.0,1848.5,226.5,4.0,False,120,45
433,N-403A,N,55.2,55.975,0.5933668212890625,1425.5,1271.5,154.0,4.0,False,120,45
434,N-403A,N,79.0,81.0,1.8764141845703124,2487.25,2315.25,172.0,4.0,False,120,28
435,N-430A,N,297.2,299.2,1.847043212890625,169.25,141.25,28.0,4.0,False,120,13
436,N-430A,N,394.6,396.87,2.3545263671875,452.5,420.75,31.75,4.0,False,120,13
437,N-432A,N,158.7,165.67,7.6524208984375,158.5,144.25,14.25,4.0,False,120,14
438,N-432A,N,169.225,171.6,2.0254385986328125,31.5,29.25,2.25,4.0,False,120,14
439,N-432A,N,194.575,196.35,2.098286376953125,89.0,81.0,8.0,4.0,False,120,14
440,N-432A,N,201.64,219.05,17.71678125,59.25,54.0,5.25,4.0,False,120,14
441,N-432A,N,220.63,222.2,1.1327822265625,498.33333333333337,,,,False,120,14
442,N-432A,N,224.2,226.55,2.366310546875,80.5,73.5,7.0,4.0,False,120,14
443,N-432A,N,228.2,231.8,3.58345849609375,18.0,17.25,0.75,4.0,False,120,14
444,N-432A,N,233.3,244.0,10.9554482421875,64.25,59.75,4.5,8.0,False,120,14
445,N-432A,N,246.4,248.54,1.95226025390625,539.25,482.75,56.5,4.0,False,120,14
446,N-432A,N,254.156,262.065,7.8124130859375,209.25,189.75,19.5,4.0,False,120,14
447,N-432A,N,328.9,332.742,3.739539306640625,1523.75,1385.75,138.0,4.0,False,120,14
448,N-432A,N,333.616,337.5,3.619958984375,3287.0,2866.0,421.0,1.0,False,120,14
449,N-432A,N,356.407,359.0,2.401915283203125,498.33333333333337,,,,False,120,23
450,N-432A,N,361.065,362.212,1.1725472412109375,498.33333333333337,,,,False,120,23
451,N-432A,N,364.775,365.793,0.9649974975585938,491.6666666666667,453.3333333333333,38.333333333333336,3.0,False,120,23
452,N-432A,N,374.2,386.21,12.118953125,2230.75,2144.25,86.5,4.0,False,120,23
453,N-432A,N,394.384,395.382,0.9256297607421875,505.0,459.3333333333333,45.666666666666664,3.0,False,120,23
454,N-432A,N,399.183,399.915,0.6095696411132813,193.66666666666666,181.66666666666666,12.0,3.0,False,120,23
455,N-432A,N,413.18,419.114,6.21287451171875,498.33333333333337,,,,False,120,18
456,N-432R,N,0.0,1.564,2.083029052734375,1953.75,1731.0,222.75,4.0,False,120,14
457,N-433,N,35.15,35.644,0.307425537109375,3155.6477272727275,,,,False,120,41
458,N-433,N,35.644,103.77,67.7139296875,4284.295454545455,3911.1363636363635,373.15909090909093,44.0,True,60,21
459,N-433,N,103.77,155.3,51.98597265625,2027.0,1708.25,318.75,16.0,True,60,21
460,N-435,N,23.2,222.13,197.626859375,3488.0243902439024,3102.4756097560976,385.5487804878049,82.0,False,120,21
461,N-435A,N,22.5,23.2,0.736339111328125,446.625,,,,False,120,06
462,N-5,N,343.23,345.3,2.28121484375,6992.75,6222.25,770.5,4.0,False,120,06
463,N-5,N,373.065,373.815,0.7266937866210937,334.75,316.25,18.5,4.0,False,120,06
464,N-5,N,380.5,395.0,14.9811630859375,3888.0,3701.5,186.5,2.0,True,60,06
465,N-5,N,395.0,395.265,0.3277362060546875,1752.25,,,,False,120,06
466,N-5,N,406.933,407.555,0.48763873291015625,707.75,622.0,85.75,4.0,False,120,06
467,N-501,N,0.88,1.75,0.8474972534179688,6677.333333333333,6088.0,589.3333333333334,3.0,False,120,05
468,N-501,N,3.66,76.97,75.897234375,802.6428571428571,716.75,85.89285714285714,28.0,False,120,05
469,N-501,N,76.97,81.15,4.22258544921875,3615.0,,,,True,60,37
470,N-501,N,81.15,88.824,7.75220703125,3615.0,3445.25,169.75,4.0,False,120,37
471,N-501A,N,52.3,52.8,0.43196807861328124,653.75,621.0,32.75,4.0,False,120,37
472,N-502,N,6.21,243.13,232.827171875,2284.3425925925926,2097.009259259259,187.33333333333334,108.0,False,120,45
473,N-502,N,243.135,244.0,0.40738397216796873,1998.0008417508418,,,,False,120,06
474,N-502,N,262.5,391.442,128.8156796875,1711.659090909091,1533.4772727272727,178.1818181818182,44.0,False,120,14
475,N-502A,N,110.7,114.598,4.299388671875,526.25,,,,False,120,45
476,N-502A,N,114.598,115.266,0.7367967529296875,526.25,,,,False,120,45
477,N-502A,N,115.266,117.12,2.044965087890625,526.25,,,,False,120,45
478,N-502A,N,117.12,118.4,1.4118052978515625,7505.25,7001.0,504.25,4.0,False,120,45
479,N-502A,N,118.4,119.6,1.323564697265625,526.25,,,,False,120,45
480,N-502A,N,278.0,280.5,1.093318115234375,762.5,710.0,52.5,4.0,False,120,13
481,N-502A,N,327.1,327.7,1.413352783203125,526.25,488.5,37.75,4.0,False,120,13
482,N-502A,N,379.672,381.05,1.66474609375,30.75,26.75,4.0,4.0,False,120,14
483,N-502A,N,385.033,391.438,6.21918603515625,40.5,35.5,5.0,4.0,False,120,14
484,N-521,N,1.66,41.76,40.65923828125,1250.25,1209.9166666666667,40.333333333333336,12.0,False,120,10
485,N-521,N,41.76,47.13,5.59006640625,8523.125,8161.375,361.75,8.0,False,120,10
486,N-521,N,47.387,48.741,1.41006103515625,5347.864583333333,,,,False,120,10
487,N-521,N,49.781,52.272,2.610761474609375,12834.5,12342.25,492.25,4.0,False,120,10
488,N-521,N,52.272,152.17,97.663375,2172.6041666666665,2001.5833333333333,171.02083333333334,48.0,False,120,10
489,N-523,N,1.312,80.3,78.9338828125,3544.875,3046.4375,498.4375,16.0,False,120,06
490,N-523,N,80.3,84.366,4.079096435546875,8087.253731343284,7490.179104477612,597.0746268656717,67.0,False,120,06
491,N-525,N,0.0,105.55,105.5331875,1901.7692307692307,1721.0384615384614,180.73076923076923,52.0,False,120,49
492,N-525,N,111.34,165.0,53.74943359375,892.875,811.6875,81.1875,16.0,False,120,32
493,N-525,N,170.0,219.1,49.05976171875,3943.6,3777.52,166.08,25.0,False,120,32
494,N-525,N,238.75,285.75,47.0459140625,5757.46875,5406.71875,350.75,32.0,False,120,32
495,N-525,N,290.6,337.74,47.3892578125,8550.208333333334,7629.625,920.5833333333334,24.0,False,120,36
496,N-532,N,3.0,14.82,11.9823583984375,2540.0,2390.5,149.5,6.0,False,120,32
497,N-536,N,0.0,51.96,49.8923125,2005.0625,1924.625,80.4375,16.0,False,120,24
498,N-540,N,0.0,3.18,3.26739794921875,13468.0,12678.5,789.5,4.0,False,120,27
499,N-540,N,3.18,3.75,0.5461936645507812,7132.25,6586.25,546.0,4.0,False,120,27
500,N-540,N,3.75,78.57,76.5470234375,3656.535714285714,3186.214285714286,470.32142857142856,28.0,False,120,27
501,N-540A,N,7.3,8.2,0.987978759765625,175.25,158.5,16.75,4.0,False,120,27
502,N-541,N,12.7,91.106,78.4216015625,3324.28125,3027.34375,296.9375,32.0,False,120,32
503,N-542,N,0.0,0.8,0.75361083984375,22214.0,21294.75,919.25,4.0,False,120,32
504,N-544,N,0.0,1.81,1.822380615234375,6750.0,6094.25,655.75,4.0,False,120,32
505,N-547,N,18.63,88.42,68.6582890625,3638.0384615384614,3237.6153846153848,400.4230769230769,26.0,False,120,15
506,N-550,N,3.58,4.08,0.5259779663085937,21488.25,21035.75,452.5,4.0,False,120,15
507,N-550,N,9.55,57.84,47.8192421875,10921.535714285714,10076.92857142857,844.6071428571429,28.0,False,120,15
508,N-550,N,67.075,68.62,1.5420101318359376,25214.0,24385.25,828.75,4.0,False,120,15
509,N-550,N,68.62,88.935,22.118251953125,12766.125,11761.9375,1004.1875,16.0,False,120,15
510,N-550,N,89.094,115.2,27.885609375,6411.2,5851.4,559.8,20.0,False,120,36
511,N-550,N,118.42,118.434,0.009291192054748536,14178.3125,,,,False,120,36
512,N-550,N,124.0,124.202,0.0585030632019043,14178.3125,,,,False,120,36
513,N-550,N,124.202,155.9,31.171525390625,15590.5,14143.05,1447.45,20.0,False,120,36
514,N-550A,N,80.65,83.63,2.825370849609375,10617.75,10046.5,571.25,4.0,False,120,15
515,N-550A,N,96.6,100.735,4.26552783203125,4770.75,4375.75,395.0,4.0,False,120,36
516,N-550R,N,0.0,1.24,1.4830965576171875,7148.75,6472.5,676.25,4.0,False,120,15
517,N-551,N,0.55,2.0,1.2553282470703124,6004.375,5868.625,135.75,8.0,False,120,36
518,N-552,N,0.0,9.791,10.0950234375,11743.375,11287.125,456.25,8.0,False,120,36
519,N-554,N,0.0,10.146,10.2755693359375,9803.125,9278.5,524.625,8.0,False,120,36
520,N-555,N,0.0,7.057,6.91899169921875,7669.75,6949.5,720.25,4.0,False,120,36
521,N-556,N,6.97,8.0,0.9473858642578125,10286.75,9324.25,962.5,4.0,False,120,36
522,N-559,N,0.0,5.14,5.403052734375,707.25,636.75,70.5,4.0,False,120,36
523,N-5A,N,81.5,82.648,1.0154485473632813,2101.5,1878.25,223.25,4.0,False,120,45
524,N-5A,N,110.0,111.77,1.72789697265625,15810.25,15146.75,663.5,4.0,False,120,45
525,N-5A,N,259.134,260.95,1.076747314453125,8955.875,,,,False,120,10
526,N-6,N,42.13,47.33,5.14133642578125,13867.5,13386.0,481.5,4.0,False,120,28
527,N-6,N,49.08,110.536,61.38239453125,6970.375,5339.125,1631.25,40.0,False,120,40
528,N-6,N,196.0,197.72,1.1930269775390625,69.0,47.5,21.5,4.0,False,120,47
529,N-6,N,201.58,204.26,2.769941162109375,204.25,138.25,66.0,4.0,False,120,47
530,N-6,N,215.346,216.676,2.196357177734375,3624.59375,,,,False,120,47
531,N-6,N,259.155,260.15,1.804341796875,4039.75,2976.0,1063.75,4.0,False,120,49
532,N-6,N,260.15,260.919,0.72643115234375,3624.59375,,,,False,120,49
533,N-6,N,265.219,299.0,33.2168359375,975.5,899.5833333333334,75.91666666666667,12.0,False,120,24
534,N-6,N,305.0,322.81,17.832421875,1440.125,1343.25,96.875,8.0,False,120,24
535,N-6,N,326.1,370.0,42.92350390625,2046.5,1932.8125,113.6875,16.0,False,120,24
536,N-6,N,374.8,495.18,117.3136015625,3209.4375,3038.8125,170.625,48.0,False,120,27
537,N-6,N,498.17,500.0,2.001601806640625,17821.5,17439.75,381.75,4.0,False,120,27
538,N-6,N,501.95,504.97,3.412900390625,25406.5,24314.75,1091.75,4.0,False,120,27
539,N-6,N,504.97,507.37,2.335820068359375,13716.0,12829.0,887.0,4.0,False,120,27
540,N-6,N,507.37,574.9,67.35078125,2980.6666666666665,2679.75,300.9166666666667,36.0,False,120,27
541,N-620A,N,232.3,233.0,0.780439697265625,24700.0,18747.0,5953.0,1.0,False,120,37
542,N-620A,N,325.43,328.35,2.885852294921875,2609.25,2176.5,432.75,4.0,False,120,37
543,N-621,N,8.76,25.5,16.8685703125,1468.5,1431.25,37.25,4.0,False,120,24
544,N-621,N,62.13,188.9,129.2305078125,2083.2916666666665,1970.8958333333333,112.39583333333333,48.0,False,120,24
545,N-621A,N,182.5,186.4,3.714134521484375,60.0,57.333333333333336,2.6666666666666665,3.0,False,120,39
546,N-622,N,4.8,4.88,0.07625709533691406,714.125,,,,False,120,01
547,N-622,N,4.88,7.85,3.0494736328125,714.125,,,,True,60,01
548,N-622,N,7.85,23.32,16.211564453125,714.125,,,,True,60,01
549,N-622,N,47.85,89.23,41.23106640625,714.125,583.6875,130.4375,16.0,False,120,09
550,N-622A,N,77.05,78.91,1.9064171142578126,139.5,116.5,23.0,4.0,False,120,09
551,N-623,N,4.325,13.838,9.4835576171875,4146.25,3777.0,369.25,12.0,False,120,09
552,N-623,N,14.925,19.0,4.080627197265625,8391.808333333334,,,,True,60,09
553,N-623,N,19.0,148.19,127.825828125,5208.116666666667,4897.883333333333,310.23333333333335,60.0,False,120,09
554,N-623,N,148.19,150.07,1.89482470703125,8391.808333333334,,,,False,120,39
555,N-623,N,150.07,151.03,0.9314176635742187,11575.5,11085.25,490.25,4.0,False,120,39
556,N-623,N,151.03,152.42,0.7958796997070312,23822.25,22624.75,1197.5,4.0,False,120,39
557,N-625,N,18.3,62.2,44.09548828125,2166.0833333333335,1947.9166666666667,218.16666666666666,12.0,False,120,24
558,N-625,N,91.74,162.3,70.9696015625,2387.05,2274.7,112.35,20.0,False,120,24
559,N-627,N,19.0,76.43,57.62592578125,3213.5,2389.05,824.45,20.0,True,60,09
560,N-627,N,76.43,78.161,2.33773583984375,3213.5,,,,False,120,34
561,N-629,N,0.0,60.85,60.74490625,2365.0416666666665,2155.5416666666665,209.5,24.0,False,120,09
562,N-632A,N,159.29,161.33,2.1086201171875,196.75,,,,False,120,33
563,N-633,N,0.0,2.14,2.31986474609375,16872.75,15251.5,1621.25,4.0,False,120,33
564,N-633,N,9.34,13.73,5.64152490234375,16872.75,,,,True,60,48
565,N-634,N,0.115,66.525,66.727859375,3969.857142857143,,,,False,120,20
566,N-634,N,66.525,108.905,41.37290234375,3969.857142857143,,,,False,120,48
567,N-634,N,126.43,136.1,9.499384765625,3969.857142857143,,,,False,120,48
568,N-634,N,136.1,142.3,6.09544775390625,3969.857142857143,,,,False,120,39
569,N-634,N,148.94,162.63,14.1333232421875,3154.0,3068.25,85.75,4.0,False,120,39
570,N-634,N,167.27,169.5,2.318803955078125,3672.75,3572.75,100.0,4.0,False,120,39
571,N-634,N,171.1,171.3,0.19992529296875,3969.857142857143,,,,False,120,39
572,N-634,N,173.635,198.6,24.866388671875,8893.833333333334,8410.333333333334,483.5,12.0,False,120,39
573,N-634,N,202.19,202.893,0.7417891235351562,5218.25,4919.0,299.25,4.0,False,120,39
574,N-634,N,233.1,279.15,43.4635859375,4065.714285714286,3901.4285714285716,164.28571428571428,28.0,False,120,39
575,N-634,N,280.57,301.25,20.787669921875,959.5,914.125,45.375,8.0,False,120,33
576,N-634,N,325.51,326.91,1.44519287109375,3969.857142857143,,,,False,120,33
577,N-634,N,327.086,383.02,54.619828125,6788.4,6379.3,409.1,20.0,False,120,33
578,N-634,N,383.025,388.0,5.01828271484375,3874.0,3535.0,339.0,4.0,False,120,33
579,N-634,N,390.22,400.758,10.8365654296875,12930.5,11899.75,1030.75,4.0,False,120,33
580,N-634,N,410.5,451.0,40.658765625,4203.083333333333,3899.3333333333335,303.75,12.0,False,120,33
581,N-634,N,451.0,464.2,6.5920986328125,2697.75,2369.0,328.75,4.0,False,120,33
582,N-634,N,464.67,517.292,52.580515625,2194.7916666666665,2045.25,149.54166666666666,24.0,False,120,33
583,N-634,N,524.895,530.637,5.8604345703125,3969.857142857143,,,,False,120,33
584,N-634,N,531.063,549.0,17.6416796875,2780.0833333333335,2636.0,144.08333333333334,12.0,False,120,33
585,N-634,N,555.43,570.69,15.201072265625,5682.0,5390.75,291.25,4.0,False,120,27
586,N-634,N,570.96,571.6,0.692377685546875,3969.857142857143,,,,True,60,27
587,N-634,N,571.6,640.42,69.6197890625,1876.75,1707.125,169.625,24.0,True,60,27
588,N-634,N,657.265,657.98,1.0051134033203124,3969.857142857143,,,,False,120,27
589,N-634,N,657.98,666.492,8.572998046875,3969.857142857143,,,,False,120,15
590,N-634,N,666.495,709.11,42.852890625,4640.8125,3425.75,1215.0625,16.0,False,120,15
591,N-634A,N,450.5,464.67,13.21705859375,445.25,405.75,39.5,4.0,False,120,33
592,N-655,N,0.0,13.584,13.70348828125,1285.25,1170.6666666666667,114.58333333333333,12.0,False,120,15
593,N-6A,N,459.6,467.0,7.37156005859375,88.66666666666667,80.33333333333333,8.333333333333334,3.0,False,120,27
594,N-6A,N,579.32,585.32,6.01144091796875,3710.5,3283.125,427.375,8.0,False,120,15
595,N-362,N,0.0,8.28,8.5402587890625,5740.9375,,,,False,120,51
596,N-354,N,0.0,4.41,4.48536865234375,5740.9375,,,,False,120,
597,N-352,N,0.0,3.54,3.528474609375,10850.0,10219.75,630.25,4.0,False,120,51
598,N-554R,N,0.0,2.1,2.102827392578125,5740.9375,,,,False,120,36
599,A-57,A,0.0,5.726,5.7384130859375,5740.9375,,,,False,120,36
600,A-92M,A,0.0,25.53,26.11094921875,5740.9375,,,,True,60,29
601,A-92N,A,0.0,118.95,119.0576640625,5740.9375,,,,True,60,18
602,A-384,A,120.936,120.94,0.0038071789741516114,5740.9375,,,,False,120,29
603,A-384,A,120.94,131.43,10.515126953125,5740.9375,,,,True,60,29
604,A-381,A,0.0,88.9,88.4580859375,5740.9375,,,,True,60,11
605,A-10,A,0.0,30.44,30.34862109375,5740.9375,,,,True,60,31
606,AP-15,AP,0.2,80.64,81.3079453125,5740.9375,,,,True,60,31
607,AP-15,AP,80.64,82.24,1.4967728271484375,5740.9375,,,,True,60,31
608,AP-15,AP,82.24,83.13,0.8619199829101563,5740.9375,,,,False,120,31
609,AP-15,AP,96.2,112.15,15.7174921875,5740.9375,,,,True,60,31
610,AP-15-R,AP,0.37,6.67,6.52292431640625,5740.9375,,,,False,120,31
611,N-121-A,N,5.57,68.44,62.7926875,5740.9375,,,,True,60,31
612,N-121-A,N,68.44,75.02,6.571908203125,5740.9375,,,,True,60,20
613,N-644,N,129.51,132.22,2.875853515625,5740.9375,,,,True,60,48
614,A-66R,A,149.43,150.375,1.1187625732421875,5740.9375,,,,False,120,24
615,A-66R,A,152.34,152.96,0.916190673828125,5740.9375,,,,False,120,24
616,A-66R,A,182.375,184.015,1.6331815185546874,5740.9375,,,,False,120,24
617,AP-7S,AP,133.48,154.0,22.078044921875,14470.0,12566.454545454546,1903.5454545454545,11.0,True,60,29
618,AP-7S,AP,156.1,180.5,24.146013671875,11020.125,10024.125,996.0,8.0,True,60,29
619,AP-7S,AP,185.4,213.57,28.323853515625,16767.75,15643.5,1124.25,4.0,True,60,29
620,AP-7S,AP,213.57,225.0,11.4924912109375,14470.0,,,,True,60,29
621,AP-7S,AP,225.0,229.0,4.0218232421875,14470.0,,,,True,60,29
622,N-4,N,145.336,148.429,4.86884228515625,1433.5,1299.5,134.0,4.0,False,120,13
623,N-4,N,230.68,232.174,2.138747802734375,1266.5,1202.5,64.0,4.0,False,120,13
624,N-4,N,368.742,377.55,8.6865966796875,5743.5,5463.5,280.0,2.0,False,120,14
625,N-4,N,382.262,394.075,12.810962890625,7537.75,7086.5,451.25,4.0,False,120,14
626,N-4,N,423.0,429.0,5.8060126953125,3287.0,3113.5,173.5,2.0,False,120,14
627,N-4,N,549.6,552.9,2.853867431640625,21327.75,20698.5,629.25,4.0,False,120,41
628,N-4,N,557.215,558.5,1.799578369140625,10506.5,9448.75,1057.75,4.0,False,120,41
629,N-4,N,566.5,627.8,62.7812890625,4965.636363636364,4005.3636363636365,960.2727272727273,22.0,False,120,41
630,N-4,N,643.57,644.86,1.3246302490234374,5354.568181818182,,,,False,120,11
631,A-7S,A,662.925,734.09,71.159625,17319.2,13635.3,3683.9,10.0,True,60,04
632,A-7S,A,734.09,773.25,37.54093359375,23949.666666666668,20618.333333333332,3331.3333333333335,3.0,True,60,04
633,A-7S,A,773.25,777.23,3.5044892578125,28222.0,23801.0,4421.0,1.0,True,60,04
634,A-7S,A,777.23,790.39,11.926494140625,43031.0,37916.666666666664,5114.333333333333,3.0,True,60,04
635,A-7S,A,790.39,855.1,64.77904296875,30927.6,27388.1,3539.5,10.0,True,60,04
636,A-7S,A,855.1,868.5,13.6765732421875,11082.0,9198.0,1884.0,1.0,True,60,
637,A-7S,A,868.5,872.9,4.5889814453125,13380.0,11280.0,2100.0,1.0,True,60,18
638,A-7S,A,872.9,872.905,0.005550561904907226,35364.8,,,,True,60,18
639,A-7S,A,872.905,896.51,23.14800390625,17540.333333333332,14815.0,2725.3333333333335,3.0,True,60,18
640,A-7S,A,896.51,900.02,3.506138671875,19271.0,17401.0,1870.0,1.0,True,60,18
641,A-7S,A,900.02,910.07,10.1606005859375,16396.5,14933.5,1463.0,2.0,True,60,18
642,A-7S,A,910.07,983.4,76.0178046875,46028.07692307692,41647.230769230766,4380.846153846154,13.0,True,60,29
643,A-7S,A,983.4,984.417,1.4748140869140625,35364.8,,,,True,60,29
644,A-7S,A,984.417,984.42,0.0042256050109863285,35364.8,,,,False,120,29
645,A-7S,A,984.42,1000.0,21.470322265625,46679.166666666664,42722.666666666664,3956.5,6.0,True,60,29
646,A-7S,A,1011.43,1042.61,31.492564453125,70217.25,65240.25,4977.0,4.0,False,120,29
647,A-1,A,321.45,325.99,4.8708427734375,23408.859375,,,,False,120,01
648,A-1,A,325.99,329.4,2.912593017578125,23408.859375,,,,True,60,01
649,A-1,A,329.4,336.7,7.12384814453125,36984.0,27171.5,9812.5,4.0,True,60,09
650,A-1,A,336.7,337.03,0.2339461669921875,23408.859375,,,,True,60,01
651,A-1,A,337.03,351.52,15.775662109375,23408.859375,,,,True,60,01
652,A-1,A,351.52,391.65,39.32599609375,23408.859375,,,,True,60,01
653,A-1,A,391.65,391.68,0.028633132934570312,23408.859375,,,,True,60,01
654,A-1,A,391.68,396.7,5.14727392578125,23408.859375,,,,True,60,31
655,A-1,A,396.7,405.45,8.709119140625,23408.859375,,,,True,60,31
656,A-1,A,405.45,444.7,40.23769140625,23408.859375,,,,True,60,20
657,A-1,A,444.7,454.47,9.6258798828125,23408.859375,,,,True,60,20
658,A-11,A,21.218,62.166,40.39901953125,3403.0833333333335,2152.5833333333335,1250.5,12.0,False,120,42
659,A-11,A,62.166,70.738,9.1805146484375,4177.604166666667,,,,False,120,42
660,A-11,A,70.738,83.85,12.6485751953125,3348.6666666666665,1911.6666666666667,1437.0,3.0,False,120,42
661,A-11,A,105.4,119.3,14.084986328125,2833.0,1571.25,1261.75,8.0,False,120,09
662,A-11,A,343.95,358.075,14.4275146484375,15251.125,13174.5,2076.625,8.0,False,120,47
663,A-11,A,393.9,394.12,0.2253760223388672,4177.604166666667,,,,False,120,47
664,A-11,A,394.12,455.82,61.40194921875,7149.6875,5712.6875,1437.0,16.0,True,60,49
665,A-11,A,461.0,466.8,7.08333837890625,4952.125,3883.625,1068.5,8.0,True,60,49
666,A-11R,A,0.0,1.49,1.354753662109375,5740.9375,,,,False,120,09
667,A-12,A,4.12,78.167,73.7280546875,10868.041666666666,,,,False,120,31
668,A-12,A,78.167,78.763,0.7167020263671875,10868.041666666666,,,,False,120,26
669,A-12,A,93.535,131.888,38.56927734375,10868.041666666666,8996.583333333334,1871.4583333333333,24.0,False,120,26
670,A-13,A,0.0,5.21,4.16922119140625,20765.285714285714,19366.14285714286,1399.142857142857,7.0,False,120,26
671,A-14,A,0.0,16.3,16.5628515625,5386.5,4781.75,604.75,8.0,False,120,25
672,A-14-R2,A,0.0,2.3,2.8563349609375,5740.9375,,,,False,120,25
673,A-15,A,0.0,43.52,43.44493359375,4990.25,3444.1,1546.15,20.0,True,60,42
674,A-15,A,43.52,63.79,20.068185546875,4989.25,4337.25,652.0,4.0,True,60,42
675,A-15,A,83.13,96.2,12.7287177734375,4989.75,,,,True,60,31
676,A-15,A,98.125,98.13,0.005155639171600342,4989.75,,,,False,120,42
677,A-15,A,98.13,100.72,2.52609228515625,3370.5,1877.5,1493.0,4.0,True,60,42
678,A-15,A,100.72,107.43,6.4640458984375,6364.25,3531.0,2833.25,4.0,True,60,42
679,A-15,A,107.43,107.44,0.0076058034896850585,4989.75,,,,False,120,42
680,A-15,A,112.15,139.76,27.866466796875,4989.75,,,,True,60,31
681,A-15,A,139.76,156.0,16.423330078125,4989.75,,,,True,60,20
682,A-15,A,158.1,169.32,10.92381640625,4989.75,,,,False,120,20
683,A-1A,A,40.6,46.6,6.82388232421875,3740.75,3214.0,526.75,4.0,False,120,28
684,A-2,A,5.9,9.35,3.420370361328125,54210.125,51394.875,2815.25,8.0,False,120,28
685,A-2,A,9.35,61.07,52.35098046875,59436.586956521736,52189.760869565216,7246.826086956522,92.0,True,60,28
686,A-2,A,61.07,134.76,72.53765625,21504.535714285714,14524.07142857143,6980.464285714285,28.0,True,60,19
687,A-2,A,134.76,150.92,15.9282373046875,17361.8,10910.466666666667,6451.333333333333,15.0,True,60,42
688,A-2,A,150.92,233.1,76.88228125,13886.290322580646,8909.258064516129,4977.032258064516,31.0,True,60,50
689,A-2,A,233.1,313.1,74.9274609375,22505.69230769231,16791.30769230769,5714.384615384615,65.0,True,60,50
690,A-2,A,313.1,315.96,2.8497998046875,59934.0,49740.25,10193.75,4.0,True,60,50
691,A-2,A,315.96,318.04,2.05462939453125,67125.375,55874.0,11251.375,8.0,True,60,50
692,A-2,A,318.04,322.49,4.47434619140625,83402.0,67853.625,15548.375,8.0,True,60,50
693,A-2,A,322.49,326.08,3.594373046875,65486.25,52574.25,12912.0,4.0,True,60,50
694,A-2,A,326.08,340.3,13.9972861328125,40983.25,29886.75,11096.5,12.0,True,60,50
695,A-2,A,431.01,446.01,14.9696376953125,11821.666666666666,6404.0,5417.666666666667,6.0,False,120,22
696,A-2,A,446.01,458.85,15.2158974609375,16482.0,10447.25,6034.75,4.0,True,60,25
697,A-2,A,458.85,462.21,4.074247802734375,29412.5,19494.75,9917.75,4.0,True,60,25
698,A-2,A,462.21,520.07,60.72746875,32014.74418604651,22872.39534883721,9142.348837209302,43.0,True,60,25
699,A-2,A,520.07,584.95,63.43140234375,30662.375,24112.083333333332,6550.291666666667,24.0,True,60,08
700,A-2,A,584.95,604.21,19.53921484375,111128.08333333333,100553.91666666667,10574.166666666666,12.0,True,60,08
701,A-2,A,604.21,610.69,6.23232568359375,138660.0,119391.75,19268.25,4.0,True,60,08
702,A-2,A,692.75,709.23,16.2970615234375,20236.545454545456,18123.772727272728,2112.7727272727275,44.0,False,120,17
703,A-2,A,730.7,734.0,3.2729208984375,11624.75,10783.25,841.5,4.0,False,120,17
704,A-21,A,6.39,51.809,45.2837890625,3290.875,,,,True,60,31
705,A-21,A,51.809,51.81,0.00010323495417833328,3290.875,,,,True,60,50
706,A-21,A,51.81,56.119,3.65678125,3368.5,3094.25,274.25,4.0,True,60,50
707,A-21,A,56.119,56.12,0.0007712641954421997,3290.875,,,,False,120,50
708,A-21,A,56.12,62.68,7.04736865234375,3290.875,,,,False,120,50
709,A-21,A,62.68,72.679,10.43146484375,2890.25,2680.75,209.5,4.0,True,60,50
710,A-21,A,85.058,85.06,0.003323352336883545,3290.875,,,,False,120,22
711,A-21,A,85.06,91.2,5.834115234375,3266.25,3087.25,179.0,4.0,True,60,22
712,A-21,A,91.2,101.237,9.361345703125,3315.5,3121.25,194.25,8.0,True,60,22
713,A-22,A,0.0,17.83,17.7961875,10113.422535211268,8242.464788732394,1870.9577464788733,71.0,True,60,25
714,A-22,A,17.83,17.833,0.0030017821788787843,9431.239045383412,,,,True,60,25
715,A-22,A,17.833,19.15,1.3025067138671875,9431.239045383412,,,,True,60,25
716,A-22,A,19.15,93.98,74.9848671875,8749.055555555555,7280.555555555556,1468.5,36.0,True,60,22
717,A-22,A,93.98,94.27,0.2523630065917969,9431.239045383412,,,,True,60,22
718,A-22,A,94.27,107.5,13.221287109375,9431.239045383412,,,,False,120,22
719,A-22-R1,A,0.0,0.73,1.3742606201171874,3522.0,3447.0,75.0,2.0,False,120,25
720,A-22-R2,A,0.0,0.825,1.4033453369140625,1828.75,1779.5,49.25,4.0,False,120,25
721,A-30,A,135.13,137.778,2.7054130859375,117948.0,106348.75,11599.25,4.0,True,60,30
722,A-30,A,137.778,137.78,0.0019712674617767332,54109.732954545456,,,,True,60,30
723,A-30,A,137.78,193.26,54.55346875,61389.34090909091,56814.61363636364,4574.727272727273,44.0,True,60,30
724,A-31,A,0.0,31.81,32.47934375,11469.625,9743.75,1725.875,8.0,True,60,16
725,A-31,A,31.81,73.6,41.3399609375,24921.791666666668,20638.833333333332,4282.958333333333,24.0,True,60,02
726,A-31,A,73.6,80.08,6.268228515625,32766.875,27110.75,5656.125,8.0,True,60,02
727,A-31,A,80.08,156.14,76.418421875,15506.07142857143,12936.642857142857,2569.4285714285716,28.0,True,60,02
728,A-31,A,156.14,224.7,68.5269453125,33979.019230769234,27758.26923076923,6220.75,52.0,True,60,03
729,A-31,A,224.7,235.65,10.9459169921875,33333.125,30273.0,3060.125,8.0,True,60,03
730,A-31,A,235.65,239.75,4.09657373046875,42328.75,39734.0,2594.75,4.0,True,60,03
731,A-32,A,0.0,47.13,47.08284765625,8706.35,7841.75,864.6,20.0,True,60,23
732,A-32,A,47.13,79.02,31.728974609375,4648.0,4292.0,356.0,1.0,True,60,23
733,A-32,A,217.426,228.148,10.4430166015625,1852.25,1537.5,314.75,4.0,True,60,02
734,A-33,A,0.0,92.0,92.10225,9095.272727272728,5912.727272727273,3182.5454545454545,22.0,False,120,30
735,A-35,A,0.0,0.33,0.42142681884765626,19555.5,,,,False,120,02
736,A-35,A,0.33,44.33,44.30251171875,19555.5,12319.55,7235.95,20.0,True,60,46
737,A-35,A,44.33,44.9,0.7537495727539063,19555.5,,,,False,120,46
738,A-38,A,0.0,24.0,24.330908203125,20037.0,18452.0,1585.0,8.0,False,120,46
739,A-38,A,35.4,38.4,2.9679150390625,25856.0,23785.0,2071.0,4.0,False,120,46
740,A-4,A,3.72,6.544,3.743321533203125,127110.0,117585.75,9524.25,4.0,False,120,28
741,A-4,A,6.544,45.23,38.6794765625,111263.28571428571,95630.71428571429,15632.57142857143,28.0,True,60,28
742,A-4,A,45.23,66.18,21.157470703125,35958.833333333336,27719.0,8239.833333333334,12.0,True,60,45
743,A-4,A,66.18,121.47,54.80683203125,24701.1,19072.45,5628.65,20.0,True,60,45
744,A-4,A,121.47,170.28,49.48398828125,20200.068965517243,15157.965517241379,5042.103448275862,29.0,True,60,13
745,A-4,A,170.28,292.74,116.5915,20923.964285714286,14773.30357142857,6150.660714285715,56.0,True,60,13
746,A-4,A,292.74,408.61,107.8256171875,22371.609375,17211.015625,5160.59375,64.0,True,60,14
747,A-4,A,408.61,536.7,127.2929921875,26516.970588235294,22243.308823529413,4273.661764705882,68.0,True,60,41
748,A-4,A,544.68,558.0,13.613447265625,45096.92307692308,40281.0,4815.923076923077,13.0,True,60,41
749,A-4,A,558.0,558.2,0.204410400390625,38164.0,33887.0,4277.0,5.0,True,60,41
750,A-4,A,558.2,558.5,0.30657489013671874,26516.970588235294,,,,False,120,41
751,A-4,A,558.5,566.5,7.67526318359375,12264.5,11250.75,1013.75,4.0,False,120,41
752,A-4,A,627.87,628.36,0.489032958984375,26516.970588235294,,,,False,120,11
753,A-4,A,628.36,631.59,3.12467724609375,9891.0,8612.0,1279.0,4.0,True,60,11
754,A-4,A,631.59,669.19,38.39604296875,34453.58823529412,32478.08823529412,1975.5,34.0,True,60,11
755,A-40,A,89.24,117.6,28.5026875,11695.0,10274.333333333334,1420.6666666666667,12.0,False,120,45
756,A-40,A,118.68,141.07,22.121396484375,3292.75,2748.25,544.5,12.0,False,120,45
757,A-40,A,180.055,227.2,49.3524453125,4385.083333333333,3159.25,1225.8333333333333,24.0,False,120,45
758,A-40,A,230.2,309.86,80.025765625,5172.805555555556,4787.305555555556,385.5,36.0,False,120,16
759,A-41,A,161.15,162.38,2.48184912109375,9313.791666666666,,,,False,120,13
760,A-41,A,162.38,196.86,34.41980078125,9313.791666666666,8458.583333333334,855.2083333333334,24.0,True,60,13
761,A-42,A,3.71,77.47,73.1348203125,71908.94029850746,67607.20895522388,4301.731343283582,67.0,False,120,45
762,A-43,A,0.0,51.04,50.4732578125,10272.208333333334,8550.916666666666,1721.2916666666667,24.0,True,60,13
763,A-43,A,51.04,91.59,40.01759375,9281.625,5734.541666666667,3547.0833333333335,24.0,True,60,13
764,A-43,A,91.59,146.93,55.28315625,10205.125,6572.9375,3632.1875,16.0,True,60,02
765,A-43,A,146.93,175.11,28.35954296875,7208.75,4435.75,2773.0,20.0,True,60,16
766,A-44,A,0.0,3.11,4.4516796875,19705.5,15821.75,3883.75,4.0,True,60,23
767,A-44,A,3.11,36.86,33.66700390625,21904.25,18039.5,3864.75,16.0,True,60,23
768,A-44,A,36.86,115.2,78.22825,21788.375,18477.375,3311.0,32.0,True,60,23
769,A-44,A,115.2,142.158,26.31034375,12262.15,10799.5,1462.65,20.0,False,120,18
770,A-44,A,142.158,142.16,0.0012124370336532592,21788.375,,,,False,120,18
771,A-44,A,142.16,183.98,41.7912421875,26831.875,24985.75,1846.125,24.0,True,60,18
772,A-45,A,0.0,98.54,98.6178671875,16033.479166666666,14103.458333333334,1930.0208333333333,48.0,True,60,14
773,A-45,A,98.54,114.18,15.6523037109375,25527.625,22432.125,3095.5,8.0,True,60,29
774,A-45,A,114.18,142.13,27.972115234375,35677.0,31433.666666666668,4243.333333333333,12.0,True,60,29
775,A-45,A,142.13,142.18,0.050057727813720705,25527.625,,,,True,60,29
776,A-45,A,142.18,142.58,0.40028167724609376,25527.625,,,,False,120,29
777,A-48,A,0.0,36.36,37.084109375,31709.333333333332,30169.5,1539.8333333333333,24.0,False,120,11
778,A-49,A,0.0,87.85,87.7665,52178.55,47481.7,4696.85,60.0,True,60,21
779,A-49,A,87.85,132.86,45.13773828125,14215.0,12916.17857142857,1298.8214285714287,28.0,True,60,21
780,A-4A,A,213.79,215.37,3.112847900390625,1672.5,1590.5,82.0,4.0,False,120,13
781,A-4R1,A,1.25,2.828,1.578,5740.9375,,,,False,120,11
782,A-4R2,A,0.0,1.475,1.47312939453125,5740.9375,,,,False,120,14
783,A-5,A,10.0,10.32,0.3149512023925781,19860.75,,,,False,120,28
784,A-5,A,10.32,16.13,5.996076171875,59617.85,55959.0,3658.85,20.0,True,60,28
785,A-5,A,16.13,34.54,18.6887421875,70306.5,66268.3,4038.2,20.0,True,60,28
786,A-5,A,34.54,75.16,40.59020703125,35369.0625,31939.0625,3430.0,16.0,True,60,45
787,A-5,A,75.16,185.06,112.9200625,22782.37254901961,19302.13725490196,3480.235294117647,51.0,True,60,45
788,A-5,A,185.06,248.03,57.2417578125,12560.791666666666,10356.0,2204.7916666666665,24.0,True,60,10
789,A-5,A,248.03,315.53,66.712875,9724.425,7836.125,1888.3,40.0,True,60,10
790,A-5,A,315.53,339.08,23.75162890625,16128.333333333334,12787.416666666666,3340.9166666666665,12.0,True,60,06
791,A-5,A,339.08,343.14,4.13739013671875,22955.5,19137.25,3818.25,4.0,True,60,06
792,A-5,A,343.14,379.92,37.38540625,17659.625,15055.875,2603.75,16.0,True,60,06
793,A-5,A,379.92,394.34,14.6228984375,19860.75,16838.5,3022.25,4.0,True,60,06
794,A-5,A,394.34,407.82,13.400302734375,11387.5,8707.9375,2679.5625,16.0,True,60,06
795,A-5,A,407.82,407.821,0.0008938354849815369,19860.75,,,,True,60,06
796,A-50,A,0.84,96.85,96.0550625,8516.5,7532.607142857143,983.8928571428571,28.0,True,60,05
797,A-50,A,96.85,99.52,2.857583251953125,13715.25,12215.25,1500.0,4.0,True,60,37
798,A-50,A,99.52,100.14,1.1496983642578125,11115.875,,,,True,60,37
799,A-52,A,0.0,0.22,0.23211561584472656,17006.333333333332,,,,False,120,49
800,A-52,A,0.22,160.75,160.504390625,9075.136363636364,6929.681818181818,2145.4545454545455,44.0,True,60,49
801,A-52,A,160.75,229.3,68.6535703125,14088.291666666666,11695.583333333334,2392.7083333333335,24.0,True,60,32
802,A-52,A,229.3,240.31,10.883279296875,28114.5,25124.0,2990.5,4.0,True,60,32
803,A-52,A,240.31,306.15,66.169578125,19924.375,17414.208333333332,2510.1666666666665,24.0,True,60,36
804,A-52,A,306.15,306.152,0.0038575332164764403,17006.333333333332,,,,False,120,36
805,A-54,A,0.0,38.1,38.207484375,4747.75,4016.875,730.875,16.0,True,60,27
806,A-54,A,38.1,49.8,11.9360107421875,7593.739130434783,,,,True,60,27
807,A-54,A,65.9,84.4,18.105462890625,7593.739130434783,6831.04347826087,762.695652173913,23.0,True,60,15
808,A-54,A,84.4,92.64,8.2707763671875,17807.166666666668,15891.916666666666,1915.25,12.0,True,60,15
809,A-54,A,92.64,93.4,0.8461102905273438,7593.739130434783,,,,True,60,15
810,A-55,A,0.0,2.74,2.584809326171875,36506.3125,,,,True,60,36
811,A-55,A,2.74,7.78,5.003220703125,34828.5,33745.0,1083.5,4.0,True,60,36
812,A-55,A,7.78,14.14,6.288935546875,60823.5,56747.75,4075.75,4.0,True,60,36
813,A-55,A,14.14,26.78,12.4244423828125,38184.125,34039.375,4144.75,8.0,True,60,36
814,A-8,A,379.36,383.13,3.830447998046875,19788.25,18358.5,1429.75,4.0,True,60,33
815,A-8,A,383.13,390.85,7.26055517578125,46297.75,42790.75,3507.0,4.0,True,60,33
816,A-8,A,390.85,399.37,8.4325244140625,59777.25,55259.25,4518.0,4.0,True,60,33
817,A-8,A,399.37,417.34,18.122994140625,21868.0625,19984.4375,1883.625,16.0,True,60,33
818,A-8,A,417.34,424.696,7.3043115234375,19636.625,17817.125,1819.5,8.0,True,60,33
819,A-8,A,424.696,424.7,0.003750382900238037,19712.4375,,,,True,60,33
820,A-8,A,424.7,465.03,40.252484375,12580.055555555555,11037.638888888889,1542.4166666666667,36.0,True,60,33
821,A-8,A,465.03,501.48,36.22377734375,11138.916666666666,9357.0,1781.9166666666667,24.0,True,60,33
822,A-8,A,501.48,523.61,22.060392578125,9596.95,7990.35,1606.6,20.0,True,60,27
823,A-8,A,523.61,534.81,11.2229921875,8628.125,7228.0,1400.125,8.0,True,60,27
824,A-8,A,534.81,553.0,18.241056640625,7663.25,6416.5,1246.75,8.0,True,60,27
825,A-8,A,553.0,593.04,40.60875,9052.28125,7716.40625,1335.875,32.0,True,60,27
826,A-91,A,0.25,17.98,17.674291015625,10944.5,8798.0,2146.5,4.0,True,60,30
827,A-92,A,0.0,7.4,7.2836552734375,12746.375,,,,True,60,41
828,A-92,A,7.4,152.44,145.516453125,12746.375,,,,True,60,41
829,A-92,A,152.44,176.68,23.98074609375,12746.375,,,,True,60,29
830,A-92,A,176.68,241.08,64.153953125,12746.375,,,,True,60,18
831,A-92,A,241.08,295.5,54.26487109375,12746.375,,,,True,60,18
832,A-92,A,295.5,375.3,79.6964140625,12746.375,,,,True,60,04
833,A-92,A,375.465,392.82,17.884591796875,12746.375,11217.75,1528.625,8.0,False,120,04
834,AP-1,AP,1.65,77.2,75.6348984375,24477.541666666668,16398.666666666668,8078.875,24.0,True,60,09
835,AP-1,AP,77.2,83.06,6.34506640625,24477.541666666668,,,,True,60,01
836,AP-1,AP,101.0,114.3,13.312796875,24477.541666666668,,,,True,60,01
837,AP-1,AP,114.3,145.406,31.771291015625,24477.541666666668,,,,True,60,20
838,AP-1,AP,145.406,146.15,1.225040283203125,24477.541666666668,,,,False,120,20
839,AP-2,AP,18.126,18.56,0.3430542297363281,13809.712422360248,,,,False,120,50
840,AP-2,AP,18.56,127.04,108.671546875,14881.739130434782,10103.91304347826,4777.826086956522,23.0,True,60,22
841,AP-2,AP,127.04,234.06,106.1468984375,12737.685714285713,9458.828571428572,3278.8571428571427,35.0,True,60,25
842,AP-36,AP,0.0,122.02,122.5437109375,3195.8928571428573,2848.9285714285716,346.9642857142857,28.0,False,120,45
843,AP-36,AP,122.02,146.757,24.84319140625,8591.5,7153.25,1438.25,16.0,False,120,16
844,AP-4,AP,13.5,78.91,66.0515625,27301.285714285714,23939.04761904762,3362.2380952380954,21.0,True,60,41
845,AP-4,AP,78.91,84.75,5.6952080078125,28737.0,25190.25,3546.75,4.0,True,60,11
846,AP-4,AP,84.75,105.35,20.609724609375,19805.6,18238.6,1567.0,5.0,True,60,11
847,AP-4,AP,105.35,105.36,0.0121406192779541,27301.285714285714,,,,False,120,11
848,AP-41,AP,0.0,47.6,48.45025390625,1462.375,1414.59375,47.78125,32.0,False,120,45
849,AP-46,AP,1.0,23.0,22.9738046875,13731.75,12071.75,1660.0,4.0,False,120,29
850,AP-4A,AP,12.58,15.42,2.939207763671875,27367.0,24381.666666666668,2985.3333333333335,3.0,False,120,41
851,AP-51,AP,80.83,104.9,23.40711328125,9374.625,8658.875,715.75,8.0,True,60,05
852,AP-53,AP,0.0,56.6,56.67040625,8215.638888888889,7677.333333333333,538.3055555555555,36.0,False,120,36
853,AP-6,AP,39.56,39.59,0.025935239791870117,23234.25,,,,False,120,28
854,AP-6,AP,39.59,61.03,21.3928671875,31946.8125,27598.9375,4347.875,16.0,True,60,28
855,AP-6,AP,61.03,81.37,20.287953125,23234.25,19694.25,3540.0,4.0,True,60,40
856,AP-6,AP,81.37,109.61,28.151125,13732.9375,11280.25,2452.6875,16.0,True,60,40
857,AP-61,AP,61.0,88.61,27.22223046875,8733.1875,7891.3125,841.875,16.0,False,120,40
858,AP-66,AP,65.1,143.1,78.3544375,7802.1875,6558.4375,1243.75,16.0,True,60,24
859,AP-68,AP,0.0,22.41,22.353169921875,25966.875,22220.6875,3746.1875,16.0,True,60,48
860,AP-68,AP,22.41,36.47,14.0242412109375,23201.0,19243.833333333332,3957.1666666666665,6.0,True,60,01
861,AP-68,AP,36.47,68.82,32.267857421875,10032.0,8310.0,1722.0,6.0,True,60,01
862,AP-68,AP,68.82,77.597,8.7546513671875,7091.714285714285,5864.428571428572,1227.2857142857142,7.0,True,60,01
863,AP-68,AP,77.597,118.43,40.72934375,10308.5,7702.416666666667,2606.0833333333335,12.0,True,60,26
864,AP-68,AP,118.43,209.16,90.4995546875,11083.9375,7800.25,3283.6875,32.0,True,60,26
865,AP-68,AP,209.16,272.48,63.15916015625,11469.6875,9342.75,2126.9375,16.0,True,60,50
866,AP-68,AP,272.48,291.83,19.300869140625,14168.5,12102.875,2065.625,8.0,True,60,50
867,AP-68,AP,291.83,293.766,1.9311068115234375,11276.8125,,,,True,60,50
868,AP-68,AP,293.766,294.8,1.0313568115234375,11276.8125,,,,True,60,50
869,AP-71,AP,0.0,37.43,37.80493359375,5500.3125,4440.5,1059.8125,16.0,False,120,24
870,AP-71,AP,37.43,37.71,0.2827825317382813,5500.3125,,,,False,120,24
871,AP-7N,AP,0.0,0.08,0.07963019561767579,28489.0,17017.333333333332,11471.666666666666,3.0,False,120,
872,AP-7N,AP,0.08,71.65,71.76378125,40717.29787234042,28515.85106382979,12201.446808510638,47.0,True,60,17
873,AP-7N,AP,71.65,135.97,64.39703515625,66095.58064516129,52623.51612903226,13472.064516129032,31.0,True,60,08
874,AP-7N,AP,135.97,147.42,11.4296015625,116980.66666666667,92035.76190476191,24944.904761904763,21.0,True,60,08
875,AP-7N,AP,147.42,162.62,15.011248046875,100440.3125,77933.625,22506.6875,16.0,True,60,08
876,AP-7N,AP,162.62,171.24,8.502255859375,77311.0,60586.25,16724.75,4.0,True,60,08
877,AP-7N,AP,171.24,212.55,41.37816015625,61778.75,47939.32142857143,13839.42857142857,28.0,True,60,08
878,AP-7N,AP,212.55,252.02,39.53094921875,44623.125,34675.625,9947.5,16.0,True,60,43
879,AP-7N,AP,252.02,258.5,6.47276171875,28260.2,21480.4,6779.8,5.0,True,60,43
880,AP-7N,AP,258.5,365.55,107.2029921875,26593.21212121212,17735.454545454544,8857.757575757576,33.0,True,60,43
881,AP-7N,AP,365.55,433.48,67.3726640625,24994.1875,16220.8125,8773.375,16.0,True,60,12
882,AP-7N,AP,433.48,475.47,42.06920703125,34621.53333333333,24808.2,9813.333333333334,15.0,True,60,12
883,AP-7N,AP,475.47,480.0,4.16153759765625,60562.0,46499.0,14063.0,1.0,True,60,46
884,AP-7N,AP,526.78,674.42,146.326515625,28003.375,25288.25,2715.125,48.0,True,60,03
885,AP-7N,AP,674.42,676.3,1.8581373291015626,31663.0,29224.333333333332,2438.6666666666665,3.0,True,60,03
886,AP-7N,AP,676.3,706.5,30.43719921875,14520.5,13483.2,1037.3,10.0,True,60,03
887,AP-7N,AP,724.08,913.84,190.7360625,16078.066037735849,14494.481132075472,1583.5849056603774,106.0,False,120,30
888,N-1,N,115.56,118.8,3.221488525390625,2769.75,2545.25,224.5,4.0,False,120,40
889,N-1,N,146.6,160.55,13.468931640625,5262.25,4271.5,990.75,4.0,False,120,09
890,N-1,N,161.61,163.2,1.86378369140625,2712.75,1826.5,886.25,4.0,False,120,09
891,N-1,N,169.72,171.2,1.5043175048828126,436.25,334.75,101.5,4.0,False,120,09
892,N-1,N,176.3,177.4,1.0215247802734375,100.5,77.75,22.75,4.0,False,120,09
893,N-1,N,185.16,186.9,2.15049169921875,243.75,187.75,56.0,4.0,False,120,09
894,N-1,N,195.18,197.825,2.766902099609375,1031.25,798.0,233.25,4.0,False,120,09
895,N-120,N,569.67,574.37,4.778056640625,8231.875,7643.375,588.5,8.0,False,120,32
896,N-120,N,574.37,602.75,28.42386328125,4583.05,4194.45,388.6,20.0,False,120,32
897,N-120,N,603.98,605.54,1.51307763671875,996.5,934.25,62.25,4.0,False,120,32
898,N-120,N,607.39,642.85,35.64178125,1690.1666666666667,1606.75,83.41666666666667,12.0,False,120,36
899,N-120,N,644.9,653.4,8.2773173828125,10821.125,10354.875,466.25,8.0,False,120,36
900,N-120A,N,47.16,47.929,0.7802820434570312,1962.1875,,,,False,120,26
901,N-120A,N,84.8,85.7,0.9371910400390625,1962.1875,,,,False,120,32
902,N-120A,N,86.75,104.7,18.11030078125,2698.625,2459.25,239.375,8.0,False,120,32
903,N-120A,N,344.5,346.05,1.607526123046875,1962.1875,,,,False,120,24
904,N-120A,N,526.5,531.9,5.475751953125,1225.75,1073.75,152.0,4.0,False,120,27
905,N-120A,N,533.6,548.8,14.1389482421875,1962.1875,,,,False,120,27
906,N-121,N,0.0,6.61,6.65108984375,5059.25,4790.5,268.75,4.0,False,120,50
907,N-121,N,6.99,30.31,23.728771484375,5059.25,,,,False,120,31
908,N-121,N,36.85,72.57,34.96509375,5059.25,,,,False,120,31
909,N-122,N,49.4,98.125,47.902703125,5768.95,4131.4,1637.55,20.0,False,120,50
910,N-122,N,100.6,103.625,2.76429150390625,1051.0,929.25,121.75,4.0,False,120,42
911,N-122,N,105.975,106.3,0.5521189575195312,3401.153846153846,,,,False,120,42
912,N-122,N,107.5,107.53,0.029821266174316408,3401.153846153846,,,,False,120,42
913,N-122,N,107.53,148.07,40.6551875,4939.25,3678.0,1261.25,12.0,True,60,42
914,N-122,N,158.64,222.9,64.83396875,3140.75,2236.3125,904.4375,16.0,False,120,42
915,N-122,N,228.8,241.05,12.7066103515625,1210.5,823.5,387.0,4.0,False,120,42
916,N-122,N,241.05,268.38,26.98978125,3476.25,2315.0,1161.25,8.0,False,120,09
917,N-122,N,272.907,273.12,0.21574996948242187,3401.153846153846,,,,False,120,09
918,N-122,N,273.12,343.95,71.313078125,5738.375,4119.875,1618.5,16.0,False,120,47
919,N-122,N,395.8,417.64,21.8155546875,416.625,350.875,65.75,8.0,False,120,47
920,N-122,N,419.54,424.24,5.56118798828125,3401.153846153846,,,,False,120,49
921,N-122,N,426.993,455.38,28.2330390625,2628.75,2344.9,283.85,20.0,False,120,49
922,N-122,N,457.8,458.93,1.217814453125,7134.75,6993.75,141.0,4.0,False,120,49
923,N-122,N,458.93,459.31,0.40944021606445313,3401.153846153846,,,,False,120,49
924,N-122,N,459.31,464.5,5.59322705078125,3401.153846153846,,,,False,120,49
925,N-122,N,464.5,537.32,73.5507265625,3401.153846153846,2437.730769230769,963.4230769230769,26.0,True,60,49
926,N-122,N,537.32,537.325,0.005099445819854736,3401.153846153846,,,,False,120,49
927,N-122A,N,85.615,86.0,0.32938177490234377,1050.375,,,,False,120,50
928,N-122A,N,248.23,252.25,4.234451171875,1118.5,949.25,169.25,4.0,False,120,09
929,N-122A,N,535.4,538.17,3.832443603515625,982.25,651.0,331.25,4.0,False,120,49
930,N-123,N,0.0,37.236,37.51805859375,4698.2,4304.5,393.7,20.0,False,120,22
931,N-123A,N,21.37,37.233,15.733703125,1945.0,1764.75,180.25,8.0,False,120,22
932,N-123B,N,38.023,42.96,5.23017431640625,5740.9375,,,,False,120,22
933,N-124,N,39.0,45.99,7.04678271484375,7177.083333333333,6385.083333333333,792.0,12.0,False,120,26
934,N-124,N,45.99,60.03,13.6232138671875,7177.083333333333,,,,False,120,01
935,N-1A,N,288.9,290.1,1.2368074951171875,186.25,133.5,52.75,4.0,False,120,09
936,N-1A,N,294.66,296.0,1.5423701171875,152.75,133.5,19.25,4.0,False,120,09
937,N-1A,N,297.324,297.924,0.5236219482421876,3481.625,,,,False,120,09
938,N-1R,N,321.45,323.28,1.8808765869140625,9281.5,7379.0,1902.5,4.0,False,120,09
939,N-2,N,70.7,73.47,3.000806396484375,710.5,518.0,192.5,4.0,False,120,19
940,N-2,N,126.06,129.13,2.951189453125,121.25,88.75,32.5,4.0,False,120,19
941,N-2,N,141.51,143.725,2.705031982421875,6647.836206896552,,,,False,120,42
942,N-2,N,146.175,167.4,20.712798828125,504.6666666666667,368.1666666666667,136.5,12.0,False,120,42
943,N-2,N,176.895,178.785,1.743614990234375,6647.836206896552,,,,False,120,42
944,N-2,N,203.65,219.025,14.99629296875,770.0,740.25,29.75,4.0,False,120,50
945,N-2,N,221.6,234.01,12.609234375,1254.75,1205.25,49.5,4.0,False,120,50
946,N-2,N,244.1,252.6,8.8028115234375,65.25,63.25,2.0,4.0,False,120,50
947,N-2,N,326.9,329.6,2.714535888671875,11753.0,10858.333333333334,894.6666666666666,3.0,False,120,50
948,N-2,N,329.6,431.01,100.672609375,5752.172413793103,3361.206896551724,2390.9655172413795,29.0,False,120,50
949,N-2,N,503.39,504.84,1.16225927734375,5375.0,5183.5,191.5,8.0,False,120,25
950,N-2,N,585.0,586.75,1.6141236572265625,46447.75,41291.5,5156.25,4.0,True,60,08
951,N-2,N,586.75,587.15,0.393052490234375,6647.836206896552,,,,True,60,08
952,N-2,N,682.0,692.54,10.1410146484375,20612.5,19317.75,1294.75,4.0,False,120,17
953,N-2,N,709.0,730.7,21.485802734375,10387.0,9706.416666666666,680.5833333333334,12.0,False,120,17
954,N-2,N,734.0,759.49,25.75590234375,14807.125,13024.875,1782.25,16.0,False,120,17
955,N-2,N,759.49,759.78,0.30301397705078126,6647.836206896552,,,,False,120,17
956,N-2,N,759.78,772.48,12.6716748046875,12387.625,11204.5,1183.125,8.0,False,120,17
957,N-2,N,772.48,774.21,1.721717041015625,18177.25,16692.0,1485.25,4.0,False,120,17
958,N-2,N,774.21,776.39,2.28299658203125,6647.836206896552,,,,False,120,17
959,N-2,N,776.39,776.85,0.4746610412597656,6647.836206896552,,,,False,120,17
960,N-2,N,776.85,779.59,2.8915380859375,7543.5,7163.5,380.0,4.0,False,120,17
961,N-204,N,0.0,67.0,66.730984375,1177.0625,1065.1875,111.875,16.0,False,120,19
962,N-211,N,0.72,108.45,108.2683125,1860.0357142857142,1465.7857142857142,394.25,28.0,False,120,19
963,N-211,N,119.71,240.57,119.9110625,2092.15,1792.9,299.25,40.0,False,120,44
964,N-211,N,242.146,330.18,85.3687734375,3512.75,3099.25,413.5,32.0,False,120,50
965,N-211A,N,130.35,133.714,4.202716796875,131.25,,,,False,120,44
966,N-211A,N,134.5,135.77,1.33102587890625,131.25,,,,False,120,44
967,N-232A,N,399.518,402.35,3.147232177734375,183.5,,,,False,120,26
968,N-232A,N,454.9,455.0,0.09540062713623047,183.5,,,,False,120,26
969,N-232B,N,131.74,132.95,1.374,628.0,572.5,55.5,4.0,False,120,44
970,N-234,N,0.0,3.71,3.671614990234375,5552.0,3973.25,1578.75,4.0,False,120,46
971,N-234,N,5.38,8.325,2.9786494140625,1919.65,,,,False,120,46
972,N-234,N,17.78,21.88,5.63212109375,165.25,119.25,46.0,4.0,False,120,12
973,N-234,N,24.95,25.53,0.4471841125488281,1919.65,,,,False,120,12
974,N-234,N,25.69,27.13,1.4291591796875,1919.65,,,,False,120,12
975,N-234,N,35.67,48.27,13.1128154296875,856.5,612.375,244.125,8.0,False,120,12
976,N-234,N,57.18,83.3,26.12305078125,1251.125,907.25,343.875,8.0,False,120,44
977,N-234,N,93.0,96.53,3.46069921875,397.75,345.0,52.75,4.0,False,120,44
978,N-234,N,108.99,256.41,143.85178125,2976.25,2664.1805555555557,312.06944444444446,72.0,False,120,44
979,N-234,N,259.5,344.715,85.0055546875,1919.65,1540.375,379.275,40.0,False,120,50
980,N-234,N,345.8,350.23,4.45864501953125,2053.25,1862.75,190.5,4.0,False,120,42
981,N-234,N,351.5,482.2,130.4364140625,3583.0943396226417,3070.2830188679245,512.811320754717,53.0,False,120,09
982,N-234A,N,235.435,236.7,1.8928406982421875,110.0,73.5,36.5,4.0,False,120,50
983,N-234A,N,435.71,440.0,4.40503515625,238.625,,,,False,120,09
984,N-234A,N,449.68,450.38,1.1324295654296874,367.25,304.5,62.75,4.0,False,120,09
985,N-235,N,10.95,11.72,0.5720863647460938,13603.5,11882.0,1721.5,4.0,False,120,43
986,N-238,N,0.0,8.89,8.886056640625,4705.5,4375.75,329.75,4.0,False,120,12
987,N-240,N,0.82,3.784,3.069170654296875,21087.375,20322.25,765.125,8.0,False,120,43
988,N-240,N,3.784,18.15,14.8757333984375,8683.916666666666,8142.5,541.4166666666666,12.0,False,120,43
989,N-240,N,18.97,35.385,16.545291015625,4655.75,4143.5,512.25,8.0,False,120,43
990,N-240,N,35.385,36.49,1.113781494140625,5838.25,,,,False,120,43
991,N-240,N,36.49,87.95,51.86851953125,7020.75,5895.55,1125.2,20.0,False,120,25
992,N-240,N,87.95,89.729,1.79313330078125,8173.285714285715,6024.142857142857,2149.1428571428573,7.0,False,120,25
993,N-240,N,103.6,128.85,25.5524453125,1236.0625,1072.9375,163.125,16.0,False,120,25
994,N-320A,N,241.28,247.0,6.89102392578125,240.125,219.75,20.375,8.0,False,120,19
995,N-320A,N,265.03,271.0,5.933396484375,443.25,387.0,56.25,4.0,False,120,19
996,N-322,N,117.75,124.77,7.1387646484375,2436.8571428571427,,,,False,120,23
997,N-322,N,124.77,125.69,0.9355556640625,2436.8571428571427,,,,True,60,23
998,N-322,N,125.69,137.371,11.8786796875,943.75,845.75,98.0,4.0,True,60,23
999,N-322,N,138.559,145.9,7.29519287109375,3992.0,3750.0,242.0,4.0,False,120,23
1000,N-322,N,149.8,185.9,33.71933203125,5853.6875,5373.25,480.4375,16.0,False,120,23
1001,N-322,N,192.6,245.38,49.81598828125,2351.75,2016.0625,335.6875,16.0,False,120,23
1002,N-322,N,245.38,347.2,100.177953125,2436.8571428571427,2160.8928571428573,275.9642857142857,28.0,False,120,02
1003,N-322,N,347.2,356.62,9.2680673828125,6398.75,5685.875,712.875,8.0,True,60,02
1004,N-322,N,356.62,361.75,5.047240234375,13056.5,11183.5,1873.0,4.0,True,60,02
1005,N-322,N,361.75,425.6,62.8203125,2115.3333333333335,1773.5833333333333,341.75,36.0,False,120,02
1006,N-322,N,425.6,455.95,30.149166015625,1536.5,1156.375,380.125,8.0,False,120,46
1007,N-322A,N,126.0,126.9,1.3949393310546876,106.0,101.25,4.75,4.0,False,120,23
1008,N-322A,N,186.2,187.2,0.8377293701171875,2620.75,2510.5,110.25,4.0,False,120,23
1009,N-322A,N,206.3,207.4,1.1461558837890624,1029.75,989.5,40.25,4.0,False,120,23
1010,N-322A,N,394.95,409.0,14.1337138671875,1353.5,1300.25,53.25,4.0,False,120,02
1011,N-322A,N,423.8,425.8,2.162477294921875,157.5,152.0,5.5,4.0,False,120,02
1012,N-323,N,1.0,12.9,12.7697294921875,4498.875,,,,False,120,23
1013,N-323,N,15.05,32.72,17.715173828125,4498.875,,,,False,120,23
1014,N-323,N,37.98,40.48,2.484303955078125,4498.875,,,,False,120,23
1015,N-323,N,46.0,65.24,19.68161328125,4498.875,,,,False,120,23
1016,N-323,N,166.97,186.634,19.69169921875,1710.875,1606.875,104.0,8.0,False,120,18
1017,N-330,N,609.3,624.625,15.208259765625,4163.5,3630.375,533.125,8.0,False,120,22
1018,N-330,N,625.6,632.85,7.21915673828125,6484.5,5751.625,732.875,8.0,True,60,22
1019,N-330,N,632.85,643.47,10.684115234375,718.5,646.5,72.0,4.0,True,60,22
1020,N-330,N,643.47,646.42,3.286138671875,2176.5,2006.0,170.5,2.0,True,60,22
1021,N-330,N,646.42,672.28,25.528896484375,3089.4166666666665,2640.8333333333335,448.5833333333333,12.0,True,60,22
1022,N-330A,N,135.575,140.6,5.12007666015625,498.875,,,,False,120,46
1023,N-330A,N,160.885,161.65,0.8547168579101563,360.0,305.5,54.5,2.0,False,120,46
1024,N-330A,N,190.0,192.5,2.309413330078125,665.0,533.0,132.0,3.0,False,120,46
1025,N-330A,N,261.86,269.69,7.76486279296875,269.5,215.5,54.0,4.0,False,120,46
1026,N-330A,N,275.23,277.0,1.6772606201171876,238.25,191.5,46.75,4.0,False,120,46
1027,N-330A,N,585.87,590.5,5.3395693359375,498.875,,,,False,120,22
1028,N-330A,N,591.18,591.4,0.2407334442138672,498.875,,,,False,120,22
1029,N-330A,N,597.44,598.1,0.2576199645996094,498.875,,,,False,120,22
1030,N-330A,N,602.72,611.89,8.5074921875,19.0,13.0,6.0,1.0,False,120,22
1031,N-330A,N,629.85,631.0,1.6495787353515625,1043.0,985.6666666666666,57.333333333333336,3.0,False,120,22
1032,N-330A,N,643.21,645.69,2.13088330078125,4721.25,4447.0,274.25,4.0,False,120,22
1033,N-330A,N,646.67,648.82,2.339124755859375,498.875,,,,False,120,22
1034,N-330A,N,666.75,675.18,8.749677734375,637.75,600.75,37.0,4.0,False,120,22
1035,N-330B,N,673.28,675.18,2.342575927734375,443.75,357.25,86.5,4.0,False,120,22
1036,N-331,N,18.0,29.15,11.466,1157.0,1075.75,81.25,4.0,False,120,14
1037,N-331,N,34.03,50.2,16.932353515625,5307.166666666667,4941.333333333333,365.8333333333333,12.0,False,120,14
1038,N-331,N,57.21,67.85,10.6955205078125,2192.5,2043.625,148.875,8.0,False,120,14
1039,N-331,N,81.0,93.97,12.2277490234375,669.875,513.5,156.375,8.0,False,120,14
1040,N-331,N,100.1,102.59,2.60392431640625,502.25,369.25,133.0,4.0,False,120,14
1041,N-331,N,102.59,118.39,16.5225390625,281.375,220.25,61.125,8.0,False,120,29
1042,N-331,N,125.6,127.38,1.8607457275390624,11178.5,9519.25,1659.25,4.0,False,120,29
1043,N-331,N,127.38,133.135,5.7220263671875,1593.0,1310.25,282.75,4.0,False,120,29
1044,N-331R,N,0.0,0.076,0.08787825775146485,2762.0,,,,False,120,14
1045,N-331R,N,0.076,0.76,0.6977655029296875,2762.0,2582.0,180.0,4.0,False,120,14
1046,N-332,N,38.8,42.2,3.384534912109375,9280.75,9001.75,279.0,4.0,False,120,03
1047,N-332,N,42.2,54.4,12.188373046875,29085.875,28109.875,976.0,8.0,False,120,03
1048,N-332,N,54.4,62.36,7.2297841796875,16059.1875,,,,False,120,03
1049,N-332,N,62.36,71.7,9.3527607421875,25532.125,24648.375,883.75,8.0,False,120,03
1050,N-332,N,71.7,73.723,2.028007080078125,16059.1875,,,,False,120,03
1051,N-332,N,73.723,95.81,23.0110859375,24371.25,23280.25,1091.0,8.0,False,120,03
1052,N-337,N,0.0,2.5,2.68810595703125,12122.75,11321.5,801.25,4.0,False,120,46
1053,N-337,N,2.5,4.23,1.7748582763671874,467.5,414.75,52.75,4.0,False,120,46
1054,N-337A,N,0.0,1.6,1.56690869140625,12178.0,10579.0,1599.0,4.0,False,120,46
1055,N-338,N,0.0,1.96,2.20192529296875,27853.75,26733.25,1120.5,4.0,False,120,03
1056,N-338,N,1.96,5.15,3.583681640625,29365.833333333332,27969.166666666668,1396.6666666666667,6.0,True,60,03
1057,N-339,N,0.0,2.4,2.32354248046875,7615.0,7017.25,597.75,4.0,False,120,41
1058,N-340,N,10.29,15.43,5.8081728515625,3866.75,3694.5,172.25,4.0,False,120,11
1059,N-340,N,24.0,34.23,10.550087890625,647.25,618.75,28.5,4.0,False,120,11
1060,N-340,N,35.0,102.4,67.0453359375,9453.4375,9029.5625,423.875,16.0,False,120,11
1061,N-340,N,119.0,132.7,13.3864345703125,1149.75,1099.0,50.75,4.0,False,120,11
1062,N-340,N,296.0,355.0,58.58834765625,8016.0,7692.34375,323.65625,32.0,False,120,
1063,N-340,N,358.25,373.05,15.158259765625,860.25,805.0,55.25,4.0,False,120,
1064,N-340,N,374.65,383.82,8.9885185546875,486.25,452.125,34.125,8.0,False,120,04
1065,N-340,N,678.78,688.0,9.0439150390625,4952.5,4273.0,679.5,4.0,False,120,03
1066,N-340,N,688.0,688.4,0.4400254516601563,8246.168859649122,,,,False,120,03
1067,N-340,N,688.4,708.34,19.982474609375,8181.916666666667,7295.333333333333,886.5833333333334,12.0,False,120,03
1068,N-340,N,708.34,709.46,1.1254730224609375,8246.168859649122,,,,False,120,03
1069,N-340,N,709.46,709.98,0.5313424072265625,8246.168859649122,,,,False,120,03
1070,N-340,N,709.98,716.26,6.30421728515625,20632.25,19869.75,762.5,8.0,False,120,03
1071,N-340,N,716.26,726.1,9.5015263671875,14390.25,13681.75,708.5,4.0,False,120,03
1072,N-340,N,726.1,726.9,0.8233444213867187,8246.168859649122,,,,False,120,03
1073,N-340,N,726.9,730.4,3.54045556640625,11348.0,10804.0,544.0,4.0,False,120,03
1074,N-340A,N,419.8,420.25,2.599342529296875,6819.0,,,,False,120,04
1075,N-340A,N,431.82,438.455,6.706306640625,10291.25,10073.25,218.0,4.0,False,120,
1076,N-340A,N,438.455,438.485,0.03092770195007324,6819.0,,,,False,120,
1077,N-340A,N,438.485,439.35,0.91291943359375,29140.25,27282.5,1857.75,4.0,True,60,04
1078,N-340A,N,448.025,448.55,0.6202240600585938,6819.0,,,,False,120,04
1079,N-340A,N,449.43,452.36,3.0727529296875,14494.0,13704.0,790.0,4.0,False,120,04
1080,N-340A,N,453.088,454.02,0.925767578125,2330.25,2224.0,106.25,4.0,False,120,04
1081,N-340A,N,456.79,494.565,38.3276796875,2676.1875,2261.0,415.1875,16.0,False,120,04
1082,N-340A,N,497.62,519.65,21.570451171875,1737.5555555555557,1367.6666666666667,369.8888888888889,9.0,False,120,04
1083,N-340A,N,520.2,523.6,3.295473388671875,6819.0,,,,False,120,04
1084,N-340A,N,547.77,553.0,4.9476552734375,6819.0,,,,False,120,04
1085,N-340A,N,556.74,560.15,3.376264892578125,3685.0,3167.5,517.5,4.0,False,120,04
1086,N-340A,N,566.0,566.9,1.5365806884765625,6819.0,,,,False,120,04
1087,N-340A,N,969.48,970.07,0.9502694091796875,37461.5,35794.0,1667.5,4.0,False,120,12
1088,N-340A,N,970.07,971.35,1.295276123046875,6819.0,,,,False,120,12
1089,N-340A,N,978.55,981.3,3.841333740234375,8523.75,8257.75,266.0,4.0,False,120,12
1090,N-340A,N,1048.068,1058.27,10.2631484375,10572.0,10266.75,305.25,12.0,False,120,12
1091,N-340A,N,1081.75,1084.13,1.9599521484375,9525.25,9067.5,457.75,4.0,False,120,43
1092,N-340A,N,1089.145,1089.43,0.215510009765625,3867.3333333333335,3681.6666666666665,185.66666666666666,3.0,False,120,43
1093,N-340A,N,1159.8,1160.558,0.73740185546875,6819.0,,,,False,120,43
1094,N-340A,N,1171.435,1172.73,1.2789183349609374,6819.0,,,,False,120,43
1095,N-340A,N,1203.479,1203.845,0.33315707397460936,131.0,81.0,50.0,1.0,False,120,08
1096,N-340R,N,0.0,0.877,1.4354180908203125,13016.0,11769.0,1247.0,4.0,False,120,43
1097,N-341,N,0.0,17.57,17.27020703125,4296.875,3625.875,671.0,8.0,True,60,04
1098,N-342,N,83.06,98.667,15.4922080078125,550.0,462.75,87.25,8.0,False,120,30
1099,N-343,N,9.02,9.29,0.3843773193359375,5740.9375,,,,False,120,30
1100,N-344,N,8.64,9.585,1.096073974609375,4256.678571428572,,,,False,120,30
1101,N-344,N,30.89,44.106,12.6055009765625,1873.375,1719.875,153.5,8.0,False,120,30
1102,N-344,N,46.236,111.9,70.2458125,4256.678571428572,3058.0,1198.6785714285713,28.0,False,120,30
1103,N-344,N,115.2,120.9,5.85099072265625,10376.25,8287.25,2089.0,4.0,False,120,02
1104,N-345,N,0.0,7.175,6.9646328125,2381.75,2049.25,332.5,4.0,False,120,30
1105,N-346,N,0.0,0.62,0.8252144775390625,2764.25,2688.75,75.5,4.0,True,60,11
1106,N-403A,N,127.0,131.0,2.986175048828125,1750.25,,,,False,120,05
1107,N-420,N,48.74,187.9,136.19425,2544.1785714285716,2303.9464285714284,240.23214285714286,56.0,False,120,13
1108,N-420,N,230.61,231.24,1.3820660400390625,3328.3333333333335,2868.3333333333335,460.0,3.0,False,120,13
1109,N-420,N,325.44,432.46,106.6359921875,1663.25,1513.7857142857142,149.46428571428572,28.0,False,120,16
1110,N-420,N,434.86,541.278,106.1481640625,1371.0416666666667,1221.5416666666667,149.5,24.0,False,120,16
1111,N-420,N,580.72,656.4,74.854875,2203.6785714285716,1833.892857142857,369.7857142857143,28.0,False,120,44
1112,N-420,N,754.4,869.0,106.565546875,5293.159090909091,4753.931818181818,539.2272727272727,44.0,False,120,43
1113,N-420,N,878.67,879.52,0.6295745849609375,2373.9285714285716,,,,False,120,43
1114,N-420,N,887.566,887.73,0.15801165771484374,2373.9285714285716,,,,False,120,43
1115,N-420A,N,160.97,162.58,1.903658447265625,2406.75,2281.25,125.5,4.0,False,120,13
1116,N-420A,N,190.35,192.66,2.335681640625,267.0,,,,False,120,13
1117,N-420A,N,192.66,195.6,2.97257275390625,7279.0,6437.25,841.75,4.0,False,120,13
1118,N-420A,N,382.517,388.177,4.46957421875,18.25,16.75,1.5,4.0,False,120,16
1119,N-420A,N,490.0,493.7,3.343132080078125,9.5,9.0,0.5,4.0,False,120,16
1120,N-420A,N,526.3,529.2,2.7233974609375,81.66666666666667,72.33333333333333,9.333333333333334,3.0,False,120,46
1121,N-420A,N,584.34,586.58,2.780390869140625,2015.5,1875.0,140.5,4.0,False,120,44
1122,N-420A,N,795.3,797.52,2.824576416015625,73.75,62.0,11.75,4.0,False,120,43
1123,N-420A,N,813.8,814.79,0.6179352416992188,75.66666666666667,70.66666666666667,5.0,3.0,False,120,43
1124,N-420A,N,823.375,823.652,0.3102438049316406,470.3333333333333,421.0,49.333333333333336,3.0,False,120,43
1125,N-420A,N,825.025,826.16,1.153256591796875,267.0,228.5,38.5,4.0,False,120,43
1126,N-420A,N,829.84,830.485,0.571424072265625,4400.666666666667,4118.333333333333,282.3333333333333,3.0,False,120,43
1127,N-420A,N,851.725,856.805,5.1315634765625,20.25,18.75,1.5,4.0,False,120,43
1128,N-420A,N,878.09,880.05,1.642099853515625,1568.75,1420.25,148.5,4.0,False,120,43
1129,N-420B,N,768.48,769.28,0.6240385131835937,5740.9375,,,,False,120,44
1130,N-430,N,0.0,0.2,0.18271238708496093,2785.7869047619047,,,,False,120,06
1131,N-430,N,0.2,1.54,1.325183837890625,6610.0,6394.666666666667,215.33333333333334,3.0,False,120,06
1132,N-430,N,84.0,306.1,216.17315625,3615.7166666666667,2837.55,778.1666666666666,60.0,False,120,06
1133,N-430,N,306.676,308.6,1.8841002197265626,11654.25,11372.0,282.25,4.0,False,120,13
1134,N-430,N,310.25,310.8,0.5473009033203124,2785.7869047619047,,,,False,120,13
1135,N-430,N,311.85,314.3,2.532239501953125,2785.7869047619047,,,,False,120,13
1136,N-430,N,328.855,334.8,6.01304052734375,626.5,538.75,87.75,4.0,False,120,13
1137,N-430,N,344.71,361.68,17.54268359375,1955.857142857143,1698.5714285714287,257.2857142857143,7.0,False,120,13
1138,N-430,N,364.53,512.43,142.287765625,1362.673076923077,1217.9807692307693,144.69230769230768,52.0,False,120,02
1139,N-430A,N,167.109,168.356,1.41703369140625,602.75,,,,False,120,06
1140,N-430A,N,182.6,194.3,12.54049609375,22.75,16.0,6.75,4.0,False,120,06
1141,N-430A,N,427.5,428.281,1.2296351318359375,753.0,700.5,52.5,4.0,False,120,02
1142,N-430A,N,430.735,432.105,1.2176307373046875,602.75,,,,False,120,02
1143,N-430A,N,454.92,460.91,6.025001953125,2536.5,2343.25,193.25,4.0,False,120,02
1144,N-430A,N,589.82,595.62,5.8264541015625,2158.75,2035.0,123.75,4.0,False,120,02
1145,N-430C,N,0.0,1.465,1.5333560791015626,17027.428571428572,16093.57142857143,933.8571428571429,7.0,False,120,13
1146,N-430C,N,305.8,306.0,0.21110963439941408,17027.428571428572,,,,False,120,13
1147,N-431,N,79.525,85.93,6.50218505859375,3742.75,3592.25,150.5,4.0,False,120,21
1148,N-431,N,89.0,107.92,20.356865234375,6465.083333333333,6091.5,373.5833333333333,12.0,False,120,21
1149,N-431,N,113.33,115.6,2.337006103515625,11198.25,10545.75,652.5,4.0,False,120,21
1150,N-431,N,119.5,134.63,15.50834375,7168.416666666667,6777.583333333333,390.8333333333333,12.0,False,120,21
1151,N-432,N,0.0,1.69,1.5597945556640624,16808.0,15987.75,820.25,4.0,False,120,06
1152,N-432,N,1.69,72.0,69.935921875,5149.575,4597.125,552.45,40.0,False,120,06
1153,N-432,N,72.0,74.58,2.427590087890625,12541.25,11293.25,1248.0,4.0,False,120,06
1154,N-432,N,74.58,266.0,183.17971875,5504.215909090909,4727.852272727273,776.3636363636364,88.0,False,120,14
1155,N-432,N,276.0,431.315,148.62378125,5570.126582278481,5061.025316455696,509.1012658227848,79.0,False,120,14
1156,N-432,N,431.315,432.75,1.43118017578125,23904.5,22416.25,1488.25,4.0,False,120,18
1157,N-432A,N,0.31,0.75,0.46930828857421875,5657.25,5388.75,268.5,4.0,False,120,06
1158,N-432A,N,1.0,1.71,0.8523236083984375,1503.75,1418.0,85.75,4.0,False,120,06
1159,N-432A,N,20.16,25.22,6.3001962890625,1525.5,1281.25,244.25,4.0,False,120,06
1160,N-432A,N,40.58,45.86,6.6028623046875,3090.0,2594.5,495.5,4.0,False,120,06
1161,N-432A,N,153.66,156.27,2.7921435546875,1475.25,1337.25,138.0,4.0,False,120,06
1162,N-435A,N,32.68,35.26,2.870605712890625,446.625,,,,False,120,06
1163,N-435A,N,104.33,116.985,19.56728125,833.25,632.25,201.0,4.0,False,120,21
1164,N-435A,N,128.2,129.59,1.385580810546875,60.0,46.5,13.5,4.0,False,120,21
1165,N-435A,N,173.84,177.04,3.218431640625,26.25,20.25,6.0,4.0,False,120,21
1166,N-435A,N,203.9,220.123,17.0825625,4620.0,3893.1428571428573,726.8571428571429,7.0,False,120,21
1167,N-437,N,2.66,6.74,3.657040283203125,12376.25,11976.5,399.75,4.0,False,120,14
1168,N-442,N,4.78,7.1,2.3935283203125,19326.25,16947.25,2379.0,4.0,False,120,21
1169,N-442,N,7.1,17.87,10.67875390625,7608.25,6839.875,768.375,8.0,False,120,21
1170,N-444,N,0.0,4.27,4.54239404296875,4469.25,4295.5,173.75,4.0,False,120,21
1171,N-445,N,0.0,3.12,3.240008056640625,6184.75,5944.0,240.75,4.0,False,120,21
1172,N-446,N,0.0,1.87,2.1601162109375,4320.75,4152.75,168.0,4.0,False,120,21
1173,N-4A,N,81.952,83.243,1.5462440185546875,1142.25,879.25,263.0,4.0,False,120,45
1174,N-4A,N,243.1,257.72,13.5551494140625,65.75,61.75,4.0,4.0,False,120,23
1175,N-4A,N,503.32,506.9,3.56383251953125,2898.75,2674.75,224.0,4.0,False,120,41
1176,N-5,N,184.025,186.22,2.850794189453125,1752.25,,,,False,120,10
1177,N-5,N,193.596,231.828,37.9693671875,517.4,474.8,42.6,5.0,False,120,10
1178,N-5,N,254.152,254.818,0.6308082885742188,1752.25,,,,False,120,10
1179,N-5,N,254.818,259.334,4.46518505859375,1752.25,,,,False,120,10
1180,N-5,N,287.6,289.4,2.083146484375,1752.25,1460.25,292.0,4.0,False,120,10
1181,N-5,N,330.975,338.55,8.50835546875,3954.75,3491.0,463.75,4.0,False,120,06
1182,N-525,N,233.08,237.0,3.895453857421875,24915.5,23698.125,1217.375,8.0,False,120,32
1183,N-525,N,237.0,238.75,1.7386217041015626,4850.534375,,,,False,120,32
1184,N-6,N,574.9,576.2,1.266862060546875,3624.59375,,,,False,120,15
1185,N-6,N,576.2,582.16,5.9772431640625,17908.375,16493.875,1414.5,8.0,False,120,15
1186,N-6,N,582.16,583.4,1.2553394775390625,3624.59375,,,,False,120,15
1187,N-6,N,583.4,586.22,2.8300029296875,3624.59375,,,,False,120,15
1188,N-601,N,108.49,176.05,67.9917578125,4499.083333333333,3405.222222222222,1093.861111111111,36.0,False,120,47
1189,N-601,N,176.05,186.13,10.6172265625,34249.75,31952.75,2297.0,8.0,False,120,47
1190,N-601,N,195.6,195.71,0.11266880035400391,4499.083333333333,,,,False,120,47
1191,N-601,N,195.71,201.7,6.136060546875,517.75,459.0,58.75,4.0,False,120,47
1192,N-601,N,202.2,322.2,122.9254140625,3396.818181818182,2843.568181818182,553.25,44.0,False,120,47
1193,N-601,N,322.2,325.2,3.0731005859375,20170.25,19272.75,897.5,8.0,False,120,24
1194,N-603,N,62.42,90.966,28.525109375,5306.55,4687.15,619.4,20.0,False,120,40
1195,N-610,N,7.17,59.75,53.431078125,2497.035714285714,1565.7142857142858,931.3214285714286,28.0,False,120,34
1196,N-610,N,60.98,99.09,38.2150546875,1880.0625,947.6875,932.375,16.0,False,120,49
1197,N-610A,N,1.645,6.25,5.49888232421875,1753.0,1648.25,104.75,4.0,False,120,34
1198,N-611,N,13.66,135.35,121.7411953125,895.2173913043479,802.2608695652174,92.95652173913044,46.0,False,120,34
1199,N-611,N,135.665,137.1,1.5373077392578125,652.0,588.3333333333334,63.666666666666664,3.0,False,120,39
1200,N-611,N,139.62,172.2,32.878734375,1030.0,893.25,136.75,16.0,False,120,39
1201,N-611,N,176.2,180.0,4.4702548828125,3260.5,2680.5,580.0,4.0,False,120,39
1202,N-611,N,187.1,208.632,21.944220703125,8474.392857142857,8089.178571428572,385.2142857142857,28.0,False,120,39
1203,N-611A,N,111.97,116.3,4.39005126953125,530.5,499.75,30.75,4.0,False,120,34
1204,N-611A,N,129.025,129.425,0.35726150512695315,155.33333333333334,149.0,6.333333333333333,3.0,False,120,39
1205,N-611A,N,131.65,131.95,0.30910348510742186,25.666666666666668,24.0,1.6666666666666667,3.0,False,120,39
1206,N-620,N,42.13,44.72,2.6557890625,631.5,442.25,189.25,4.0,False,120,34
1207,N-620,N,76.413,87.0,11.364224609375,4575.416666666667,4023.8333333333335,551.5833333333334,12.0,False,120,34
1208,N-620,N,156.65,233.0,76.6697734375,1406.575,1292.05,114.525,40.0,False,120,49
1209,N-620,N,242.83,306.36,64.0260625,580.25,476.375,103.875,16.0,False,120,37
1210,N-620,N,308.77,322.35,13.72026953125,363.5,326.75,36.75,4.0,False,120,37
1211,N-620,N,329.17,350.53,22.61183984375,3489.5,3275.375,214.125,8.0,False,120,37
1212,N-620A,N,6.5,12.38,5.65856689453125,1618.25,1153.5,464.75,4.0,False,120,09
1213,N-620A,N,20.7,22.56,1.8249290771484374,2103.75,1772.0,331.75,4.0,False,120,09
1214,N-620A,N,24.5,25.64,1.2440006103515624,281.25,237.75,43.5,4.0,False,120,09
1215,N-620A,N,30.0,33.16,3.270181396484375,1089.75,993.75,96.0,4.0,False,120,09
1216,N-629,N,64.54,86.9,22.99984375,7152.541666666667,6731.291666666667,421.25,24.0,False,120,39
1217,N-629A,N,72.74,73.525,1.179251953125,882.0,808.6666666666666,73.33333333333333,3.0,False,120,39
1218,N-630,N,29.45,31.3,1.903957275390625,11331.0,10369.25,961.75,4.0,False,120,33
1219,N-630,N,33.87,48.09,14.557982421875,4113.25,3647.0,466.25,4.0,False,120,33
1220,N-630,N,67.21,143.0,76.6393671875,4171.035714285715,3851.9285714285716,319.10714285714283,28.0,False,120,24
1221,N-630,N,152.971,204.1,51.46450390625,2753.4761904761904,2360.7619047619046,392.7142857142857,21.0,False,120,24
1222,N-630,N,204.12,211.477,7.5118359375,3311.125,2827.5,483.625,8.0,False,120,49
1223,N-630,N,211.477,213.11,1.1158011474609375,3101.1111111111113,,,,False,120,49
1224,N-630,N,219.294,272.471,54.64746875,631.9411764705883,567.7647058823529,64.17647058823529,17.0,False,120,49
1225,N-630,N,283.34,336.02,53.9552890625,1347.6785714285713,1246.857142857143,100.82142857142857,28.0,False,120,37
1226,N-630,N,337.9,339.3,1.61652685546875,7292.25,7094.5,197.75,4.0,False,120,37
1227,N-630,N,339.3,339.75,0.43372219848632815,3101.1111111111113,,,,False,120,37
1228,N-630,N,339.75,340.55,0.7711402587890624,3101.1111111111113,,,,False,120,37
1229,N-630,N,340.55,342.31,1.73033154296875,21511.25,20897.5,613.75,4.0,False,120,37
1230,N-630,N,342.31,387.9,45.35075390625,3242.5,3084.5625,157.9375,16.0,False,120,37
1231,N-630,N,423.236,436.75,13.340572265625,828.875,729.75,99.125,8.0,False,120,10
1232,N-630,N,438.775,474.5,33.7119296875,3520.95,3207.0,313.95,20.0,False,120,10
1233,N-630,N,474.5,475.768,1.28256396484375,9565.5,8950.0,615.5,4.0,False,120,10
1234,N-630,N,475.768,546.398,70.768765625,1286.8333333333333,1174.6666666666667,112.16666666666667,24.0,False,120,10
1235,N-630,N,546.398,556.5,9.6092392578125,16316.916666666666,15622.25,694.6666666666666,12.0,False,120,10
1236,N-630,N,556.5,618.46,61.95101171875,796.3333333333334,744.8333333333334,51.5,24.0,False,120,10
1237,N-630,N,625.2,647.4,22.296408203125,2377.0833333333335,2126.5833333333335,250.5,12.0,False,120,06
1238,N-630,N,652.89,689.5,35.86033203125,2959.722222222222,2768.5,191.22222222222223,18.0,False,120,06
1239,N-630,N,698.72,744.31,45.853515625,804.9583333333334,721.9583333333334,83.0,24.0,False,120,06
1240,N-630,N,745.8,768.075,22.14646875,311.125,293.625,17.5,8.0,False,120,21
1241,N-630,N,769.615,788.65,19.4628671875,541.6923076923077,505.46153846153845,36.23076923076923,13.0,False,120,41
1242,N-630,N,790.56,805.73,15.8925009765625,1601.25,1491.1875,110.0625,16.0,False,120,41
1243,N-630,N,808.6,809.25,0.6591557006835937,3101.1111111111113,,,,False,120,41
1244,N-630,N,809.25,810.25,1.5476180419921874,12888.5,12171.75,716.75,4.0,False,120,41
1245,N-630,N,813.2,817.3,3.3173046875,44139.75,43239.0,900.75,8.0,False,120,41
1246,N-630A,N,142.51,142.9,0.39676751708984376,14299.0,13305.5,993.5,4.0,False,120,24
1247,N-630A,N,306.14,308.024,1.84201708984375,227.75,223.75,4.0,4.0,False,120,49
1248,N-630A,N,390.9,393.032,2.370357666015625,3960.25,3755.5,204.75,4.0,False,120,37
1249,N-630A,N,397.976,399.817,1.8524366455078125,135.75,129.0,6.75,4.0,False,120,37
1250,N-630A,N,403.605,414.0,11.2879072265625,11529.0,11252.0,277.0,1.0,False,120,37
1251,N-630A,N,415.0,423.34,8.3500673828125,891.0,873.5,17.5,4.0,False,120,37
1252,N-630A,N,471.35,472.395,1.0122913818359376,2425.625,,,,False,120,10
1253,N-631,N,0.0,56.68,56.65188671875,2173.85,1940.85,233.0,20.0,False,120,49
1254,N-632,N,0.0,13.615,13.59893359375,3575.5714285714284,3393.8571428571427,181.71428571428572,7.0,False,120,33
1255,N-632,N,31.208,65.0,33.9226171875,429.3125,377.4375,51.875,16.0,False,120,33
1256,N-632,N,95.61,124.8,28.785130859375,7756.05,7497.05,259.0,20.0,False,120,33
1257,N-632,N,144.83,149.082,4.20972509765625,3575.5714285714284,,,,False,120,33
1258,N-632A,N,96.75,98.26,1.485755126953125,196.75,,,,True,60,33
1259,N-632A,N,98.26,100.7,2.426084716796875,196.75,,,,False,120,33
1260,N-632A,N,124.812,131.0,6.27388427734375,196.75,,,,False,120,33
1261,N-632A,N,135.05,156.09,21.28287890625,196.75,187.75,9.0,8.0,False,120,33
1262,N-634A,N,688.755,690.56,2.11282080078125,716.5,528.25,188.25,4.0,False,120,15
1263,N-634R,N,382.21,383.94,2.17900390625,2182.5,2048.25,134.25,4.0,False,120,33
1264,N-635,N,7.19,12.04,4.835267578125,5339.0,4739.5,599.5,4.0,False,120,39
1265,N-636,N,0.0,0.37,0.5810477905273438,5675.75,5441.5,234.25,4.0,True,60,39
1266,N-636,N,0.37,0.415,0.06768565368652343,5675.75,,,,False,120,39
1267,N-636,N,26.613,31.943,4.31898193359375,5675.75,,,,False,120,20
1268,N-636,N,31.943,46.363,16.926353515625,5675.75,,,,False,120,48
1269,N-640,N,0.17,88.12,85.9230390625,4477.944444444444,4086.222222222222,391.72222222222223,36.0,False,120,27
1270,N-640,N,88.12,89.5,1.2914813232421876,10810.25,10439.75,370.5,4.0,False,120,27
1271,N-640,N,89.5,92.12,2.631299560546875,9742.375,,,,False,120,27
1272,N-640,N,92.12,92.54,0.3470404968261719,12295.5,11892.75,402.75,4.0,False,120,27
1273,N-640,N,92.54,93.03,0.40482736206054687,15128.0,14659.666666666666,468.3333333333333,3.0,False,120,27
1274,N-640,N,121.92,164.7,43.04141796875,3272.15,2834.1,438.05,20.0,False,120,27
1275,N-640,N,182.915,224.88,40.897203125,5412.416666666667,5020.25,392.1666666666667,12.0,False,120,36
1276,N-640,N,225.07,239.6,14.0067734375,9742.375,8596.125,1146.25,8.0,False,120,36
1277,N-640A,N,233.4,238.7,5.479935546875,10800.75,9772.75,1028.0,4.0,False,120,36
1278,N-641,N,0.0,1.868,1.68463916015625,5740.9375,,,,True,60,33
1279,N-641,N,1.868,2.51,0.6633656005859375,5740.9375,,,,True,60,33
1280,N-642,N,0.0,10.87,10.9335654296875,2229.0,2060.625,168.375,8.0,False,120,27
1281,N-642,N,26.95,55.0,28.142228515625,8363.875,7837.5625,526.3125,16.0,True,60,27
1282,N-643,N,0.0,2.04,2.276635498046875,1479.5,1401.5,78.0,4.0,False,120,33
1283,N-651,N,0.0,27.69,27.674208984375,10287.833333333334,9891.25,396.5833333333333,12.0,False,120,15
1284,N-651,N,27.69,28.46,0.7772020874023438,9950.791666666668,,,,False,120,15
1285,N-651,N,28.46,30.64,2.133196533203125,9613.75,9289.0,324.75,4.0,False,120,15
1286,AP-8,AP,0.0,6.75,6.72743994140625,5740.9375,,,,True,60,20
1287,AP-8,AP,6.75,22.25,15.4481953125,5740.9375,,,,True,60,20
1288,AP-8,AP,22.25,70.95,48.537234375,5740.9375,,,,True,60,20
1289,AP-8,AP,70.95,74.85,3.88696533203125,5740.9375,,,,True,60,20
1290,AP-8,AP,74.85,106.04,31.085755859375,5740.9375,,,,True,60,48
1291,AP-8,AP,115.09,122.5,7.68539111328125,5740.9375,,,,True,60,48
1292,AP-8,AP,122.5,129.5,7.26015380859375,5740.9375,,,,True,60,48
1293,N-624,N,0.0,1.88,2.8060625,5740.9375,,,,True,60,01
1294,N-638,N,0.0,2.35,2.38975341796875,5740.9375,,,,True,60,20
